"lesson_path","grade_band","schedule","rotation","unit","title","meetings","minutes","status","priority","rationale","local_standards","evidence","materials","technology","prep","cleanup","scope","revision"
"Lessons/Bi-Weekly/Grades_1-2_YearA/Session01_Wonder_Engineers.md","1-2","Bi-Weekly","A","Structures","Wonder Engineers","1","30","KEEP + IMPROVE","P1","Baseline: good pencil criterion but participation-only; added oral test/change and tower cap; PACKAGE COMPLETE: native timed instructions, scaled supplies and individual grade evidence replace legacy plan; unsupported history omitted or source-checked; actual stock/policy and classroom pilot remain conditional, not observed outcomes","CST-C3|CST-E1|CST-E2|CST-M1","Grade 1: Show a standing test, count/compare height and point to a changed support. Grade 2: Name the criterion and limit, compare measured results and explain a test-based change.","Plain paper|Crayons|Team sorting tray|Simple timer|Classroom board|Whiteboard marker|Teacher roster|Teacher scissors|Wooden building planks|Metric ruler","None","Light 10-15 min first reusable kit","4 min per meeting included","CORE","rebuilt"
"Lessons/Bi-Weekly/Grades_1-2_YearA/Session02_Gods_Patterns.md","1-2","Bi-Weekly","A","Patterns","Gods Patterns","1","30","KEEP + IMPROVE","P2","Baseline: real AB/ABC/ABB work with overgeneralized Fibonacci; qualified claim and individual rule checks; PACKAGE COMPLETE: native timed instructions, scaled supplies and individual grade evidence replace legacy plan; unsupported history omitted or source-checked; actual stock/policy and classroom pilot remain conditional, not observed outcomes","CST-C3|CST-A2|CST-M2","Grade 1: Identify AB, extend by two elements and explain one purposeful choice. Grade 2: Identify ABB/AAB, repair an error and explain the prediction using the unit.","Plain paper|Crayons|Team sorting tray|Simple timer|Classroom board|Whiteboard marker|Teacher roster|Teacher scissors|Pattern shape","None","Moderate, 20-30 minutes first reusable set; light 5-10 minutes thereafter","4 min per meeting included","CORE","rebuilt"
"Lessons/Bi-Weekly/Grades_1-2_YearA/Session03_Bridge_Building.md","1-2","Bi-Weekly","A","Structures","Bridge Building","1","30","REBUILD","P0","Baseline P0: papal metaphor mislabeled Scripture/preordained paper result; rebuilt fixed span equal loads and service metaphor; CONDITIONAL REFERENCE: load/span pilot; external claims VERIFICATION REQUIRED","CST-C2|CST-E1|CST-E2|CST-M1|CST-M2","Each child compares flat/folded counts shows change identifies same span/load and who safe crossing serves","Plain paper|Stable support block|Broad wooden test block|Metric ruler|Crayons","None","Light 10-15 min","4 min included","CORE","rebuilt"
"Lessons/Bi-Weekly/Grades_1-2_YearA/Session04_Robot_Friends.md","1-2","Bi-Weekly","A","Coding","Robot Friends","1","30","REBUILD","P0","Baseline P0: Go driving credited as programming; rebuilt Blockly stored run/stop and debug with honest token evidence; CONDITIONAL REFERENCE: model/turn pilot; external claims VERIFICATION REQUIRED","CST-C2|CST-T1|CST-T2","Each child predicts/runs two stored actions changes one and identifies responsible turn; token alternative not real robot mastery","Dash robot|Compatible tablet|Masking tape|Index cards|Plain paper|Metric ruler","Required","Moderate 20-30 min plus model charging","4 min included","CORE","rebuilt"
"Lessons/Bi-Weekly/Grades_1-2_YearA/Session05_Nature_Exploration.md","1-2","Bi-Weekly","A","Observation","Nature Exploration","1","30","KEEP + IMPROVE","P1","Baseline: vague indoor backup/binary leaf category; explicit equivalent three-category task and route safeguards; PACKAGE COMPLETE: native timed instructions, scaled supplies and individual grade evidence replace legacy plan; unsupported history omitted or source-checked; actual stock/policy and classroom pilot remain conditional, not observed outcomes","CST-C3|CST-S1|CST-S3|CST-A1|CST-M1","Grade 1: Represent two details, distinguish leaf from stone and count visible features once. Grade 2: Explain all three categories and a count comparison without claiming a picture proves current growth.","Plain paper|Crayons|Team sorting tray|Simple timer|Classroom board|Whiteboard marker|Teacher roster|Teacher scissors|Plant picture|Leaf picture|Smooth stone","None","Light 10-15 min first reusable kit","4 min per meeting included","CORE","rebuilt"
"Lessons/Bi-Weekly/Grades_1-2_YearA/Session06_Thanksgiving_Service.md","1-2","Bi-Weekly","A","Service","Thanksgiving Service","1","30","KEEP + IMPROVE","P2","Baseline: caring craft called engineering; clarified communication evidence/delivery consent; PACKAGE COMPLETE: native timed instructions, scaled supplies and individual grade evidence replace legacy plan; unsupported history omitted or source-checked; actual stock/policy and classroom pilot remain conditional, not observed outcomes","CST-C2|CST-A3|CST-M3","Grade 1: Tell the message and show two choices per child using groups/counting. Grade 2: Explain three groups of two, leftover choices at smaller teams and a recipient-based visual revision.","Plain paper|Crayons|Team sorting tray|Simple timer|Classroom board|Whiteboard marker|Teacher roster|Teacher scissors|Cardstock|Index cards","None","Light 10-15 min first reusable kit","4 min per meeting included","RECOMMENDED","rebuilt"
"Lessons/Bi-Weekly/Grades_1-2_YearA/Session07_Light_in_Darkness.md","1-2","Bi-Weekly","A","Light","Light in Darkness","1","30","KEEP + IMPROVE","P1","Baseline: brief science then decoration; safety substitutes and individual beam/material evidence added; PACKAGE COMPLETE: native timed instructions, scaled supplies and individual grade evidence replace legacy plan; unsupported history omitted or source-checked; actual stock/policy and classroom pilot remain conditional, not observed outcomes","CST-C1|CST-S2|CST-S3|CST-A1","Grade 1: Identify source/blocker and show a shadow difference. Grade 2: Explain changed versus kept-same positions and distinguish observed result from classroom symbolism.","Plain paper|Crayons|Team sorting tray|Simple timer|Classroom board|Whiteboard marker|Teacher roster|Teacher scissors|Enclosed 2-AA flashlight|Clean corrugated cardboard|Metric ruler|Masking tape","None","Light 10-15 min first reusable kit","4 min per meeting included","CORE","rebuilt"
"Lessons/Bi-Weekly/Grades_1-2_YearA/Session08_Coding_Basics.md","1-2","Bi-Weekly","A","Coding","Coding Basics","1","30","KEEP + IMPROVE","P1","Baseline: willingness instead of debug and Word/code analogy; corrected theology/title and actual debug check; PACKAGE COMPLETE: native timed instructions, scaled supplies and individual grade evidence replace legacy plan; unsupported history omitted or source-checked; actual stock/policy and classroom pilot remain conditional, not observed outcomes","CST-C3|CST-T1|CST-T2|CST-M1","Grade 1: Individually connect/run the sequence and identify the changed motion count. Grade 2: Predict the changed endpoint, explain the rerun/reset and distinguish digital steps from cm.","Plain paper|Crayons|Team sorting tray|Simple timer|Classroom board|Whiteboard marker|Teacher roster|Teacher scissors|Compatible tablet|Index cards","Required","Moderate, 20-25 minutes first app setup","4 min per meeting included","CORE","rebuilt"
"Lessons/Bi-Weekly/Grades_1-2_YearA/Session09_Catholic_Inventors.md","1-2","Bi-Weekly","A","Faith and reason","Catholic Inventors","1","30","KEEP + IMPROVE","P0","Baseline P0: Pasteur affiliation/safe milk and other overclaims; source gate and trait-sort alternative supplied; PACKAGE COMPLETE: native timed instructions, scaled supplies and individual grade evidence replace legacy plan; unsupported history omitted or source-checked; actual stock/policy and classroom pilot remain conditional, not observed outcomes","CST-C1|CST-S1|CST-M2|CST-A3","Grade 1: Sort by visible feature, count both groups and explain the panel. Grade 2: Interpret the equal counts, revise a clear data message and distinguish source-checked history from model data.","Plain paper|Crayons|Team sorting tray|Simple timer|Classroom board|Whiteboard marker|Teacher roster|Teacher scissors|Teacher-drawn plant feature card","None","Light 10-15 min first reusable kit","4 min per meeting included","RECOMMENDED","rebuilt"
"Lessons/Bi-Weekly/Grades_1-2_YearA/Session10_Weather_Watchers.md","1-2","Bi-Weekly","A","Weather","Weather Watchers","1","30","KEEP + IMPROVE","P1","Baseline: cloud forecast generalizations/unsafe outside assumptions; window route and uncertain prediction corrected; PACKAGE COMPLETE: native timed instructions, scaled supplies and individual grade evidence replace legacy plan; unsupported history omitted or source-checked; actual stock/policy and classroom pilot remain conditional, not observed outcomes","CST-C1|CST-S1|CST-S3|CST-M2","Grade 1: Represent three supported time records and count observed categories accurately. Grade 2: Interpret actual three-time category counts, identify the same-place condition and distinguish observation from forecast or unknown visibility.","Plain paper|Crayons|Team sorting tray|Simple timer|Classroom board|Whiteboard marker|Teacher roster|Teacher scissors|Index cards","None","Light 10-15 min first reusable kit","4 min per meeting included","CORE","rebuilt"
"Lessons/Bi-Weekly/Grades_1-2_YearA/Session11_Lenten_Engineers.md","1-2","Bi-Weekly","A","Service","Lenten Engineers","1","30","KEEP + IMPROVE","P1","Baseline: child fasting/contact assumptions and no box test; safe no-cost generosity plus coupon-holder test; PACKAGE COMPLETE: native timed instructions, scaled supplies and individual grade evidence replace legacy plan; unsupported history omitted or source-checked; actual stock/policy and classroom pilot remain conditional, not observed outcomes","CST-C2|CST-E1|CST-E2|CST-M1","Grade 1: Name the helper need, count upright cards and identify a revision. Grade 2: Distinguish criterion/constraint and explain a comparable before/after test.","Plain paper|Crayons|Team sorting tray|Simple timer|Classroom board|Whiteboard marker|Teacher roster|Teacher scissors|Clean corrugated cardboard|Index cards|Masking tape","None","Light 10-15 min first reusable kit","4 min per meeting included","RECOMMENDED","rebuilt"
"Lessons/Bi-Weekly/Grades_1-2_YearA/Session12_Life_Cycles.md","1-2","Bi-Weekly","A","Life cycles","Life Cycles","1","30","KEEP + IMPROVE","P0","Baseline P0: seed death and resurrection as biological cycle; clarified living stages/new-generation arrow and paper default; PACKAGE COMPLETE: native timed instructions, scaled supplies and individual grade evidence replace legacy plan; unsupported history omitted or source-checked; actual stock/policy and classroom pilot remain conditional, not observed outcomes","CST-C1|CST-S3|CST-A1|CST-M2","Grade 1: Order at least seed/sprout/plant/new seeds with the six-card support and identify one connection. Grade 2: Explain all six represented stages, repair an order error and interpret coverage without claiming real growth timing.","Plain paper|Crayons|Team sorting tray|Simple timer|Classroom board|Whiteboard marker|Teacher roster|Teacher scissors|Teacher-drawn bean life-stage card","None","Light 10-15 min first reusable kit","4 min per meeting included","CORE","rebuilt"
"Lessons/Bi-Weekly/Grades_1-2_YearA/Session13_Easter_Innovation.md","1-2","Bi-Weekly","A","New life","Easter Innovation","1","30","KEEP + IMPROVE","P2","Baseline: craft labeled innovation without test; clarified art/faith evidence and paper safety; PACKAGE COMPLETE: native timed instructions, scaled supplies and individual grade evidence replace legacy plan; unsupported history omitted or source-checked; actual stock/policy and classroom pilot remain conditional, not observed outcomes","CST-C2|CST-A3|CST-E2","Grade 1: Show a standing test and identify a clearer message feature. Grade 2: Explain a base revision from the test and a separate communication revision from feedback.","Plain paper|Crayons|Team sorting tray|Simple timer|Classroom board|Whiteboard marker|Teacher roster|Teacher scissors|Cardstock|Masking tape","None","Light 10-15 min first reusable kit","4 min per meeting included","RECOMMENDED","rebuilt"
"Lessons/Bi-Weekly/Grades_1-2_YearA/Session14_Sound_Engineering.md","1-2","Bi-Weekly","A","Sound","Sound Engineering","1","30","KEEP + IMPROVE","P0","Baseline P0: latex balloon/shared mouths/open seeds/bands; safe closed box/sealed shaker and no mouth route; PACKAGE COMPLETE: native timed instructions, scaled supplies and individual grade evidence replace legacy plan; unsupported history omitted or source-checked; actual stock/policy and classroom pilot remain conditional, not observed outcomes","CST-C2|CST-S2|CST-E2|CST-A2|CST-M2","Grade 1: Compare high/low outcomes and compose/repeat a four-beat phrase. Grade 2: Name the changed length and kept-same material, distinguish pitch/volume and explain an instrument/rhythm revision.","Plain paper|Crayons|Team sorting tray|Simple timer|Classroom board|Whiteboard marker|Teacher roster|Teacher scissors|Flexible plastic ruler|Classroom book|Masking tape|Index cards","None","Light 10-15 min first reusable kit","4 min per meeting included","CORE","rebuilt"
"Lessons/Bi-Weekly/Grades_1-2_YearA/Session15_Robot_Challenge.md","1-2","Bi-Weekly","A","Coding","Robot Challenge","1","30","KEEP + IMPROVE","P0","Baseline P0: invented Aquinas quote and mixed modes/expert claim; removed quote and defined Blockly mission evidence; PACKAGE COMPLETE: native timed instructions, scaled supplies and individual grade evidence replace legacy plan; unsupported history omitted or source-checked; actual stock/policy and classroom pilot remain conditional, not observed outcomes","CST-C3|CST-T1|CST-T2|CST-M1","Grade 1: Individually Run/Stop a stored route and point to a changed block. Grade 2: Explain a reset/measured endpoint correction and trace both blue/red inputs without claiming robot sensing.","Plain paper|Crayons|Team sorting tray|Simple timer|Classroom board|Whiteboard marker|Teacher roster|Teacher scissors|Dash robot|Compatible tablet|Metric ruler|Index cards|Masking tape","Required","Moderate, 20-30 minutes plus charging","4 min per meeting included","CORE","rebuilt"
"Lessons/Bi-Weekly/Grades_1-2_YearA/Session16_Community_Helpers.md","1-2","Bi-Weekly","A","Service","Community Helpers","1","30","KEEP + IMPROVE","P1","Baseline: vague four routes and feeder/delivery plan; safe user-requested organizer model default and consent; PACKAGE COMPLETE: native timed instructions, scaled supplies and individual grade evidence replace legacy plan; unsupported history omitted or source-checked; actual stock/policy and classroom pilot remain conditional, not observed outcomes","CST-C2|CST-E1|CST-E2|CST-M3","Grade 1: Show two groups of three and identify a useful feature/test. Grade 2: Explain 3 + 3 = 6 with a model, a material constraint and a revision linked to retrieval evidence.","Plain paper|Crayons|Team sorting tray|Simple timer|Classroom board|Whiteboard marker|Teacher roster|Teacher scissors|Clean corrugated cardboard|Index cards|Masking tape","None","Light 10-15 min first reusable kit","4 min per meeting included","RECOMMENDED","rebuilt"
"Lessons/Bi-Weekly/Grades_1-2_YearA/Session17_Exhibition.md","1-2","Bi-Weekly","A","Reflection","Year Exhibition","1","30","KEEP + IMPROVE","P1","Baseline: programming conclusion without device evidence; corrected accomplishment limits and Saint title; PACKAGE COMPLETE: native timed instructions, scaled supplies and individual grade evidence replace legacy plan; unsupported history omitted or source-checked; actual stock/policy and classroom pilot remain conditional, not observed outcomes","CST-C1|CST-A3|CST-M2","Grade 1: Point to a changed feature and give an accurate count comparison. Grade 2: Explain a supported claim/limit and a visual revision, avoiding weekly-equivalent or all-domain claims.","Plain paper|Crayons|Team sorting tray|Simple timer|Classroom board|Whiteboard marker|Teacher roster|Teacher scissors|Saved learning artifact|Index cards","None","Light 10-15 min first reusable kit","4 min per meeting included","RECOMMENDED","rebuilt"
"Lessons/Bi-Weekly/Grades_1-2_YearB/Session01_Design_Detectives.md","1-2","Bi-Weekly","B","Design","Design Detectives","1","30","KEEP + IMPROVE","P0","Baseline P0: all things human-designed; corrected natural/human-made distinction and safe object set; PACKAGE COMPLETE: native timed instructions, scaled supplies and individual grade evidence replace legacy plan; unsupported history omitted or source-checked; actual stock/policy and classroom pilot remain conditional, not observed outcomes","CST-C2|CST-E1|CST-T1|CST-M1","Grade 1: Name a tool's job and compare lengths from aligned starts. Grade 2: Record a length with units and explain a user/access feature rather than call longest best.","Plain paper|Crayons|Team sorting tray|Simple timer|Classroom board|Whiteboard marker|Teacher roster|Teacher scissors|Metric ruler|Classroom book|Cardstock","None","Light 10-15 min first reusable kit","4 min per meeting included","CORE","rebuilt"
"Lessons/Bi-Weekly/Grades_1-2_YearB/Session02_Tower_Power.md","1-2","Bi-Weekly","B","Structures","Tower Power","1","30","KEEP + IMPROVE","P0","Baseline P0: heavy book atop tallest tower; replaced soft load/30 cm cap and feasible 20 cm target; PACKAGE COMPLETE: native timed instructions, scaled supplies and individual grade evidence replace legacy plan; unsupported history omitted or source-checked; actual stock/policy and classroom pilot remain conditional, not observed outcomes","CST-C3|CST-E2|CST-M1|CST-M2","Grade 1: Measure from the table and show a tested base change. Grade 2: Record units/two results, interpret the chart and explain why matching height matters.","Plain paper|Crayons|Team sorting tray|Simple timer|Classroom board|Whiteboard marker|Teacher roster|Teacher scissors|Wooden building planks|Metric ruler","None","Light 10-15 min first reusable kit","4 min per meeting included","CORE","rebuilt"
"Lessons/Bi-Weekly/Grades_1-2_YearB/Session03_Sphero_Intro.md","1-2","Bi-Weekly","B","Coding","Meet Sphero","1","30","REBUILD","P0","Baseline P0: driving counted as programming progression; rebuilt stored two-action sequence and per-child run/change; CONDITIONAL REFERENCE: model/turn pilot; external claims VERIFICATION REQUIRED","CST-C3|CST-T1|CST-T2","Individual predicts/runs/stops stored color/roll changes one block and names equipment care; token algorithm only","Sphero robot|Compatible tablet|Masking tape|Index cards|Plain paper|Metric ruler","Required","Moderate 20-30 min plus model charging","4 min included","CORE","rebuilt"
"Lessons/Bi-Weekly/Grades_1-2_YearB/Session04_Animal_Adaptations.md","1-2","Bi-Weekly","B","Adaptations","Animal Adaptations","1","30","KEEP + IMPROVE","P0","Baseline P0: camel hump water and purpose-driven animal change; corrected fat and inherited-feature/fiction boundary; PACKAGE COMPLETE: native timed instructions, scaled supplies and individual grade evidence replace legacy plan; unsupported history omitted or source-checked; actual stock/policy and classroom pilot remain conditional, not observed outcomes","CST-C1|CST-S2|CST-S3|CST-A1|CST-M2","Grade 1: Count noticed silhouettes in two trials and show a model feature. Grade 2: Interpret the two records, name a kept-same viewing condition and distinguish model visibility from survival or inherited change.","Plain paper|Crayons|Team sorting tray|Simple timer|Classroom board|Whiteboard marker|Teacher roster|Teacher scissors|Cardstock|Teacher-cut animal silhouette","None","Moderate, 15-25 minutes first batch-cut set; light 5-10 minutes thereafter","4 min per meeting included","CORE","rebuilt"
"Lessons/Bi-Weekly/Grades_1-2_YearB/Session05_Garden_Engineers.md","1-2","Bi-Weekly","B","Growth","Garden Engineers","1","30","REBUILD","P1","Baseline: instant growth implication/automatic daily watering; rebuilt constrained layout school care and later labeled observation; CONDITIONAL REFERENCE: seed/window/care pilot; external claims VERIFICATION REQUIRED","CST-C3|CST-S3|CST-E1|CST-E2|CST-A1","Individual two needs light/access constraints and layout test/revision; planting does not prove same-day growth","Plastic plant pot|Potting mix|Untreated bean seed|Team sorting tray|Plain paper|Crayons|Plant picture","None","Moderate 20 min plus 2-3 min school-day care","5 min included","CORE","rebuilt"
"Lessons/Bi-Weekly/Grades_1-2_YearB/Session06_Gratitude_Gifts.md","1-2","Bi-Weekly","B","Service","Gratitude Gifts","1","30","KEEP + IMPROVE","P2","Baseline: gift care without critique; added safe paper default and message revision; PACKAGE COMPLETE: native timed instructions, scaled supplies and individual grade evidence replace legacy plan; unsupported history omitted or source-checked; actual stock/policy and classroom pilot remain conditional, not observed outcomes","CST-C2|CST-A3|CST-M3","Grade 1: Show a two-part total of six with drawn spaces and tell the message. Grade 2: Explain the number relationship, offer another valid split and show an audience-based visual revision.","Plain paper|Crayons|Team sorting tray|Simple timer|Classroom board|Whiteboard marker|Teacher roster|Teacher scissors|Cardstock","None","Light 10-15 min first reusable kit","4 min per meeting included","RECOMMENDED","rebuilt"
"Lessons/Bi-Weekly/Grades_1-2_YearB/Session07_Star_Makers.md","1-2","Bi-Weekly","B","Light","Star Makers","1","30","KEEP + IMPROVE","P0","Baseline P0: reflector craft called self-lit star; corrected source/reflection plus safe materials; PACKAGE COMPLETE: native timed instructions, scaled supplies and individual grade evidence replace legacy plan; unsupported history omitted or source-checked; actual stock/policy and classroom pilot remain conditional, not observed outcomes","CST-C1|CST-S3|CST-A2|CST-M1|CST-M2","Grade 1: Count six dots, show two matching positions and explain a visible design choice. Grade 2: Interpret the six-feature checklist and explain why folded paper does not show real stellar distances or emit light.","Plain paper|Crayons|Team sorting tray|Simple timer|Classroom board|Whiteboard marker|Teacher roster|Teacher scissors|Cardstock|Teacher-drawn star-pattern card|Masking tape","None","Light 10-15 min first reusable kit","4 min per meeting included","CORE","rebuilt"
"Lessons/Bi-Weekly/Grades_1-2_YearB/Session08_Digital_Art.md","1-2","Bi-Weekly","B","Art","Digital Art","1","30","KEEP + IMPROVE","P1","Baseline: unverified free/privacy claims and no critique; school app gate/paper option and meaningful revision added; PACKAGE COMPLETE: native timed instructions, scaled supplies and individual grade evidence replace legacy plan; unsupported history omitted or source-checked; actual stock/policy and classroom pilot remain conditional, not observed outcomes","CST-T1|CST-T3|CST-A3|CST-M2","Grade 1: Individually use a digital tool/Undo and compare visible-feature counts with support. Grade 2: Explain tool input/output, justify a message revision and a privacy decision; counts describe features, not quality.","Plain paper|Crayons|Team sorting tray|Simple timer|Classroom board|Whiteboard marker|Teacher roster|Teacher scissors|Compatible tablet","Recommended","Moderate, 15-25 minutes first setup","4 min per meeting included","CORE","rebuilt"
"Lessons/Bi-Weekly/Grades_1-2_YearB/Session09_Faith_Scientists.md","1-2","Bi-Weekly","B","Faith and reason","Faith Scientists","1","30","KEEP + IMPROVE","P0","Baseline P0: Stimson DNA discovery/medieval remedies overclaimed; source gate and safe plant-observation replacement; PACKAGE COMPLETE: native timed instructions, scaled supplies and individual grade evidence replace legacy plan; unsupported history omitted or source-checked; actual stock/policy and classroom pilot remain conditional, not observed outcomes","CST-C1|CST-M3|CST-A3","Grade 1: Show two different six-counter splits and explain each with objects. Grade 2: Represent/check both equations and justify a clearer visual explanation, distinguishing source context from own evidence.","Plain paper|Crayons|Team sorting tray|Simple timer|Classroom board|Whiteboard marker|Teacher roster|Teacher scissors|Large identical plastic test counters|Index cards","None","Light 10-15 min first reusable kit","4 min per meeting included","RECOMMENDED","rebuilt"
"Lessons/Bi-Weekly/Grades_1-2_YearB/Session10_Magnets_Motion.md","1-2","Bi-Weekly","B","Forces","Magnets and Motion","1","30","KEEP + IMPROVE","P0","Baseline P0: loose disc magnets/filings/all metals; prohibited small magnets/filings and added CPSC emergency rule/counterexample; PACKAGE COMPLETE: native timed instructions, scaled supplies and individual grade evidence replace legacy plan; unsupported history omitted or source-checked; actual stock/policy and classroom pilot remain conditional, not observed outcomes","CST-C1|CST-S2|CST-T1|CST-M2|CST-M3","Grade 1: Test or direct a test, sort actual outcomes and count groups totaling six. Grade 2: Compare predicted/actual counts, explain a mismatch and use sum/difference reasoning without assuming every metal attracts.","Plain paper|Crayons|Team sorting tray|Simple timer|Classroom board|Whiteboard marker|Teacher roster|Teacher scissors|Large encased classroom magnet|Large steel spoon|Smooth wooden block|Plastic spoon|Cardstock|Aluminum foil|Steel binder clip|Rigid clear sample box","None","Light 10-15 min first reusable kit","4 min per meeting included","CORE","rebuilt"
"Lessons/Bi-Weekly/Grades_1-2_YearB/Session11_Lenten_Love.md","1-2","Bi-Weekly","B","Service","Lenten Love","1","30","KEEP + IMPROVE","P0","Baseline P0: unverified Teresa quote/glass/contact/fasting; removed quote and unsafe options plus voluntary generosity; PACKAGE COMPLETE: native timed instructions, scaled supplies and individual grade evidence replace legacy plan; unsupported history omitted or source-checked; actual stock/policy and classroom pilot remain conditional, not observed outcomes","CST-C2|CST-E1|CST-E2|CST-M3","Grade 1: Represent four-plus-four and show a useful function test. Grade 2: Explain the equation with groups, compare a nonmatching allocation and justify a test-based revision.","Plain paper|Crayons|Team sorting tray|Simple timer|Classroom board|Whiteboard marker|Teacher roster|Teacher scissors|Clean corrugated cardboard|Index cards|Masking tape","None","Light 10-15 min first reusable kit","4 min per meeting included","RECOMMENDED","rebuilt"
"Lessons/Bi-Weekly/Grades_1-2_YearB/Session12_Butterfly_Wonder.md","1-2","Bi-Weekly","B","Life cycles","Butterfly Wonder","1","30","KEEP + IMPROVE","P0","Baseline P0: universal timing/living-death confusion; corrected species duration/new-generation arrow and safe paper default; PACKAGE COMPLETE: native timed instructions, scaled supplies and individual grade evidence replace legacy plan; unsupported history omitted or source-checked; actual stock/policy and classroom pilot remain conditional, not observed outcomes","CST-C1|CST-S3|CST-A1|CST-M2","Grade 1: Order four supported stages and identify the living pupa. Grade 2: Explain adult -> new eggs, interpret coverage records and distinguish represented stages from measured timing.","Plain paper|Crayons|Team sorting tray|Simple timer|Classroom board|Whiteboard marker|Teacher roster|Teacher scissors|Teacher-drawn butterfly stage card","None","Light 10-15 min first reusable kit","4 min per meeting included","CORE","rebuilt"
"Lessons/Bi-Weekly/Grades_1-2_YearB/Session13_Easter_Joy.md","1-2","Bi-Weekly","B","New life","Easter Joy","1","30","KEEP + IMPROVE","P2","Baseline: art labeled engineering; clarified symbolic/revised visual evidence and paper safety; PACKAGE COMPLETE: native timed instructions, scaled supplies and individual grade evidence replace legacy plan; unsupported history omitted or source-checked; actual stock/policy and classroom pilot remain conditional, not observed outcomes","CST-C2|CST-A2|CST-M2","Grade 1: Compose/repeat four positions and identify a purposeful beat/rest choice. Grade 2: Represent the repeated unit, predict its next four positions and explain a musical/gesture revision for audience meaning.","Plain paper|Crayons|Team sorting tray|Simple timer|Classroom board|Whiteboard marker|Teacher roster|Teacher scissors|Index cards","None","Light 10-15 min first reusable kit","4 min per meeting included","RECOMMENDED","rebuilt"
"Lessons/Bi-Weekly/Grades_1-2_YearB/Session14_Sphero_Challenge.md","1-2","Bi-Weekly","B","Coding","Sphero Challenge","1","30","KEEP + IMPROVE","P0","Baseline P0: expert claim/driving/too many missions; narrowed stored color-roll-stop with actual individual change; PACKAGE COMPLETE: native timed instructions, scaled supplies and individual grade evidence replace legacy plan; unsupported history omitted or source-checked; actual stock/policy and classroom pilot remain conditional, not observed outcomes","CST-C3|CST-T1|CST-T2|CST-M1|CST-M2","Grade 1: Individually Run/Stop a stored program and identify a changed block/result. Grade 2: Represent two measured endpoints with the same units, explain the one-parameter correction and a kept-same condition.","Plain paper|Crayons|Team sorting tray|Simple timer|Classroom board|Whiteboard marker|Teacher roster|Teacher scissors|Sphero robot|Compatible tablet|Metric ruler|Index cards|Masking tape","Required","Moderate, 20-30 minutes plus charging","4 min per meeting included","CORE","rebuilt"
"Lessons/Bi-Weekly/Grades_1-2_YearB/Session15_Simple_Machines.md","1-2","Bi-Weekly","B","Machines","Simple Machines","1","30","KEEP + IMPROVE","P0","Baseline P0: lever launch/book homework; fixed broad pivot soft sub-2 cm lift and force/distance distinction; PACKAGE COMPLETE: native timed instructions, scaled supplies and individual grade evidence replace legacy plan; unsupported history omitted or source-checked; actual stock/policy and classroom pilot remain conditional, not observed outcomes","CST-C2|CST-S2|CST-T1|CST-M1|CST-M3","Grade 1: Compare path lengths and demonstrate/describe a safe lever lift. Grade 2: Calculate/explain the path-length difference within 20 using units and distinguish measured distance from unmeasured effort.","Plain paper|Crayons|Team sorting tray|Simple timer|Classroom board|Whiteboard marker|Teacher roster|Teacher scissors|Clean corrugated cardboard|Stable support block|Broad wooden block|Metric ruler|Wooden craft stick","None","Light 10-15 min first reusable kit","4 min per meeting included","CORE","rebuilt"
"Lessons/Bi-Weekly/Grades_1-2_YearB/Session16_Earth_Care.md","1-2","Bi-Weekly","B","Stewardship","Earth Care","1","30","KEEP + IMPROVE","P1","Baseline: disparate routes/no environmental evidence; safe reused organizer test and local recycling gate added; PACKAGE COMPLETE: native timed instructions, scaled supplies and individual grade evidence replace legacy plan; unsupported history omitted or source-checked; actual stock/policy and classroom pilot remain conditional, not observed outcomes","CST-C3|CST-S3|CST-M2|CST-M3|CST-E1","Grade 1: Sort with the supplied rules, count three groups and show a reuse action. Grade 2: Explain 4 + 4 + 4 = 12 and modeled 8 - 4 = 4, distinguish example data from actual waste and propose a feasible need/limit.","Plain paper|Crayons|Team sorting tray|Simple timer|Classroom board|Whiteboard marker|Teacher roster|Teacher scissors|Teacher-drawn material sorting card","None","Light 10-15 min first reusable kit","4 min per meeting included","CORE","rebuilt"
"Lessons/Bi-Weekly/Grades_1-2_YearB/Session17_Celebration.md","1-2","Bi-Weekly","B","Reflection","Year Celebration","1","30","KEEP + IMPROVE","P1","Baseline: programming/mastery from portfolio enthusiasm; corrected actual evidence limits/title and privacy; PACKAGE COMPLETE: native timed instructions, scaled supplies and individual grade evidence replace legacy plan; unsupported history omitted or source-checked; actual stock/policy and classroom pilot remain conditional, not observed outcomes","CST-C1|CST-A3|CST-M2","Grade 1: Show a changed feature and compare two preference counts. Grade 2: Explain a claim/limit and a purposeful visual revision; distinguish preference from assessed competence.","Plain paper|Crayons|Team sorting tray|Simple timer|Classroom board|Whiteboard marker|Teacher roster|Teacher scissors|Saved learning artifact|Index cards","None","Light 10-15 min first reusable kit","4 min per meeting included","RECOMMENDED","rebuilt"
"Lessons/Bi-Weekly/Grades_3-4_YearA/Session01_Engineering_Design.md","3-4","Bi-Weekly","A","Foundations","Engineering Design","1","40","KEEP + IMPROVE","P2","Baseline: useful constrained tower with cleanup and individual threshold missing; full scoped package with quantities and individual checks","CST-C2|CST-E1|CST-E2|CST-M1","Individual: user/criteria, two actual tests, justified change and individual fair turn.","Plain paper|School pencil|Metric ruler|Masking tape|Classroom board|Teacher timer","None","10 min estimated; equipment/source preflight extra where specified","5 min per meeting included","CORE","rebuilt"
"Lessons/Bi-Weekly/Grades_3-4_YearA/Session02_Dash_Code.md","3-4","Bi-Weekly","A","Computing","Dash and Code","1","40","REBUILD","P1","Baseline: app confusion four rushed missions and no fallback; rebuilt measured Blockly L-route","CST-C2|CST-T1|CST-T2|CST-M1","Individual route/debug and measured result; paper CT versus logged real operation; model labels gated; desk simulation only","Dash-type app-controlled robot|Managed tablet or computer|Compatible robot charging accessories|Clean corrugated cardboard|Floor-safe tape|Plain paper|School pencil|Metric ruler|Access: matching Dash controls|Prepared resource: lesson-specific cards|Classroom board|Teacher timer","Required","20 min with charged paired kits; installation extra","5 min included","CORE","rebuilt"
"Lessons/Bi-Weekly/Grades_3-4_YearA/Session03_Bridge_Engineering.md","3-4","Bi-Weekly","A","Structures","Bridge Engineering","1","40","KEEP + IMPROVE","P1","Baseline: unlimited load and unjoined-triangle claim; full scoped package with quantities and individual checks","CST-C2|CST-E1|CST-E2|CST-M1","Individual: measured span, two actual counts, criterion/control and evidence-based revision.","KEVA planks|Stable school support book or block|Large identical plastic test counters|Team sorting tray|Metric ruler|Plain paper|School pencil|Classroom board|Teacher timer","None","15 min estimated; equipment/source preflight extra where specified","5 min per meeting included","CORE","rebuilt"
"Lessons/Bi-Weekly/Grades_3-4_YearA/Session04_Animal_Habitats.md","3-4","Bi-Weekly","A","Life science","Animal Habitats","1","40","KEEP + IMPROVE","P2","Baseline: useful needs model with perfect-adaptation absolutes; full scoped package with quantities and individual checks","CST-C3|CST-S3|CST-A1","Individual: four needs, supported relationship, readable model and honest limit.","Prepared resource: approved source text|Cardstock|Plain paper|School pencil|School-approved marker|Prepared resource: lesson-specific cards|Classroom board|Teacher timer","None","10 min estimated; equipment/source preflight extra where specified","5 min per meeting included","CORE","rebuilt"
"Lessons/Bi-Weekly/Grades_3-4_YearA/Session05_Scratch_Intro.md","3-4","Bi-Weekly","A","Computing","Scratch Intro","1","40","KEEP + IMPROVE","P1","Baseline: useful tutorial with account and literal-programmer problems; full scoped package with quantities and individual checks","CST-C2|CST-T1|CST-T2|CST-M3","Individual: four-repeat prediction, correction/retest and observed operation/ fair turn.","Managed tablet or computer|Plain paper|School pencil|Large identical plastic test counters|Access: Scratch|Classroom board|Teacher timer","Required","20 min estimated; equipment/source preflight extra where specified","5 min per meeting included","CORE","rebuilt"
"Lessons/Bi-Weekly/Grades_3-4_YearA/Session06_Gratitude_Tech.md","3-4","Bi-Weekly","A","Gratitude communication","Gratitude Tech","1","40","KEEP + IMPROVE","P2","Baseline: overbroad formats and private delivery risks; full scoped package with quantities and individual checks","CST-C2|CST-T1|CST-T3|CST-A3","Individual: specific respectful message, observed digital actions, reader-backed revision and safe sharing choice.","Managed tablet or computer|Plain paper|School pencil|Access: LibreOffice Impress|Classroom board|Teacher timer","Required","20 min estimated; equipment/source preflight extra where specified","5 min per meeting included","RECOMMENDED","rebuilt"
"Lessons/Bi-Weekly/Grades_3-4_YearA/Session07_Light_Circuits.md","3-4","Bi-Weekly","A","Circuits","Light and Circuits","1","40","REBUILD","P0","Baseline: loose coin cells and no current limit; follow-up selects manufacturer-approved Snap switched light with protected-AA alternative and eight-kit wave plan","CST-C2|CST-S3|CST-T1|CST-A3","Individual return-path/state prediction and two-cycle physical turn and repair plus revised message; hardware preflight required; paper is reasoning/art only","Snap Circuits STEM Classroom Activity Kit|Team sorting tray|Plain paper|School pencil|School-approved marker|Access: matching Snap Circuits manual|Prepared resource: lesson-specific cards|Classroom board|Teacher timer","None","First inspection 30 min; repeat prep 15 min; instructions and approval extra","5 min included","CORE","rebuilt"
"Lessons/Bi-Weekly/Grades_3-4_YearA/Session08_Scratch_Animation.md","3-4","Bi-Weekly","A","Computing art","Scratch Animation","1","40","KEEP + IMPROVE","P1","Baseline: advanced scenes/broadcasts rushed; full scoped package with quantities and individual checks","CST-C2|CST-T1|CST-T2|CST-A3","Individual: correct three-event trace, observed operation and story revision.","Managed tablet or computer|Plain paper|School pencil|Access: Scratch|Classroom board|Teacher timer","Required","20 min estimated; equipment/source preflight extra where specified","5 min per meeting included","RECOMMENDED","rebuilt"
"Lessons/Bi-Weekly/Grades_3-4_YearA/Session09_Catholic_Scientists.md","3-4","Bi-Weekly","A","Faith and evidence","Catholic Scientists","1","40","KEEP + IMPROVE","P0","Baseline: always-supported generalization and disputed attributions; full scoped package with quantities and individual checks","CST-C1|CST-S1|CST-T3|CST-A3|CST-M2","Individual: sourced Mendel or Albert fact; observed model detail; three-three tally and six total; corrected classification and peer-backed visual revision; model versus historical evidence limit","Prepared resource: approved source text|Plain paper|School pencil|School-approved marker|Prepared resource: lesson-specific cards|Classroom board|Teacher timer","None","15 min first preparation estimated; 10 min with ready cards; source access extra if needed","5 min per meeting included","RECOMMENDED","rebuilt"
"Lessons/Bi-Weekly/Grades_3-4_YearA/Session10_Weather_Science.md","3-4","Bi-Weekly","A","Weather","Weather Science","1","40","KEEP + IMPROVE","P0","Baseline: pins/glass/latex and uncalibrated values; full scoped package with quantities and individual checks","CST-C2|CST-S1|CST-S3|CST-T1|CST-M1","Individual: two actual depths/units, accurate cycle model, tool limit and inclusive message.","Reusable clear plastic cup|Team sorting tray|Metric ruler|Plain paper|School pencil|School-approved room-temperature water|Plastic graduated measuring cup|Paper towel|Classroom board|Teacher timer","None","15 min estimated; equipment/source preflight extra where specified","5 min per meeting included","CORE","rebuilt"
"Lessons/Bi-Weekly/Grades_3-4_YearA/Session11_Lenten_Engineering.md","3-4","Bi-Weekly","A","Service design","Lenten Engineering","1","40","KEEP + IMPROVE","P2","Baseline: useful service plan but real implementation and effectiveness not observed; full scoped package with quantities and individual checks","CST-C2|CST-E1|CST-E2|CST-E3","Individual: stated need, actual repeated user tests, justified revision and qualified recommendation; service completion separately requires teacher handover.","Cardstock|Plain paper|School pencil|Metric ruler|School-approved marker|Classroom board|Teacher timer","None","10 min estimated; equipment/source preflight extra where specified","5 min per meeting included","RECOMMENDED","rebuilt"
"Lessons/Bi-Weekly/Grades_3-4_YearA/Session12_Plants_Growth.md","3-4","Bi-Weekly","A","Life inquiry","Plants and Growth","1","40","REBUILD","P0","Baseline: death/burial claims and no growth-monitoring owner; rebuilt living seed plan and within-class data","CST-C1|CST-S1|CST-S2|CST-M1","Individual observation/variable/two controls/mm comparison; simulated roots labeled; optional real care assigned or dry setup","Untreated bean seeds|Reusable clear plastic cup|Paper towel|Paper labels|Metric ruler|Plain paper|School pencil|School-approved room-temperature water|Teacher water dispensing jug|Metric 5 mL measuring spoon|Large teacher science tray|Prepared resource: lesson-specific cards|Prepared resource: approved source text|Classroom board|Teacher timer","None","15 min; live samples require days extra if chosen","5 min included","CORE","rebuilt"
"Lessons/Bi-Weekly/Grades_3-4_YearA/Session13_Easter_Tech.md","3-4","Bi-Weekly","A","Faith communication","Easter Tech","1","40","KEEP + IMPROVE","P2","Baseline: audience planning good but workflow and privacy unspecified; full scoped package with quantities and individual checks","CST-C1|CST-T1|CST-T3|CST-A3","Individual: accurate message distinction, observed operation, critique-backed revision/private plan.","Managed tablet or computer|Plain paper|School pencil|Access: LibreOffice Impress|Classroom board|Teacher timer","Required","20 min estimated; equipment/source preflight extra where specified","5 min per meeting included","OPTIONAL","rebuilt"
"Lessons/Bi-Weekly/Grades_3-4_YearA/Session14_Dash_Challenge.md","3-4","Bi-Weekly","A","Computing","Dash Challenge","1","40","KEEP + IMPROVE","P1","Baseline: five rushed missions and imaginary line sensing; full scoped package with quantities and individual checks","CST-C2|CST-T1|CST-T2|CST-M1","Individual: correct route/debug reasoning and observed operation/measurement.","Dash-type app-controlled robot|Managed tablet or computer|Plain paper|School pencil|Metric ruler|Floor-safe tape|Clean corrugated cardboard|Compatible robot charging accessories|Access: matching Dash controls|Classroom board|Teacher timer","Required","20 min estimated; equipment/source preflight extra where specified","5 min per meeting included","CORE","rebuilt"
"Lessons/Bi-Weekly/Grades_3-4_YearA/Session15_Simple_Machines.md","3-4","Bi-Weekly","A","Machines","Simple Machines","1","40","KEEP + IMPROVE","P0","Baseline: ambiguous fulcrum rule and tool hazards; full scoped package with quantities and individual checks","CST-C3|CST-S2|CST-S3|CST-A1|CST-M1","Individual: four arm lengths, correct labels/control and force-distance explanation without invented force data.","Metric ruler|Large wooden building blocks|Paper cups|Large identical plastic test counters|Masking tape|Plain paper|School pencil|Classroom board|Teacher timer","None","15 min estimated; equipment/source preflight extra where specified","5 min per meeting included","CORE","rebuilt"
"Lessons/Bi-Weekly/Grades_3-4_YearA/Session16_Little_Bits.md","3-4","Bi-Weekly","A","Circuits","Little Bits","1","40","KEEP + IMPROVE","P0","Baseline: unspecified sensor polarity and battery safety; full scoped package with quantities and individual checks","CST-C2|CST-T1|CST-E1|CST-E2","Individual: real contribution/two-cycle test, input-output explanation and tested label revision.","LittleBits power module|LittleBits button module|LittleBits light module|Prepared resource: approved source text|Team sorting tray|Cardstock|Plain paper|School pencil|School-approved marker|Access: matching LittleBits instructions|Classroom board|Teacher timer","None","20 min estimated; equipment/source preflight extra where specified","5 min per meeting included","RECOMMENDED","rebuilt"
"Lessons/Bi-Weekly/Grades_3-4_YearA/Session17_Exhibition.md","3-4","Bi-Weekly","A","Portfolio","Year Exhibition","1","40","KEEP + IMPROVE","P1","Baseline: blanket mastery/device claims; full scoped package with quantities and individual checks","CST-C3|CST-E3|CST-A3","Individual: evidence-backed explanation, attributable demonstration and reasoned caption revision. Growth requires genuine records.","Prepared resource: dated learning records|Plain paper|School pencil|Metric ruler|Classroom board|Teacher timer","None","15 min estimated; equipment/source preflight extra where specified","5 min per meeting included","RECOMMENDED","rebuilt"
"Lessons/Bi-Weekly/Grades_3-4_YearB/Session01_Design_Thinking.md","3-4","Bi-Weekly","B","Foundations","Design Thinking","1","40","KEEP + IMPROVE","P2","Baseline: good user interview but patronage unverified; full scoped package with quantities and individual checks","CST-C2|CST-E1|CST-E2|CST-A2","Individual: user-centered statement, actual retests and justified visual choice.","Cardstock|Plain paper|School pencil|School-approved marker|Metric ruler|Masking tape|Classroom board|Teacher timer","None","10 min estimated; equipment/source preflight extra where specified","5 min per meeting included","CORE","rebuilt"
"Lessons/Bi-Weekly/Grades_3-4_YearB/Session02_Ozobot_Coding.md","3-4","Bi-Weekly","B","Computing","Ozobot Coding","1","40","REBUILD","P0","Baseline: unreliable colors and thinks claim; rebuilt model-matched verification and input/output route","CST-C1|CST-T1|CST-T2","Individual prediction/debug and source distinction; real command test only if chart/pretest passes; CT fallback not robotics","Ozobot robots|Compatible robot charging accessories|School-approved marker|Plain paper|School pencil|Metric ruler|Team sorting tray|Access: matching Ozobot instructions|Prepared resource: lesson-specific cards|Classroom board|Teacher timer","Required","20 min after charging and chart acquisition; model verification extra","5 min included","CORE","rebuilt"
"Lessons/Bi-Weekly/Grades_3-4_YearB/Session03_Tower_Challenge.md","3-4","Bi-Weekly","B","Structures","Tower Challenge","1","40","KEEP + IMPROVE","P1","Baseline: meaningful iteration but no quantities/height cap; full scoped package with quantities and individual checks","CST-C3|CST-E1|CST-E2|CST-M1","Individual: criterion/constraint, two tests, justified revision/quantity comparison and responsible return.","KEVA planks|Metric ruler|Plain paper|School pencil|Classroom board|Teacher timer","None","15 min estimated; equipment/source preflight extra where specified","5 min per meeting included","CORE","rebuilt"
"Lessons/Bi-Weekly/Grades_3-4_YearB/Session04_Ecosystems.md","3-4","Bi-Weekly","B","Life systems","Ecosystems","1","40","KEEP + IMPROVE","P0","Baseline: yarn pulling stereotype and energy absolutes; full scoped package with quantities and individual checks","CST-C3|CST-S3|CST-A1|CST-M2","Individual: accurate roles/arrows, 5/2 table and honest system limitation.","Prepared resource: lesson-specific cards|Cotton string|Plain paper|School pencil|School-approved marker|Classroom board|Teacher timer","None","10 min estimated; equipment/source preflight extra where specified","5 min per meeting included","CORE","rebuilt"
"Lessons/Bi-Weekly/Grades_3-4_YearB/Session05_Scratch_Games.md","3-4","Bi-Weekly","B","Computing","Scratch Games","1","40","REBUILD","P1","Baseline: four novice game types and repeated scoring; full scoped package with quantities and individual checks","CST-C2|CST-T1|CST-T2|CST-M3","Individual: boundary/reset trace, observed operation, explanation of correction or verified correct result.","Managed tablet or computer|Plain paper|School pencil|Large identical plastic test counters|Access: Scratch|Classroom board|Teacher timer","Required","20 min estimated; equipment/source preflight extra where specified","5 min per meeting included","CORE","rebuilt"
"Lessons/Bi-Weekly/Grades_3-4_YearB/Session06_Thanksgiving_Design.md","3-4","Bi-Weekly","B","Gratitude design","Thanksgiving Design","1","40","KEEP + IMPROVE","P2","Baseline: useful mechanisms but quantities and functional criteria unspecified; full scoped package with quantities and individual checks","CST-C2|CST-E1|CST-E2|CST-A2","Individual: function/reader results and deliberate form revision, not emotional enthusiasm.","Cardstock|Plain paper|School pencil|School-approved marker|Masking tape|Metric ruler|Classroom board|Teacher timer","None","10 min estimated; equipment/source preflight extra where specified","5 min per meeting included","RECOMMENDED","rebuilt"
"Lessons/Bi-Weekly/Grades_3-4_YearB/Session07_Christmas_Circuits.md","3-4","Bi-Weekly","B","Circuits","Christmas Circuits","1","40","REBUILD","P0","Baseline: loose coin cells resistor-blink error and unsupported topology; follow-up reuses checked Snap switched light with protected-AA alternative and no blink/topology claim","CST-C2|CST-S3|CST-T1|CST-A3","Individual return path/gap/repair and two-cycle physical turn and revised Nativity message; hardware preflight required; paper is reasoning/art only","Snap Circuits STEM Classroom Activity Kit|Team sorting tray|Plain paper|Cardstock|School pencil|School-approved marker|Access: matching Snap Circuits manual|Prepared resource: lesson-specific cards|Classroom board|Teacher timer","None","First inspection 30 min; repeat prep 15 min; instructions and approval extra","5 min included","CORE","rebuilt"
"Lessons/Bi-Weekly/Grades_3-4_YearB/Session08_Digital_Stories.md","3-4","Bi-Weekly","B","Communication art","Digital Stories","1","40","KEEP + IMPROVE","P1","Baseline: overfilled multimedia and homework; full scoped package with quantities and individual checks","CST-C2|CST-T1|CST-T3|CST-A3","Individual: coherent three-part story, actual operation, critique-backed revision and privacy choice.","Managed tablet or computer|Plain paper|School pencil|Access: LibreOffice Impress|Classroom board|Teacher timer","Required","20 min estimated; equipment/source preflight extra where specified","5 min per meeting included","RECOMMENDED","rebuilt"
"Lessons/Bi-Weekly/Grades_3-4_YearB/Session09_Faith_Science.md","3-4","Bi-Weekly","B","Faith and evidence","Faith and Science","1","40","KEEP + IMPROVE","P0","Baseline: false Einstein quote and cosmology-proof confusion; full scoped package with quantities and individual checks","CST-C1|CST-S3|CST-T3|CST-A1|CST-M1","Individual: accurate source/claim, four readings/annotations and explicit model/ belief distinction.","Prepared resource: approved source text|Plain paper|School pencil|Metric ruler|Prepared resource: lesson-specific cards|Classroom board|Teacher timer","None","15 min first preparation estimated; 10 min with ready cards; source access extra if needed","5 min per meeting included","RECOMMENDED","rebuilt"
"Lessons/Bi-Weekly/Grades_3-4_YearB/Session10_Geology_Rocks.md","3-4","Bi-Weekly","B","Earth systems","Geology Rocks","1","40","KEEP + IMPROVE","P1","Baseline: fixed cycle and sharp samples; full scoped package with quantities and individual checks","CST-C1|CST-S1|CST-S3|CST-A1|CST-M1","Individual: observed detail/measurement, intelligible diagram and justified uncertain classification.","Blunt rock samples|Plastic magnifier|Metric ruler|Plain paper|School pencil|Prepared resource: lesson-specific cards|Classroom board|Teacher timer","None","15 min estimated; equipment/source preflight extra where specified","5 min per meeting included","CORE","rebuilt"
"Lessons/Bi-Weekly/Grades_3-4_YearB/Session11_Lenten_Service.md","3-4","Bi-Weekly","B","Service design","Lenten Service","1","40","KEEP + IMPROVE","P0","Baseline: mercy list omitted drink; full scoped package with quantities and individual checks","CST-C2|CST-E1|CST-E2|CST-E3","Individual: user criterion, actual before/after, justified recommendation. Completed classroom service separately requires accepted card/use.","Cardstock|Plain paper|School pencil|School-approved marker|Classroom board|Teacher timer","None","10 min estimated; equipment/source preflight extra where specified","5 min per meeting included","RECOMMENDED","rebuilt"
"Lessons/Bi-Weekly/Grades_3-4_YearB/Session12_Life_Cycles.md","3-4","Bi-Weekly","B","Life systems","Life Cycles","1","40","KEEP + IMPROVE","P0","Baseline: frog classified as complete insect metamorphosis and death imagery; full scoped package with quantities and individual checks","CST-C1|CST-S3|CST-A1|CST-M2","Individual: two ordered diagrams, accurate pupa/no-pupa comparison/generation link and faith distinction.","Large life-cycle picture cards|Plain paper|School pencil|School-approved marker|Classroom board|Teacher timer","None","10 min estimated; equipment/source preflight extra where specified","5 min per meeting included","CORE","rebuilt"
"Lessons/Bi-Weekly/Grades_3-4_YearB/Session13_Easter_Creation.md","3-4","Bi-Weekly","B","Faith communication","Easter Creation","1","40","KEEP + IMPROVE","P2","Baseline: meaningful audience but illuminated safety unspecified; full scoped package with quantities and individual checks","CST-C1|CST-A2|CST-A3|CST-E1","Individual: purposeful composition, explicit criterion/test record and critique- backed revision, not enthusiasm.","Cardstock|Plain paper|School pencil|School-approved marker|Masking tape|Classroom board|Teacher timer","None","10 min estimated; equipment/source preflight extra where specified","5 min per meeting included","OPTIONAL","rebuilt"
"Lessons/Bi-Weekly/Grades_3-4_YearB/Session14_Ozobot_Challenge.md","3-4","Bi-Weekly","B","Computing","Ozobot Challenge","1","40","KEEP + IMPROVE","P1","Baseline: five rushed missions and uncertain commands; full scoped package with quantities and individual checks","CST-C1|CST-T1|CST-T2|CST-M1","Individual: verified input/output, individual construction/test and debug evidence.","Ozobot robots|Access: matching Ozobot instructions|School-approved marker|Plain paper|School pencil|Metric ruler|Team sorting tray|Compatible robot charging accessories|Classroom board|Teacher timer","Required","20 min estimated; equipment/source preflight extra where specified","5 min per meeting included","CORE","rebuilt"
"Lessons/Bi-Weekly/Grades_3-4_YearB/Session15_Compound_Machines.md","3-4","Bi-Weekly","B","Machines","Compound Machines","1","40","KEEP + IMPROVE","P0","Baseline: bicycle pulley claim and tool hazards; full scoped package with quantities and individual checks","CST-C3|CST-S3|CST-E1|CST-E2|CST-A1","Individual: two correct functions, criterion/actual retest and labeled interaction/ work-care choice.","Metric ruler|Large wooden building blocks|Clean corrugated cardboard|Paper cups|Large identical plastic test counters|Masking tape|Plain paper|School pencil|Team sorting tray|Classroom board|Teacher timer","None","15 min estimated; equipment/source preflight extra where specified","5 min per meeting included","CORE","rebuilt"
"Lessons/Bi-Weekly/Grades_3-4_YearB/Session16_Makey_Makey.md","3-4","Bi-Weekly","B","Interactive tools","Makey Makey","1","40","KEEP + IMPROVE","P0","Baseline: anything conducts and wet/body-contact paths; full scoped package with quantities and individual checks","CST-C2|CST-T1|CST-E1|CST-E2|CST-A2","Individual: two verified physical inputs/two cycles, correct trace and deliberate musical/interface revision.","USB input controller kit|Managed tablet or computer|Manufacturer USB cable|Insulated clip lead|Aluminum foil|Cardstock|Plain paper|School pencil|Access: Scratch|Access: Scratch Music extension|Access: matching Makey Makey instructions|Classroom board|Teacher timer","Required","25 min estimated; equipment/source preflight extra where specified","5 min per meeting included","RECOMMENDED","rebuilt"
"Lessons/Bi-Weekly/Grades_3-4_YearB/Session17_Celebration.md","3-4","Bi-Weekly","B","Portfolio","Year Celebration","1","40","KEEP + IMPROVE","P1","Baseline: blanket mastery/device claims; full scoped package with quantities and individual checks","CST-C3|CST-E3|CST-A3|CST-M2","Individual: attributable evidence explanation/data reading and deliberate caption revision. Growth requires actual dated records, not invented improvement.","Prepared resource: dated learning records|Plain paper|School pencil|Classroom board|Teacher timer","None","15 min estimated; equipment/source preflight extra where specified","5 min per meeting included","RECOMMENDED","rebuilt"
"Lessons/Bi-Weekly/Grades_5-6_YearA/Session01_Design_Process.md","5-6","Bi-Weekly","A","Foundations","Design Process","1","45","KEEP + IMPROVE","P1","Complete user brief and two readability tests replace private interviews and speed ideation quota","CST-C2|CST-E1|CST-E2","Individual stated need/criterion/constraint and baseline/retest counts and justified revision/dignity","Plain paper|School pencil|Prepared resource: dated learning records|Cardstock|Metric ruler|School-approved marker|Masking tape|Classroom board|Teacher timer","None","First 15 min; repeat 10 min","4 min included","CORE","rebuilt"
"Lessons/Bi-Weekly/Grades_5-6_YearA/Session02_Sphero_Advanced.md","5-6","Bi-Weekly","A","Computing","Sphero Advanced","1","45","REBUILD","P0","Complete finite stationary threshold loop and optional three-kit waves; each operator records four actual readings separately from model cards","CST-T2|CST-T1|CST-C2","Individual four outputs including boundary 30 and loop/input/output/debug/access reason; real readings separately logged","Plain paper|School pencil|BOLT|Tablet|Team sorting tray|Classroom board|Teacher timer|Access: matching Sphero controls","Recommended","Paper first 15 min; repeat 10 min; device preloading/preflight 20 min extra","4 min included","CORE","rebuilt"
"Lessons/Bi-Weekly/Grades_5-6_YearA/Session03_Structural_Engineering.md","5-6","Bi-Weekly","A","Structures","Structural Engineering","1","45","KEEP + IMPROVE","P0","Complete low folded-beam kit and two bounded loads replace destructive tower/loan assumptions","CST-S3|CST-E2|CST-M1","Individual force path and 20/40 g shape tests and span units and test-linked redesign/limit","Plain paper|School pencil|books|Team sorting tray|Metric ruler|Masking tape|Sealed load packet|Classroom board|Teacher timer","None","First 20 min; repeat 10 min","4 min included","CORE","rebuilt"
"Lessons/Bi-Weekly/Grades_5-6_YearA/Session04_Body_Systems.md","5-6","Bi-Weekly","A","Life Science","Body Systems","1","45","KEEP + IMPROVE","P0","Complete accurate gas/transport fact cards and model remove clinical/pulse/breath testing and health disclosure","CST-S3|CST-A1|CST-C2","Individual five-part directed loop and four chambers/functions and blood-color/model limit and dignity","Plain paper|School pencil|Cardstock|Metric ruler|School-approved marker|Classroom board|Teacher timer","None","First 15 min; repeat 10 min","4 min included","CORE","rebuilt"
"Lessons/Bi-Weekly/Grades_5-6_YearA/Session05_Scratch_Advanced.md","5-6","Bi-Weekly","A","Computing","Scratch Advanced","1","45","REBUILD","P1","Preserved bounded variable/guard/reset reference and complete paper/Scratch starter","CST-T2|CST-M1|CST-C2","Individual 0/1/2/3/3 trace and loop count and corrected bug and access choice","Plain paper|School pencil|Prepared resource: dated learning records|School-approved marker|Blunt school scissors|Computer|Access: Scratch","Recommended","First 15 min; repeat 10 min","4 min included","CORE","rebuilt"
"Lessons/Bi-Weekly/Grades_5-6_YearA/Session06_Thanksgiving_Innovation.md","5-6","Bi-Weekly","A","Service","Thanksgiving Innovation","1","45","KEEP + IMPROVE","P1","Complete choice-table brief/test/pitch respects PASS and avoids stereotyped service/impact claims","CST-C2|CST-E1|CST-E3","Individual criterion/constraint and three request records/retest and supported limited pitch/consent","Plain paper|School pencil|Cardstock|Clean corrugated cardboard|Metric ruler|School-approved marker|Blunt school scissors|Masking tape|Classroom board|Teacher timer","None","First 15 min; repeat 10 min","4 min included","RECOMMENDED","rebuilt"
"Lessons/Bi-Weekly/Grades_5-6_YearA/Session07_Christmas_Electronics.md","5-6","Bi-Weekly","A","Physical Computing","Christmas Electronics","1","45","REBUILD","P0","Preserved protected-AA switch/light reference and daylight/faith-symbol limits","CST-S3|CST-T1|CST-A2|CST-C3","Individual five-label circuit and four-state predictions and peer-tested visual choice","Protected switched 2-AA circuit pack|AA alkaline cell|Low-voltage classroom push switch|Adult-prepared sleeved LED/resistor assembly|Insulated clip lead|Clean corrugated cardboard|Cardstock|Plain paper|School pencil|Prepared resource: dated learning records|Metric ruler|School-approved marker|Blunt school scissors|Masking tape","None","First 30 min; repeat adult inspection 15 min","4 min included","CORE","rebuilt"
"Lessons/Bi-Weekly/Grades_5-6_YearA/Session08_App_Inventor.md","5-6","Bi-Weekly","A","Computing","App Inventor","1","45","REBUILD","P0","Complete two-event one-screen starter and exact three-setup waves with pretested individual access and every pupil reset edit/run","CST-T2|CST-T3|CST-C2","Individual four outputs and reset correction and observed edit/run and privacy/access reason; paper shift explicit","Plain paper|School pencil|Computer|Tablet|Classroom board|Teacher timer|Access: MIT App Inventor","Required","Paper first 20 min; repeat 10 min; approved device preloading/setup extra","4 min included","RECOMMENDED","rebuilt"
"Lessons/Bi-Weekly/Grades_5-6_YearA/Session09_Catholic_Scientists.md","5-6","Bi-Weekly","A","Research","Catholic Scientists","1","45","KEEP + IMPROVE","P1","Verified Mendel heritage/source packet plus complete invented A/B comparison and evidence poster; no biography-only assessment","CST-C1|CST-T3|CST-A3","Individual A 8/2 and B 7/3 tallies/totals and comparison and 15/5 model ratio plus historical claim/source/limit and revised poster","Plain paper|School pencil|Metric ruler|School-approved marker|Classroom board|Teacher timer|Prepared resource: lesson-specific cards|Prepared resource: approved source text","None","First 15 min; repeat 10 min","4 min included","RECOMMENDED","rebuilt"
"Lessons/Bi-Weekly/Grades_5-6_YearA/Session10_Environmental_Science.md","5-6","Bi-Weekly","A","Environment","Environmental Science","1","45","REBUILD","P1","Complete invented paper-count graph and tested reuse-sign criterion remove real trash/home audit path","CST-C3|CST-E1|CST-M2","Individual six bars/totals 36/30 and difference 6 and sign criterion and privacy/causal/resource limit","graph paper|Plain paper|School pencil|Cardstock|Metric ruler|School-approved marker|Classroom board|Teacher timer","None","First 15 min; repeat 10 min","4 min included","CORE","rebuilt"
"Lessons/Bi-Weekly/Grades_5-6_YearA/Session11_Lenten_Engineering.md","5-6","Bi-Weekly","A","Service","Lenten Engineering","1","45","KEEP + IMPROVE","P1","Complete counted classroom-kit service handoff includes accepted/deferred implementation and honest output/outcome limits","CST-C2|CST-E1|CST-E3","Individual criterion/constraint and checked inventory/reader test and actual acceptance status and consent/impact limit","Plain paper|School pencil|Cardstock|Classroom folder|Metric ruler|School-approved marker|Classroom board|Teacher timer","None","First 15 min; repeat 10 min","4 min included","RECOMMENDED","rebuilt"
"Lessons/Bi-Weekly/Grades_5-6_YearA/Session12_Life_Science.md","5-6","Bi-Weekly","A","Life Science","Life Science","1","45","REBUILD","P0","Complete cell/base fact cards and eight-base model remove sampling/extraction and oversized equipment tracks","CST-S3|CST-A1|CST-C1","Individual four shared cell labels and 7 of 8 corrected DNA pairs and accurate exception/model/faith limit","Plain paper|School pencil|Cardstock|Metric ruler|School-approved marker|Classroom board|Teacher timer","None","First 15 min; repeat 10 min","4 min included","CORE","rebuilt"
"Lessons/Bi-Weekly/Grades_5-6_YearA/Session13_Easter_Tech.md","5-6","Bi-Weekly","A","Communication","Easter Technology","1","45","KEEP + IMPROVE","P1","Complete two-scene paper/optional digital message replaces broad platform/publishing scope","CST-A3|CST-T3|CST-C2","Individual message revision and source/paraphrase/original-media status and audience access; actual route explicit","Plain paper|School pencil|Metric ruler|School-approved marker|Computer|Classroom board|Teacher timer","Optional","Paper first 15 min; repeat 10 min; approved device setup extra","4 min included","OPTIONAL","rebuilt"
"Lessons/Bi-Weekly/Grades_5-6_YearA/Session14_Sphero_Challenge.md","5-6","Bi-Weekly","A","Computing","Sphero Challenge","1","45","REBUILD","P0","Complete target/debug/retest event and optional three-lane waves; pairs repeat a third trial and watching never counts as operation","CST-T2|CST-E2|CST-C2","Individual route correction/reset and baseline/retest and safety/access reason; actual robot endpoints separate","Plain paper|School pencil|Metric ruler|BOLT|Tablet|Removable floor-marking tape|Classroom board|Teacher timer|Access: matching Sphero controls","Recommended","Paper first 15 min; repeat 10 min; device preloading/lane setup 25 min extra","4 min included","RECOMMENDED","rebuilt"
"Lessons/Bi-Weekly/Grades_5-6_YearA/Session15_Physics_Motion.md","5-6","Bi-Weekly","A","Physical Science","Physics and Motion","1","45","KEEP + IMPROVE","P0","Complete measured ramp and two-object force cards remove stunts/rockets and acceleration/natural-law overclaims","CST-S3|CST-M1|CST-C1","Individual six distances with cm and accurate force pair on different objects and measurement/faith limit","Plain paper|School pencil|Clean corrugated cardboard|Large soft ball|Team sorting tray|Metric ruler|books|Masking tape|Classroom board|Teacher timer","None","First 20 min; repeat 10 min","4 min included","CORE","rebuilt"
"Lessons/Bi-Weekly/Grades_5-6_YearA/Session16_Advanced_Invention.md","5-6","Bi-Weekly","A","Capstone","Advanced Invention","1","45","REBUILD","P1","Complete single-function card-holder kit and three-cycle baseline/retest remove unsafe unrestricted invention menu","CST-E1|CST-E2|CST-C2","Individual criterion/constraint and three baseline/retest records and justified revision/user-access limit","Plain paper|School pencil|Cardstock|Clean corrugated cardboard|Metric ruler|School-approved marker|Masking tape|Classroom board|Teacher timer","None","First 15 min; repeat 10 min","4 min included","CORE","rebuilt"
"Lessons/Bi-Weekly/Grades_5-6_YearA/Session17_Exhibition.md","5-6","Bi-Weekly","A","Communication","Year Exhibition","1","45","KEEP + IMPROVE","P0","Complete scaled evidence gallery and rubric remove automatic mastery/attendance and unsafe dismantling claims","CST-E3|CST-A3|CST-C3","Individual tested-result/limit explanation and reader-backed caption revision and resource reason","Prepared resource: dated learning records|Plain paper|School pencil|Metric ruler|School-approved marker|Classroom board|Teacher timer","None","First 15 min; repeat 10 min","4 min included","CORE","rebuilt"
"Lessons/Bi-Weekly/Grades_5-6_YearB/Session01_Engineering_Thinking.md","5-6","Bi-Weekly","B","Foundations","Engineering Thinking","1","45","KEEP + IMPROVE","P1","Complete flat-pencil organizer brief and three-cycle test replace private interviews/ideation speed quota","CST-C2|CST-E1|CST-E2","Individual stated need/criterion/constraint and baseline/retest and supported revision/access reason","Plain paper|School pencil|Prepared resource: dated learning records|Clean corrugated cardboard|Metric ruler|Masking tape|Classroom board|Teacher timer","None","First 15 min; repeat 10 min","4 min included","CORE","rebuilt"
"Lessons/Bi-Weekly/Grades_5-6_YearB/Session02_Sphero_Sensors.md","5-6","Bi-Weekly","B","Computing","Sphero Sensors","1","45","REBUILD","P0","Preserved stationary threshold reference; no shaking/directional navigation claims","CST-T1|CST-T2|CST-M2|CST-C2","Individual four-output table and exact-boundary trace and corrected comparison and limitation","Plain paper|School pencil|Prepared resource: dated learning records|School-approved marker|Blunt school scissors|Team sorting tray|BOLT|Tablet|Enclosed 2-AA flashlight|Access: matching Sphero controls","Recommended","Paper first 15 min; repeat 10 min; devices 20 min extra","4 min included","CORE","rebuilt"
"Lessons/Bi-Weekly/Grades_5-6_YearB/Session03_Architecture.md","5-6","Bi-Weekly","B","Structures","Architecture","1","45","KEEP + IMPROVE","P1","Complete low floor-model brief/scale/path test replaces stock assumptions and real-building access claims","CST-A2|CST-E1|CST-M1|CST-C2","Individual measured doorway/path and criterion and purposeful form revision and dignity/model limit","graph paper|Plain paper|School pencil|Clean corrugated cardboard|Cardstock|Metric ruler|School-approved marker|Masking tape|Classroom board|Teacher timer","None","First 20 min; repeat 10 min","4 min included","CORE","rebuilt"
"Lessons/Bi-Weekly/Grades_5-6_YearB/Session04_Forensic_Science.md","5-6","Bi-Weekly","B","Investigation","Forensic Science","1","45","REBUILD","P0","Preserved complete fictional inert-paper evidence packet/key and source-dependence limits","CST-S1|CST-M1|CST-C1|CST-C2","Individual three observations and mark measurement and candidate comparison and source dependence/limit and dignity","Plain paper|Metric ruler|School pencil|Prepared resource: dated learning records|Plastic magnifier","None","First 15 min; repeat 10 min","4 min included","CORE","rebuilt"
"Lessons/Bi-Weekly/Grades_5-6_YearB/Session05_Scratch_Games.md","5-6","Bi-Weekly","B","Computing","Scratch Games","1","45","REBUILD","P1","Complete two-round game/reset/feedback tests and three-setup waves with every pupil code change and three input-case runs","CST-T2|CST-A2|CST-C2","Individual two-round score traces and reset correction/retest and observed run and welcoming feedback/play reason","Plain paper|School pencil|Computer|Classroom board|Teacher timer|Access: Scratch","Required","First 25 min; repeat 15 min; approved preloading/setup extra","4 min included","CORE","rebuilt"
"Lessons/Bi-Weekly/Grades_5-6_YearB/Session06_Gratitude_Design.md","5-6","Bi-Weekly","B","Service","Gratitude Design","1","45","KEEP + IMPROVE","P2","Complete specific action/reason card and consent/reader revision remove private gratitude lists and benefit claims","CST-A3|CST-C2","Individual specific thank-you message and reader-backed revision and recipient consent/private-sharing decision","Cardstock|Plain paper|School pencil|Metric ruler|School-approved marker|Classroom board|Teacher timer","None","First 10 min; repeat 5 min","4 min included","RECOMMENDED","rebuilt"
"Lessons/Bi-Weekly/Grades_5-6_YearB/Session07_Advent_Coding.md","5-6","Bi-Weekly","B","Computing","Advent Coding","1","45","KEEP + IMPROVE","P1","Complete click/open/reset starter and reader revision; three-setup waves keep each pupil reset edit/run and message evidence","CST-T2|CST-A3|CST-C2","Individual 0/1/1/0 state trace and corrected reset test and message revision/access reason; actual run separate","Plain paper|School pencil|Computer|Classroom board|Teacher timer|Access: Scratch","Required","First 25 min; repeat 15 min; approved preloading/setup extra","4 min included","RECOMMENDED","rebuilt"
"Lessons/Bi-Weekly/Grades_5-6_YearB/Session08_App_Design.md","5-6","Bi-Weekly","B","Computing","App Design","1","45","REBUILD","P0","Complete conditional starter/six tests and three-setup waves with pretested account transitions and each pupil branch edit/run","CST-T2|CST-T3|CST-C2","Individual three input traces and branch correction and observed run and privacy/access reason; paper shift explicit","Plain paper|School pencil|Computer|Tablet|Classroom board|Teacher timer|Access: MIT App Inventor","Required","Paper first 20 min; repeat 10 min; approved device preloading/setup extra","4 min included","RECOMMENDED","rebuilt"
"Lessons/Bi-Weekly/Grades_5-6_YearB/Session09_Science_Faith.md","5-6","Bi-Weekly","B","Research","Science and Faith","1","45","KEEP + IMPROVE","P0","Verified Mendel heritage card within complete claim-type packet; retains actual individual line measurement and source/history limits","CST-C1|CST-T3|CST-A3","Individual measured line and supported claim/source/date/limit and rejected absolute and reader-backed explanation revision","Plain paper|School pencil|Metric ruler|School-approved marker|Classroom board|Teacher timer|Prepared resource: lesson-specific cards|Prepared resource: approved source text","None","First 15 min; repeat 10 min","4 min included","RECOMMENDED","rebuilt"
"Lessons/Bi-Weekly/Grades_5-6_YearB/Session10_Space_Science.md","5-6","Bi-Weekly","B","Earth and Space","Space Science","1","45","KEEP + IMPROVE","P0","Complete NASA scale and fictional constrained mission packet remove news/role/Sun-viewing dependencies","CST-S3|CST-E1|CST-C1","Individual correct 1/2 AU scale and limit and matched mission criterion/6-credit constraint and fact/reflection distinction","Plain paper|School pencil|Cardstock|Metric ruler|School-approved marker|Classroom board|Teacher timer","None","First 15 min; repeat 10 min","4 min included","CORE","rebuilt"
"Lessons/Bi-Weekly/Grades_5-6_YearB/Session11_Mercy_Engineering.md","5-6","Bi-Weekly","B","Service","Mercy Engineering","1","45","KEEP + IMPROVE","P1","Complete measurement-help card and actual/deferred peer-service implementation replace unbounded mercy device proposals","CST-C2|CST-E1|CST-E3","Individual criterion/constraint and two learner readings and revision/implementation status and consent/impact limit","Cardstock|Plain paper|School pencil|Metric ruler|School-approved marker|Classroom board|Teacher timer","None","First 15 min; repeat 10 min","4 min included","RECOMMENDED","rebuilt"
"Lessons/Bi-Weekly/Grades_5-6_YearB/Session12_Ecosystems.md","5-6","Bi-Weekly","B","Life Science","Ecosystems","1","45","KEEP + IMPROVE","P1","Complete generalized food-web and habitat-area packet remove live collection/perfect-balance/restoration claims","CST-S3|CST-A1|CST-C3|CST-M3","Individual four food-to-consumer arrows and bounded perturbation/model limit and 6/10 versus 4/10 habitat tradeoff","Plain paper|School pencil|Cardstock|Metric ruler|School-approved marker|Classroom board|Teacher timer","None","First 15 min; repeat 10 min","4 min included","CORE","rebuilt"
"Lessons/Bi-Weekly/Grades_5-6_YearB/Session13_New_Life_Tech.md","5-6","Bi-Weekly","B","Communication","New Life Technology","1","45","KEEP + IMPROVE","P1","Complete original two-panel/eight-beat artistic message with safe optional digital production and audience revision","CST-A3|CST-T3|CST-C2","Individual coherent message and two four-beat bars and reader-backed revision and source/media/access reason; actual route explicit","Plain paper|School pencil|Metric ruler|School-approved marker|Computer|Classroom board|Teacher timer","Optional","Paper first 15 min; repeat 10 min; approved device setup extra","4 min included","OPTIONAL","rebuilt"
"Lessons/Bi-Weekly/Grades_5-6_YearB/Session14_Robot_Olympics.md","5-6","Bi-Weekly","B","Computing","Robot Olympics","1","45","REBUILD","P0","Complete cooperative target/reset event and optional three-lane waves; every pupil edits/runs and pairs retain three trials/condition","CST-T2|CST-E2|CST-C2","Individual correct route/reset correction and baseline/retest and safe-role reason; actual endpoint evidence separate","Plain paper|School pencil|Metric ruler|BOLT|Tablet|Removable floor-marking tape|Classroom board|Teacher timer|Access: matching Sphero controls","Recommended","Paper first 15 min; repeat 10 min; device preloading/lane setup 25 min extra","4 min included","RECOMMENDED","rebuilt"
"Lessons/Bi-Weekly/Grades_5-6_YearB/Session15_Energy_Science.md","5-6","Bi-Weekly","B","Physical Science","Energy Science","1","45","KEEP + IMPROVE","P0","Complete slow bounded lever kit and six height tests remove chain-reaction/launching and quantitative-efficiency claims","CST-S3|CST-E2|CST-C1","Individual six heights with cm and supported support-change retest and energy chain including thermal/sound and faith/measurement limit","Plain paper|School pencil|Clean corrugated cardboard|Team sorting tray|Metric ruler|Sealed load packet|Masking tape|Classroom board|Teacher timer","None","First 20 min; repeat 10 min","4 min included","CORE","rebuilt"
"Lessons/Bi-Weekly/Grades_5-6_YearB/Session16_Innovation_Lab.md","5-6","Bi-Weekly","B","Capstone","Innovation Lab","1","45","REBUILD","P1","Complete one-function routing kit/brief and baseline/retest remove unrestricted all-skills invention menu","CST-E1|CST-E2|CST-C2","Individual criterion/constraint and three baseline/retest requests and justified revision/privacy/PASS safeguard","Plain paper|School pencil|Clean corrugated cardboard|Cardstock|Metric ruler|School-approved marker|Masking tape|Classroom board|Teacher timer","None","First 15 min; repeat 10 min","4 min included","CORE","rebuilt"
"Lessons/Bi-Weekly/Grades_5-6_YearB/Session17_Celebration.md","5-6","Bi-Weekly","B","Communication","Celebration Exhibition","1","45","KEEP + IMPROVE","P1","Complete scaled attended-work evidence gallery and caption/resource rubric remove two-year/mastery assumptions","CST-E3|CST-A3|CST-C3","Individual supported technical result/limit and reader-backed caption revision and resource tradeoff","Prepared resource: dated learning records|Plain paper|School pencil|Metric ruler|School-approved marker|Classroom board|Teacher timer","None","First 15 min; repeat 10 min","4 min included","CORE","rebuilt"
"Lessons/Bi-Weekly/Kindergarten/Session01_Welcome_Wonder.md","K","Bi-Weekly","Single","Welcome","Welcome to Wonder","1","25","KEEP + IMPROVE","P0","Initial-pass history: Baseline: five senses implies tasting; unsourced history; participation. No-taste indoor picture kits and individual question added; full reference format pending. Autonomous closure: one complete reference sequence with exact supplies and timed individual evidence; no classroom certification. Official alignment and physical school checks remain separate.","CST-C3|CST-S1|CST-A1","Each child shows an observed detail and question through a representation and demonstrates shared-material care.","Large observation picture cards|Plain paper|School pencil|Shared school crayon set|Teacher timer","None","Estimated first preparation 5 min; actual timing and prepared-kit preflight required","4 min per meeting included","CORE","rebuilt"
"Lessons/Bi-Weekly/Kindergarten/Session02_Gods_World.md","K","Bi-Weekly","Single","Observation","God's Amazing World","1","25","KEEP + IMPROVE","P0","Initial-pass history: Baseline: unchecked feathers/shells; no wrong sorting rule; history unsupported. Large-picture sorting and evidence-based rule added. Autonomous closure: one complete reference sequence with exact supplies and timed individual evidence; no classroom certification. Official alignment and physical school checks remain separate.","CST-C3|CST-S1|CST-M2","Each child sorts at least three pictures by a visible rule and represents the groups with a material-care action.","Large observation picture cards|Plain paper|School pencil|Shared school crayon set|Teacher timer","None","Estimated first preparation 10 min; actual timing and prepared-kit preflight required","4 min per meeting included","CORE","rebuilt"
"Lessons/Bi-Weekly/Kindergarten/Session03_Building_Basics.md","K","Bi-Weekly","Single","Structures","Building Basics","1","25","KEEP + IMPROVE","P1","Initial-pass history: Baseline: no quantities/stability criterion; one-hand challenge exclusion. Quantities and ten-second retest added; not a full reference rebuild. Autonomous closure: one complete reference sequence with exact supplies and timed individual evidence; no classroom certification. Official alignment and physical school checks remain separate.","CST-C3|CST-E2|CST-M1","Each child counts selected blocks and compares same-time tower tests and a common ten-centimeter reference after a base change.","Large wooden building blocks|Metric ruler|Plain paper|School pencil|Shared school crayon set|Teacher timer|Team sorting tray","None","Estimated first preparation 10 min; actual timing and prepared-kit preflight required","4 min per meeting included","CORE","rebuilt"
"Lessons/Bi-Weekly/Kindergarten/Session04_Colors_Light.md","K","Bi-Weekly","Single","Light","Colors and Light","1","25","KEEP + IMPROVE","P0","Initial-pass history: Baseline: filter mixing rule confused; beam hazards; spectrum promised. Shadow-first fair comparison and quantities added; optional colors need teacher trial. Autonomous closure: one complete reference sequence with exact supplies and timed individual evidence; no classroom certification. Official alignment and physical school checks remain separate.","CST-S2|CST-T1|CST-A1","Each child predicts and reports an actual shadow comparison and changed or kept-same conditions with light input/output.","AA alkaline cell|Enclosed 2-AA flashlight|Large paper shapes|Metric ruler|Plain paper|School pencil|Shared school crayon set|Teacher timer","None","Estimated first preparation 10 min; actual timing and prepared-kit preflight required","4 min per meeting included","CORE","rebuilt"
"Lessons/Bi-Weekly/Kindergarten/Session05_Simple_Machines.md","K","Bi-Weekly","Single","Ramps","Simple Machines","1","25","KEEP + IMPROVE","P0","Initial-pass history: Baseline: crayon called nonrolling; sliding ignored; unsafe racing/multiple variables. Contained same-object comparisons and three outcomes added. Autonomous closure: one complete reference sequence with exact supplies and timed individual evidence; no classroom certification. Official alignment and physical school checks remain separate.","CST-C2|CST-S2|CST-E1|CST-M1","Each child reports roll or slide or stay and compares marked ramp rise with the same object and release point; no speed inference.","Blunt school scissors|Clean corrugated cardboard|Large classroom ball|Large wooden building blocks|Metric ruler|Plain paper|School pencil|Shared school crayon set|Stable school support book or block|Teacher timer|Team sorting tray","None","Estimated first preparation 15 min; actual timing and prepared-kit preflight required","4 min per meeting included","CORE","rebuilt"
"Lessons/Bi-Weekly/Kindergarten/Session06_Thanksgiving.md","K","Bi-Weekly","Single","Service art","Thanksgiving Wonder","1","25","KEEP + IMPROVE","P2","Initial-pass history: Baseline unchanged: genuine art/service; little science; duplicate drawings/gratitude rounds; optional acorns excluded by README safety gate; sources unverified. Autonomous closure: one complete reference sequence with exact supplies and timed individual evidence; no classroom certification. Official alignment and physical school checks remain separate.","CST-C2|CST-A3","Each child explains a respectful gratitude idea and an actual communication revision after listener feedback.","Plain paper|School pencil|Shared school crayon set|Teacher timer","None","Estimated first preparation 5 min; actual timing and prepared-kit preflight required","4 min per meeting included","RECOMMENDED","rebuilt"
"Lessons/Bi-Weekly/Kindergarten/Session07_Advent_Light.md","K","Bi-Weekly","Single","Light art","Advent Light","1","25","KEEP + IMPROVE","P0","Initial-pass history: Baseline: paper stars emit-light implication; glitter/button cells; unsourced title. Reflecting/source distinction and large-paper kit added. Autonomous closure: one complete reference sequence with exact supplies and timed individual evidence; no classroom certification. Official alignment and physical school checks remain separate.","CST-C2|CST-A2|CST-M1","Each child counts chosen symbol points and explains a purposeful placement and kind message; paper is not a light source.","Large paper shapes|Plain paper|School glue stick|School pencil|Shared school crayon set|Teacher timer","None","Estimated first preparation 10 min; actual timing and prepared-kit preflight required","4 min per meeting included","RECOMMENDED","rebuilt"
"Lessons/Bi-Weekly/Kindergarten/Session08_Winter_Science.md","K","Bi-Weekly","Single","Water changes","Winter Science","1","25","REBUILD","P0","Baseline: cold exposure/frozen toys; uncontrolled melting comparisons; rescue-dog history. Rebuilt indoor before/after water-change lesson without those pathways. Canonical primary-path supplies indexed in the autonomous pass; optional devices and specimen alternatives remain in the lesson; quantities and physical checks are not inferred from names.","CST-C3|CST-S1|CST-S3|CST-A1","Each child identifies solid/liquid and actual before/after change or no change using their cup or labeled earlier sample.","Paper towel|Plain paper|Reusable clear plastic cup|School pencil|School-approved marker|Shared school crayon set|Teacher ice-cube tray|Teacher timer|Teacher water collection container|Teacher-only sample tongs|Teacher-prepared ice sample|Team sorting tray","None","Light: 10 min plus overnight freezing","4 min","CORE","rebuilt"
"Lessons/Bi-Weekly/Kindergarten/Session09_Catholic_Schools.md","K","Bi-Weekly","Single","Community art","Our Catholic School","1","25","KEEP + IMPROVE","P2","Initial-pass history: Baseline unchanged: too many activities; unsourced history; gratitude not structural design evidence; explicit classroom checks still needed. Autonomous closure: one complete reference sequence with exact supplies and timed individual evidence; no classroom certification. Official alignment and physical school checks remain separate.","CST-C2|CST-T3|CST-A3","Each child names a school contribution and explains a visual-message clarification and identifies hypothetical private information and an adult sharing permission.","Plain paper|School pencil|Shared school crayon set|Teacher timer","Optional","Estimated first preparation 5 min; actual timing and prepared-kit preflight required","4 min per meeting included","CORE","rebuilt"
"Lessons/Bi-Weekly/Kindergarten/Session10_Weather_Wonder.md","K","Bi-Weekly","Single","Weather","Weather Wonder","1","25","KEEP + IMPROVE","P1","Initial-pass history: Baseline unchanged: window option useful; one data point not pattern; picture thermometer not measurement; legend not evidence; no quantified kit. Autonomous closure: one complete reference sequence with exact supplies and timed individual evidence; no classroom certification. Official alignment and physical school checks remain separate.","CST-S1|CST-S3|CST-M2","Each child represents and compares two actual dated or explicitly sourced sky records and distinguishes observation from prediction.","Large weather symbol cards|Plain paper|School pencil|Shared school crayon set|Teacher timer","None","Estimated first preparation 5 min; actual timing and prepared-kit preflight required","4 min per meeting included","CORE","rebuilt"
"Lessons/Bi-Weekly/Kindergarten/Session11_Growing_Things.md","K","Bi-Weekly","Single","Plant observation","Growing Things","1","25","REBUILD","P0","Baseline: soil called food; absolute germination time; no care/hygiene. Rebuilt enclosed seed observation; no eighteenth STREAM meeting or home-care requirement. Canonical primary-path supplies indexed in the autonomous pass; optional devices and specimen alternatives remain in the lesson; quantities and physical checks are not inferred from names.","CST-C3|CST-S1|CST-S3|CST-A1","Each child identifies actual seed detail versus predicted change and chooses appropriate care; model-only evidence labeled if live seed unavailable.","Large teacher science tray|Metric 5 mL measuring spoon|Paper towel|Plain paper|Plastic graduated measuring cup|School pencil|School-approved marker|School-approved room-temperature water|Shared school crayon set|Teacher timer|Transparent observation cup with lid|Untreated bean seeds","None","Moderate: 20 min plus school care","3 min","CORE","rebuilt"
"Lessons/Bi-Weekly/Kindergarten/Session12_Animal_Homes.md","K","Bi-Weekly","Single","Habitats","Animal Homes","1","25","KEEP + IMPROVE","P0","Initial-pass history: Baseline: birds permanently in nests; all rabbits burrow; shelter equals habitat. Bird-family model plus food/water/space and local rabbit correction added. Autonomous closure: one complete reference sequence with exact supplies and timed individual evidence; no classroom certification. Official alignment and physical school checks remain separate.","CST-C3|CST-S3|CST-E1|CST-A1","Each child identifies food and water and shelter and space with a model criterion and limitation and a care action.","Clean corrugated cardboard|Large observation picture cards|Paper strips|Plain paper|School glue stick|School pencil|Shared school crayon set|Teacher timer","None","Estimated first preparation 15 min; actual timing and prepared-kit preflight required","4 min per meeting included","CORE","rebuilt"
"Lessons/Bi-Weekly/Kindergarten/Session13_Easter_New_Life.md","K","Bi-Weekly","Single","Life cycles","Easter New Life","1","25","REBUILD","P0","Initial-pass history: Baseline: Jesus like butterfly/Good Friday like chrysalis; food small parts. Sourced doctrine/biology and large-stage models added; full reference formatting remains. Autonomous closure: one complete reference sequence with exact supplies and timed individual evidence; no classroom certification. Official alignment and physical school checks remain separate.","CST-C1|CST-S3|CST-A1","Each child orders four living stages and communicates a model limit; biology is distinct from Resurrection teaching.","Large life-cycle picture cards|Plain paper|School pencil|Shared school crayon set|Teacher timer","None","Estimated first preparation 15 min; actual timing and prepared-kit preflight required","4 min per meeting included","CORE","rebuilt"
"Lessons/Bi-Weekly/Kindergarten/Session14_Sound_Music.md","K","Bi-Weekly","Single","Sound","Sound and Music","1","25","KEEP + IMPROVE","P0","Initial-pass history: Baseline: loose rice/beans; latex; shared mouth instruments; noise; biography unsourced. Paper-cup rhythm and teacher vibration demonstration replace unsafe paths. Autonomous closure: one complete reference sequence with exact supplies and timed individual evidence; no classroom certification. Official alignment and physical school checks remain separate.","CST-C2|CST-S1|CST-A2","Each child indicates an observed vibration and communicates an intentional four-beat sound or silence phrase with accessible roles.","Metric ruler|Paper cups|Plain paper|School pencil|Shared school crayon set|Teacher timer","None","Estimated first preparation 5 min; actual timing and prepared-kit preflight required","4 min per meeting included","CORE","rebuilt"
"Lessons/Bi-Weekly/Kindergarten/Session15_Helping_Others.md","K","Bi-Weekly","Single","Service art and algorithms","Helping Others","1","25","KEEP + IMPROVE","P0","Initial-pass history: Baseline: unsupported attributed quotations; hug obligation; uncertain recipient; bi-weekly algorithms absent. Quotes removed; consent/approved delivery and two-command algorithm added. Autonomous closure: one complete reference sequence with exact supplies and timed individual evidence; no classroom certification. Official alignment and physical school checks remain separate.","CST-C2|CST-T2|CST-A2|CST-A3","Each child explains a respectful message choice and predicts the endpoint and tests a correction to two picture commands.","Large command cards|Paper grid and token|Plain paper|School pencil|Shared school crayon set|Teacher timer","None","Estimated first preparation 15 min; actual timing and prepared-kit preflight required","4 min per meeting included","CORE","rebuilt"
"Lessons/Bi-Weekly/Kindergarten/Session16_Water_Wonder.md","K","Bi-Weekly","Single","Buoyancy","Water Wonder","1","25","REBUILD","P0","Baseline: light floats/heavy sinks false; coins/caps; one tub bottleneck; no depth/hygiene. Rebuilt concurrent large-object tests and same-foil redesign. Canonical primary-path supplies indexed in the autonomous pass; optional devices and specimen alternatives remain in the lesson; quantities and physical checks are not inferred from names.","CST-C3|CST-S2|CST-E2|CST-M2","Each child reports prediction versus actual result; records two-row comparison and identifies foil redesign/retest; floating success not required.","Aluminum foil|Large smooth metal spoon|Large wooden building blocks|Paper towel|Plain paper|Plastic graduated measuring cup|Reusable surface cleanup cloth|School pencil|School-approved room-temperature water|Shared school crayon set|Teacher timer|Teacher water collection container|Team sorting tray","None","Light: 15 min including trial","4 min; wet-contact handwash transition separately planned","CORE","rebuilt"
"Lessons/Bi-Weekly/Kindergarten/Session17_Celebration.md","K","Bi-Weekly","Single","Reflection","Year Celebration","1","25","KEEP + IMPROVE","P1","Initial-pass history: Baseline: everyone ready for first grade unmeasured; 25 speeches overrun; snack. Readiness claim removed and pair artifact evidence added; not full reference rebuild. Autonomous closure: one complete reference sequence with exact supplies and timed individual evidence; no classroom certification. Official alignment and physical school checks remain separate.","CST-C1|CST-A3","Each child shows an actual dated result or fresh demonstration and communicates an honest next practice step without certifying grade readiness.","Large command cards|Paper grid and token|Plain paper|School pencil|Shared school crayon set|Teacher timer","Optional","Estimated first preparation 10 min; actual timing and prepared-kit preflight required","4 min per meeting included","CORE","rebuilt"
"Lessons/Grades_1-2_YearA/Week01_Welcome_to_CSTREAM.md","1-2","Weekly","A","Welcome","Welcome to C-STREAM","1","30","KEEP + IMPROVE","P1","Baseline: mostly adult talk and unsourced biographies; quotes removed and cosmology corrected/source-gated; PACKAGE COMPLETE: native timed instructions, scaled supplies and individual grade evidence replace legacy plan; unsupported history omitted or source-checked; actual stock/policy and classroom pilot remain conditional, not observed outcomes","CST-C1|CST-S1|CST-A1","Grade 1: Point to two represented details and ask one oral question; choose one concrete first step. Grade 2: Distinguish observation from prediction, ask a testable question and give a reason for a useful next step.","Plain paper|Crayons|Team sorting tray|Simple timer|Classroom board|Whiteboard marker|Teacher roster|Teacher scissors|Leaf picture|Pencil|Smooth wooden block","None","Light 10-15 min first reusable kit","4 min per meeting included","CORE","rebuilt"
"Lessons/Grades_1-2_YearA/Week02-03_Sphero_Coding.md","1-2","Weekly","A","Coding","Sphero Coding Adventures","2","30","REBUILD","P1","Baseline: uncalibrated generic turns and unobserved individual code; rebuilt model preflight and honest token fallback; CONDITIONAL REFERENCE: classroom/device pilot; external claims VERIFICATION REQUIRED","CST-C3|CST-T1|CST-T2|CST-M1","Each child predicts/runs/stops ordered actions changes one parameter compares travel and records care; token path has T2 only","Sphero robot|Compatible tablet|Masking tape|Plain paper|Measuring strip","Required","Moderate 20-30 min plus model charging","4 min per meeting included","CORE","rebuilt"
"Lessons/Grades_1-2_YearA/Week04_Wonder_Walk.md","1-2","Weekly","A","Observation","Wonder Walk Scientists","1","30","REBUILD","P1","Baseline: unbounded outdoor route and binary life categories; rebuilt equivalent indoor task and three-category evidence; CONDITIONAL REFERENCE: route/access pilot; external claims VERIFICATION REQUIRED","CST-C3|CST-S1|CST-S3|CST-A1","Individual two details sketch one question category reason and protective action; no writing required for Grade 1","Plant picture|Leaf picture|Smooth stone|Plain paper|Crayons|Plastic magnifier","None","Light 10-15 min","4 min included","CORE","rebuilt"
"Lessons/Grades_1-2_YearA/Week05-06_KEVA_Engineering.md","1-2","Weekly","A","Structures","KEVA Engineering Challenge","2","30","KEEP + IMPROVE","P1","Baseline: invented Noah mockery and unbounded tower; corrected story boundary and 30 cm cap; PACKAGE COMPLETE: native timed instructions, scaled supplies and individual grade evidence replace legacy plan; unsupported history omitted or source-checked; actual stock/policy and classroom pilot remain conditional, not observed outcomes","CST-C3|CST-E2|CST-M1","Grade 1: Show a tested feature, count layers or supported loads and identify a change. Grade 2: Give two comparable counts/measurements with units and explain how keeping height/span/load conditions steady supports the comparison.","Plain paper|Crayons|Team sorting tray|Simple timer|Classroom board|Whiteboard marker|Teacher roster|Teacher scissors|Wooden building planks|Metric ruler|Stable support block|Broad wooden test block","None","Light 10-15 min first reusable kit","4 min per meeting included","CORE","rebuilt"
"Lessons/Grades_1-2_YearA/Week07-09_Engineering_for_Others.md","1-2","Weekly","A","Service","Engineering for Others","3","30","KEEP + IMPROVE","P0","Baseline P0: high shelf and assumed disability needs; replaced with safe user-requested tabletop paper move; PACKAGE COMPLETE: native timed instructions, scaled supplies and individual grade evidence replace legacy plan; unsupported history omitted or source-checked; actual stock/policy and classroom pilot remain conditional, not observed outcomes","CST-C2|CST-E1|CST-E2|CST-M1","Grade 1: Name the user need, show a safe test and identify a change. Grade 2: Distinguish criterion from material limit and compare successes out of two before and after a one-feature revision.","Plain paper|Crayons|Team sorting tray|Simple timer|Classroom board|Whiteboard marker|Teacher roster|Teacher scissors|Clean corrugated cardboard|Wooden craft sticks|Masking tape|Plain paper ball|Metric ruler","None","Light 10-15 min first reusable kit","4 min per meeting included","CORE","rebuilt"
"Lessons/Grades_1-2_YearA/Week10_Strong_Bridges.md","1-2","Weekly","A","Structures","Strong Bridges","1","30","KEEP + IMPROVE","P1","Baseline: repeated bridge and per-group time overflow; simultaneous tests plus bounded loads corrected; PACKAGE COMPLETE: native timed instructions, scaled supplies and individual grade evidence replace legacy plan; unsupported history omitted or source-checked; actual stock/policy and classroom pilot remain conditional, not observed outcomes","CST-E2|CST-M1|CST-M2|CST-C3","Grade 1: Count supported loads and represent two results with one square per load. Grade 2: Label both results, explain the fixed span/load condition and justify a changed arrangement using counts.","Plain paper|Crayons|Team sorting tray|Simple timer|Classroom board|Whiteboard marker|Teacher roster|Teacher scissors|Wooden building planks|Stable support block|Broad wooden test block|Metric ruler","None","Light 10-15 min first reusable kit","4 min per meeting included","CORE","rebuilt"
"Lessons/Grades_1-2_YearA/Week11_Thankful_Coding.md","1-2","Weekly","A","Coding","Thankful Coding","1","30","KEEP + IMPROVE","P1","Baseline: two text-heavy scenes without nonreader path; added oral message short sequence and honest panel fallback; PACKAGE COMPLETE: native timed instructions, scaled supplies and individual grade evidence replace legacy plan; unsupported history omitted or source-checked; actual stock/policy and classroom pilot remain conditional, not observed outcomes","CST-T1|CST-T2|CST-A3","Grade 1: Individually connect/run a three-block sequence, point to the changed motion and tell the visual message. Grade 2: Predict the direction/step-count difference, explain the rerun and revise a purposeful visual choice after feedback.","Plain paper|Crayons|Team sorting tray|Simple timer|Classroom board|Whiteboard marker|Teacher roster|Teacher scissors|Compatible tablet|Index cards","Required","Moderate, 20-25 minutes first setup","4 min per meeting included","RECOMMENDED","rebuilt"
"Lessons/Grades_1-2_YearA/Week12_Making_Gifts.md","1-2","Weekly","A","Service","Making Gifts","1","30","KEEP + IMPROVE","P1","Baseline: gift options no steps/test; added precut bookmark function check and nonreader response; PACKAGE COMPLETE: native timed instructions, scaled supplies and individual grade evidence replace legacy plan; unsupported history omitted or source-checked; actual stock/policy and classroom pilot remain conditional, not observed outcomes","CST-C2|CST-A3|CST-E1","Grade 1: Show a successful page mark and tell one purposeful picture choice. Grade 2: Explain both the functional constraint and audience choice; show a revision following specific feedback.","Plain paper|Crayons|Team sorting tray|Simple timer|Classroom board|Whiteboard marker|Teacher roster|Teacher scissors|Cardstock|Classroom book","None","Light 10-15 min first reusable kit","4 min per meeting included","RECOMMENDED","rebuilt"
"Lessons/Grades_1-2_YearA/Week13_Fall_Celebration.md","1-2","Weekly","A","Reflection","Fall STREAM Celebration","1","30","KEEP + IMPROVE","P2","Baseline: memory/participation called all-domain demonstration; corrected award/device limits and safety; PACKAGE COMPLETE: native timed instructions, scaled supplies and individual grade evidence replace legacy plan; unsupported history omitted or source-checked; actual stock/policy and classroom pilot remain conditional, not observed outcomes","CST-A3|CST-M2","Grade 1: Point to an actual change and compare two card counts. Grade 2: Explain why the visual change makes the explanation clearer and distinguish a preference count from a skill score.","Plain paper|Crayons|Team sorting tray|Simple timer|Classroom board|Whiteboard marker|Teacher roster|Teacher scissors|Saved learning artifact|Index cards","None","Light 10-15 min first reusable kit","4 min per meeting included","OPTIONAL","rebuilt"
"Lessons/Grades_1-2_YearA/Week14-15_Light_Explorations.md","1-2","Weekly","A","Light","Light Explorations","2","30","KEEP + IMPROVE","P0","Baseline P0: real candle and unsafe/unsourced claims; LED/safety mirrors and science/history distinctions fixed; PACKAGE COMPLETE: native timed instructions, scaled supplies and individual grade evidence replace legacy plan; unsupported history omitted or source-checked; actual stock/policy and classroom pilot remain conditional, not observed outcomes","CST-C1|CST-S2|CST-S3|CST-A1","Grade 1: Show blocked light and identify source/mirror using observed results. Grade 2: Compare two shadow conditions, name a kept-same condition and trace source -> mirror -> screen without calling a symbol data.","Plain paper|Crayons|Team sorting tray|Simple timer|Classroom board|Whiteboard marker|Teacher roster|Teacher scissors|Enclosed 2-AA flashlight|Plastic safety mirror|Clean corrugated cardboard|Metric ruler|Masking tape","None","Light 10-15 min first reusable kit","4 min per meeting included","CORE","rebuilt"
"Lessons/Grades_1-2_YearA/Week16_Star_of_Wonder.md","1-2","Weekly","A","Light","Star of Wonder","1","30","KEEP + IMPROVE","P0","Baseline P0: Magi scientist/travel claims and puncture/light hazard; removed claims and adult punch/diffuse-light route; PACKAGE COMPLETE: native timed instructions, scaled supplies and individual grade evidence replace legacy plan; unsupported history omitted or source-checked; actual stock/policy and classroom pilot remain conditional, not observed outcomes","CST-S3|CST-A1|CST-M1","Grade 1: Count six dots and point to two position details matching the reference. Grade 2: Represent the arrangement accurately enough to compare and explain one real-sky/model difference.","Plain paper|Crayons|Team sorting tray|Simple timer|Classroom board|Whiteboard marker|Teacher roster|Teacher scissors|Teacher-drawn star-pattern card","None","Light 10-15 min first reusable kit","4 min per meeting included","RECOMMENDED","rebuilt"
"Lessons/Grades_1-2_YearA/Week18_New_Year_Goals.md","1-2","Weekly","A","Reflection","New Year Goals","1","30","KEEP + IMPROVE","P2","Baseline: three SMART goals/home tracker overload; added single oral Grade 1 goal school tracker and privacy; PACKAGE COMPLETE: native timed instructions, scaled supplies and individual grade evidence replace legacy plan; unsupported history omitted or source-checked; actual stock/policy and classroom pilot remain conditional, not observed outcomes","CST-C2|CST-M2|CST-T2","Grade 1: Order two or three concrete actions and identify one actual practice. Grade 2: Repair an order problem, explain how the action includes someone and distinguish an attempt from an outcome.","Plain paper|Crayons|Team sorting tray|Simple timer|Classroom board|Whiteboard marker|Teacher roster|Teacher scissors|Index cards","None","Light 10-15 min first reusable kit","4 min per meeting included","RECOMMENDED","rebuilt"
"Lessons/Grades_1-2_YearA/Week19-22_Exploration_Stations.md","1-2","Weekly","A","Stations","STREAM Exploration Stations","4","30","REBUILD","P1","Baseline: 33 minute rotations/passport participation; rebuilt four focused workshops with actual criteria; CONDITIONAL REFERENCE: classroom quantity/pacing pilot; external claims VERIFICATION REQUIRED","CST-C3|CST-E2|CST-A2|CST-M1|CST-M2","Individual structure test/change symmetry check pattern repair and same-unit object comparison over four meetings","Wooden building planks|Clean corrugated cardboard|Metric ruler|Equal measuring cube|Plain paper|Pattern shape|Crayons|Team sorting tray","None","Light 10-15 min each workshop","4 min per meeting included","CORE","rebuilt"
"Lessons/Grades_1-2_YearA/Week23_Catholic_Schools_Week.md","1-2","Weekly","A","Faith and reason","Catholic Schools Week STREAM","1","30","KEEP + IMPROVE","P0","Baseline P0: Keller/Lemaitre origin claims; removed overstatements and supplied source-gated observation replacement; PACKAGE COMPLETE: native timed instructions, scaled supplies and individual grade evidence replace legacy plan; unsupported history omitted or source-checked; actual stock/policy and classroom pilot remain conditional, not observed outcomes","CST-C1|CST-S1|CST-A3","Grade 1: Show two details and distinguish a classroom action from an object observation. Grade 2: Explain an open question, an evidence limit and a visual revision after feedback.","Plain paper|Crayons|Team sorting tray|Simple timer|Classroom board|Whiteboard marker|Teacher roster|Teacher scissors|Leaf picture|Smooth wooden block","None","Light 10-15 min first reusable kit","4 min per meeting included","RECOMMENDED","rebuilt"
"Lessons/Grades_1-2_YearA/Week24-25_Dash_Robot_Adventures.md","1-2","Weekly","A","Coding","Dash Robot Adventures","2","30","KEEP + IMPROVE","P1","Baseline: repeated introduction and robot-obedience theology; corrected agency and Acutis title plus individual route; PACKAGE COMPLETE: native timed instructions, scaled supplies and individual grade evidence replace legacy plan; unsupported history omitted or source-checked; actual stock/policy and classroom pilot remain conditional, not observed outcomes","CST-C3|CST-T1|CST-T2|CST-M1","Grade 1: Individually Run/Stop a stored sequence and identify a changed action; trace Repeat 2 with two cards. Grade 2: Predict and execute/modify a finite repeat, compare two measured outputs and explain why start/heading must be reset.","Plain paper|Crayons|Team sorting tray|Simple timer|Classroom board|Whiteboard marker|Teacher roster|Teacher scissors|Dash robot|Compatible tablet|Index cards|Metric ruler|Masking tape","Required","Moderate, 20-30 minutes plus manufacturer charging time","4 min per meeting included","CORE","rebuilt"
"Lessons/Grades_1-2_YearA/Week26-27_Helping_Hands_Design.md","1-2","Weekly","A","Service","Helping Hands Design","2","30","KEEP + IMPROVE","P0","Baseline P0: unbounded assistive use; toy/tabletop three-paper-ball load test and consent boundary added; PACKAGE COMPLETE: native timed instructions, scaled supplies and individual grade evidence replace legacy plan; unsupported history omitted or source-checked; actual stock/policy and classroom pilot remain conditional, not observed outcomes","CST-C2|CST-E1|CST-E2|CST-E3","Grade 1: Name the user need, demonstrate one criterion check and give a reason for a choice. Grade 2: Compare both options against three criteria, explain a test-based revision and a specific tradeoff.","Plain paper|Crayons|Team sorting tray|Simple timer|Classroom board|Whiteboard marker|Teacher roster|Teacher scissors|Clean corrugated cardboard|Index cards|Masking tape","None","Light 10-15 min first reusable kit","4 min per meeting included","CORE","rebuilt"
"Lessons/Grades_1-2_YearA/Week28_Pi_Day_Circles.md","1-2","Weekly","A","Mathematics","Pi Day Circles","1","30","REBUILD","P0","Baseline P0: infinite pi and robot marker mount; rebuilt finite-pi explanation string comparison/pattern without robot; CONDITIONAL REFERENCE: measurement pilot; external claims VERIFICATION REQUIRED","CST-C1|CST-M1|CST-M2|CST-A2","Individual same-endpoint boundary comparison two measured attempts pattern unit/next item and uncertainty","Round plastic lid|Cotton yarn|Equal measuring cube|Plain paper|Crayons","None","Light 10 min","4 min included","CORE","rebuilt"
"Lessons/Grades_1-2_YearA/Week29-31_Growing_Things.md","1-2","Weekly","A","Growth","Growing Things","3","30","REBUILD","P0","Baseline P0: soil universal need/uncontrolled cause claims; rebuilt dated observation school care and no-sprout path; CONDITIONAL REFERENCE: seed/window/care pilot; external claims VERIFICATION REQUIRED","CST-C3|CST-S1|CST-S3|CST-M1|CST-M2","Each child two dated observations same-baseline measures comparison and care action; Grade 2 distinguishes untested cause","Plastic plant pot|Potting mix|Untreated bean seed|Team sorting tray|Metric ruler|Plain paper|Crayons|Plastic graduated measuring cup","None","Moderate 20 min plus 2-3 min school-day care","5 min per meeting included","CORE","rebuilt"
"Lessons/Grades_1-2_YearA/Week33_New_Life_Engineering.md","1-2","Weekly","A","New life","New Life Engineering","1","30","KEEP + IMPROVE","P0","Baseline P0: metamorphosis/death confusion and untested free build; clarified living stages and opening-petal test; PACKAGE COMPLETE: native timed instructions, scaled supplies and individual grade evidence replace legacy plan; unsupported history omitted or source-checked; actual stock/policy and classroom pilot remain conditional, not observed outcomes","CST-S3|CST-A1|CST-E2|CST-C3","Grade 1: Show two observed details and a standing test/change. Grade 2: Explain a life-model limitation and a test-based design change without claiming growth from a picture.","Plain paper|Crayons|Team sorting tray|Simple timer|Classroom board|Whiteboard marker|Teacher roster|Teacher scissors|Plant picture|Cardstock|Masking tape","None","Light 10-15 min first reusable kit","4 min per meeting included","RECOMMENDED","rebuilt"
"Lessons/Grades_1-2_YearA/Week34_Year_Celebration.md","1-2","Weekly","A","Reflection","Year-End STREAM Celebration","1","30","KEEP + IMPROVE","P1","Baseline: six-domain certificate from memories; changed to participation/opportunity language and safe replay; PACKAGE COMPLETE: native timed instructions, scaled supplies and individual grade evidence replace legacy plan; unsupported history omitted or source-checked; actual stock/policy and classroom pilot remain conditional, not observed outcomes","CST-A3|CST-M2|CST-C1","Grade 1: Point to a comparable changed detail and give an accurate two-column comparison. Grade 2: Justify a claim using two records, clarify a visual explanation and distinguish preference data from demonstrated skill.","Plain paper|Crayons|Team sorting tray|Simple timer|Classroom board|Whiteboard marker|Teacher roster|Teacher scissors|Saved learning artifact|Index cards","None","Light 10-15 min first reusable kit","4 min per meeting included","RECOMMENDED","rebuilt"
"Lessons/Grades_1-2_YearB/Week01_Welcome_Scientists.md","1-2","Weekly","B","Observation","Welcome Back Scientists","1","30","KEEP + IMPROVE","P1","Baseline: unsourced Kateri and unknown specimens; added source gate/screening and precise evidence; PACKAGE COMPLETE: native timed instructions, scaled supplies and individual grade evidence replace legacy plan; unsupported history omitted or source-checked; actual stock/policy and classroom pilot remain conditional, not observed outcomes","CST-C1|CST-S1|CST-A1","Grade 1: Show two observed details and ask one question. Grade 2: Ask a testable question and distinguish its prediction from an actual result.","Plain paper|Crayons|Team sorting tray|Simple timer|Classroom board|Whiteboard marker|Teacher roster|Teacher scissors|Leaf picture|Smooth wooden block","None","Light 10-15 min first reusable kit","4 min per meeting included","CORE","rebuilt"
"Lessons/Grades_1-2_YearB/Week02-03_Dash_Adventures.md","1-2","Weekly","B","Coding","Dash Robot Adventures","2","30","REBUILD","P1","Baseline: generic block names/no individual turns; rebuilt model preflight input/output and debug evidence; CONDITIONAL REFERENCE: device/classroom pilot; external claims VERIFICATION REQUIRED","CST-C2|CST-T1|CST-T2|CST-M1","Each child predicts/runs/stops changes one instruction compares target distance and fair turn; token alternative T2 only","Dash robot|Compatible tablet|Masking tape|Plain paper|Index cards|Metric ruler","Required","Moderate 20-30 min plus model charging","4 min per meeting included","CORE","rebuilt"
"Lessons/Grades_1-2_YearB/Week04_Senses_Discovery.md","1-2","Weekly","B","Observation","Senses and Discovery","1","30","REBUILD","P0","Baseline P0: all senses/tasting/allergy/deficit framing; rebuilt accessible safe details and sorting with no smell/taste; CONDITIONAL REFERENCE: access pilot; external claims VERIFICATION REQUIRED","CST-C2|CST-S1|CST-A1|CST-M2","Individual two details sketch comparison/property sort and inclusive method; Grade 2 two rules","Large clean texture object|Smooth plastic lid|Permanently sealed shaker|Plain paper|Crayons|Plastic magnifier","None","Light 10-15 min","4 min included","CORE","rebuilt"
"Lessons/Grades_1-2_YearB/Week05-06_Tower_Engineering.md","1-2","Weekly","B","Structures","Tower Engineering","2","30","KEEP + IMPROVE","P0","Baseline P0: unbounded tower/top load; 30 cm cap and soft load fixed with grade checks; PACKAGE COMPLETE: native timed instructions, scaled supplies and individual grade evidence replace legacy plan; unsupported history omitted or source-checked; actual stock/policy and classroom pilot remain conditional, not observed outcomes","CST-C3|CST-E2|CST-M1|CST-M2","Grade 1: Measure/count height with aligned starts and show actual standing results. Grade 2: Record units and successes out of two for both designs; explain a kept-same condition and limit.","Plain paper|Crayons|Team sorting tray|Simple timer|Classroom board|Whiteboard marker|Teacher roster|Teacher scissors|Wooden building planks|Metric ruler|Masking tape","None","Light 10-15 min first reusable kit","4 min per meeting included","CORE","rebuilt"
"Lessons/Grades_1-2_YearB/Week07-09_Animal_Habitats.md","1-2","Weekly","B","Habitats","Animal Habitats","3","30","KEEP + IMPROVE","P0","Baseline P0: frog as reptile and 25 talks overflow; corrected taxonomy/model boundary and table shares; PACKAGE COMPLETE: native timed instructions, scaled supplies and individual grade evidence replace legacy plan; unsupported history omitted or source-checked; actual stock/policy and classroom pilot remain conditional, not observed outcomes","CST-C3|CST-S3|CST-A1|CST-M2","Grade 1: Show food, water and shelter connections and count checklist features. Grade 2: Explain all four connections, compare before/after coverage and name a model limit without inventing species facts.","Plain paper|Crayons|Team sorting tray|Simple timer|Classroom board|Whiteboard marker|Teacher roster|Teacher scissors|Clean corrugated cardboard|Cardstock|Masking tape|Teacher-drawn habitat reference card","None","Light 10-15 min first reusable kit","4 min per meeting included","CORE","rebuilt"
"Lessons/Grades_1-2_YearB/Week10_Ramp_Races.md","1-2","Weekly","B","Motion","Ramp Races","1","30","REBUILD","P0","Baseline P0: gravity stronger with height and runout called speed; rebuilt fair repeated distance test and bounded lane; CONDITIONAL REFERENCE: ramp pilot; external claims VERIFICATION REQUIRED","CST-C1|CST-S2|CST-S3|CST-M1|CST-M2","Individual no-push release same-reference measurement and low/high comparison; three trials/condition per team with honest uncertainty","Toy car|Cardboard ramp|Stable support block|Catch box|Metric ruler|Plain paper|Crayons|Masking tape","None","Light 10-15 min","4 min included","CORE","rebuilt"
"Lessons/Grades_1-2_YearB/Week11_Thanksgiving_Coding.md","1-2","Weekly","B","Coding","Thanksgiving Coding","1","30","KEEP + IMPROVE","P0","Baseline P0: exhaustive four-prayer types and attributed flowers quote; corrected source and oral/code fallback; PACKAGE COMPLETE: native timed instructions, scaled supplies and individual grade evidence replace legacy plan; unsupported history omitted or source-checked; actual stock/policy and classroom pilot remain conditional, not observed outcomes","CST-T1|CST-T2|CST-A3|CST-T3","Grade 1: Select a character, Run its stored script and identify a changed action; reject sharing a name/photo. Grade 2: Explain the two-script order, rerun a changed block and justify a specific privacy/message revision.","Plain paper|Crayons|Team sorting tray|Simple timer|Classroom board|Whiteboard marker|Teacher roster|Teacher scissors|Compatible tablet|Index cards","Required","Moderate, 20-25 minutes first setup","4 min per meeting included","RECOMMENDED","rebuilt"
"Lessons/Grades_1-2_YearB/Week12_Gifts_Others.md","1-2","Weekly","B","Service","Gifts for Others","1","30","KEEP + IMPROVE","P1","Baseline: no function test and resource-based love ranking; added safe bookmark test/equitable message; PACKAGE COMPLETE: native timed instructions, scaled supplies and individual grade evidence replace legacy plan; unsupported history omitted or source-checked; actual stock/policy and classroom pilot remain conditional, not observed outcomes","CST-C2|CST-A3|CST-E1","Grade 1: Show a page-marking test and explain one meaningful symbol. Grade 2: Identify the flatness constraint, audience choice and an evidence-based visual revision.","Plain paper|Crayons|Team sorting tray|Simple timer|Classroom board|Whiteboard marker|Teacher roster|Teacher scissors|Cardstock|Classroom book","None","Light 10-15 min first reusable kit","4 min per meeting included","RECOMMENDED","rebuilt"
"Lessons/Grades_1-2_YearB/Week13_Fall_Festival.md","1-2","Weekly","B","Reflection","Fall Festival","1","30","KEEP + IMPROVE","P2","Baseline: quick free-play stations no evidence; added safe table/award limitations; PACKAGE COMPLETE: native timed instructions, scaled supplies and individual grade evidence replace legacy plan; unsupported history omitted or source-checked; actual stock/policy and classroom pilot remain conditional, not observed outcomes","CST-A3|CST-M2","Grade 1: Point to an actual changed feature and compare two counts. Grade 2: Explain a visual revision and interpret the preference graph without calling it a mastery score.","Plain paper|Crayons|Team sorting tray|Simple timer|Classroom board|Whiteboard marker|Teacher roster|Teacher scissors|Saved learning artifact|Index cards","None","Light 10-15 min first reusable kit","4 min per meeting included","OPTIONAL","rebuilt"
"Lessons/Grades_1-2_YearB/Week14-15_Stars_Light.md","1-2","Weekly","B","Light","Stars and Light","2","30","KEEP + IMPROVE","P0","Baseline P0: modern Magi profession/number and pin-prick jars; paper adult punch and source/model distinction fixed; PACKAGE COMPLETE: native timed instructions, scaled supplies and individual grade evidence replace legacy plan; unsupported history omitted or source-checked; actual stock/policy and classroom pilot remain conditional, not observed outcomes","CST-C1|CST-S3|CST-T1|CST-A2|CST-M1","Grade 1: Count the pattern and individually switch a complete protected path ON/OFF, identifying output. Grade 2: Explain the open-versus-closed path result, safe connection procedure and star-model limitation; justify an artistic contrast choice.","Plain paper|Crayons|Team sorting tray|Simple timer|Classroom board|Whiteboard marker|Teacher roster|Teacher scissors|Teacher-drawn star-pattern card|Cardstock|Protected switched 2-AA circuit pack|Current-limited 3-V LED module|Insulated clip lead","None","Moderate, 20-30 minutes first circuit preflight","4 min per meeting included","CORE","rebuilt"
"Lessons/Grades_1-2_YearB/Week16_Winter_Wonders.md","1-2","Weekly","B","Winter","Winter Wonders","1","30","REBUILD","P0","Baseline P0: snowflake universals/state change untaught; rebuilt ice observation and symmetry model distinction; CONDITIONAL REFERENCE: crystal-source/pacing pilot; external claims VERIFICATION REQUIRED","CST-C1|CST-S1|CST-S3|CST-A2|CST-M2","Individual ice before/after record two matching features and model limitation; no-melt reported honestly","Ice cube|Plastic graduated measuring cup|Team sorting tray|Paper towel|Plain paper|Crayons|Snowflake picture","None","Light 10 min plus freezing","5 min included","CORE","rebuilt"
"Lessons/Grades_1-2_YearB/Week18_Growth_Goals.md","1-2","Weekly","B","Reflection","Growth Goals","1","30","KEEP + IMPROVE","P1","Baseline: outdated Frassati/home tracking and public body comparison; sourced Saint title/private object measures/school tracker; PACKAGE COMPLETE: native timed instructions, scaled supplies and individual grade evidence replace legacy plan; unsupported history omitted or source-checked; actual stock/policy and classroom pilot remain conditional, not observed outcomes","CST-C2|CST-M1|CST-M2|CST-T2","Grade 1: Measure from a common start and order a concrete helping routine. Grade 2: Record two lengths with units, explain a sequence repair and distinguish task data from personal worth.","Plain paper|Crayons|Team sorting tray|Simple timer|Classroom board|Whiteboard marker|Teacher roster|Teacher scissors|Metric ruler|Index cards","None","Light 10-15 min first reusable kit","4 min per meeting included","RECOMMENDED","rebuilt"
"Lessons/Grades_1-2_YearB/Week19-22_Invention_Labs.md","1-2","Weekly","B","Invention","Invention Labs","4","30","KEEP + IMPROVE","P0","Baseline P0: Dooley title/inventions unsourced and unsafe open models; removed claims and specified safe tray criterion; PACKAGE COMPLETE: native timed instructions, scaled supplies and individual grade evidence replace legacy plan; unsupported history omitted or source-checked; actual stock/policy and classroom pilot remain conditional, not observed outcomes","CST-C2|CST-E1|CST-E2|CST-E3|CST-M2","Grade 1: Name a user need and material limit, show a safe test and identify a revision from an actual result. Grade 2: Distinguish criterion/constraint, compare successes out of two before/after and defend a recommendation with a limitation/tradeoff.","Plain paper|Crayons|Team sorting tray|Simple timer|Classroom board|Whiteboard marker|Teacher roster|Teacher scissors|Clean corrugated cardboard|Paper cups|Wooden craft sticks|Masking tape|Plain paper ball|Index cards|Metric ruler","None","Light 10-15 min first reusable kit","4 min per meeting included","CORE","rebuilt"
"Lessons/Grades_1-2_YearB/Week23_Catholic_Schools.md","1-2","Weekly","B","Faith and reason","Catholic Schools Celebration","1","30","KEEP + IMPROVE","P0","Baseline P0: Seton first-school claim and understaffed visitor stations; removed overclaim and added table/no-visitor path; PACKAGE COMPLETE: native timed instructions, scaled supplies and individual grade evidence replace legacy plan; unsupported history omitted or source-checked; actual stock/policy and classroom pilot remain conditional, not observed outcomes","CST-C1|CST-A3|CST-M2","Grade 1: Point to a clear record detail, revise one confusing feature and compare counts. Grade 2: Explain a supported claim/limit and interpret the graph as interest, not proficiency.","Plain paper|Crayons|Team sorting tray|Simple timer|Classroom board|Whiteboard marker|Teacher roster|Teacher scissors|Saved learning artifact|Index cards","None","Light 10-15 min first reusable kit","4 min per meeting included","RECOMMENDED","rebuilt"
"Lessons/Grades_1-2_YearB/Week24-25_Friendship_Machines.md","1-2","Weekly","B","Motion","Friendship Machines","2","30","KEEP + IMPROVE","P1","Baseline: rolling small parts and vague chain endpoint; large balls/catch boxes and causal evidence added; PACKAGE COMPLETE: native timed instructions, scaled supplies and individual grade evidence replace legacy plan; unsupported history omitted or source-checked; actual stock/policy and classroom pilot remain conditional, not observed outcomes","CST-C2|CST-S2|CST-E2|CST-M2","Grade 1: Show two events and count three trial successes. Grade 2: Compare before/after success counts, name a kept-same test condition and explain the metaphor limit.","Plain paper|Crayons|Team sorting tray|Simple timer|Classroom board|Whiteboard marker|Teacher roster|Teacher scissors|Broad wooden block|Index cards|Cardstock|Masking tape","None","Light 10-15 min first reusable kit","4 min per meeting included","CORE","rebuilt"
"Lessons/Grades_1-2_YearB/Week26-27_Garden_Engineering.md","1-2","Weekly","B","Growth","Garden Engineering","2","30","KEEP + IMPROVE","P0","Baseline P0: soil as food/all plants seed/home care; corrected physiology/school adult care and constrained layout; PACKAGE COMPLETE: native timed instructions, scaled supplies and individual grade evidence replace legacy plan; unsupported history omitted or source-checked; actual stock/policy and classroom pilot remain conditional, not observed outcomes","CST-C3|CST-S3|CST-E1|CST-M1|CST-M2","Grade 1: Count seeds/spaces, show a plant need and report an actual observation. Grade 2: Explain the four-plus-two layout limit, compare dated evidence honestly and distinguish an observation from an untested cause.","Plain paper|Crayons|Team sorting tray|Simple timer|Classroom board|Whiteboard marker|Teacher roster|Teacher scissors|Plastic plant pot|Potting mix|Untreated bean seed|Plastic graduated measuring cup|Plant picture|Index cards|Metric ruler|Water","None","Moderate, 20-30 minutes first setup plus named school adult care","4 min per meeting included","CORE","rebuilt"
"Lessons/Grades_1-2_YearB/Week28_Math_Games.md","1-2","Weekly","B","Mathematics","Math Day Games","1","30","KEEP + IMPROVE","P1","Baseline: five rushed stations/participation; narrowed three and individual oral arithmetic/pattern checks; PACKAGE COMPLETE: native timed instructions, scaled supplies and individual grade evidence replace legacy plan; unsupported history omitted or source-checked; actual stock/policy and classroom pilot remain conditional, not observed outcomes","CST-M1|CST-M2|CST-M3|CST-C2","Grade 1: Combine within 10 using counters, compare two totals and extend AB by two elements. Grade 2: Use a demonstrated within-20 strategy, explain why one total is larger and repair an ABB/AAB pattern.","Plain paper|Crayons|Team sorting tray|Simple timer|Classroom board|Whiteboard marker|Teacher roster|Teacher scissors|Index cards|Large identical plastic test counters","None","Moderate, 20-30 minutes first reusable dot-card set; light 5-10 minutes thereafter","4 min per meeting included","CORE","rebuilt"
"Lessons/Grades_1-2_YearB/Week29-31_Butterfly_Engineering.md","1-2","Weekly","B","Life cycles","Butterfly Engineering","3","30","KEEP + IMPROVE","P0","Baseline P0: chrysalis as death/Saul rename/unapproved release; corrected living cycle/history gate and photos default; PACKAGE COMPLETE: native timed instructions, scaled supplies and individual grade evidence replace legacy plan; unsupported history omitted or source-checked; actual stock/policy and classroom pilot remain conditional, not observed outcomes","CST-C1|CST-S3|CST-A1|CST-A2|CST-M2","Grade 1: Order four stages, identify the living pupa and show two matching wing features. Grade 2: Explain adult -> new eggs rather than adult -> caterpillar, interpret coverage checks and justify a purposeful visual revision/model limit.","Plain paper|Crayons|Team sorting tray|Simple timer|Classroom board|Whiteboard marker|Teacher roster|Teacher scissors|Teacher-drawn butterfly stage card|Cardstock|Masking tape","None","Light 10-15 min first reusable kit","4 min per meeting included","CORE","rebuilt"
"Lessons/Grades_1-2_YearB/Week33_New_Life.md","1-2","Weekly","B","New life","New Life Celebration","1","30","KEEP + IMPROVE","P0","Baseline P0: dormancy as death and invented first quote; corrected biology/witness claims and safe indoor hunt; PACKAGE COMPLETE: native timed instructions, scaled supplies and individual grade evidence replace legacy plan; unsupported history omitted or source-checked; actual stock/policy and classroom pilot remain conditional, not observed outcomes","CST-C1|CST-S3|CST-A1|CST-M2","Grade 1: Represent two visible features and compare their counts. Grade 2: Explain one seasonal-model relationship and an evidence limit without equating dormancy with death.","Plain paper|Crayons|Team sorting tray|Simple timer|Classroom board|Whiteboard marker|Teacher roster|Teacher scissors|Teacher-drawn seasonal tree card","None","Light 10-15 min first reusable kit","4 min per meeting included","RECOMMENDED","rebuilt"
"Lessons/Grades_1-2_YearB/Week34_Showcase.md","1-2","Weekly","B","Reflection","Year B Showcase","1","30","KEEP + IMPROVE","P2","Baseline: memories treated growth/mastery and snowflake certainty; corrected claims/table-share path; PACKAGE COMPLETE: native timed instructions, scaled supplies and individual grade evidence replace legacy plan; unsupported history omitted or source-checked; actual stock/policy and classroom pilot remain conditional, not observed outcomes","CST-C1|CST-A3|CST-M2","Grade 1: Point to a comparable changed detail and compare two counts. Grade 2: Support a claim with records, name a limit and explain a purposeful revision to the visual explanation.","Plain paper|Crayons|Team sorting tray|Simple timer|Classroom board|Whiteboard marker|Teacher roster|Teacher scissors|Saved learning artifact|Index cards","None","Light 10-15 min first reusable kit","4 min per meeting included","RECOMMENDED","rebuilt"
"Lessons/Grades_3-4_YearA/Week01_Welcome_to_CSTREAM.md","3-4","Weekly","A","Foundations","Welcome to C-STREAM","1","40","KEEP + IMPROVE","P2","Baseline: useful covenant but exit measures excitement and historical cards absent; full scoped package with quantities and individual checks","CST-C1|CST-C2|CST-S1","Individual: two verifiable details, investigable question and observed fair turn (C1/C2/S1). Partial = developing; missing = not yet evidenced; excitement not assessed.","Plain paper|School pencil|Metric ruler|Cardstock|Classroom board|Teacher timer","None","10 min estimated; equipment/source preflight extra where specified","5 min per meeting included","RECOMMENDED","rebuilt"
"Lessons/Grades_3-4_YearA/Week02-03_Sphero_Advanced.md","3-4","Weekly","A","Computing","Sphero Advanced Coding","2","40","REBUILD","P1","Baseline: novice leap and no fallback; rebuilt sequences loops and measured debugging","CST-C2|CST-T1|CST-T2|CST-M1","Individual route and 8-roll trace plus debug; device edit/run logged separately; desk simulation only and model gate remains","Plain paper|School pencil|Metric ruler|Clean corrugated cardboard|Floor-safe tape|Sphero-type app-controlled robot|Managed tablet or computer|Compatible robot charging accessories|Access: matching Sphero controls|Prepared resource: lesson-specific cards|Classroom board|Teacher timer","Required","20 min with charged paired kits; installation and charging extra","5 min per meeting included","CORE","rebuilt"
"Lessons/Grades_3-4_YearA/Week04_Scientific_Method.md","3-4","Weekly","A","Inquiry","Scientific Method","1","40","KEEP + IMPROVE","P0","Baseline: unsourced Albert saying and boiling extension; full scoped package with quantities and individual checks","CST-C1|CST-S1|CST-S2|CST-M1","Individual: six cm readings, one change/two controls, evidence-based claim; prediction need not be right.","Plain paper|School pencil|Metric ruler|Clean corrugated cardboard|Stable school support book or block|Large classroom ball|Team sorting tray|Classroom board|Teacher timer","None","15 min estimated; equipment/source preflight extra where specified","5 min per meeting included","CORE","rebuilt"
"Lessons/Grades_3-4_YearA/Week05-06_KEVA_Challenges.md","3-4","Weekly","A","Structures","KEVA Engineering Challenges","2","40","KEEP + IMPROVE","P1","Baseline: ratios and unbounded loading; full scoped package with quantities and individual checks","CST-C3|CST-E1|CST-E2|CST-M1","Individual: criterion/constraint, two measured results, test-backed change and count-back (C3/E1/E2/M1).","KEVA planks|Metric ruler|Stable school support book or block|Large identical plastic test counters|Team sorting tray|Plain paper|School pencil|Classroom board|Teacher timer","None","20 min estimated; equipment/source preflight extra where specified","5 min per meeting included","CORE","rebuilt"
"Lessons/Grades_3-4_YearA/Week07-09_Community_Helpers.md","3-4","Weekly","A","Service design","Community Helpers","3","40","KEEP + IMPROVE","P0","Baseline: water clarity and battery-free light overclaims; full scoped package with quantities and individual checks","CST-C2|CST-E1|CST-E2|CST-E3|CST-A3","Individual: user need/limits, real results, critique-backed revision and qualified recommendation.","Cardstock|Plain paper|School pencil|School-approved marker|Masking tape|Metric ruler|Classroom board|Teacher timer","None","15 min estimated; equipment/source preflight extra where specified","5 min per meeting included","CORE","rebuilt"
"Lessons/Grades_3-4_YearA/Week10_Bridge_Engineering.md","3-4","Weekly","A","Structures","Bridge Engineering","1","40","REBUILD","P1","Baseline: efficiency ratios crowd out redesign; rebuilt equal-paper count comparison with individual evidence","CST-C2|CST-E1|CST-E2|CST-M1|CST-M3","Two capped counts and whole-number difference plus kept-same condition; 20-minute-prep desk simulation not classroom certification","Plain paper|School pencil|Stable school support book or block|Masking tape|Large identical plastic test counters|Paper cups|Team sorting tray|Metric ruler|Blunt school scissors|Classroom board|Teacher timer","None","15 min; no printing required","5 min included","CORE","rebuilt"
"Lessons/Grades_3-4_YearA/Week11_Coding_Gratitude.md","3-4","Weekly","A","Gratitude","Coding Gratitude","1","40","KEEP + IMPROVE","P1","Baseline: broadcasts precede introduction and unverified attribution; full scoped package with quantities and individual checks","CST-C2|CST-T1|CST-T2|CST-A3","Individual: correct trigger/trace, observed operation and specific message revision.","Managed tablet or computer|Plain paper|School pencil|Access: Scratch|Classroom board|Teacher timer","Required","20 min estimated; equipment/source preflight extra where specified","5 min per meeting included","RECOMMENDED","rebuilt"
"Lessons/Grades_3-4_YearA/Week12_Giving_Through_Making.md","3-4","Weekly","A","Service design","Giving Through Making","1","40","KEEP + IMPROVE","P2","Baseline: good user focus but template quantities and function test unspecified; full scoped package with quantities and individual checks","CST-C2|CST-E1|CST-E2|CST-A2","Individual: stated user need, two versions actually tested, criterion checked and purposeful visual explanation (C2/E1/E2/A2).","Cardstock|Plain paper|School pencil|School-approved marker|Stable school support book or block|Blunt school scissors|Classroom board|Teacher timer","None","10 min estimated; equipment/source preflight extra where specified","5 min per meeting included","RECOMMENDED","rebuilt"
"Lessons/Grades_3-4_YearA/Week13_Fall_Celebration.md","3-4","Weekly","A","Portfolio","Fall STREAM Celebration","1","40","KEEP + IMPROVE","P2","Baseline: reflection useful but four stations unspecified and transitions absent; full scoped package with quantities and individual checks","CST-C3|CST-E3|CST-A3","Individual: identifiable evidence, fresh reasoning demonstration, accurate limitation, caption revision and responsible return.","Prepared resource: dated learning records|Plain paper|School pencil|Metric ruler|Classroom board|Teacher timer","None","10 min estimated; equipment/source preflight extra where specified","5 min per meeting included","OPTIONAL","rebuilt"
"Lessons/Grades_3-4_YearA/Week14-15_Light_Science_Advent.md","3-4","Weekly","A","Light","Light Science and Advent","2","40","KEEP + IMPROVE","P0","Baseline: glass candles darkness and dust hazards; full scoped package with quantities and individual checks","CST-C1|CST-S1|CST-S3|CST-A2|CST-A3","Individual: two accurate optical observations/path, explicit symbolic distinction and test-backed visual revision.","Enclosed 2-AA flashlight|Nonbreakable mirror|Reusable clear plastic cup|School-approved room-temperature water|Team sorting tray|Plain paper|Tissue paper|Cardstock|School pencil|School glue stick|Plastic graduated measuring cup|Paper towel|Classroom board|Teacher timer","None","15 min estimated; equipment/source preflight extra where specified","5 min per meeting included","CORE","rebuilt"
"Lessons/Grades_3-4_YearA/Week16_Astronomy_Star.md","3-4","Weekly","A","Astronomy","Astronomy and the Star","1","40","KEEP + IMPROVE","P0","Baseline: false saint and unsourced distances; full scoped package with quantities and individual checks","CST-C1|CST-S3|CST-A1|CST-M1","Individual: three cm readings, two intelligible views, one model limitation and correct claim distinction (C1/S3/A1/M1).","Plain paper|School pencil|Metric ruler|Cardstock|Classroom board|Teacher timer","None","10 min estimated; equipment/source preflight extra where specified","5 min per meeting included","RECOMMENDED","rebuilt"
"Lessons/Grades_3-4_YearA/Week18_SMART_Goals.md","3-4","Weekly","A","Reflection","SMART Goals","1","40","KEEP + IMPROVE","P2","Baseline: useful measurable planning with no scheduled in-class follow-up; full scoped package with quantities and individual checks","CST-C3|CST-M2|CST-M3","Individual: one SMART goal, two real 0-3 records and evidence-based next action with responsible work choice.","Plain paper|School pencil|Metric ruler|Classroom board|Teacher timer","None","10 min estimated; equipment/source preflight extra where specified","5 min per meeting included","RECOMMENDED","rebuilt"
"Lessons/Grades_3-4_YearA/Week19-22_Choice_Labs.md","3-4","Weekly","A","Choice inquiry","Choice Labs","4","40","REBUILD","P0","Baseline: false saint and unbounded chemistry/electronics; full scoped package with quantities and individual checks","CST-C3|CST-S2|CST-E2|CST-A3|CST-M1","Individual: common four readings/controls, repeated project tests and deliberate artistic revision with responsible stock use.","Enclosed 2-AA flashlight|Cardstock|Plain paper|School pencil|Metric ruler|Masking tape|Classroom board|Teacher timer","None","20 min estimated; equipment/source preflight extra where specified","5 min per meeting included","RECOMMENDED","rebuilt"
"Lessons/Grades_3-4_YearA/Week23_Catholic_Schools_Week.md","3-4","Weekly","A","Faith and evidence","Catholic Schools Week STREAM","1","40","KEEP + IMPROVE","P0","Baseline: sole-proof and personal-faith overclaims; full scoped package with quantities and individual checks","CST-C1|CST-T3|CST-A3|CST-M3","Individual: supported Agnesi fact and source distinction; correct four groups of three giving twelve with justified calculation; peer-backed visual explanation revision","Plain paper|School pencil|School-approved marker|Prepared resource: approved source text|Prepared resource: lesson-specific cards|Classroom board|Teacher timer","None","15 min first preparation estimated; 10 min with ready cards; source access extra if needed","5 min per meeting included","RECOMMENDED","rebuilt"
"Lessons/Grades_3-4_YearA/Week24-25_Scratch_Programming.md","3-4","Weekly","A","Computing","Scratch Programming","2","40","KEEP + IMPROVE","P1","Baseline: repeated-contact score bug and incomplete starter; full scoped package with quantities and individual checks","CST-C2|CST-T1|CST-T2|CST-M3","Individual: correct trace/condition/reset plus observed edit/run and rule revision.","Managed tablet or computer|Plain paper|School pencil|Large identical plastic test counters|Access: Scratch|Classroom board|Teacher timer","Required","20 min estimated; equipment/source preflight extra where specified","5 min per meeting included","CORE","rebuilt"
"Lessons/Grades_3-4_YearA/Week26-27_Little_Bits_Circuits.md","3-4","Weekly","A","Circuits","Snap Circuits - Build Test and Design","2","40","KEEP + IMPROVE","P0","Baseline: current definition and unsupported sensors; follow-up rebuild uses eight reported individual Snap kits with manufacturer/power gates and two-wave capacity","CST-C2|CST-S3|CST-T1|CST-E1|CST-E2","Individual return-path/state prediction and two-cycle physical turn and repair evidence and before/after 1 m label test; paper is reasoning only; kit inspection and classroom timing remain gated","Snap Circuits STEM Classroom Activity Kit|Team sorting tray|Plain paper|Cardstock|Metric ruler|School pencil|School-approved marker|Access: matching Snap Circuits manual|Prepared resource: lesson-specific cards|Classroom board|Teacher timer","None","First inspection 30 min; repeat prep 15 min; instructions and approval extra","5 min per meeting included","CORE","rebuilt"
"Lessons/Grades_3-4_YearA/Week28_Pi_Day_Circles.md","3-4","Weekly","A","Mathematics","Pi Day Circles","1","40","KEEP + IMPROVE","P0","Baseline: infinite pi and universal circles; full scoped package with quantities and individual checks","CST-C1|CST-M1|CST-M3","Individual: two measurement pairs with units, three-length comparison and honest limit.","Plastic circular objects|Cotton string|Metric ruler|Plain paper|School pencil|Classroom board|Teacher timer","None","10 min estimated; equipment/source preflight extra where specified","5 min per meeting included","RECOMMENDED","rebuilt"
"Lessons/Grades_3-4_YearA/Week29-31_Environmental_STREAM.md","3-4","Weekly","A","Stewardship","Environmental STREAM","3","40","KEEP + IMPROVE","P0","Baseline: unsafe waste handling and unsupervised audit; full scoped package with quantities and individual checks","CST-C3|CST-S1|CST-E1|CST-E2|CST-M2","Individual: observations, criterion/limit, actual repeated counts and chart/impact distinction.","Plain paper|Cardstock|School pencil|School-approved marker|Masking tape|Team sorting tray|Classroom board|Teacher timer","None","15 min estimated; equipment/source preflight extra where specified","5 min per meeting included","CORE","rebuilt"
"Lessons/Grades_3-4_YearA/Week33_Resurrection_Science.md","3-4","Weekly","A","Life science","Resurrection and New Life Science","1","40","KEEP + IMPROVE","P0","Baseline: living seeds/pupae described as dying; full scoped package with quantities and individual checks","CST-C1|CST-S1|CST-S3|CST-A1","Individual: visible detail, ordered living stages/generation link, labeled visual revision and science/faith distinction.","Large life-cycle picture cards|Plain paper|School pencil|Plastic magnifier|Untreated bean seeds|Classroom board|Teacher timer","None","10 min estimated; equipment/source preflight extra where specified","5 min per meeting included","CORE","rebuilt"
"Lessons/Grades_3-4_YearA/Week34_STREAM_Expo.md","3-4","Weekly","A","Portfolio","STREAM Expo","1","40","KEEP + IMPROVE","P2","Baseline: valuable portfolio but sequential two-minute speeches exceed time at 25; full scoped package with quantities and individual checks","CST-C3|CST-E3|CST-A3","Individual: evidence-referenced claim, fresh individual reasoning and critique-backed caption; growth not credited without two genuine records.","Prepared resource: dated learning records|Plain paper|School pencil|Metric ruler|Classroom board|Teacher timer","None","15 min estimated; equipment/source preflight extra where specified","5 min per meeting included","RECOMMENDED","rebuilt"
"Lessons/Grades_3-4_YearB/Week01_Welcome_Scientists.md","3-4","Weekly","B","Foundations","Welcome Back Scientists","1","40","KEEP + IMPROVE","P2","Baseline: worthwhile observations/lab norms but no novice prerequisite check; full scoped package with quantities and individual checks","CST-C1|CST-S1|CST-A1","Individual: three verifiable details, testable question and faithful visual revision.","Plain paper|School pencil|Cardstock|Metric ruler|Classroom board|Teacher timer","None","10 min estimated; equipment/source preflight extra where specified","5 min per meeting included","CORE","rebuilt"
"Lessons/Grades_3-4_YearB/Week02-03_Flight_Fundamentals.md","3-4","Weekly","B","Flight","Flight Fundamentals","2","40","REBUILD","P0","Baseline: false Blessed and force shortcuts; rebuilt correct glider forces and one-variable repeated trials","CST-C1|CST-S2|CST-S3|CST-M1","Individual force model and six whole-cm readings plus control/limitation; desk simulation only; approved lane required","Plain paper|School pencil|Metric ruler|Soft metric measuring tape|Floor-safe tape|Team sorting tray|Prepared resource: lesson-specific cards|Classroom board|Teacher timer","None","15 min plus approved flight area","5 min per meeting included","CORE","rebuilt"
"Lessons/Grades_3-4_YearB/Week04-06_Paper_Airplane.md","3-4","Weekly","B","Flight","Paper Airplane Challenge","3","40","KEEP + IMPROVE","P1","Baseline: overfilled categories and averages; full scoped package with quantities and individual checks","CST-C1|CST-S2|CST-E1|CST-E2|CST-M1","Individual: nine readings, clear version change/controls and evidence-supported recommendation.","Plain paper|School pencil|Metric ruler|Soft metric measuring tape|Floor-safe tape|Classroom board|Teacher timer","None","20 min estimated; equipment/source preflight extra where specified","5 min per meeting included","CORE","rebuilt"
"Lessons/Grades_3-4_YearB/Week07-09_Architectural_Marvels.md","3-4","Weekly","B","Structures","Architectural Marvels","3","40","KEEP + IMPROVE","P2","Baseline: good three-view analysis; full scoped package with quantities and individual checks","CST-C2|CST-E1|CST-E2|CST-A1|CST-A2","Individual: three understandable views, criteria/limits, actual retest and purposeful welcome/form explanation.","Cardstock|Clean corrugated cardboard|Plain paper|School pencil|Metric ruler|Masking tape|Blunt school scissors|Classroom board|Teacher timer","None","15 min estimated; equipment/source preflight extra where specified","5 min per meeting included","CORE","rebuilt"
"Lessons/Grades_3-4_YearB/Week10_Fall_Festival.md","3-4","Weekly","B","Applied design","Fall Festival Engineering","1","40","KEEP + IMPROVE","P0","Baseline: real pumpkin drop and overfilled rotation; full scoped package with quantities and individual checks","CST-C3|CST-E1|CST-E2|CST-M1","Individual: distance checked, four real counts and justified retest/stock choice.","Cardstock|Plain paper|School pencil|Metric ruler|Masking tape|Classroom board|Teacher timer","None","10 min estimated; equipment/source preflight extra where specified","5 min per meeting included","OPTIONAL","rebuilt"
"Lessons/Grades_3-4_YearB/Week11_Thanksgiving_Gratitude.md","3-4","Weekly","B","Gratitude data","Thanksgiving Gratitude","1","40","KEEP + IMPROVE","P1","Baseline: overfilled listing and unsupported medical claims; full scoped package with quantities and individual checks","CST-C2|CST-M2|CST-M3|CST-A3","Individual: accurate counts/labels, correct comparison and privacy/interpretation limit with visible revision.","Plain paper|School pencil|School-approved marker|Metric ruler|Classroom board|Teacher timer","None","10 min estimated; equipment/source preflight extra where specified","5 min per meeting included","RECOMMENDED","rebuilt"
"Lessons/Grades_3-4_YearB/Week12_Gifts_Others.md","3-4","Weekly","B","Service design","Gifts for Others","1","40","KEEP + IMPROVE","P0","Baseline: incorrect first-school claim and unsafe distribution; full scoped package with quantities and individual checks","CST-C2|CST-E1|CST-E2|CST-A2","Individual: user/criterion, actual four test counts and justified layout revision.","Cardstock|Plain paper|School pencil|School-approved marker|Metric ruler|Classroom board|Teacher timer","None","10 min estimated; equipment/source preflight extra where specified","5 min per meeting included","RECOMMENDED","rebuilt"
"Lessons/Grades_3-4_YearB/Week13_Advent_Preparation.md","3-4","Weekly","B","Light","Advent Preparation","1","40","KEEP + IMPROVE","P0","Baseline: battery lights called safe and jars; full scoped package with quantities and individual checks","CST-C1|CST-S1|CST-S3|CST-A2|CST-A3","Individual: accurate comparisons/path and critique-backed symbolic design, not beautiful decoration alone.","Enclosed 2-AA flashlight|Tissue paper|Cardstock|Plain paper|School pencil|School glue stick|Classroom board|Teacher timer","None","10 min estimated; equipment/source preflight extra where specified","5 min per meeting included","RECOMMENDED","rebuilt"
"Lessons/Grades_3-4_YearB/Week14-17_Marine_Science.md","3-4","Weekly","B","Marine systems","Marine Science Lab","4","40","KEEP + IMPROVE","P0","Baseline: density/depth confusion and dispersal removal claim; full scoped package with quantities and individual checks","CST-C3|CST-S3|CST-E1|CST-E2|CST-M2","Individual: zone/food models with limits, criterion and real repeated counts/chart.","Plain paper|Cardstock|School pencil|Metric ruler|Team sorting tray|School-approved room-temperature water|Plastic spoon|Masking tape|Plastic graduated measuring cup|Paper towel|Classroom board|Teacher timer","None","20 min estimated; equipment/source preflight extra where specified","5 min per meeting included","CORE","rebuilt"
"Lessons/Grades_3-4_YearB/Week18_New_Year_Goals.md","3-4","Weekly","B","Reflection","New Year Goals","1","40","KEEP + IMPROVE","P2","Baseline: useful tracker but four goals overfilled and five-project target unrealistic; full scoped package with quantities and individual checks","CST-C3|CST-M2|CST-M3","Individual: one measurable goal, two real check counts, accurate comparison and next action tied to result.","Prepared resource: dated learning records|Plain paper|School pencil|Classroom board|Teacher timer","None","10 min estimated; equipment/source preflight extra where specified","5 min per meeting included","RECOMMENDED","rebuilt"
"Lessons/Grades_3-4_YearB/Week19-22_Game_Design.md","3-4","Weekly","B","Computing","Game Design Studio","4","40","REBUILD","P1","Baseline: wrong down-arrow and repeated scoring; rebuilt complete bounded click/broadcast starter","CST-C2|CST-T1|CST-T2|CST-A3|CST-M3","Individual 0-1-2-3-3 reset trace and test-backed revision; actual edits logged; desk simulation not live Scratch execution","Managed tablet or computer|Plain paper|School pencil|Access: Scratch|Prepared resource: lesson-specific cards|Classroom board|Teacher timer","Required","20 min once software works; 10 min later; installation extra","5 min per meeting included","CORE","rebuilt"
"Lessons/Grades_3-4_YearB/Week23_Catholic_Schools.md","3-4","Weekly","B","Community data","Catholic Schools Week","1","40","KEEP + IMPROVE","P1","Baseline: percentage/pie expectations and dated theme; full scoped package with quantities and individual checks","CST-C2|CST-T3|CST-M2|CST-M3|CST-A3","Individual: accurate chart/comparison, responsible caption/source and access choice.","Plain paper|School pencil|Metric ruler|School-approved marker|Classroom board|Teacher timer","None","10 min estimated; equipment/source preflight extra where specified","5 min per meeting included","RECOMMENDED","rebuilt"
"Lessons/Grades_3-4_YearB/Week24-27_Sustainable_City.md","3-4","Weekly","B","Stewardship design","Sustainable City","4","40","KEEP + IMPROVE","P0","Baseline: unsupported quote/Kateri stereotype and homework materials; full scoped package with quantities and individual checks","CST-C3|CST-E1|CST-E2|CST-A1|CST-M3","Individual: correct twenty-token budget, labeled model, real route retest and stewardship tradeoff.","Clean corrugated cardboard|Cardstock|Plain paper|School pencil|School-approved marker|Metric ruler|Masking tape|Blunt school scissors|Classroom board|Teacher timer","None","20 min estimated; equipment/source preflight extra where specified","5 min per meeting included","CORE","rebuilt"
"Lessons/Grades_3-4_YearB/Week28_Pi_Day.md","3-4","Weekly","B","Mathematics","Pi Day Activities","1","40","KEEP + IMPROVE","P0","Baseline: infinite pi and historical geometry claims; full scoped package with quantities and individual checks","CST-C1|CST-M1|CST-M3|CST-A2","Individual: measurements/comparison and intentional repeated design, not polish.","Plastic circular objects|Cotton string|Metric ruler|Plain paper|School pencil|School-approved marker|Classroom board|Teacher timer","None","10 min estimated; equipment/source preflight extra where specified","5 min per meeting included","RECOMMENDED","rebuilt"
"Lessons/Grades_3-4_YearB/Week29-31_Weather_Station.md","3-4","Weekly","B","Weather data","Weather Station","3","40","REBUILD","P0","Baseline: cuts pins glass latex and unscheduled data; rebuilt safe tool tests and supplied indoor dataset","CST-C2|CST-S1|CST-S2|CST-T1|CST-M2","Individual units/source/graph comparison; simulated weather not actual forecast; three desk-simulated meetings only","Reusable clear plastic cup|Team sorting tray|Metric ruler|Tissue paper|Clean corrugated cardboard|Masking tape|Non-glass thermometer|Plain paper|School pencil|School-approved room-temperature water|Teacher water dispensing jug|Reusable surface cleanup cloth|Lidded storage bin|Blunt school scissors|Prepared resource: lesson-specific cards|Classroom board|Teacher timer","None","20 min first; 10 min later; no daily monitoring required","5 min per meeting included","CORE","rebuilt"
"Lessons/Grades_3-4_YearB/Week33_Easter_Engineering.md","3-4","Weekly","B","Easter design","Easter Engineering","1","40","KEEP + IMPROVE","P0","Baseline: false pupa death and projectiles/egg drops; full scoped package with quantities and individual checks","CST-C1|CST-E1|CST-E2|CST-A3","Individual: functional criterion/test record, critique-backed revision and honest faith/model boundary.","Cardstock|Plain paper|School pencil|School-approved marker|Masking tape|Metric ruler|Classroom board|Teacher timer","None","10 min estimated; equipment/source preflight extra where specified","5 min per meeting included","RECOMMENDED","rebuilt"
"Lessons/Grades_3-4_YearB/Week34_Showcase.md","3-4","Weekly","B","Portfolio","Year B Showcase","1","40","KEEP + IMPROVE","P0","Baseline: Gusmao saint and nonexistent rocket preview; full scoped package with quantities and individual checks","CST-C3|CST-E3|CST-A3|CST-M2","Individual: attributable explanation/data reading, accurate evidence label/limit, critique-backed caption. Growth credit requires actual dated records.","Prepared resource: dated learning records|Plain paper|School pencil|Classroom board|Teacher timer","None","15 min estimated; equipment/source preflight extra where specified","5 min per meeting included","RECOMMENDED","rebuilt"
"Lessons/Grades_5-6_YearA/Week01_Welcome_to_CSTREAM.md","5-6","Weekly","A","Foundations","Welcome to C-STREAM","1","45","KEEP + IMPROVE","P0","Full source/claim cards and measurable school goal replace unsupported history and private goals","CST-C1|CST-E1","Individual supported/unsupported distinction and testable criterion/constraint and listening action","Plain paper|School pencil|Prepared resource: dated learning records|Metric ruler|School-approved marker|Classroom board|Teacher timer","None","First 15 min; repeat 10 min","4 min included","CORE","rebuilt"
"Lessons/Grades_5-6_YearA/Week02-03_Sphero_Mastery.md","5-6","Weekly","A","Computing","Sphero Mastery","2","45","REBUILD","P1","Preserved reference with measured paper routes and bounded robot option; advanced features deferred","CST-T2|CST-M1|CST-C2","Individual four-turn trace and three endpoint measurements and safety/access explanation","Plain paper|Metric ruler|School pencil|Prepared resource: dated learning records|Masking tape|BOLT|Tablet|Access: matching Sphero controls","Recommended","First 25 min; repeat 10 min; devices extra","4 min per meeting included","CORE","rebuilt"
"Lessons/Grades_5-6_YearA/Week04_Experimental_Design.md","5-6","Weekly","A","Investigation","Experimental Design","1","45","REBUILD","P0","Complete controlled ramp kit and six-trial protocol replace broad unsafe experiment choices","CST-S2|CST-M2|CST-C1","Individual six valid values with cm and IV/DV/two controls and numerical comparison/limit","Plain paper|School pencil|Clean corrugated cardboard|Large soft ball|Team sorting tray|Metric ruler|books|Masking tape|Classroom board|Teacher timer","None","First 20 min; repeat 10 min","4 min included","CORE","rebuilt"
"Lessons/Grades_5-6_YearA/Week05-06_Structural_Engineering.md","5-6","Weekly","A","Structures","Structural Engineering","2","45","KEEP + IMPROVE","P0","Complete two-meeting form/force comparison with bounded serial loads and checked mass-ratio limits","CST-S3|CST-E2|CST-M3","Individual force path and two dated tests/revision and equal-unit ratio with actual or labeled fictional mass","Plain paper|School pencil|books|Team sorting tray|Metric ruler|Masking tape|Sealed load packet|Compact digital balance|Classroom board|Teacher timer","None","First 25 min; repeat 15 min","4 min per meeting included","CORE","rebuilt"
"Lessons/Grades_5-6_YearA/Week07-09_Social_Innovation.md","5-6","Weekly","A","Service","Social Innovation","3","45","KEEP + IMPROVE","P0","Complete fictional choice-table brief/tests/costs and dignity safeguards replace stereotypes and vague kits","CST-C2|CST-E1|CST-E3|CST-M3","Individual criterion/constraint and four requests/retest and 2-dollar example and supported dignity/limit defense","Plain paper|School pencil|Cardstock|Clean corrugated cardboard|Metric ruler|School-approved marker|Blunt school scissors|Masking tape|Classroom board|Teacher timer","None","First 20 min; repeat 10 min","4 min per meeting included","CORE","rebuilt"
"Lessons/Grades_5-6_YearA/Week10_Advanced_Bridges.md","5-6","Weekly","A","Structures","Advanced Bridges","1","45","KEEP + IMPROVE","P0","Bounded 20 cm bridge comparison replaces rushed oversized span and destructive/overclaimed loads","CST-E2|CST-M3|CST-S3","Individual two safe shape tests and force path and equal-unit ratio/revision with limitation","Plain paper|School pencil|books|Team sorting tray|Metric ruler|Masking tape|Sealed load packet|Compact digital balance|Classroom board|Teacher timer","None","First 20 min; repeat 10 min","4 min included","RECOMMENDED","rebuilt"
"Lessons/Grades_5-6_YearA/Week11_Gratitude_Coding.md","5-6","Weekly","A","Computing","Gratitude Coding","1","45","KEEP + IMPROVE","P0","Complete list starter/guards/reset and fictional inputs; three preloaded setups can serve nine balanced teams in three timed waves","CST-T2|CST-T3|CST-C2","Individual 0/1/2/2/0 length trace and first-item retrieval and corrected test and privacy/opt-out reason; device turn separate","Plain paper|School pencil|Computer|Classroom board|Teacher timer|Access: Scratch","Required","First 25 min; repeat 15 min; approved preloading/setup extra","4 min included","RECOMMENDED","rebuilt"
"Lessons/Grades_5-6_YearA/Week12_Giving_Making.md","5-6","Weekly","A","Service","Giving and Making","1","45","KEEP + IMPROVE","P0","Complete welcome-card brief/layout/readability test removes patient/adaptive/electrical gift paths","CST-C2|CST-E1|CST-A2","Individual criterion/constraint and two reader checks/revision and purposeful layout/recipient choice","Cardstock|Plain paper|School pencil|Metric ruler|School-approved marker|Classroom board|Teacher timer","None","First 15 min; repeat 10 min","4 min included","RECOMMENDED","rebuilt"
"Lessons/Grades_5-6_YearA/Week13_Fall_Showcase.md","5-6","Weekly","A","Communication","Fall Showcase","1","45","KEEP + IMPROVE","P2","Complete scaled evidence exchanges and caption rubric replace event/mastery assumptions","CST-E3|CST-A3|CST-C2","Individual recorded result/limit and reader question/caption revision and accessible sharing choice","Prepared resource: dated learning records|Plain paper|School pencil|Metric ruler|School-approved marker|Classroom board|Teacher timer","None","First 15 min; repeat 10 min","4 min included","OPTIONAL","rebuilt"
"Lessons/Grades_5-6_YearA/Week14-15_Optics_Light.md","5-6","Weekly","A","Physical Science","Optics and Light","2","45","KEEP + IMPROVE","P0","Complete reflection/refraction kit and two-mirror periscope; explicit adult measuring cup prevents assuming observation cups are calibrated","CST-S3|CST-T1|CST-A1","Individual process distinction and three-segment ray path and observed tool turn/repair and model limit","Plain paper|School pencil|Nonbreakable mirror|Clean corrugated cardboard|Metric ruler|Transparent plastic cup|Plastic graduated measuring cup|Team sorting tray|Water|Masking tape|Enclosed 2-AA flashlight|Classroom board|Teacher timer","None","First 30 min; repeat 15 min","4 min per meeting included","CORE","rebuilt"
"Lessons/Grades_5-6_YearA/Week16_Astronomy.md","5-6","Weekly","A","Earth and Space","Astronomy","1","45","KEEP + IMPROVE","P0","Verified NASA fact card and distance-only scale replace mixed scales and unsupported cosmic/history statistics","CST-S3|CST-M3|CST-C1","Individual 1/2 AU conversions and distance-versus-size limit and evidence/faith distinction","Plain paper|School pencil|Metric ruler|Calculator|Classroom board|Teacher timer","None","First 15 min; repeat 10 min","4 min included","CORE","rebuilt"
"Lessons/Grades_5-6_YearA/Week18_Goal_Engineering.md","5-6","Weekly","A","Planning","Goal Engineering","1","45","KEEP + IMPROVE","P2","Complete three-milestone project timeline and 30-minute budget replace private health/spiritual goal requirements","CST-E1|CST-M2|CST-C3","Individual criterion/constraint and three checkable milestones/dependency and correct budget/resource tradeoff","Plain paper|School pencil|Prepared resource: dated learning records|Metric ruler|Classroom board|Teacher timer","None","First 10 min; repeat 5 min","4 min included","RECOMMENDED","rebuilt"
"Lessons/Grades_5-6_YearA/Week19-22_Passion_Projects.md","5-6","Weekly","A","Capstone","Passion Projects","4","45","REBUILD","P1","Complete science/music/coding choice and four dated meetings; coding choice has specific three-setup baseline/retest waves without larger groups","CST-E1|CST-E2|CST-E3|CST-C3","Individual approved proposal and baseline/retest and checked route math and supported defense/limit/resource choice; device evidence separate","Plain paper|School pencil|Cardstock|Clean corrugated cardboard|Metric ruler|School-approved marker|Blunt school scissors|Team sorting tray|Large soft ball|books|Masking tape|Computer|Classroom board|Teacher timer|Access: Scratch","Recommended","First 30 min; repeat 15 min; approved preloading/setup extra","4 min per meeting included","CORE","rebuilt"
"Lessons/Grades_5-6_YearA/Week23_Catholic_Schools_Week.md","5-6","Weekly","A","Service","Catholic Schools Week","1","45","KEEP + IMPROVE","P1","Complete six-minute paper-shape station and individual rehearsal checks; buddy event remains separately scheduled","CST-C2|CST-E3","Individual accurate concept/result/limit and learner response and revised instruction/access decision","Plain paper|School pencil|books|Cardstock|Metric ruler|Classroom board|Teacher timer","None","First 15 min; repeat 10 min","4 min included","OPTIONAL","rebuilt"
"Lessons/Grades_5-6_YearA/Week24-25_Advanced_Scratch.md","5-6","Weekly","A","Computing","Advanced Scratch","2","45","REBUILD","P1","Complete parameter/Pen and finite local-state clone starters; three-setup waves include every pupil edit/run in each meeting","CST-T2|CST-T3|CST-A2","Individual 160/320-step call check and clone slots/positions and corrected test and feedback/storage reason; runtime turn separate","Plain paper|School pencil|Computer|Metric ruler|Classroom board|Teacher timer|Access: Scratch","Required","First 30 min; repeat 15 min; approved preloading/setup extra","4 min per meeting included","RECOMMENDED","rebuilt"
"Lessons/Grades_5-6_YearA/Week26-27_Little_Bits.md","5-6","Weekly","A","Physical Computing","Snap Circuits - Accessible Indicators","2","45","REBUILD","P0","Preserved Snap reference and eight-kit station/wave/manual gates; separate protected-AA four-state route unchanged","CST-S3|CST-T1|CST-E2|CST-C2","Individual full path and two-state predictions/two cycles and physical turn and repair and before/after 1 m label test and access tradeoff; separate protected-AA route retains four states; preflight remains gated","Snap Circuits STEM Classroom Activity Kit|Access: matching Snap Circuits manual|Team sorting tray|Plain paper|Cardstock|Metric ruler|School pencil|School-approved marker","None","First inspection 30 min; repeat prep 15 min; instructions and approval extra","4 min per meeting included","CORE","rebuilt"
"Lessons/Grades_5-6_YearA/Week28_Pi_Day.md","5-6","Weekly","A","Mathematics","Pi Day","1","45","KEEP + IMPROVE","P0","Complete three-circle measurement and repeated pair replace rushed simulation and philosophical/theological overclaims","CST-M3|CST-S2|CST-C1","Individual three C/D pairs and checked ratio and repeat/uncertainty and numerical/philosophical distinction","Plain paper|School pencil|Rigid circular plastic lid|Cotton string|Metric ruler|Calculator|Classroom board|Teacher timer","None","First 15 min; repeat 10 min","4 min included","RECOMMENDED","rebuilt"
"Lessons/Grades_5-6_YearA/Week29-31_Environmental_Science.md","5-6","Weekly","A","Environment","Environmental Science","3","45","REBUILD","P0","Preserved indoor fictional weather reference and controlled comparison; not school observations","CST-S2|CST-M2|CST-A3|CST-C3","Individual controls/limit and 9 of 10 points and evidence-limited graph and revised message","Plain paper|graph paper|Metric ruler|School-approved marker|School pencil|Prepared resource: dated learning records|Blunt school scissors|Masking tape|Non-glass thermometer","None","First 20 min; repeat 10 min","4 min per meeting included","CORE","rebuilt"
"Lessons/Grades_5-6_YearA/Week33_Easter_Engineering.md","5-6","Weekly","A","Physical Science","Easter Engineering","1","45","KEEP + IMPROVE","P0","Complete sealed melting/model panels remove unreviewed transformations and Resurrection-as-physics claims","CST-S3|CST-A3|CST-C1","Individual three change categories and observed/reference distinction and revised panel and faith-symbol limit","Plain paper|School pencil|School-approved marker|Metric ruler|Sealed clear plastic bag|Ice cube|Water|Team sorting tray|Classroom board|Teacher timer","None","First 15 min; repeat 10 min","4 min included","RECOMMENDED","rebuilt"
"Lessons/Grades_5-6_YearA/Week34_STREAM_Expo.md","5-6","Weekly","A","Communication","STREAM Expo","1","45","KEEP + IMPROVE","P1","Complete 45-minute evidence preparation and separate 60-75-minute event logistics without approval/outcome claims","CST-E3|CST-A3|CST-C3","Individual supported result/limit defense and reader-backed caption revision and resource choice; event separately recorded","Prepared resource: dated learning records|Plain paper|School pencil|Metric ruler|School-approved marker|Classroom board|Teacher timer","None","First 20 min; repeat 10 min; event logistics extra","4 min included","CORE","rebuilt"
"Lessons/Grades_5-6_YearB/Week01_Welcome_Innovators.md","5-6","Weekly","B","Foundations","Welcome Innovators","1","45","KEEP + IMPROVE","P0","Complete verified Mendel source card and label goal replace unsourced innovation biographies","CST-C1|CST-E1","Individual supported fact/source/limit and user criterion/constraint and listening action","Plain paper|School pencil|Prepared resource: dated learning records|Cardstock|Metric ruler|School-approved marker|Classroom board|Teacher timer","None","First 15 min; repeat 10 min","4 min included","CORE","rebuilt"
"Lessons/Grades_5-6_YearB/Week02-04_Biotechnology.md","5-6","Weekly","B","Life Science","Biotechnology","3","45","REBUILD","P0","Preserved nonfood cell/DNA and fictional ethics reference; no extraction","CST-S3|CST-A1|CST-C1|CST-C2","Individual five cell labels and 7 of 8 complementary letters and model limit and ethics safeguard","Plain paper|Cardstock|School pencil|Prepared resource: dated learning records|School-approved marker|Metric ruler|Blunt school scissors|Masking tape","None","First 20 min; repeat 10 min","4 min per meeting included","CORE","rebuilt"
"Lessons/Grades_5-6_YearB/Week05-07_Renewable_Energy.md","5-6","Weekly","B","Energy","Renewable Energy","3","45","REBUILD","P0","Preserved controlled rotor reference; no heat lamps or electrical-efficiency claims","CST-S2|CST-E2|CST-M2|CST-C3","Individual two controls and six rotation counts and uncertainty and stewardship tradeoff","Enclosed-axle pinwheel|Plain paper|Cardstock|School pencil|Prepared resource: dated learning records|Metric ruler|Blunt school scissors|School-approved marker|Masking tape|Guarded tabletop fan","Recommended","First 25 min; repeat 10 min","4 min per meeting included","CORE","rebuilt"
"Lessons/Grades_5-6_YearB/Week08-10_Biomimicry.md","5-6","Weekly","B","Design","Biomimicry","3","45","KEEP + IMPROVE","P0","Preserved observation/form/testing reference and model limits; no perfect-nature claims","CST-S3|CST-E2|CST-A1|CST-A2|CST-C3","Individual three sketch labels and two safe loads and model limit and peer-tested visual revision","Plain paper|School pencil|Prepared resource: dated learning records|books|Team sorting tray|Sealed load packet|Metric ruler|School-approved marker|Blunt school scissors|Masking tape","None","First 20 min; repeat 10 min","4 min per meeting included","CORE","rebuilt"
"Lessons/Grades_5-6_YearB/Week11_Thanksgiving_Data.md","5-6","Weekly","B","Data","Thanksgiving Data","1","45","KEEP + IMPROVE","P0","Complete invented 20-response dataset/graph key removes contradictory real spiritual survey path","CST-M2|CST-T3|CST-C2","Individual five bars/total 20 and difference 4 and private-data/opt-out reason","graph paper|Plain paper|School pencil|Metric ruler|School-approved marker|Classroom board|Teacher timer","None","First 10 min; repeat 5 min","4 min included","RECOMMENDED","rebuilt"
"Lessons/Grades_5-6_YearB/Week12_Gifts_Service.md","5-6","Weekly","B","Service","Gifts of Service","1","45","KEEP + IMPROVE","P0","Complete tested activity-card gift replaces clinical/adaptive/food-contact/powered gift menu","CST-C2|CST-E1|CST-A2","Individual criterion/constraint and three-option reader test/revision and purposeful layout/consent","Cardstock|Plain paper|School pencil|Metric ruler|School-approved marker|Classroom board|Teacher timer","None","First 15 min; repeat 10 min","4 min included","RECOMMENDED","rebuilt"
"Lessons/Grades_5-6_YearB/Week13_Advent_Technology.md","5-6","Weekly","B","Communication","Advent Technology","1","45","KEEP + IMPROVE","P0","Complete four-panel resource and time/privacy/readability checks replace broad notification/media options","CST-T3|CST-A2|CST-C3","Individual four panels and reader-backed layout revision and privacy/time rationale; paper/digital route explicit","Plain paper|School pencil|Metric ruler|School-approved marker|Computer|Classroom board|Teacher timer","Optional","First 15 min; repeat 10 min; approved setup extra","4 min included","OPTIONAL","rebuilt"
"Lessons/Grades_5-6_YearB/Week14-18_App_Development.md","5-6","Weekly","B","Computing","App Development","5","45","REBUILD","P0","Preserved five-meeting one-screen paper/app reference and six tests/privacy/access limits","CST-T2|CST-T3|CST-A2|CST-C2","Individual three-input trace and corrected bug and tested visual revision and privacy/access decision","Plain paper|School pencil|Prepared resource: dated learning records|School-approved marker|Metric ruler|Blunt school scissors|Masking tape|Computer|Tablet|Access: MIT App Inventor","Recommended","Paper first 20 min; repeat 10 min; devices significant","4 min per meeting included","CORE","rebuilt"
"Lessons/Grades_5-6_YearB/Week19_New_Year_Vision.md","5-6","Weekly","B","Planning","New Year Vision","1","45","KEEP + IMPROVE","P2","Complete evidence-based milestone/buffer plan replaces self-ratings and private goal requirements","CST-E1|CST-M2|CST-C3","Individual actual or labeled practice baseline and three milestones/30-minute sum and dependency/resource tradeoff","Prepared resource: dated learning records|Plain paper|School pencil|Metric ruler|Classroom board|Teacher timer","None","First 10 min; repeat 5 min","4 min included","RECOMMENDED","rebuilt"
"Lessons/Grades_5-6_YearB/Week20-23_Social_Entrepreneurship.md","5-6","Weekly","B","Service","Social Entrepreneurship","4","45","KEEP + IMPROVE","P0","Complete fictional financial/capacity/workflow packet and ethical defense replace brand/outcome claims","CST-M3|CST-E3|CST-C2","Individual A/B budgets 12/7/5 and 6/7/-1 and 25-minute capacity and workflow retest and fair-access pitch/limit","Plain paper|School pencil|Cardstock|Clean corrugated cardboard|Calculator|Metric ruler|School-approved marker|Blunt school scissors|Masking tape|Classroom board|Teacher timer","None","First 25 min; repeat 10 min","4 min per meeting included","CORE","rebuilt"
"Lessons/Grades_5-6_YearB/Week24_Catholic_Schools.md","5-6","Weekly","B","Service","Catholic Schools Week","1","45","KEEP + IMPROVE","P1","Complete source-labeled practice school-story graph and peer teaching check; no assumed buddy event","CST-M2|CST-E3|CST-C2","Individual five bars/total 12 and comparison/source/date and learner response/inclusion reason","graph paper|Plain paper|School pencil|Metric ruler|Classroom board|Teacher timer","None","First 15 min; repeat 10 min","4 min included","OPTIONAL","rebuilt"
"Lessons/Grades_5-6_YearB/Week25-28_Health_Technology.md","5-6","Weekly","B","Design","Health Technology","4","45","KEEP + IMPROVE","P0","Complete dry information-kiosk brief/events/tests and four meetings; no patient/clinical/efficacy path retained","CST-C2|CST-E1|CST-E2|CST-A2","Individual criterion/constraint and six baseline/retest transitions and purposeful layout/revision and consent/access/nonclinical limit","Plain paper|School pencil|Clean corrugated cardboard|Cardstock|Metric ruler|School-approved marker|Blunt school scissors|Masking tape|Classroom board|Teacher timer","None","First 25 min; repeat 10 min","4 min per meeting included","CORE","rebuilt"
"Lessons/Grades_5-6_YearB/Week29-31_Environmental_Monitoring.md","5-6","Weekly","B","Environment","Environmental Monitoring","3","45","REBUILD","P0","Complete invented kWh/provenance/correction/graph/proposal package removes unsafe collection and causal promises","CST-S1|CST-M2|CST-T3|CST-C3","Individual preserved raw/correction record and ten bars and totals 65/60 means 13/12 and causal/stewardship limit","Plain paper|School pencil|graph paper|Metric ruler|Calculator|School-approved marker|Computer|Classroom board|Teacher timer","None","First 15 min; repeat 10 min","4 min per meeting included","CORE","rebuilt"
"Lessons/Grades_5-6_YearB/Week33_Easter_Hope.md","5-6","Weekly","B","Life Science","Easter Hope","1","45","KEEP + IMPROVE","P0","Complete accurate life-stage cards/panels replace dead-seed/dissolving-caterpillar and broad transformation menu","CST-S3|CST-A3|CST-C1","Individual two ordered living-development models and corrected misconception and caption revision and faith-symbol limit","Plain paper|School pencil|Metric ruler|School-approved marker|Classroom board|Teacher timer","None","First 15 min; repeat 10 min","4 min included","RECOMMENDED","rebuilt"
"Lessons/Grades_5-6_YearB/Week34_Exhibition.md","5-6","Weekly","B","Communication","Year B Exhibition","1","45","KEEP + IMPROVE","P1","Complete scaled attended-work gallery and individual rubric replace mastery/event claims","CST-E3|CST-A3|CST-C3","Individual tested-result/limit defense and reader-backed caption revision and resource reason","Prepared resource: dated learning records|Plain paper|School pencil|Metric ruler|School-approved marker|Classroom board|Teacher timer","None","First 15 min; repeat 10 min","4 min included","CORE","rebuilt"
"Lessons/Kindergarten/Week01_Welcome_to_CSTREAM.md","K","Weekly","Single","Welcome","Welcome to C-STREAM","1","25","KEEP + IMPROVE","P1","Initial-pass history: Baseline: acronym recall displaces investigation; hidden cart location; participation not mastery. Now observation question added; full timing/supply work remains. Autonomous closure: one complete reference sequence with exact supplies and timed individual evidence; no classroom certification. Official alignment and physical school checks remain separate.","CST-S1|CST-A3","Each child represents an actual detail and asks or selects one observation question.","Large observation picture cards|Plain paper|School pencil|Shared school crayon set|Teacher timer","None","Estimated first preparation 5 min; actual timing and prepared-kit preflight required","4 min per meeting included","CORE","rebuilt"
"Lessons/Kindergarten/Week02-03_Sphero_Movement.md","K","Weekly","Single","Movement","Exploring Movement with Sphero","2","25","REBUILD","P0","Baseline: driving called programming; robots cannot think overclaim; unsafe floor logistics. Rebuilt with seated algorithms and separate hardware evidence. Canonical primary-path supplies indexed in the autonomous pass; optional devices and specimen alternatives remain in the lesson; quantities and physical checks are not inferred from names.","CST-C2|CST-T1|CST-T2|CST-M1","Each child predicts two moves and corrects a wrong card; identifies input/output; hardware drive recorded only if performed; programming not assessed.","Large command cards|Paper grid and token|Plain paper|School pencil|Shared school crayon set|Teacher timer","Optional","Light: 10 min; optional hardware 20 min plus charging","3 min per meeting","CORE","rebuilt"
"Lessons/Kindergarten/Week04_Wonder_Walk.md","K","Weekly","Single","Observation","Wonder Walk","1","25","REBUILD","P1","Baseline: four drawings plus travel unrealistic; indoor list lacked sequence; detached-leaf ambiguity. Rebuilt indoor-first with actual detail/question checks. Canonical primary-path supplies indexed in the autonomous pass; optional devices and specimen alternatives remain in the lesson; quantities and physical checks are not inferred from names.","CST-C3|CST-S1|CST-A1","Each child shows two actual observed details and poses/selects one question; records stewardship action; no drawing-quality grade.","Large observation picture cards|Plain paper|School pencil|Shared school crayon set|Teacher timer|Team sorting tray","None","Light: 10 min","3 min","CORE","rebuilt"
"Lessons/Kindergarten/Week05-06_KEVA_Building.md","K","Weekly","Single","Structures","Building with KEVA Planks","2","25","KEEP + IMPROVE","P1","Initial-pass history: Baseline: 200 planks conflicted with allocations; 5 versus 10 seconds mismatch. Quantity/stability/safety corrections added; legacy competition wording needs full consolidation. Autonomous closure: one complete reference sequence with exact supplies and timed individual evidence; no classroom certification. Official alignment and physical school checks remain separate.","CST-C3|CST-E2|CST-M1","Each child counts the selected blocks and compares actual ten-second tests before and after a base change.","Large wooden building blocks|Metric ruler|Plain paper|School pencil|Shared school crayon set|Teacher timer|Team sorting tray","None","Estimated first preparation 10 min; actual timing and prepared-kit preflight required","4 min per meeting included","CORE","rebuilt"
"Lessons/Kindergarten/Week07-09_Engineering_Helpers.md","K","Weekly","Single","Service design","Engineering Helpers","3","25","REBUILD","P0","Initial-pass history: Baseline: high-shelf reaching and pet toys unsafe; vague tests/supplies. Model-only carrying criterion and kits added; not a full substitute-ready rebuild. Autonomous closure: one complete reference sequence with exact supplies and timed individual evidence; no classroom certification. Official alignment and physical school checks remain separate.","CST-C2|CST-E1|CST-E2|CST-A1|CST-M1","Each child states the two-cup criterion and compares actual same-path results after one change with a plan drawing.","Blunt school scissors|Clean corrugated cardboard|Masking tape|Metric ruler|Paper cups|Plain paper|School pencil|Shared school crayon set|Teacher timer|Team sorting tray|Wooden craft sticks","None","Estimated first preparation 15 min; actual timing and prepared-kit preflight required","4 min per meeting included","CORE","rebuilt"
"Lessons/Kindergarten/Week10_Bridges_Connect_Us.md","K","Weekly","Single","Structures","Bridges Connect Us","1","25","KEEP + IMPROVE","P1","Initial-pass history: Baseline: six-inch span incompatible with single short plank; substitute removed testing. Span/model safety/individual checks fixed; quantities and timed cleanup unresolved. Autonomous closure: one complete reference sequence with exact supplies and timed individual evidence; no classroom certification. Official alignment and physical school checks remain separate.","CST-C2|CST-E1|CST-E2|CST-M1","Each child identifies deck and supports and counts two supports and one load while comparing actual same-load tests.","Clean corrugated cardboard|Large wooden building blocks|Metric ruler|Plain paper|School pencil|Shared school crayon set|Teacher timer|Team sorting tray","None","Estimated first preparation 10 min; actual timing and prepared-kit preflight required","4 min per meeting included","CORE","rebuilt"
"Lessons/Kindergarten/Week11_Coding_Thankfulness.md","K","Weekly","Single","Algorithms","Coding Thankfulness","1","25","REBUILD","P1","Initial-pass history: Baseline: motion-lines drawing not coding; unsupported search feature. Two-command picture algorithm and individual correction added; legacy digital plan not fully consolidated. Autonomous closure: one complete reference sequence with exact supplies and timed individual evidence; no classroom certification. Official alignment and physical school checks remain separate.","CST-C2|CST-T2|CST-A3","Each child predicts the two-command endpoint and tests a correction while explaining a respectful message; software execution is separate.","Large command cards|Paper grid and token|Plain paper|School pencil|Shared school crayon set|Teacher timer","Optional","Estimated first preparation 10 min; actual timing and prepared-kit preflight required","4 min per meeting included","CORE","rebuilt"
"Lessons/Kindergarten/Week12_Making_Gifts.md","K","Weekly","Single","Service art","Making Gifts for Others","1","25","KEEP + IMPROVE","P0","Initial-pass history: Baseline: sequins without controls; unsupported Nicholas history; craft mislabeled engineering. Large-paper minimum and source gate added; art/service not engineering. Autonomous closure: one complete reference sequence with exact supplies and timed individual evidence; no classroom certification. Official alignment and physical school checks remain separate.","CST-C2|CST-A2|CST-A3","Each child identifies a recipient and purposeful visual choice and explains a revision that clarified meaning.","Blunt school scissors|Large paper shapes|Plain paper|School glue stick|School pencil|Shared school crayon set|Teacher timer","None","Estimated first preparation 10 min; actual timing and prepared-kit preflight required","4 min per meeting included","RECOMMENDED","rebuilt"
"Lessons/Kindergarten/Week13_Fall_Celebration.md","K","Weekly","Single","Reflection","Fall Celebration","1","25","KEEP + IMPROVE","P2","Initial-pass history: Baseline unchanged: reflection useful; feelings and recognizable drawings replace demonstrated learning; treats optional. Sources and readiness remain unverified. Autonomous closure: one complete reference sequence with exact supplies and timed individual evidence; no classroom certification. Official alignment and physical school checks remain separate.","CST-C1|CST-A3","Each child communicates one actual dated result or fresh demonstration with an honest limit; enjoyment is separate.","Large command cards|Paper grid and token|Plain paper|School pencil|Shared school crayon set|Teacher timer","Optional","Estimated first preparation 10 min; actual timing and prepared-kit preflight required","4 min per meeting included","RECOMMENDED","rebuilt"
"Lessons/Kindergarten/Week14-15_Light_All_Around.md","K","Weekly","Single","Light","Light All Around","2","25","REBUILD","P0","Initial-pass history: Baseline: tissue called transparent; no beam/battery safeguards; circuits not taught. Clear/fuzzy/blocked model and safer frame kits added; not a full rebuild. Autonomous closure: one complete reference sequence with exact supplies and timed individual evidence; no classroom certification. Official alignment and physical school checks remain separate.","CST-C1|CST-S2|CST-T1|CST-A2","Each child compares a material at fixed distances and identifies flashlight input/output and an evidence-informed tissue design choice.","AA alkaline cell|Blunt school scissors|Clean corrugated cardboard|Enclosed 2-AA flashlight|Masking tape|Metric ruler|Plain paper|Rigid clear plastic sheet|School pencil|Shared school crayon set|Teacher timer|Tissue paper","None","Estimated first preparation 15 min; actual timing and prepared-kit preflight required","4 min per meeting included","CORE","rebuilt"
"Lessons/Kindergarten/Week16_Star_of_Wonder.md","K","Weekly","Single","Stars","Star of Wonder","1","25","KEEP + IMPROVE","P0","Initial-pass history: Baseline: three Magi assumed; Big Dipper called constellation; glitter. Tradition/source gate and asterism/model distinctions corrected; official source verification remains. Autonomous closure: one complete reference sequence with exact supplies and timed individual evidence; no classroom certification. Official alignment and physical school checks remain separate.","CST-S3|CST-A1|CST-M1","Each child counts three to five model dots and distinguishes the drawing from real light-producing stars.","Large observation picture cards|Plain paper|School pencil|Shared school crayon set|Teacher timer","None","Estimated first preparation 5 min; actual timing and prepared-kit preflight required","4 min per meeting included","RECOMMENDED","rebuilt"
"Lessons/Kindergarten/Week18_New_Year_Goals.md","K","Weekly","Single","Reflection","New Year Goals","1","25","KEEP + IMPROVE","P2","Initial-pass history: Baseline unchanged: appropriate reflection but no follow-up; future goals not evidence of STEM practice; sources unverified. Autonomous closure: one complete reference sequence with exact supplies and timed individual evidence; no classroom certification. Official alignment and physical school checks remain separate.","CST-C1|CST-S1|CST-S3|CST-M2|CST-A3","Each child records an actual or explicitly sourced sky observation and states a checkable comparison goal; predictions are separate.","Large weather symbol cards|Plain paper|School pencil|Shared school crayon set|Teacher timer","None","Estimated first preparation 5 min; actual timing and prepared-kit preflight required","4 min per meeting included","OPTIONAL","rebuilt"
"Lessons/Kindergarten/Week19-22_Exploration_Stations.md","K","Weekly","Single","Practice stations","Exploration Stations","4","25","REBUILD","P1","Initial-pass history: Baseline: five stations could not all be visited; unspecified cards; passport measured attendance. Four focused concurrent challenges added; legacy options still need consolidation. Autonomous closure: one complete reference sequence with exact supplies and timed individual evidence; no classroom certification. Official alignment and physical school checks remain separate.","CST-S1|CST-T2|CST-E2|CST-A2|CST-M2","Each child compares a tower retest and two labeled weather records and explains a readable repeat and tested algorithm correction.","Large command cards|Large paper shapes|Large weather symbol cards|Large wooden building blocks|Paper grid and token|Plain paper|School pencil|Shared school crayon set|Teacher timer|Team sorting tray","Optional","Estimated first preparation 15 min; actual timing and prepared-kit preflight required","4 min per meeting included","CORE","rebuilt"
"Lessons/Kindergarten/Week23_Catholic_Schools_Week.md","K","Weekly","Single","Reflection","Catholic Schools Week","1","25","KEEP + IMPROVE","P2","Initial-pass history: Baseline unchanged: demonstration objective omitted in sequence; display logistics and cleanup absent; sources unverified. Autonomous closure: one complete reference sequence with exact supplies and timed individual evidence; no classroom certification. Official alignment and physical school checks remain separate.","CST-C1|CST-T3|CST-A3","Each child links a display to actual evidence and revises the explanation and identifies hypothetical private information and an adult to ask before sharing.","Large command cards|Paper grid and token|Plain paper|School pencil|Shared school crayon set|Teacher timer","Optional","Estimated first preparation 10 min; actual timing and prepared-kit preflight required","4 min per meeting included","CORE","rebuilt"
"Lessons/Kindergarten/Week24-25_Dash_Robot_Friends.md","K","Weekly","Single","Algorithms","Dash Robot Friends","2","25","REBUILD","P0","Baseline: unverified Blockly Jr app; exact robot motion overclaim; unsafe room routes. Rebuilt with picture route/debugging and separately recorded optional real programming. Canonical primary-path supplies indexed in the autonomous pass; optional devices and specimen alternatives remain in the lesson; quantities and physical checks are not inferred from names.","CST-C2|CST-T1|CST-T2|CST-M1","Each child predicts three-command endpoint and fixes wrong card; input/output and count checked; actual block execution on Dash recorded only if performed.","Large command cards|Paper grid and token|Plain paper|School pencil|Shared school crayon set|Teacher timer","Optional","Light: 10 min paper; optional hardware 20 min plus charging","3 min per meeting","CORE","rebuilt"
"Lessons/Kindergarten/Week26-27_Helping_Hands.md","K","Weekly","Single","Service design","Helping Hands Engineering","2","25","KEEP + IMPROVE","P0","Initial-pass history: Baseline: baby attachment/real assistive tools unsafe; date-sensitive saint title; repeat unit. Desk-model restriction and test criteria added; full consolidation pending. Autonomous closure: one complete reference sequence with exact supplies and timed individual evidence; no classroom certification. Official alignment and physical school checks remain separate.","CST-C2|CST-E1|CST-E2|CST-A1|CST-E3","Each child states the requested book-standing and picture-visibility criteria and compares two tests with a plan and tradeoff reason.","Blunt school scissors|Clean corrugated cardboard|Masking tape|Metric ruler|Plain paper|School pencil|Shared school crayon set|Teacher timer|Team sorting tray|Wooden craft sticks","None","Estimated first preparation 15 min; actual timing and prepared-kit preflight required","4 min per meeting included","RECOMMENDED","rebuilt"
"Lessons/Kindergarten/Week28_Circles_and_Pi.md","K","Weekly","Single","Shapes","Circles and Pi","1","25","REPLACE","P0","Baseline: sphere called 3D circle; pi magic; March 14 assumed; snack/yarn hazards. Same URL rebuilt around flat/solid distinction and meaningful pattern design. Canonical primary-path supplies indexed in the autonomous pass; optional devices and specimen alternatives remain in the lesson; quantities and physical checks are not inferred from names.","CST-C1|CST-A2|CST-M1|CST-M2","Each child distinguishes circle/square/ball and extends AB pattern by two shapes; explains readable spacing/color choice.","Large circular lid|Large classroom ball|Large paper shapes|Paper strips|School pencil|Shared school crayon set|Teacher timer","None","Light: 10 min","3 min","CORE","rebuilt"
"Lessons/Kindergarten/Week29-31_Growing_Things.md","K","Weekly","Single","Plant observation","Growing Things","3","25","REBUILD","P0","Baseline: soil required and seed contains everything; no care/hygiene; assumes growth. Rebuilt short-term enclosed germination with named adult care and truthful no-change records. Canonical primary-path supplies indexed in the autonomous pass; optional devices and specimen alternatives remain in the lesson; quantities and physical checks are not inferred from names.","CST-C3|CST-S1|CST-S3|CST-A1|CST-M1","Each child records actual detail; compares dated views including no change; counts visible features and chooses justified care action; plant success not grade.","Large teacher science tray|Metric 5 mL measuring spoon|Metric ruler|Paper strips|Paper towel|Plain paper|Plastic graduated measuring cup|School pencil|School-approved marker|School-approved room-temperature water|Teacher timer|Transparent observation cup with lid|Untreated bean seeds","None","Moderate: 20 min; adult 2 min each school day","3 min per meeting","CORE","rebuilt"
"Lessons/Kindergarten/Week33_New_Life_Engineering.md","K","Weekly","Single","Life cycles","New Life Engineering","1","25","REBUILD","P0","Initial-pass history: Baseline: cocoon error and Resurrection/metamorphosis conflation; craft mislabeled engineering. Sourced biology/doctrine and four-stage model added; full reference format pending. Autonomous closure: one complete reference sequence with exact supplies and timed individual evidence; no classroom certification. Official alignment and physical school checks remain separate.","CST-C1|CST-S3|CST-A1","Each child orders four living-insect stages and explains a model limit without equating metamorphosis and Resurrection.","Large life-cycle picture cards|Plain paper|School pencil|Shared school crayon set|Teacher timer","None","Estimated first preparation 15 min; actual timing and prepared-kit preflight required","4 min per meeting included","CORE","rebuilt"
"Lessons/Kindergarten/Week34_Year_Celebration.md","K","Weekly","Single","Reflection","Year Celebration","1","25","KEEP + IMPROVE","P1","Initial-pass history: Baseline: everyone can code robots claim; recollection certifies mastery; treats. Evidence-specific language and food-free default added; portfolio checks still need operational consolidation. Autonomous closure: one complete reference sequence with exact supplies and timed individual evidence; no classroom certification. Official alignment and physical school checks remain separate.","CST-C1|CST-A3","Each child communicates actual dated evidence and support needed with a next practice step; missing growth evidence is recorded.","Large command cards|Paper grid and token|Plain paper|School pencil|Shared school crayon set|Teacher timer","Optional","Estimated first preparation 10 min; actual timing and prepared-kit preflight required","4 min per meeting included","CORE","rebuilt"
