"material_term","item_id","match_status","reference_kind","lesson_path","grade_band","schedule","rotation","scope","revision"
"Aluminum foil","FOIL","NAME MATCH ONLY - SPECIFICATION REQUIRED","physical_inventory","Lessons/Bi-Weekly/Grades_1-2_YearB/Session10_Magnets_Motion.md","1-2","Bi-Weekly","B","CORE","rebuilt"
"Broad wooden block","EARLYBLOCK","NAME MATCH ONLY - SPECIFICATION REQUIRED","physical_inventory","Lessons/Bi-Weekly/Grades_1-2_YearB/Session15_Simple_Machines.md","1-2","Bi-Weekly","B","CORE","rebuilt"
"Broad wooden block","EARLYBLOCK","NAME MATCH ONLY - SPECIFICATION REQUIRED","physical_inventory","Lessons/Grades_1-2_YearB/Week24-25_Friendship_Machines.md","1-2","Weekly","B","CORE","rebuilt"
"Broad wooden test block","EARLYBLOCK","NAME MATCH ONLY - SPECIFICATION REQUIRED","physical_inventory","Lessons/Bi-Weekly/Grades_1-2_YearA/Session03_Bridge_Building.md","1-2","Bi-Weekly","A","CORE","rebuilt"
"Broad wooden test block","EARLYBLOCK","NAME MATCH ONLY - SPECIFICATION REQUIRED","physical_inventory","Lessons/Grades_1-2_YearA/Week05-06_KEVA_Engineering.md","1-2","Weekly","A","CORE","rebuilt"
"Broad wooden test block","EARLYBLOCK","NAME MATCH ONLY - SPECIFICATION REQUIRED","physical_inventory","Lessons/Grades_1-2_YearA/Week10_Strong_Bridges.md","1-2","Weekly","A","CORE","rebuilt"
"Cardboard ramp","CARDBOARD","NAME MATCH ONLY - SPECIFICATION REQUIRED","physical_inventory","Lessons/Grades_1-2_YearB/Week10_Ramp_Races.md","1-2","Weekly","B","CORE","rebuilt"
"Cardstock","CARD","NAME MATCH ONLY - SPECIFICATION REQUIRED","physical_inventory","Lessons/Bi-Weekly/Grades_1-2_YearA/Session06_Thanksgiving_Service.md","1-2","Bi-Weekly","A","RECOMMENDED","rebuilt"
"Cardstock","CARD","NAME MATCH ONLY - SPECIFICATION REQUIRED","physical_inventory","Lessons/Bi-Weekly/Grades_1-2_YearA/Session13_Easter_Innovation.md","1-2","Bi-Weekly","A","RECOMMENDED","rebuilt"
"Cardstock","CARD","NAME MATCH ONLY - SPECIFICATION REQUIRED","physical_inventory","Lessons/Bi-Weekly/Grades_1-2_YearB/Session01_Design_Detectives.md","1-2","Bi-Weekly","B","CORE","rebuilt"
"Cardstock","CARD","NAME MATCH ONLY - SPECIFICATION REQUIRED","physical_inventory","Lessons/Bi-Weekly/Grades_1-2_YearB/Session04_Animal_Adaptations.md","1-2","Bi-Weekly","B","CORE","rebuilt"
"Cardstock","CARD","NAME MATCH ONLY - SPECIFICATION REQUIRED","physical_inventory","Lessons/Bi-Weekly/Grades_1-2_YearB/Session06_Gratitude_Gifts.md","1-2","Bi-Weekly","B","RECOMMENDED","rebuilt"
"Cardstock","CARD","NAME MATCH ONLY - SPECIFICATION REQUIRED","physical_inventory","Lessons/Bi-Weekly/Grades_1-2_YearB/Session07_Star_Makers.md","1-2","Bi-Weekly","B","CORE","rebuilt"
"Cardstock","CARD","NAME MATCH ONLY - SPECIFICATION REQUIRED","physical_inventory","Lessons/Bi-Weekly/Grades_1-2_YearB/Session10_Magnets_Motion.md","1-2","Bi-Weekly","B","CORE","rebuilt"
"Cardstock","CARD","NAME MATCH ONLY - SPECIFICATION REQUIRED","physical_inventory","Lessons/Grades_1-2_YearA/Week12_Making_Gifts.md","1-2","Weekly","A","RECOMMENDED","rebuilt"
"Cardstock","CARD","NAME MATCH ONLY - SPECIFICATION REQUIRED","physical_inventory","Lessons/Grades_1-2_YearA/Week33_New_Life_Engineering.md","1-2","Weekly","A","RECOMMENDED","rebuilt"
"Cardstock","CARD","NAME MATCH ONLY - SPECIFICATION REQUIRED","physical_inventory","Lessons/Grades_1-2_YearB/Week07-09_Animal_Habitats.md","1-2","Weekly","B","CORE","rebuilt"
"Cardstock","CARD","NAME MATCH ONLY - SPECIFICATION REQUIRED","physical_inventory","Lessons/Grades_1-2_YearB/Week12_Gifts_Others.md","1-2","Weekly","B","RECOMMENDED","rebuilt"
"Cardstock","CARD","NAME MATCH ONLY - SPECIFICATION REQUIRED","physical_inventory","Lessons/Grades_1-2_YearB/Week14-15_Stars_Light.md","1-2","Weekly","B","CORE","rebuilt"
"Cardstock","CARD","NAME MATCH ONLY - SPECIFICATION REQUIRED","physical_inventory","Lessons/Grades_1-2_YearB/Week24-25_Friendship_Machines.md","1-2","Weekly","B","CORE","rebuilt"
"Cardstock","CARD","NAME MATCH ONLY - SPECIFICATION REQUIRED","physical_inventory","Lessons/Grades_1-2_YearB/Week29-31_Butterfly_Engineering.md","1-2","Weekly","B","CORE","rebuilt"
"Catch box","CATCHBOX","NAME MATCH ONLY - SPECIFICATION REQUIRED","physical_inventory","Lessons/Grades_1-2_YearB/Week10_Ramp_Races.md","1-2","Weekly","B","CORE","rebuilt"
"Classroom board","BOARD","NAME MATCH ONLY - SPECIFICATION REQUIRED","physical_inventory","Lessons/Bi-Weekly/Grades_1-2_YearA/Session01_Wonder_Engineers.md","1-2","Bi-Weekly","A","CORE","rebuilt"
"Classroom board","BOARD","NAME MATCH ONLY - SPECIFICATION REQUIRED","physical_inventory","Lessons/Bi-Weekly/Grades_1-2_YearA/Session02_Gods_Patterns.md","1-2","Bi-Weekly","A","CORE","rebuilt"
"Classroom board","BOARD","NAME MATCH ONLY - SPECIFICATION REQUIRED","physical_inventory","Lessons/Bi-Weekly/Grades_1-2_YearA/Session05_Nature_Exploration.md","1-2","Bi-Weekly","A","CORE","rebuilt"
"Classroom board","BOARD","NAME MATCH ONLY - SPECIFICATION REQUIRED","physical_inventory","Lessons/Bi-Weekly/Grades_1-2_YearA/Session06_Thanksgiving_Service.md","1-2","Bi-Weekly","A","RECOMMENDED","rebuilt"
"Classroom board","BOARD","NAME MATCH ONLY - SPECIFICATION REQUIRED","physical_inventory","Lessons/Bi-Weekly/Grades_1-2_YearA/Session07_Light_in_Darkness.md","1-2","Bi-Weekly","A","CORE","rebuilt"
"Classroom board","BOARD","NAME MATCH ONLY - SPECIFICATION REQUIRED","physical_inventory","Lessons/Bi-Weekly/Grades_1-2_YearA/Session08_Coding_Basics.md","1-2","Bi-Weekly","A","CORE","rebuilt"
"Classroom board","BOARD","NAME MATCH ONLY - SPECIFICATION REQUIRED","physical_inventory","Lessons/Bi-Weekly/Grades_1-2_YearA/Session09_Catholic_Inventors.md","1-2","Bi-Weekly","A","RECOMMENDED","rebuilt"
"Classroom board","BOARD","NAME MATCH ONLY - SPECIFICATION REQUIRED","physical_inventory","Lessons/Bi-Weekly/Grades_1-2_YearA/Session10_Weather_Watchers.md","1-2","Bi-Weekly","A","CORE","rebuilt"
"Classroom board","BOARD","NAME MATCH ONLY - SPECIFICATION REQUIRED","physical_inventory","Lessons/Bi-Weekly/Grades_1-2_YearA/Session11_Lenten_Engineers.md","1-2","Bi-Weekly","A","RECOMMENDED","rebuilt"
"Classroom board","BOARD","NAME MATCH ONLY - SPECIFICATION REQUIRED","physical_inventory","Lessons/Bi-Weekly/Grades_1-2_YearA/Session12_Life_Cycles.md","1-2","Bi-Weekly","A","CORE","rebuilt"
"Classroom board","BOARD","NAME MATCH ONLY - SPECIFICATION REQUIRED","physical_inventory","Lessons/Bi-Weekly/Grades_1-2_YearA/Session13_Easter_Innovation.md","1-2","Bi-Weekly","A","RECOMMENDED","rebuilt"
"Classroom board","BOARD","NAME MATCH ONLY - SPECIFICATION REQUIRED","physical_inventory","Lessons/Bi-Weekly/Grades_1-2_YearA/Session14_Sound_Engineering.md","1-2","Bi-Weekly","A","CORE","rebuilt"
"Classroom board","BOARD","NAME MATCH ONLY - SPECIFICATION REQUIRED","physical_inventory","Lessons/Bi-Weekly/Grades_1-2_YearA/Session15_Robot_Challenge.md","1-2","Bi-Weekly","A","CORE","rebuilt"
"Classroom board","BOARD","NAME MATCH ONLY - SPECIFICATION REQUIRED","physical_inventory","Lessons/Bi-Weekly/Grades_1-2_YearA/Session16_Community_Helpers.md","1-2","Bi-Weekly","A","RECOMMENDED","rebuilt"
"Classroom board","BOARD","NAME MATCH ONLY - SPECIFICATION REQUIRED","physical_inventory","Lessons/Bi-Weekly/Grades_1-2_YearA/Session17_Exhibition.md","1-2","Bi-Weekly","A","RECOMMENDED","rebuilt"
"Classroom board","BOARD","NAME MATCH ONLY - SPECIFICATION REQUIRED","physical_inventory","Lessons/Bi-Weekly/Grades_1-2_YearB/Session01_Design_Detectives.md","1-2","Bi-Weekly","B","CORE","rebuilt"
"Classroom board","BOARD","NAME MATCH ONLY - SPECIFICATION REQUIRED","physical_inventory","Lessons/Bi-Weekly/Grades_1-2_YearB/Session02_Tower_Power.md","1-2","Bi-Weekly","B","CORE","rebuilt"
"Classroom board","BOARD","NAME MATCH ONLY - SPECIFICATION REQUIRED","physical_inventory","Lessons/Bi-Weekly/Grades_1-2_YearB/Session04_Animal_Adaptations.md","1-2","Bi-Weekly","B","CORE","rebuilt"
"Classroom board","BOARD","NAME MATCH ONLY - SPECIFICATION REQUIRED","physical_inventory","Lessons/Bi-Weekly/Grades_1-2_YearB/Session06_Gratitude_Gifts.md","1-2","Bi-Weekly","B","RECOMMENDED","rebuilt"
"Classroom board","BOARD","NAME MATCH ONLY - SPECIFICATION REQUIRED","physical_inventory","Lessons/Bi-Weekly/Grades_1-2_YearB/Session07_Star_Makers.md","1-2","Bi-Weekly","B","CORE","rebuilt"
"Classroom board","BOARD","NAME MATCH ONLY - SPECIFICATION REQUIRED","physical_inventory","Lessons/Bi-Weekly/Grades_1-2_YearB/Session08_Digital_Art.md","1-2","Bi-Weekly","B","CORE","rebuilt"
"Classroom board","BOARD","NAME MATCH ONLY - SPECIFICATION REQUIRED","physical_inventory","Lessons/Bi-Weekly/Grades_1-2_YearB/Session09_Faith_Scientists.md","1-2","Bi-Weekly","B","RECOMMENDED","rebuilt"
"Classroom board","BOARD","NAME MATCH ONLY - SPECIFICATION REQUIRED","physical_inventory","Lessons/Bi-Weekly/Grades_1-2_YearB/Session10_Magnets_Motion.md","1-2","Bi-Weekly","B","CORE","rebuilt"
"Classroom board","BOARD","NAME MATCH ONLY - SPECIFICATION REQUIRED","physical_inventory","Lessons/Bi-Weekly/Grades_1-2_YearB/Session11_Lenten_Love.md","1-2","Bi-Weekly","B","RECOMMENDED","rebuilt"
"Classroom board","BOARD","NAME MATCH ONLY - SPECIFICATION REQUIRED","physical_inventory","Lessons/Bi-Weekly/Grades_1-2_YearB/Session12_Butterfly_Wonder.md","1-2","Bi-Weekly","B","CORE","rebuilt"
"Classroom board","BOARD","NAME MATCH ONLY - SPECIFICATION REQUIRED","physical_inventory","Lessons/Bi-Weekly/Grades_1-2_YearB/Session13_Easter_Joy.md","1-2","Bi-Weekly","B","RECOMMENDED","rebuilt"
"Classroom board","BOARD","NAME MATCH ONLY - SPECIFICATION REQUIRED","physical_inventory","Lessons/Bi-Weekly/Grades_1-2_YearB/Session14_Sphero_Challenge.md","1-2","Bi-Weekly","B","CORE","rebuilt"
"Classroom board","BOARD","NAME MATCH ONLY - SPECIFICATION REQUIRED","physical_inventory","Lessons/Bi-Weekly/Grades_1-2_YearB/Session15_Simple_Machines.md","1-2","Bi-Weekly","B","CORE","rebuilt"
"Classroom board","BOARD","NAME MATCH ONLY - SPECIFICATION REQUIRED","physical_inventory","Lessons/Bi-Weekly/Grades_1-2_YearB/Session16_Earth_Care.md","1-2","Bi-Weekly","B","CORE","rebuilt"
"Classroom board","BOARD","NAME MATCH ONLY - SPECIFICATION REQUIRED","physical_inventory","Lessons/Bi-Weekly/Grades_1-2_YearB/Session17_Celebration.md","1-2","Bi-Weekly","B","RECOMMENDED","rebuilt"
"Classroom board","BOARD","NAME MATCH ONLY - SPECIFICATION REQUIRED","physical_inventory","Lessons/Grades_1-2_YearA/Week01_Welcome_to_CSTREAM.md","1-2","Weekly","A","CORE","rebuilt"
"Classroom board","BOARD","NAME MATCH ONLY - SPECIFICATION REQUIRED","physical_inventory","Lessons/Grades_1-2_YearA/Week05-06_KEVA_Engineering.md","1-2","Weekly","A","CORE","rebuilt"
"Classroom board","BOARD","NAME MATCH ONLY - SPECIFICATION REQUIRED","physical_inventory","Lessons/Grades_1-2_YearA/Week07-09_Engineering_for_Others.md","1-2","Weekly","A","CORE","rebuilt"
"Classroom board","BOARD","NAME MATCH ONLY - SPECIFICATION REQUIRED","physical_inventory","Lessons/Grades_1-2_YearA/Week10_Strong_Bridges.md","1-2","Weekly","A","CORE","rebuilt"
"Classroom board","BOARD","NAME MATCH ONLY - SPECIFICATION REQUIRED","physical_inventory","Lessons/Grades_1-2_YearA/Week11_Thankful_Coding.md","1-2","Weekly","A","RECOMMENDED","rebuilt"
"Classroom board","BOARD","NAME MATCH ONLY - SPECIFICATION REQUIRED","physical_inventory","Lessons/Grades_1-2_YearA/Week12_Making_Gifts.md","1-2","Weekly","A","RECOMMENDED","rebuilt"
"Classroom board","BOARD","NAME MATCH ONLY - SPECIFICATION REQUIRED","physical_inventory","Lessons/Grades_1-2_YearA/Week13_Fall_Celebration.md","1-2","Weekly","A","OPTIONAL","rebuilt"
"Classroom board","BOARD","NAME MATCH ONLY - SPECIFICATION REQUIRED","physical_inventory","Lessons/Grades_1-2_YearA/Week14-15_Light_Explorations.md","1-2","Weekly","A","CORE","rebuilt"
"Classroom board","BOARD","NAME MATCH ONLY - SPECIFICATION REQUIRED","physical_inventory","Lessons/Grades_1-2_YearA/Week16_Star_of_Wonder.md","1-2","Weekly","A","RECOMMENDED","rebuilt"
"Classroom board","BOARD","NAME MATCH ONLY - SPECIFICATION REQUIRED","physical_inventory","Lessons/Grades_1-2_YearA/Week18_New_Year_Goals.md","1-2","Weekly","A","RECOMMENDED","rebuilt"
"Classroom board","BOARD","NAME MATCH ONLY - SPECIFICATION REQUIRED","physical_inventory","Lessons/Grades_1-2_YearA/Week23_Catholic_Schools_Week.md","1-2","Weekly","A","RECOMMENDED","rebuilt"
"Classroom board","BOARD","NAME MATCH ONLY - SPECIFICATION REQUIRED","physical_inventory","Lessons/Grades_1-2_YearA/Week24-25_Dash_Robot_Adventures.md","1-2","Weekly","A","CORE","rebuilt"
"Classroom board","BOARD","NAME MATCH ONLY - SPECIFICATION REQUIRED","physical_inventory","Lessons/Grades_1-2_YearA/Week26-27_Helping_Hands_Design.md","1-2","Weekly","A","CORE","rebuilt"
"Classroom board","BOARD","NAME MATCH ONLY - SPECIFICATION REQUIRED","physical_inventory","Lessons/Grades_1-2_YearA/Week33_New_Life_Engineering.md","1-2","Weekly","A","RECOMMENDED","rebuilt"
"Classroom board","BOARD","NAME MATCH ONLY - SPECIFICATION REQUIRED","physical_inventory","Lessons/Grades_1-2_YearA/Week34_Year_Celebration.md","1-2","Weekly","A","RECOMMENDED","rebuilt"
"Classroom board","BOARD","NAME MATCH ONLY - SPECIFICATION REQUIRED","physical_inventory","Lessons/Grades_1-2_YearB/Week01_Welcome_Scientists.md","1-2","Weekly","B","CORE","rebuilt"
"Classroom board","BOARD","NAME MATCH ONLY - SPECIFICATION REQUIRED","physical_inventory","Lessons/Grades_1-2_YearB/Week05-06_Tower_Engineering.md","1-2","Weekly","B","CORE","rebuilt"
"Classroom board","BOARD","NAME MATCH ONLY - SPECIFICATION REQUIRED","physical_inventory","Lessons/Grades_1-2_YearB/Week07-09_Animal_Habitats.md","1-2","Weekly","B","CORE","rebuilt"
"Classroom board","BOARD","NAME MATCH ONLY - SPECIFICATION REQUIRED","physical_inventory","Lessons/Grades_1-2_YearB/Week11_Thanksgiving_Coding.md","1-2","Weekly","B","RECOMMENDED","rebuilt"
"Classroom board","BOARD","NAME MATCH ONLY - SPECIFICATION REQUIRED","physical_inventory","Lessons/Grades_1-2_YearB/Week12_Gifts_Others.md","1-2","Weekly","B","RECOMMENDED","rebuilt"
"Classroom board","BOARD","NAME MATCH ONLY - SPECIFICATION REQUIRED","physical_inventory","Lessons/Grades_1-2_YearB/Week13_Fall_Festival.md","1-2","Weekly","B","OPTIONAL","rebuilt"
"Classroom board","BOARD","NAME MATCH ONLY - SPECIFICATION REQUIRED","physical_inventory","Lessons/Grades_1-2_YearB/Week14-15_Stars_Light.md","1-2","Weekly","B","CORE","rebuilt"
"Classroom board","BOARD","NAME MATCH ONLY - SPECIFICATION REQUIRED","physical_inventory","Lessons/Grades_1-2_YearB/Week18_Growth_Goals.md","1-2","Weekly","B","RECOMMENDED","rebuilt"
"Classroom board","BOARD","NAME MATCH ONLY - SPECIFICATION REQUIRED","physical_inventory","Lessons/Grades_1-2_YearB/Week19-22_Invention_Labs.md","1-2","Weekly","B","CORE","rebuilt"
"Classroom board","BOARD","NAME MATCH ONLY - SPECIFICATION REQUIRED","physical_inventory","Lessons/Grades_1-2_YearB/Week23_Catholic_Schools.md","1-2","Weekly","B","RECOMMENDED","rebuilt"
"Classroom board","BOARD","NAME MATCH ONLY - SPECIFICATION REQUIRED","physical_inventory","Lessons/Grades_1-2_YearB/Week24-25_Friendship_Machines.md","1-2","Weekly","B","CORE","rebuilt"
"Classroom board","BOARD","NAME MATCH ONLY - SPECIFICATION REQUIRED","physical_inventory","Lessons/Grades_1-2_YearB/Week26-27_Garden_Engineering.md","1-2","Weekly","B","CORE","rebuilt"
"Classroom board","BOARD","NAME MATCH ONLY - SPECIFICATION REQUIRED","physical_inventory","Lessons/Grades_1-2_YearB/Week28_Math_Games.md","1-2","Weekly","B","CORE","rebuilt"
"Classroom board","BOARD","NAME MATCH ONLY - SPECIFICATION REQUIRED","physical_inventory","Lessons/Grades_1-2_YearB/Week29-31_Butterfly_Engineering.md","1-2","Weekly","B","CORE","rebuilt"
"Classroom board","BOARD","NAME MATCH ONLY - SPECIFICATION REQUIRED","physical_inventory","Lessons/Grades_1-2_YearB/Week33_New_Life.md","1-2","Weekly","B","RECOMMENDED","rebuilt"
"Classroom board","BOARD","NAME MATCH ONLY - SPECIFICATION REQUIRED","physical_inventory","Lessons/Grades_1-2_YearB/Week34_Showcase.md","1-2","Weekly","B","RECOMMENDED","rebuilt"
"Classroom book","EARLYBOOK","NAME MATCH ONLY - SPECIFICATION REQUIRED","physical_inventory","Lessons/Bi-Weekly/Grades_1-2_YearA/Session14_Sound_Engineering.md","1-2","Bi-Weekly","A","CORE","rebuilt"
"Classroom book","EARLYBOOK","NAME MATCH ONLY - SPECIFICATION REQUIRED","physical_inventory","Lessons/Bi-Weekly/Grades_1-2_YearB/Session01_Design_Detectives.md","1-2","Bi-Weekly","B","CORE","rebuilt"
"Classroom book","EARLYBOOK","NAME MATCH ONLY - SPECIFICATION REQUIRED","physical_inventory","Lessons/Grades_1-2_YearA/Week12_Making_Gifts.md","1-2","Weekly","A","RECOMMENDED","rebuilt"
"Classroom book","EARLYBOOK","NAME MATCH ONLY - SPECIFICATION REQUIRED","physical_inventory","Lessons/Grades_1-2_YearB/Week12_Gifts_Others.md","1-2","Weekly","B","RECOMMENDED","rebuilt"
"Clean corrugated cardboard","CARDBOARD","NAME MATCH ONLY - SPECIFICATION REQUIRED","physical_inventory","Lessons/Bi-Weekly/Grades_1-2_YearA/Session07_Light_in_Darkness.md","1-2","Bi-Weekly","A","CORE","rebuilt"
"Clean corrugated cardboard","CARDBOARD","NAME MATCH ONLY - SPECIFICATION REQUIRED","physical_inventory","Lessons/Bi-Weekly/Grades_1-2_YearA/Session11_Lenten_Engineers.md","1-2","Bi-Weekly","A","RECOMMENDED","rebuilt"
"Clean corrugated cardboard","CARDBOARD","NAME MATCH ONLY - SPECIFICATION REQUIRED","physical_inventory","Lessons/Bi-Weekly/Grades_1-2_YearA/Session16_Community_Helpers.md","1-2","Bi-Weekly","A","RECOMMENDED","rebuilt"
"Clean corrugated cardboard","CARDBOARD","NAME MATCH ONLY - SPECIFICATION REQUIRED","physical_inventory","Lessons/Bi-Weekly/Grades_1-2_YearB/Session11_Lenten_Love.md","1-2","Bi-Weekly","B","RECOMMENDED","rebuilt"
"Clean corrugated cardboard","CARDBOARD","NAME MATCH ONLY - SPECIFICATION REQUIRED","physical_inventory","Lessons/Bi-Weekly/Grades_1-2_YearB/Session15_Simple_Machines.md","1-2","Bi-Weekly","B","CORE","rebuilt"
"Clean corrugated cardboard","CARDBOARD","NAME MATCH ONLY - SPECIFICATION REQUIRED","physical_inventory","Lessons/Grades_1-2_YearA/Week07-09_Engineering_for_Others.md","1-2","Weekly","A","CORE","rebuilt"
"Clean corrugated cardboard","CARDBOARD","NAME MATCH ONLY - SPECIFICATION REQUIRED","physical_inventory","Lessons/Grades_1-2_YearA/Week14-15_Light_Explorations.md","1-2","Weekly","A","CORE","rebuilt"
"Clean corrugated cardboard","CARDBOARD","NAME MATCH ONLY - SPECIFICATION REQUIRED","physical_inventory","Lessons/Grades_1-2_YearA/Week19-22_Exploration_Stations.md","1-2","Weekly","A","CORE","rebuilt"
"Clean corrugated cardboard","CARDBOARD","NAME MATCH ONLY - SPECIFICATION REQUIRED","physical_inventory","Lessons/Grades_1-2_YearA/Week26-27_Helping_Hands_Design.md","1-2","Weekly","A","CORE","rebuilt"
"Clean corrugated cardboard","CARDBOARD","NAME MATCH ONLY - SPECIFICATION REQUIRED","physical_inventory","Lessons/Grades_1-2_YearB/Week07-09_Animal_Habitats.md","1-2","Weekly","B","CORE","rebuilt"
"Clean corrugated cardboard","CARDBOARD","NAME MATCH ONLY - SPECIFICATION REQUIRED","physical_inventory","Lessons/Grades_1-2_YearB/Week19-22_Invention_Labs.md","1-2","Weekly","B","CORE","rebuilt"
"Compatible tablet","HOST","NAME MATCH ONLY - SPECIFICATION REQUIRED","physical_inventory","Lessons/Bi-Weekly/Grades_1-2_YearA/Session04_Robot_Friends.md","1-2","Bi-Weekly","A","CORE","rebuilt"
"Compatible tablet","HOST","NAME MATCH ONLY - SPECIFICATION REQUIRED","physical_inventory","Lessons/Bi-Weekly/Grades_1-2_YearA/Session08_Coding_Basics.md","1-2","Bi-Weekly","A","CORE","rebuilt"
"Compatible tablet","HOST","NAME MATCH ONLY - SPECIFICATION REQUIRED","physical_inventory","Lessons/Bi-Weekly/Grades_1-2_YearA/Session15_Robot_Challenge.md","1-2","Bi-Weekly","A","CORE","rebuilt"
"Compatible tablet","HOST","NAME MATCH ONLY - SPECIFICATION REQUIRED","physical_inventory","Lessons/Bi-Weekly/Grades_1-2_YearB/Session03_Sphero_Intro.md","1-2","Bi-Weekly","B","CORE","rebuilt"
"Compatible tablet","HOST","NAME MATCH ONLY - SPECIFICATION REQUIRED","physical_inventory","Lessons/Bi-Weekly/Grades_1-2_YearB/Session08_Digital_Art.md","1-2","Bi-Weekly","B","CORE","rebuilt"
"Compatible tablet","HOST","NAME MATCH ONLY - SPECIFICATION REQUIRED","physical_inventory","Lessons/Bi-Weekly/Grades_1-2_YearB/Session14_Sphero_Challenge.md","1-2","Bi-Weekly","B","CORE","rebuilt"
"Compatible tablet","HOST","NAME MATCH ONLY - SPECIFICATION REQUIRED","physical_inventory","Lessons/Grades_1-2_YearA/Week02-03_Sphero_Coding.md","1-2","Weekly","A","CORE","rebuilt"
"Compatible tablet","HOST","NAME MATCH ONLY - SPECIFICATION REQUIRED","physical_inventory","Lessons/Grades_1-2_YearA/Week11_Thankful_Coding.md","1-2","Weekly","A","RECOMMENDED","rebuilt"
"Compatible tablet","HOST","NAME MATCH ONLY - SPECIFICATION REQUIRED","physical_inventory","Lessons/Grades_1-2_YearA/Week24-25_Dash_Robot_Adventures.md","1-2","Weekly","A","CORE","rebuilt"
"Compatible tablet","HOST","NAME MATCH ONLY - SPECIFICATION REQUIRED","physical_inventory","Lessons/Grades_1-2_YearB/Week02-03_Dash_Adventures.md","1-2","Weekly","B","CORE","rebuilt"
"Compatible tablet","HOST","NAME MATCH ONLY - SPECIFICATION REQUIRED","physical_inventory","Lessons/Grades_1-2_YearB/Week11_Thanksgiving_Coding.md","1-2","Weekly","B","RECOMMENDED","rebuilt"
"Cotton yarn","YARN","NAME MATCH ONLY - SPECIFICATION REQUIRED","physical_inventory","Lessons/Grades_1-2_YearA/Week28_Pi_Day_Circles.md","1-2","Weekly","A","CORE","rebuilt"
"Crayons","CRAYON","NAME MATCH ONLY - SPECIFICATION REQUIRED","physical_inventory","Lessons/Bi-Weekly/Grades_1-2_YearA/Session01_Wonder_Engineers.md","1-2","Bi-Weekly","A","CORE","rebuilt"
"Crayons","CRAYON","NAME MATCH ONLY - SPECIFICATION REQUIRED","physical_inventory","Lessons/Bi-Weekly/Grades_1-2_YearA/Session02_Gods_Patterns.md","1-2","Bi-Weekly","A","CORE","rebuilt"
"Crayons","CRAYON","NAME MATCH ONLY - SPECIFICATION REQUIRED","physical_inventory","Lessons/Bi-Weekly/Grades_1-2_YearA/Session03_Bridge_Building.md","1-2","Bi-Weekly","A","CORE","rebuilt"
"Crayons","CRAYON","NAME MATCH ONLY - SPECIFICATION REQUIRED","physical_inventory","Lessons/Bi-Weekly/Grades_1-2_YearA/Session05_Nature_Exploration.md","1-2","Bi-Weekly","A","CORE","rebuilt"
"Crayons","CRAYON","NAME MATCH ONLY - SPECIFICATION REQUIRED","physical_inventory","Lessons/Bi-Weekly/Grades_1-2_YearA/Session06_Thanksgiving_Service.md","1-2","Bi-Weekly","A","RECOMMENDED","rebuilt"
"Crayons","CRAYON","NAME MATCH ONLY - SPECIFICATION REQUIRED","physical_inventory","Lessons/Bi-Weekly/Grades_1-2_YearA/Session07_Light_in_Darkness.md","1-2","Bi-Weekly","A","CORE","rebuilt"
"Crayons","CRAYON","NAME MATCH ONLY - SPECIFICATION REQUIRED","physical_inventory","Lessons/Bi-Weekly/Grades_1-2_YearA/Session08_Coding_Basics.md","1-2","Bi-Weekly","A","CORE","rebuilt"
"Crayons","CRAYON","NAME MATCH ONLY - SPECIFICATION REQUIRED","physical_inventory","Lessons/Bi-Weekly/Grades_1-2_YearA/Session09_Catholic_Inventors.md","1-2","Bi-Weekly","A","RECOMMENDED","rebuilt"
"Crayons","CRAYON","NAME MATCH ONLY - SPECIFICATION REQUIRED","physical_inventory","Lessons/Bi-Weekly/Grades_1-2_YearA/Session10_Weather_Watchers.md","1-2","Bi-Weekly","A","CORE","rebuilt"
"Crayons","CRAYON","NAME MATCH ONLY - SPECIFICATION REQUIRED","physical_inventory","Lessons/Bi-Weekly/Grades_1-2_YearA/Session11_Lenten_Engineers.md","1-2","Bi-Weekly","A","RECOMMENDED","rebuilt"
"Crayons","CRAYON","NAME MATCH ONLY - SPECIFICATION REQUIRED","physical_inventory","Lessons/Bi-Weekly/Grades_1-2_YearA/Session12_Life_Cycles.md","1-2","Bi-Weekly","A","CORE","rebuilt"
"Crayons","CRAYON","NAME MATCH ONLY - SPECIFICATION REQUIRED","physical_inventory","Lessons/Bi-Weekly/Grades_1-2_YearA/Session13_Easter_Innovation.md","1-2","Bi-Weekly","A","RECOMMENDED","rebuilt"
"Crayons","CRAYON","NAME MATCH ONLY - SPECIFICATION REQUIRED","physical_inventory","Lessons/Bi-Weekly/Grades_1-2_YearA/Session14_Sound_Engineering.md","1-2","Bi-Weekly","A","CORE","rebuilt"
"Crayons","CRAYON","NAME MATCH ONLY - SPECIFICATION REQUIRED","physical_inventory","Lessons/Bi-Weekly/Grades_1-2_YearA/Session15_Robot_Challenge.md","1-2","Bi-Weekly","A","CORE","rebuilt"
"Crayons","CRAYON","NAME MATCH ONLY - SPECIFICATION REQUIRED","physical_inventory","Lessons/Bi-Weekly/Grades_1-2_YearA/Session16_Community_Helpers.md","1-2","Bi-Weekly","A","RECOMMENDED","rebuilt"
"Crayons","CRAYON","NAME MATCH ONLY - SPECIFICATION REQUIRED","physical_inventory","Lessons/Bi-Weekly/Grades_1-2_YearA/Session17_Exhibition.md","1-2","Bi-Weekly","A","RECOMMENDED","rebuilt"
"Crayons","CRAYON","NAME MATCH ONLY - SPECIFICATION REQUIRED","physical_inventory","Lessons/Bi-Weekly/Grades_1-2_YearB/Session01_Design_Detectives.md","1-2","Bi-Weekly","B","CORE","rebuilt"
"Crayons","CRAYON","NAME MATCH ONLY - SPECIFICATION REQUIRED","physical_inventory","Lessons/Bi-Weekly/Grades_1-2_YearB/Session02_Tower_Power.md","1-2","Bi-Weekly","B","CORE","rebuilt"
"Crayons","CRAYON","NAME MATCH ONLY - SPECIFICATION REQUIRED","physical_inventory","Lessons/Bi-Weekly/Grades_1-2_YearB/Session04_Animal_Adaptations.md","1-2","Bi-Weekly","B","CORE","rebuilt"
"Crayons","CRAYON","NAME MATCH ONLY - SPECIFICATION REQUIRED","physical_inventory","Lessons/Bi-Weekly/Grades_1-2_YearB/Session05_Garden_Engineers.md","1-2","Bi-Weekly","B","CORE","rebuilt"
"Crayons","CRAYON","NAME MATCH ONLY - SPECIFICATION REQUIRED","physical_inventory","Lessons/Bi-Weekly/Grades_1-2_YearB/Session06_Gratitude_Gifts.md","1-2","Bi-Weekly","B","RECOMMENDED","rebuilt"
"Crayons","CRAYON","NAME MATCH ONLY - SPECIFICATION REQUIRED","physical_inventory","Lessons/Bi-Weekly/Grades_1-2_YearB/Session07_Star_Makers.md","1-2","Bi-Weekly","B","CORE","rebuilt"
"Crayons","CRAYON","NAME MATCH ONLY - SPECIFICATION REQUIRED","physical_inventory","Lessons/Bi-Weekly/Grades_1-2_YearB/Session08_Digital_Art.md","1-2","Bi-Weekly","B","CORE","rebuilt"
"Crayons","CRAYON","NAME MATCH ONLY - SPECIFICATION REQUIRED","physical_inventory","Lessons/Bi-Weekly/Grades_1-2_YearB/Session09_Faith_Scientists.md","1-2","Bi-Weekly","B","RECOMMENDED","rebuilt"
"Crayons","CRAYON","NAME MATCH ONLY - SPECIFICATION REQUIRED","physical_inventory","Lessons/Bi-Weekly/Grades_1-2_YearB/Session10_Magnets_Motion.md","1-2","Bi-Weekly","B","CORE","rebuilt"
"Crayons","CRAYON","NAME MATCH ONLY - SPECIFICATION REQUIRED","physical_inventory","Lessons/Bi-Weekly/Grades_1-2_YearB/Session11_Lenten_Love.md","1-2","Bi-Weekly","B","RECOMMENDED","rebuilt"
"Crayons","CRAYON","NAME MATCH ONLY - SPECIFICATION REQUIRED","physical_inventory","Lessons/Bi-Weekly/Grades_1-2_YearB/Session12_Butterfly_Wonder.md","1-2","Bi-Weekly","B","CORE","rebuilt"
"Crayons","CRAYON","NAME MATCH ONLY - SPECIFICATION REQUIRED","physical_inventory","Lessons/Bi-Weekly/Grades_1-2_YearB/Session13_Easter_Joy.md","1-2","Bi-Weekly","B","RECOMMENDED","rebuilt"
"Crayons","CRAYON","NAME MATCH ONLY - SPECIFICATION REQUIRED","physical_inventory","Lessons/Bi-Weekly/Grades_1-2_YearB/Session14_Sphero_Challenge.md","1-2","Bi-Weekly","B","CORE","rebuilt"
"Crayons","CRAYON","NAME MATCH ONLY - SPECIFICATION REQUIRED","physical_inventory","Lessons/Bi-Weekly/Grades_1-2_YearB/Session15_Simple_Machines.md","1-2","Bi-Weekly","B","CORE","rebuilt"
"Crayons","CRAYON","NAME MATCH ONLY - SPECIFICATION REQUIRED","physical_inventory","Lessons/Bi-Weekly/Grades_1-2_YearB/Session16_Earth_Care.md","1-2","Bi-Weekly","B","CORE","rebuilt"
"Crayons","CRAYON","NAME MATCH ONLY - SPECIFICATION REQUIRED","physical_inventory","Lessons/Bi-Weekly/Grades_1-2_YearB/Session17_Celebration.md","1-2","Bi-Weekly","B","RECOMMENDED","rebuilt"
"Crayons","CRAYON","NAME MATCH ONLY - SPECIFICATION REQUIRED","physical_inventory","Lessons/Grades_1-2_YearA/Week01_Welcome_to_CSTREAM.md","1-2","Weekly","A","CORE","rebuilt"
"Crayons","CRAYON","NAME MATCH ONLY - SPECIFICATION REQUIRED","physical_inventory","Lessons/Grades_1-2_YearA/Week04_Wonder_Walk.md","1-2","Weekly","A","CORE","rebuilt"
"Crayons","CRAYON","NAME MATCH ONLY - SPECIFICATION REQUIRED","physical_inventory","Lessons/Grades_1-2_YearA/Week05-06_KEVA_Engineering.md","1-2","Weekly","A","CORE","rebuilt"
"Crayons","CRAYON","NAME MATCH ONLY - SPECIFICATION REQUIRED","physical_inventory","Lessons/Grades_1-2_YearA/Week07-09_Engineering_for_Others.md","1-2","Weekly","A","CORE","rebuilt"
"Crayons","CRAYON","NAME MATCH ONLY - SPECIFICATION REQUIRED","physical_inventory","Lessons/Grades_1-2_YearA/Week10_Strong_Bridges.md","1-2","Weekly","A","CORE","rebuilt"
"Crayons","CRAYON","NAME MATCH ONLY - SPECIFICATION REQUIRED","physical_inventory","Lessons/Grades_1-2_YearA/Week11_Thankful_Coding.md","1-2","Weekly","A","RECOMMENDED","rebuilt"
"Crayons","CRAYON","NAME MATCH ONLY - SPECIFICATION REQUIRED","physical_inventory","Lessons/Grades_1-2_YearA/Week12_Making_Gifts.md","1-2","Weekly","A","RECOMMENDED","rebuilt"
"Crayons","CRAYON","NAME MATCH ONLY - SPECIFICATION REQUIRED","physical_inventory","Lessons/Grades_1-2_YearA/Week13_Fall_Celebration.md","1-2","Weekly","A","OPTIONAL","rebuilt"
"Crayons","CRAYON","NAME MATCH ONLY - SPECIFICATION REQUIRED","physical_inventory","Lessons/Grades_1-2_YearA/Week14-15_Light_Explorations.md","1-2","Weekly","A","CORE","rebuilt"
"Crayons","CRAYON","NAME MATCH ONLY - SPECIFICATION REQUIRED","physical_inventory","Lessons/Grades_1-2_YearA/Week16_Star_of_Wonder.md","1-2","Weekly","A","RECOMMENDED","rebuilt"
"Crayons","CRAYON","NAME MATCH ONLY - SPECIFICATION REQUIRED","physical_inventory","Lessons/Grades_1-2_YearA/Week18_New_Year_Goals.md","1-2","Weekly","A","RECOMMENDED","rebuilt"
"Crayons","CRAYON","NAME MATCH ONLY - SPECIFICATION REQUIRED","physical_inventory","Lessons/Grades_1-2_YearA/Week19-22_Exploration_Stations.md","1-2","Weekly","A","CORE","rebuilt"
"Crayons","CRAYON","NAME MATCH ONLY - SPECIFICATION REQUIRED","physical_inventory","Lessons/Grades_1-2_YearA/Week23_Catholic_Schools_Week.md","1-2","Weekly","A","RECOMMENDED","rebuilt"
"Crayons","CRAYON","NAME MATCH ONLY - SPECIFICATION REQUIRED","physical_inventory","Lessons/Grades_1-2_YearA/Week24-25_Dash_Robot_Adventures.md","1-2","Weekly","A","CORE","rebuilt"
"Crayons","CRAYON","NAME MATCH ONLY - SPECIFICATION REQUIRED","physical_inventory","Lessons/Grades_1-2_YearA/Week26-27_Helping_Hands_Design.md","1-2","Weekly","A","CORE","rebuilt"
"Crayons","CRAYON","NAME MATCH ONLY - SPECIFICATION REQUIRED","physical_inventory","Lessons/Grades_1-2_YearA/Week28_Pi_Day_Circles.md","1-2","Weekly","A","CORE","rebuilt"
"Crayons","CRAYON","NAME MATCH ONLY - SPECIFICATION REQUIRED","physical_inventory","Lessons/Grades_1-2_YearA/Week29-31_Growing_Things.md","1-2","Weekly","A","CORE","rebuilt"
"Crayons","CRAYON","NAME MATCH ONLY - SPECIFICATION REQUIRED","physical_inventory","Lessons/Grades_1-2_YearA/Week33_New_Life_Engineering.md","1-2","Weekly","A","RECOMMENDED","rebuilt"
"Crayons","CRAYON","NAME MATCH ONLY - SPECIFICATION REQUIRED","physical_inventory","Lessons/Grades_1-2_YearA/Week34_Year_Celebration.md","1-2","Weekly","A","RECOMMENDED","rebuilt"
"Crayons","CRAYON","NAME MATCH ONLY - SPECIFICATION REQUIRED","physical_inventory","Lessons/Grades_1-2_YearB/Week01_Welcome_Scientists.md","1-2","Weekly","B","CORE","rebuilt"
"Crayons","CRAYON","NAME MATCH ONLY - SPECIFICATION REQUIRED","physical_inventory","Lessons/Grades_1-2_YearB/Week04_Senses_Discovery.md","1-2","Weekly","B","CORE","rebuilt"
"Crayons","CRAYON","NAME MATCH ONLY - SPECIFICATION REQUIRED","physical_inventory","Lessons/Grades_1-2_YearB/Week05-06_Tower_Engineering.md","1-2","Weekly","B","CORE","rebuilt"
"Crayons","CRAYON","NAME MATCH ONLY - SPECIFICATION REQUIRED","physical_inventory","Lessons/Grades_1-2_YearB/Week07-09_Animal_Habitats.md","1-2","Weekly","B","CORE","rebuilt"
"Crayons","CRAYON","NAME MATCH ONLY - SPECIFICATION REQUIRED","physical_inventory","Lessons/Grades_1-2_YearB/Week10_Ramp_Races.md","1-2","Weekly","B","CORE","rebuilt"
"Crayons","CRAYON","NAME MATCH ONLY - SPECIFICATION REQUIRED","physical_inventory","Lessons/Grades_1-2_YearB/Week11_Thanksgiving_Coding.md","1-2","Weekly","B","RECOMMENDED","rebuilt"
"Crayons","CRAYON","NAME MATCH ONLY - SPECIFICATION REQUIRED","physical_inventory","Lessons/Grades_1-2_YearB/Week12_Gifts_Others.md","1-2","Weekly","B","RECOMMENDED","rebuilt"
"Crayons","CRAYON","NAME MATCH ONLY - SPECIFICATION REQUIRED","physical_inventory","Lessons/Grades_1-2_YearB/Week13_Fall_Festival.md","1-2","Weekly","B","OPTIONAL","rebuilt"
"Crayons","CRAYON","NAME MATCH ONLY - SPECIFICATION REQUIRED","physical_inventory","Lessons/Grades_1-2_YearB/Week14-15_Stars_Light.md","1-2","Weekly","B","CORE","rebuilt"
"Crayons","CRAYON","NAME MATCH ONLY - SPECIFICATION REQUIRED","physical_inventory","Lessons/Grades_1-2_YearB/Week16_Winter_Wonders.md","1-2","Weekly","B","CORE","rebuilt"
"Crayons","CRAYON","NAME MATCH ONLY - SPECIFICATION REQUIRED","physical_inventory","Lessons/Grades_1-2_YearB/Week18_Growth_Goals.md","1-2","Weekly","B","RECOMMENDED","rebuilt"
"Crayons","CRAYON","NAME MATCH ONLY - SPECIFICATION REQUIRED","physical_inventory","Lessons/Grades_1-2_YearB/Week19-22_Invention_Labs.md","1-2","Weekly","B","CORE","rebuilt"
"Crayons","CRAYON","NAME MATCH ONLY - SPECIFICATION REQUIRED","physical_inventory","Lessons/Grades_1-2_YearB/Week23_Catholic_Schools.md","1-2","Weekly","B","RECOMMENDED","rebuilt"
"Crayons","CRAYON","NAME MATCH ONLY - SPECIFICATION REQUIRED","physical_inventory","Lessons/Grades_1-2_YearB/Week24-25_Friendship_Machines.md","1-2","Weekly","B","CORE","rebuilt"
"Crayons","CRAYON","NAME MATCH ONLY - SPECIFICATION REQUIRED","physical_inventory","Lessons/Grades_1-2_YearB/Week26-27_Garden_Engineering.md","1-2","Weekly","B","CORE","rebuilt"
"Crayons","CRAYON","NAME MATCH ONLY - SPECIFICATION REQUIRED","physical_inventory","Lessons/Grades_1-2_YearB/Week28_Math_Games.md","1-2","Weekly","B","CORE","rebuilt"
"Crayons","CRAYON","NAME MATCH ONLY - SPECIFICATION REQUIRED","physical_inventory","Lessons/Grades_1-2_YearB/Week29-31_Butterfly_Engineering.md","1-2","Weekly","B","CORE","rebuilt"
"Crayons","CRAYON","NAME MATCH ONLY - SPECIFICATION REQUIRED","physical_inventory","Lessons/Grades_1-2_YearB/Week33_New_Life.md","1-2","Weekly","B","RECOMMENDED","rebuilt"
"Crayons","CRAYON","NAME MATCH ONLY - SPECIFICATION REQUIRED","physical_inventory","Lessons/Grades_1-2_YearB/Week34_Showcase.md","1-2","Weekly","B","RECOMMENDED","rebuilt"
"Current-limited 3-V LED module","LED","NAME MATCH ONLY - SPECIFICATION REQUIRED","physical_inventory","Lessons/Grades_1-2_YearB/Week14-15_Stars_Light.md","1-2","Weekly","B","CORE","rebuilt"
"Dash robot","DASH","NAME MATCH ONLY - SPECIFICATION REQUIRED","physical_inventory","Lessons/Bi-Weekly/Grades_1-2_YearA/Session04_Robot_Friends.md","1-2","Bi-Weekly","A","CORE","rebuilt"
"Dash robot","DASH","NAME MATCH ONLY - SPECIFICATION REQUIRED","physical_inventory","Lessons/Bi-Weekly/Grades_1-2_YearA/Session15_Robot_Challenge.md","1-2","Bi-Weekly","A","CORE","rebuilt"
"Dash robot","DASH","NAME MATCH ONLY - SPECIFICATION REQUIRED","physical_inventory","Lessons/Grades_1-2_YearA/Week24-25_Dash_Robot_Adventures.md","1-2","Weekly","A","CORE","rebuilt"
"Dash robot","DASH","NAME MATCH ONLY - SPECIFICATION REQUIRED","physical_inventory","Lessons/Grades_1-2_YearB/Week02-03_Dash_Adventures.md","1-2","Weekly","B","CORE","rebuilt"
"Enclosed 2-AA flashlight","FLASH","NAME MATCH ONLY - SPECIFICATION REQUIRED","physical_inventory","Lessons/Bi-Weekly/Grades_1-2_YearA/Session07_Light_in_Darkness.md","1-2","Bi-Weekly","A","CORE","rebuilt"
"Enclosed 2-AA flashlight","FLASH","NAME MATCH ONLY - SPECIFICATION REQUIRED","physical_inventory","Lessons/Grades_1-2_YearA/Week14-15_Light_Explorations.md","1-2","Weekly","A","CORE","rebuilt"
"Equal measuring cube","CUBE","NAME MATCH ONLY - SPECIFICATION REQUIRED","physical_inventory","Lessons/Grades_1-2_YearA/Week19-22_Exploration_Stations.md","1-2","Weekly","A","CORE","rebuilt"
"Equal measuring cube","CUBE","NAME MATCH ONLY - SPECIFICATION REQUIRED","physical_inventory","Lessons/Grades_1-2_YearA/Week28_Pi_Day_Circles.md","1-2","Weekly","A","CORE","rebuilt"
"Flexible plastic ruler","FLEXRULER","NAME MATCH ONLY - SPECIFICATION REQUIRED","physical_inventory","Lessons/Bi-Weekly/Grades_1-2_YearA/Session14_Sound_Engineering.md","1-2","Bi-Weekly","A","CORE","rebuilt"
"Ice cube","ICE","NAME MATCH ONLY - SPECIFICATION REQUIRED","physical_inventory","Lessons/Grades_1-2_YearB/Week16_Winter_Wonders.md","1-2","Weekly","B","CORE","rebuilt"
"Index cards","INDEX","NAME MATCH ONLY - SPECIFICATION REQUIRED","physical_inventory","Lessons/Bi-Weekly/Grades_1-2_YearA/Session04_Robot_Friends.md","1-2","Bi-Weekly","A","CORE","rebuilt"
"Index cards","INDEX","NAME MATCH ONLY - SPECIFICATION REQUIRED","physical_inventory","Lessons/Bi-Weekly/Grades_1-2_YearA/Session06_Thanksgiving_Service.md","1-2","Bi-Weekly","A","RECOMMENDED","rebuilt"
"Index cards","INDEX","NAME MATCH ONLY - SPECIFICATION REQUIRED","physical_inventory","Lessons/Bi-Weekly/Grades_1-2_YearA/Session08_Coding_Basics.md","1-2","Bi-Weekly","A","CORE","rebuilt"
"Index cards","INDEX","NAME MATCH ONLY - SPECIFICATION REQUIRED","physical_inventory","Lessons/Bi-Weekly/Grades_1-2_YearA/Session10_Weather_Watchers.md","1-2","Bi-Weekly","A","CORE","rebuilt"
"Index cards","INDEX","NAME MATCH ONLY - SPECIFICATION REQUIRED","physical_inventory","Lessons/Bi-Weekly/Grades_1-2_YearA/Session11_Lenten_Engineers.md","1-2","Bi-Weekly","A","RECOMMENDED","rebuilt"
"Index cards","INDEX","NAME MATCH ONLY - SPECIFICATION REQUIRED","physical_inventory","Lessons/Bi-Weekly/Grades_1-2_YearA/Session14_Sound_Engineering.md","1-2","Bi-Weekly","A","CORE","rebuilt"
"Index cards","INDEX","NAME MATCH ONLY - SPECIFICATION REQUIRED","physical_inventory","Lessons/Bi-Weekly/Grades_1-2_YearA/Session15_Robot_Challenge.md","1-2","Bi-Weekly","A","CORE","rebuilt"
"Index cards","INDEX","NAME MATCH ONLY - SPECIFICATION REQUIRED","physical_inventory","Lessons/Bi-Weekly/Grades_1-2_YearA/Session16_Community_Helpers.md","1-2","Bi-Weekly","A","RECOMMENDED","rebuilt"
"Index cards","INDEX","NAME MATCH ONLY - SPECIFICATION REQUIRED","physical_inventory","Lessons/Bi-Weekly/Grades_1-2_YearA/Session17_Exhibition.md","1-2","Bi-Weekly","A","RECOMMENDED","rebuilt"
"Index cards","INDEX","NAME MATCH ONLY - SPECIFICATION REQUIRED","physical_inventory","Lessons/Bi-Weekly/Grades_1-2_YearB/Session03_Sphero_Intro.md","1-2","Bi-Weekly","B","CORE","rebuilt"
"Index cards","INDEX","NAME MATCH ONLY - SPECIFICATION REQUIRED","physical_inventory","Lessons/Bi-Weekly/Grades_1-2_YearB/Session09_Faith_Scientists.md","1-2","Bi-Weekly","B","RECOMMENDED","rebuilt"
"Index cards","INDEX","NAME MATCH ONLY - SPECIFICATION REQUIRED","physical_inventory","Lessons/Bi-Weekly/Grades_1-2_YearB/Session11_Lenten_Love.md","1-2","Bi-Weekly","B","RECOMMENDED","rebuilt"
"Index cards","INDEX","NAME MATCH ONLY - SPECIFICATION REQUIRED","physical_inventory","Lessons/Bi-Weekly/Grades_1-2_YearB/Session13_Easter_Joy.md","1-2","Bi-Weekly","B","RECOMMENDED","rebuilt"
"Index cards","INDEX","NAME MATCH ONLY - SPECIFICATION REQUIRED","physical_inventory","Lessons/Bi-Weekly/Grades_1-2_YearB/Session14_Sphero_Challenge.md","1-2","Bi-Weekly","B","CORE","rebuilt"
"Index cards","INDEX","NAME MATCH ONLY - SPECIFICATION REQUIRED","physical_inventory","Lessons/Bi-Weekly/Grades_1-2_YearB/Session17_Celebration.md","1-2","Bi-Weekly","B","RECOMMENDED","rebuilt"
"Index cards","INDEX","NAME MATCH ONLY - SPECIFICATION REQUIRED","physical_inventory","Lessons/Grades_1-2_YearA/Week11_Thankful_Coding.md","1-2","Weekly","A","RECOMMENDED","rebuilt"
"Index cards","INDEX","NAME MATCH ONLY - SPECIFICATION REQUIRED","physical_inventory","Lessons/Grades_1-2_YearA/Week13_Fall_Celebration.md","1-2","Weekly","A","OPTIONAL","rebuilt"
"Index cards","INDEX","NAME MATCH ONLY - SPECIFICATION REQUIRED","physical_inventory","Lessons/Grades_1-2_YearA/Week18_New_Year_Goals.md","1-2","Weekly","A","RECOMMENDED","rebuilt"
"Index cards","INDEX","NAME MATCH ONLY - SPECIFICATION REQUIRED","physical_inventory","Lessons/Grades_1-2_YearA/Week24-25_Dash_Robot_Adventures.md","1-2","Weekly","A","CORE","rebuilt"
"Index cards","INDEX","NAME MATCH ONLY - SPECIFICATION REQUIRED","physical_inventory","Lessons/Grades_1-2_YearA/Week26-27_Helping_Hands_Design.md","1-2","Weekly","A","CORE","rebuilt"
"Index cards","INDEX","NAME MATCH ONLY - SPECIFICATION REQUIRED","physical_inventory","Lessons/Grades_1-2_YearA/Week34_Year_Celebration.md","1-2","Weekly","A","RECOMMENDED","rebuilt"
"Index cards","INDEX","NAME MATCH ONLY - SPECIFICATION REQUIRED","physical_inventory","Lessons/Grades_1-2_YearB/Week02-03_Dash_Adventures.md","1-2","Weekly","B","CORE","rebuilt"
"Index cards","INDEX","NAME MATCH ONLY - SPECIFICATION REQUIRED","physical_inventory","Lessons/Grades_1-2_YearB/Week11_Thanksgiving_Coding.md","1-2","Weekly","B","RECOMMENDED","rebuilt"
"Index cards","INDEX","NAME MATCH ONLY - SPECIFICATION REQUIRED","physical_inventory","Lessons/Grades_1-2_YearB/Week13_Fall_Festival.md","1-2","Weekly","B","OPTIONAL","rebuilt"
"Index cards","INDEX","NAME MATCH ONLY - SPECIFICATION REQUIRED","physical_inventory","Lessons/Grades_1-2_YearB/Week18_Growth_Goals.md","1-2","Weekly","B","RECOMMENDED","rebuilt"
"Index cards","INDEX","NAME MATCH ONLY - SPECIFICATION REQUIRED","physical_inventory","Lessons/Grades_1-2_YearB/Week19-22_Invention_Labs.md","1-2","Weekly","B","CORE","rebuilt"
"Index cards","INDEX","NAME MATCH ONLY - SPECIFICATION REQUIRED","physical_inventory","Lessons/Grades_1-2_YearB/Week23_Catholic_Schools.md","1-2","Weekly","B","RECOMMENDED","rebuilt"
"Index cards","INDEX","NAME MATCH ONLY - SPECIFICATION REQUIRED","physical_inventory","Lessons/Grades_1-2_YearB/Week24-25_Friendship_Machines.md","1-2","Weekly","B","CORE","rebuilt"
"Index cards","INDEX","NAME MATCH ONLY - SPECIFICATION REQUIRED","physical_inventory","Lessons/Grades_1-2_YearB/Week26-27_Garden_Engineering.md","1-2","Weekly","B","CORE","rebuilt"
"Index cards","INDEX","NAME MATCH ONLY - SPECIFICATION REQUIRED","physical_inventory","Lessons/Grades_1-2_YearB/Week28_Math_Games.md","1-2","Weekly","B","CORE","rebuilt"
"Index cards","INDEX","NAME MATCH ONLY - SPECIFICATION REQUIRED","physical_inventory","Lessons/Grades_1-2_YearB/Week34_Showcase.md","1-2","Weekly","B","RECOMMENDED","rebuilt"
"Insulated clip lead","LEAD","NAME MATCH ONLY - SPECIFICATION REQUIRED","physical_inventory","Lessons/Grades_1-2_YearB/Week14-15_Stars_Light.md","1-2","Weekly","B","CORE","rebuilt"
"Large clean texture object","TEXTUREOBJ","NAME MATCH ONLY - SPECIFICATION REQUIRED","physical_inventory","Lessons/Grades_1-2_YearB/Week04_Senses_Discovery.md","1-2","Weekly","B","CORE","rebuilt"
"Large encased classroom magnet","EARLYMAGNET","NAME MATCH ONLY - SPECIFICATION REQUIRED","physical_inventory","Lessons/Bi-Weekly/Grades_1-2_YearB/Session10_Magnets_Motion.md","1-2","Bi-Weekly","B","CORE","rebuilt"
"Large identical plastic test counters","COUNTER","NAME MATCH ONLY - SPECIFICATION REQUIRED","physical_inventory","Lessons/Bi-Weekly/Grades_1-2_YearB/Session09_Faith_Scientists.md","1-2","Bi-Weekly","B","RECOMMENDED","rebuilt"
"Large identical plastic test counters","COUNTER","NAME MATCH ONLY - SPECIFICATION REQUIRED","physical_inventory","Lessons/Grades_1-2_YearB/Week28_Math_Games.md","1-2","Weekly","B","CORE","rebuilt"
"Large steel spoon","EARLYSPOON","NAME MATCH ONLY - SPECIFICATION REQUIRED","physical_inventory","Lessons/Bi-Weekly/Grades_1-2_YearB/Session10_Magnets_Motion.md","1-2","Bi-Weekly","B","CORE","rebuilt"
"Leaf picture","RESOURCE:PLANTPICTURE","DECLARED RESOURCE - LOCAL ACCESS REQUIRED","teacher_prepared","Lessons/Bi-Weekly/Grades_1-2_YearA/Session05_Nature_Exploration.md","1-2","Bi-Weekly","A","CORE","rebuilt"
"Leaf picture","RESOURCE:PLANTPICTURE","DECLARED RESOURCE - LOCAL ACCESS REQUIRED","teacher_prepared","Lessons/Grades_1-2_YearA/Week01_Welcome_to_CSTREAM.md","1-2","Weekly","A","CORE","rebuilt"
"Leaf picture","RESOURCE:PLANTPICTURE","DECLARED RESOURCE - LOCAL ACCESS REQUIRED","teacher_prepared","Lessons/Grades_1-2_YearA/Week04_Wonder_Walk.md","1-2","Weekly","A","CORE","rebuilt"
"Leaf picture","RESOURCE:PLANTPICTURE","DECLARED RESOURCE - LOCAL ACCESS REQUIRED","teacher_prepared","Lessons/Grades_1-2_YearA/Week23_Catholic_Schools_Week.md","1-2","Weekly","A","RECOMMENDED","rebuilt"
"Leaf picture","RESOURCE:PLANTPICTURE","DECLARED RESOURCE - LOCAL ACCESS REQUIRED","teacher_prepared","Lessons/Grades_1-2_YearB/Week01_Welcome_Scientists.md","1-2","Weekly","B","CORE","rebuilt"
"Masking tape","TAPE","NAME MATCH ONLY - SPECIFICATION REQUIRED","physical_inventory","Lessons/Bi-Weekly/Grades_1-2_YearA/Session04_Robot_Friends.md","1-2","Bi-Weekly","A","CORE","rebuilt"
"Masking tape","TAPE","NAME MATCH ONLY - SPECIFICATION REQUIRED","physical_inventory","Lessons/Bi-Weekly/Grades_1-2_YearA/Session07_Light_in_Darkness.md","1-2","Bi-Weekly","A","CORE","rebuilt"
"Masking tape","TAPE","NAME MATCH ONLY - SPECIFICATION REQUIRED","physical_inventory","Lessons/Bi-Weekly/Grades_1-2_YearA/Session11_Lenten_Engineers.md","1-2","Bi-Weekly","A","RECOMMENDED","rebuilt"
"Masking tape","TAPE","NAME MATCH ONLY - SPECIFICATION REQUIRED","physical_inventory","Lessons/Bi-Weekly/Grades_1-2_YearA/Session13_Easter_Innovation.md","1-2","Bi-Weekly","A","RECOMMENDED","rebuilt"
"Masking tape","TAPE","NAME MATCH ONLY - SPECIFICATION REQUIRED","physical_inventory","Lessons/Bi-Weekly/Grades_1-2_YearA/Session14_Sound_Engineering.md","1-2","Bi-Weekly","A","CORE","rebuilt"
"Masking tape","TAPE","NAME MATCH ONLY - SPECIFICATION REQUIRED","physical_inventory","Lessons/Bi-Weekly/Grades_1-2_YearA/Session15_Robot_Challenge.md","1-2","Bi-Weekly","A","CORE","rebuilt"
"Masking tape","TAPE","NAME MATCH ONLY - SPECIFICATION REQUIRED","physical_inventory","Lessons/Bi-Weekly/Grades_1-2_YearA/Session16_Community_Helpers.md","1-2","Bi-Weekly","A","RECOMMENDED","rebuilt"
"Masking tape","TAPE","NAME MATCH ONLY - SPECIFICATION REQUIRED","physical_inventory","Lessons/Bi-Weekly/Grades_1-2_YearB/Session03_Sphero_Intro.md","1-2","Bi-Weekly","B","CORE","rebuilt"
"Masking tape","TAPE","NAME MATCH ONLY - SPECIFICATION REQUIRED","physical_inventory","Lessons/Bi-Weekly/Grades_1-2_YearB/Session07_Star_Makers.md","1-2","Bi-Weekly","B","CORE","rebuilt"
"Masking tape","TAPE","NAME MATCH ONLY - SPECIFICATION REQUIRED","physical_inventory","Lessons/Bi-Weekly/Grades_1-2_YearB/Session11_Lenten_Love.md","1-2","Bi-Weekly","B","RECOMMENDED","rebuilt"
"Masking tape","TAPE","NAME MATCH ONLY - SPECIFICATION REQUIRED","physical_inventory","Lessons/Bi-Weekly/Grades_1-2_YearB/Session14_Sphero_Challenge.md","1-2","Bi-Weekly","B","CORE","rebuilt"
"Masking tape","TAPE","NAME MATCH ONLY - SPECIFICATION REQUIRED","physical_inventory","Lessons/Grades_1-2_YearA/Week02-03_Sphero_Coding.md","1-2","Weekly","A","CORE","rebuilt"
"Masking tape","TAPE","NAME MATCH ONLY - SPECIFICATION REQUIRED","physical_inventory","Lessons/Grades_1-2_YearA/Week07-09_Engineering_for_Others.md","1-2","Weekly","A","CORE","rebuilt"
"Masking tape","TAPE","NAME MATCH ONLY - SPECIFICATION REQUIRED","physical_inventory","Lessons/Grades_1-2_YearA/Week14-15_Light_Explorations.md","1-2","Weekly","A","CORE","rebuilt"
"Masking tape","TAPE","NAME MATCH ONLY - SPECIFICATION REQUIRED","physical_inventory","Lessons/Grades_1-2_YearA/Week24-25_Dash_Robot_Adventures.md","1-2","Weekly","A","CORE","rebuilt"
"Masking tape","TAPE","NAME MATCH ONLY - SPECIFICATION REQUIRED","physical_inventory","Lessons/Grades_1-2_YearA/Week26-27_Helping_Hands_Design.md","1-2","Weekly","A","CORE","rebuilt"
"Masking tape","TAPE","NAME MATCH ONLY - SPECIFICATION REQUIRED","physical_inventory","Lessons/Grades_1-2_YearA/Week33_New_Life_Engineering.md","1-2","Weekly","A","RECOMMENDED","rebuilt"
"Masking tape","TAPE","NAME MATCH ONLY - SPECIFICATION REQUIRED","physical_inventory","Lessons/Grades_1-2_YearB/Week02-03_Dash_Adventures.md","1-2","Weekly","B","CORE","rebuilt"
"Masking tape","TAPE","NAME MATCH ONLY - SPECIFICATION REQUIRED","physical_inventory","Lessons/Grades_1-2_YearB/Week05-06_Tower_Engineering.md","1-2","Weekly","B","CORE","rebuilt"
"Masking tape","TAPE","NAME MATCH ONLY - SPECIFICATION REQUIRED","physical_inventory","Lessons/Grades_1-2_YearB/Week07-09_Animal_Habitats.md","1-2","Weekly","B","CORE","rebuilt"
"Masking tape","TAPE","NAME MATCH ONLY - SPECIFICATION REQUIRED","physical_inventory","Lessons/Grades_1-2_YearB/Week10_Ramp_Races.md","1-2","Weekly","B","CORE","rebuilt"
"Masking tape","TAPE","NAME MATCH ONLY - SPECIFICATION REQUIRED","physical_inventory","Lessons/Grades_1-2_YearB/Week19-22_Invention_Labs.md","1-2","Weekly","B","CORE","rebuilt"
"Masking tape","TAPE","NAME MATCH ONLY - SPECIFICATION REQUIRED","physical_inventory","Lessons/Grades_1-2_YearB/Week24-25_Friendship_Machines.md","1-2","Weekly","B","CORE","rebuilt"
"Masking tape","TAPE","NAME MATCH ONLY - SPECIFICATION REQUIRED","physical_inventory","Lessons/Grades_1-2_YearB/Week29-31_Butterfly_Engineering.md","1-2","Weekly","B","CORE","rebuilt"
"Measuring strip","RESOURCE:MEASURESTRIP","DECLARED RESOURCE - LOCAL ACCESS REQUIRED","teacher_prepared","Lessons/Grades_1-2_YearA/Week02-03_Sphero_Coding.md","1-2","Weekly","A","CORE","rebuilt"
"Metric ruler","RULER","NAME MATCH ONLY - SPECIFICATION REQUIRED","physical_inventory","Lessons/Bi-Weekly/Grades_1-2_YearA/Session01_Wonder_Engineers.md","1-2","Bi-Weekly","A","CORE","rebuilt"
"Metric ruler","RULER","NAME MATCH ONLY - SPECIFICATION REQUIRED","physical_inventory","Lessons/Bi-Weekly/Grades_1-2_YearA/Session03_Bridge_Building.md","1-2","Bi-Weekly","A","CORE","rebuilt"
"Metric ruler","RULER","NAME MATCH ONLY - SPECIFICATION REQUIRED","physical_inventory","Lessons/Bi-Weekly/Grades_1-2_YearA/Session04_Robot_Friends.md","1-2","Bi-Weekly","A","CORE","rebuilt"
"Metric ruler","RULER","NAME MATCH ONLY - SPECIFICATION REQUIRED","physical_inventory","Lessons/Bi-Weekly/Grades_1-2_YearA/Session07_Light_in_Darkness.md","1-2","Bi-Weekly","A","CORE","rebuilt"
"Metric ruler","RULER","NAME MATCH ONLY - SPECIFICATION REQUIRED","physical_inventory","Lessons/Bi-Weekly/Grades_1-2_YearA/Session15_Robot_Challenge.md","1-2","Bi-Weekly","A","CORE","rebuilt"
"Metric ruler","RULER","NAME MATCH ONLY - SPECIFICATION REQUIRED","physical_inventory","Lessons/Bi-Weekly/Grades_1-2_YearB/Session01_Design_Detectives.md","1-2","Bi-Weekly","B","CORE","rebuilt"
"Metric ruler","RULER","NAME MATCH ONLY - SPECIFICATION REQUIRED","physical_inventory","Lessons/Bi-Weekly/Grades_1-2_YearB/Session02_Tower_Power.md","1-2","Bi-Weekly","B","CORE","rebuilt"
"Metric ruler","RULER","NAME MATCH ONLY - SPECIFICATION REQUIRED","physical_inventory","Lessons/Bi-Weekly/Grades_1-2_YearB/Session03_Sphero_Intro.md","1-2","Bi-Weekly","B","CORE","rebuilt"
"Metric ruler","RULER","NAME MATCH ONLY - SPECIFICATION REQUIRED","physical_inventory","Lessons/Bi-Weekly/Grades_1-2_YearB/Session14_Sphero_Challenge.md","1-2","Bi-Weekly","B","CORE","rebuilt"
"Metric ruler","RULER","NAME MATCH ONLY - SPECIFICATION REQUIRED","physical_inventory","Lessons/Bi-Weekly/Grades_1-2_YearB/Session15_Simple_Machines.md","1-2","Bi-Weekly","B","CORE","rebuilt"
"Metric ruler","RULER","NAME MATCH ONLY - SPECIFICATION REQUIRED","physical_inventory","Lessons/Grades_1-2_YearA/Week05-06_KEVA_Engineering.md","1-2","Weekly","A","CORE","rebuilt"
"Metric ruler","RULER","NAME MATCH ONLY - SPECIFICATION REQUIRED","physical_inventory","Lessons/Grades_1-2_YearA/Week07-09_Engineering_for_Others.md","1-2","Weekly","A","CORE","rebuilt"
"Metric ruler","RULER","NAME MATCH ONLY - SPECIFICATION REQUIRED","physical_inventory","Lessons/Grades_1-2_YearA/Week10_Strong_Bridges.md","1-2","Weekly","A","CORE","rebuilt"
"Metric ruler","RULER","NAME MATCH ONLY - SPECIFICATION REQUIRED","physical_inventory","Lessons/Grades_1-2_YearA/Week14-15_Light_Explorations.md","1-2","Weekly","A","CORE","rebuilt"
"Metric ruler","RULER","NAME MATCH ONLY - SPECIFICATION REQUIRED","physical_inventory","Lessons/Grades_1-2_YearA/Week19-22_Exploration_Stations.md","1-2","Weekly","A","CORE","rebuilt"
"Metric ruler","RULER","NAME MATCH ONLY - SPECIFICATION REQUIRED","physical_inventory","Lessons/Grades_1-2_YearA/Week24-25_Dash_Robot_Adventures.md","1-2","Weekly","A","CORE","rebuilt"
"Metric ruler","RULER","NAME MATCH ONLY - SPECIFICATION REQUIRED","physical_inventory","Lessons/Grades_1-2_YearA/Week29-31_Growing_Things.md","1-2","Weekly","A","CORE","rebuilt"
"Metric ruler","RULER","NAME MATCH ONLY - SPECIFICATION REQUIRED","physical_inventory","Lessons/Grades_1-2_YearB/Week02-03_Dash_Adventures.md","1-2","Weekly","B","CORE","rebuilt"
"Metric ruler","RULER","NAME MATCH ONLY - SPECIFICATION REQUIRED","physical_inventory","Lessons/Grades_1-2_YearB/Week05-06_Tower_Engineering.md","1-2","Weekly","B","CORE","rebuilt"
"Metric ruler","RULER","NAME MATCH ONLY - SPECIFICATION REQUIRED","physical_inventory","Lessons/Grades_1-2_YearB/Week10_Ramp_Races.md","1-2","Weekly","B","CORE","rebuilt"
"Metric ruler","RULER","NAME MATCH ONLY - SPECIFICATION REQUIRED","physical_inventory","Lessons/Grades_1-2_YearB/Week18_Growth_Goals.md","1-2","Weekly","B","RECOMMENDED","rebuilt"
"Metric ruler","RULER","NAME MATCH ONLY - SPECIFICATION REQUIRED","physical_inventory","Lessons/Grades_1-2_YearB/Week19-22_Invention_Labs.md","1-2","Weekly","B","CORE","rebuilt"
"Metric ruler","RULER","NAME MATCH ONLY - SPECIFICATION REQUIRED","physical_inventory","Lessons/Grades_1-2_YearB/Week26-27_Garden_Engineering.md","1-2","Weekly","B","CORE","rebuilt"
"Paper cups","CUP","NAME MATCH ONLY - SPECIFICATION REQUIRED","physical_inventory","Lessons/Grades_1-2_YearB/Week19-22_Invention_Labs.md","1-2","Weekly","B","CORE","rebuilt"
"Paper towel","TOWEL","NAME MATCH ONLY - SPECIFICATION REQUIRED","physical_inventory","Lessons/Grades_1-2_YearB/Week16_Winter_Wonders.md","1-2","Weekly","B","CORE","rebuilt"
"Pattern shape","RESOURCE:PATTERNSHAPE","DECLARED RESOURCE - LOCAL ACCESS REQUIRED","teacher_prepared","Lessons/Bi-Weekly/Grades_1-2_YearA/Session02_Gods_Patterns.md","1-2","Bi-Weekly","A","CORE","rebuilt"
"Pattern shape","RESOURCE:PATTERNSHAPE","DECLARED RESOURCE - LOCAL ACCESS REQUIRED","teacher_prepared","Lessons/Grades_1-2_YearA/Week19-22_Exploration_Stations.md","1-2","Weekly","A","CORE","rebuilt"
"Pencil","PENCIL","NAME MATCH ONLY - SPECIFICATION REQUIRED","physical_inventory","Lessons/Grades_1-2_YearA/Week01_Welcome_to_CSTREAM.md","1-2","Weekly","A","CORE","rebuilt"
"Permanently sealed shaker","SHAKER","NAME MATCH ONLY - SPECIFICATION REQUIRED","physical_inventory","Lessons/Grades_1-2_YearB/Week04_Senses_Discovery.md","1-2","Weekly","B","CORE","rebuilt"
"Plain paper","PAPER","NAME MATCH ONLY - SPECIFICATION REQUIRED","physical_inventory","Lessons/Bi-Weekly/Grades_1-2_YearA/Session01_Wonder_Engineers.md","1-2","Bi-Weekly","A","CORE","rebuilt"
"Plain paper","PAPER","NAME MATCH ONLY - SPECIFICATION REQUIRED","physical_inventory","Lessons/Bi-Weekly/Grades_1-2_YearA/Session02_Gods_Patterns.md","1-2","Bi-Weekly","A","CORE","rebuilt"
"Plain paper","PAPER","NAME MATCH ONLY - SPECIFICATION REQUIRED","physical_inventory","Lessons/Bi-Weekly/Grades_1-2_YearA/Session03_Bridge_Building.md","1-2","Bi-Weekly","A","CORE","rebuilt"
"Plain paper","PAPER","NAME MATCH ONLY - SPECIFICATION REQUIRED","physical_inventory","Lessons/Bi-Weekly/Grades_1-2_YearA/Session04_Robot_Friends.md","1-2","Bi-Weekly","A","CORE","rebuilt"
"Plain paper","PAPER","NAME MATCH ONLY - SPECIFICATION REQUIRED","physical_inventory","Lessons/Bi-Weekly/Grades_1-2_YearA/Session05_Nature_Exploration.md","1-2","Bi-Weekly","A","CORE","rebuilt"
"Plain paper","PAPER","NAME MATCH ONLY - SPECIFICATION REQUIRED","physical_inventory","Lessons/Bi-Weekly/Grades_1-2_YearA/Session06_Thanksgiving_Service.md","1-2","Bi-Weekly","A","RECOMMENDED","rebuilt"
"Plain paper","PAPER","NAME MATCH ONLY - SPECIFICATION REQUIRED","physical_inventory","Lessons/Bi-Weekly/Grades_1-2_YearA/Session07_Light_in_Darkness.md","1-2","Bi-Weekly","A","CORE","rebuilt"
"Plain paper","PAPER","NAME MATCH ONLY - SPECIFICATION REQUIRED","physical_inventory","Lessons/Bi-Weekly/Grades_1-2_YearA/Session08_Coding_Basics.md","1-2","Bi-Weekly","A","CORE","rebuilt"
"Plain paper","PAPER","NAME MATCH ONLY - SPECIFICATION REQUIRED","physical_inventory","Lessons/Bi-Weekly/Grades_1-2_YearA/Session09_Catholic_Inventors.md","1-2","Bi-Weekly","A","RECOMMENDED","rebuilt"
"Plain paper","PAPER","NAME MATCH ONLY - SPECIFICATION REQUIRED","physical_inventory","Lessons/Bi-Weekly/Grades_1-2_YearA/Session10_Weather_Watchers.md","1-2","Bi-Weekly","A","CORE","rebuilt"
"Plain paper","PAPER","NAME MATCH ONLY - SPECIFICATION REQUIRED","physical_inventory","Lessons/Bi-Weekly/Grades_1-2_YearA/Session11_Lenten_Engineers.md","1-2","Bi-Weekly","A","RECOMMENDED","rebuilt"
"Plain paper","PAPER","NAME MATCH ONLY - SPECIFICATION REQUIRED","physical_inventory","Lessons/Bi-Weekly/Grades_1-2_YearA/Session12_Life_Cycles.md","1-2","Bi-Weekly","A","CORE","rebuilt"
"Plain paper","PAPER","NAME MATCH ONLY - SPECIFICATION REQUIRED","physical_inventory","Lessons/Bi-Weekly/Grades_1-2_YearA/Session13_Easter_Innovation.md","1-2","Bi-Weekly","A","RECOMMENDED","rebuilt"
"Plain paper","PAPER","NAME MATCH ONLY - SPECIFICATION REQUIRED","physical_inventory","Lessons/Bi-Weekly/Grades_1-2_YearA/Session14_Sound_Engineering.md","1-2","Bi-Weekly","A","CORE","rebuilt"
"Plain paper","PAPER","NAME MATCH ONLY - SPECIFICATION REQUIRED","physical_inventory","Lessons/Bi-Weekly/Grades_1-2_YearA/Session15_Robot_Challenge.md","1-2","Bi-Weekly","A","CORE","rebuilt"
"Plain paper","PAPER","NAME MATCH ONLY - SPECIFICATION REQUIRED","physical_inventory","Lessons/Bi-Weekly/Grades_1-2_YearA/Session16_Community_Helpers.md","1-2","Bi-Weekly","A","RECOMMENDED","rebuilt"
"Plain paper","PAPER","NAME MATCH ONLY - SPECIFICATION REQUIRED","physical_inventory","Lessons/Bi-Weekly/Grades_1-2_YearA/Session17_Exhibition.md","1-2","Bi-Weekly","A","RECOMMENDED","rebuilt"
"Plain paper","PAPER","NAME MATCH ONLY - SPECIFICATION REQUIRED","physical_inventory","Lessons/Bi-Weekly/Grades_1-2_YearB/Session01_Design_Detectives.md","1-2","Bi-Weekly","B","CORE","rebuilt"
"Plain paper","PAPER","NAME MATCH ONLY - SPECIFICATION REQUIRED","physical_inventory","Lessons/Bi-Weekly/Grades_1-2_YearB/Session02_Tower_Power.md","1-2","Bi-Weekly","B","CORE","rebuilt"
"Plain paper","PAPER","NAME MATCH ONLY - SPECIFICATION REQUIRED","physical_inventory","Lessons/Bi-Weekly/Grades_1-2_YearB/Session03_Sphero_Intro.md","1-2","Bi-Weekly","B","CORE","rebuilt"
"Plain paper","PAPER","NAME MATCH ONLY - SPECIFICATION REQUIRED","physical_inventory","Lessons/Bi-Weekly/Grades_1-2_YearB/Session04_Animal_Adaptations.md","1-2","Bi-Weekly","B","CORE","rebuilt"
"Plain paper","PAPER","NAME MATCH ONLY - SPECIFICATION REQUIRED","physical_inventory","Lessons/Bi-Weekly/Grades_1-2_YearB/Session05_Garden_Engineers.md","1-2","Bi-Weekly","B","CORE","rebuilt"
"Plain paper","PAPER","NAME MATCH ONLY - SPECIFICATION REQUIRED","physical_inventory","Lessons/Bi-Weekly/Grades_1-2_YearB/Session06_Gratitude_Gifts.md","1-2","Bi-Weekly","B","RECOMMENDED","rebuilt"
"Plain paper","PAPER","NAME MATCH ONLY - SPECIFICATION REQUIRED","physical_inventory","Lessons/Bi-Weekly/Grades_1-2_YearB/Session07_Star_Makers.md","1-2","Bi-Weekly","B","CORE","rebuilt"
"Plain paper","PAPER","NAME MATCH ONLY - SPECIFICATION REQUIRED","physical_inventory","Lessons/Bi-Weekly/Grades_1-2_YearB/Session08_Digital_Art.md","1-2","Bi-Weekly","B","CORE","rebuilt"
"Plain paper","PAPER","NAME MATCH ONLY - SPECIFICATION REQUIRED","physical_inventory","Lessons/Bi-Weekly/Grades_1-2_YearB/Session09_Faith_Scientists.md","1-2","Bi-Weekly","B","RECOMMENDED","rebuilt"
"Plain paper","PAPER","NAME MATCH ONLY - SPECIFICATION REQUIRED","physical_inventory","Lessons/Bi-Weekly/Grades_1-2_YearB/Session10_Magnets_Motion.md","1-2","Bi-Weekly","B","CORE","rebuilt"
"Plain paper","PAPER","NAME MATCH ONLY - SPECIFICATION REQUIRED","physical_inventory","Lessons/Bi-Weekly/Grades_1-2_YearB/Session11_Lenten_Love.md","1-2","Bi-Weekly","B","RECOMMENDED","rebuilt"
"Plain paper","PAPER","NAME MATCH ONLY - SPECIFICATION REQUIRED","physical_inventory","Lessons/Bi-Weekly/Grades_1-2_YearB/Session12_Butterfly_Wonder.md","1-2","Bi-Weekly","B","CORE","rebuilt"
"Plain paper","PAPER","NAME MATCH ONLY - SPECIFICATION REQUIRED","physical_inventory","Lessons/Bi-Weekly/Grades_1-2_YearB/Session13_Easter_Joy.md","1-2","Bi-Weekly","B","RECOMMENDED","rebuilt"
"Plain paper","PAPER","NAME MATCH ONLY - SPECIFICATION REQUIRED","physical_inventory","Lessons/Bi-Weekly/Grades_1-2_YearB/Session14_Sphero_Challenge.md","1-2","Bi-Weekly","B","CORE","rebuilt"
"Plain paper","PAPER","NAME MATCH ONLY - SPECIFICATION REQUIRED","physical_inventory","Lessons/Bi-Weekly/Grades_1-2_YearB/Session15_Simple_Machines.md","1-2","Bi-Weekly","B","CORE","rebuilt"
"Plain paper","PAPER","NAME MATCH ONLY - SPECIFICATION REQUIRED","physical_inventory","Lessons/Bi-Weekly/Grades_1-2_YearB/Session16_Earth_Care.md","1-2","Bi-Weekly","B","CORE","rebuilt"
"Plain paper","PAPER","NAME MATCH ONLY - SPECIFICATION REQUIRED","physical_inventory","Lessons/Bi-Weekly/Grades_1-2_YearB/Session17_Celebration.md","1-2","Bi-Weekly","B","RECOMMENDED","rebuilt"
"Plain paper","PAPER","NAME MATCH ONLY - SPECIFICATION REQUIRED","physical_inventory","Lessons/Grades_1-2_YearA/Week01_Welcome_to_CSTREAM.md","1-2","Weekly","A","CORE","rebuilt"
"Plain paper","PAPER","NAME MATCH ONLY - SPECIFICATION REQUIRED","physical_inventory","Lessons/Grades_1-2_YearA/Week02-03_Sphero_Coding.md","1-2","Weekly","A","CORE","rebuilt"
"Plain paper","PAPER","NAME MATCH ONLY - SPECIFICATION REQUIRED","physical_inventory","Lessons/Grades_1-2_YearA/Week04_Wonder_Walk.md","1-2","Weekly","A","CORE","rebuilt"
"Plain paper","PAPER","NAME MATCH ONLY - SPECIFICATION REQUIRED","physical_inventory","Lessons/Grades_1-2_YearA/Week05-06_KEVA_Engineering.md","1-2","Weekly","A","CORE","rebuilt"
"Plain paper","PAPER","NAME MATCH ONLY - SPECIFICATION REQUIRED","physical_inventory","Lessons/Grades_1-2_YearA/Week07-09_Engineering_for_Others.md","1-2","Weekly","A","CORE","rebuilt"
"Plain paper","PAPER","NAME MATCH ONLY - SPECIFICATION REQUIRED","physical_inventory","Lessons/Grades_1-2_YearA/Week10_Strong_Bridges.md","1-2","Weekly","A","CORE","rebuilt"
"Plain paper","PAPER","NAME MATCH ONLY - SPECIFICATION REQUIRED","physical_inventory","Lessons/Grades_1-2_YearA/Week11_Thankful_Coding.md","1-2","Weekly","A","RECOMMENDED","rebuilt"
"Plain paper","PAPER","NAME MATCH ONLY - SPECIFICATION REQUIRED","physical_inventory","Lessons/Grades_1-2_YearA/Week12_Making_Gifts.md","1-2","Weekly","A","RECOMMENDED","rebuilt"
"Plain paper","PAPER","NAME MATCH ONLY - SPECIFICATION REQUIRED","physical_inventory","Lessons/Grades_1-2_YearA/Week13_Fall_Celebration.md","1-2","Weekly","A","OPTIONAL","rebuilt"
"Plain paper","PAPER","NAME MATCH ONLY - SPECIFICATION REQUIRED","physical_inventory","Lessons/Grades_1-2_YearA/Week14-15_Light_Explorations.md","1-2","Weekly","A","CORE","rebuilt"
"Plain paper","PAPER","NAME MATCH ONLY - SPECIFICATION REQUIRED","physical_inventory","Lessons/Grades_1-2_YearA/Week16_Star_of_Wonder.md","1-2","Weekly","A","RECOMMENDED","rebuilt"
"Plain paper","PAPER","NAME MATCH ONLY - SPECIFICATION REQUIRED","physical_inventory","Lessons/Grades_1-2_YearA/Week18_New_Year_Goals.md","1-2","Weekly","A","RECOMMENDED","rebuilt"
"Plain paper","PAPER","NAME MATCH ONLY - SPECIFICATION REQUIRED","physical_inventory","Lessons/Grades_1-2_YearA/Week19-22_Exploration_Stations.md","1-2","Weekly","A","CORE","rebuilt"
"Plain paper","PAPER","NAME MATCH ONLY - SPECIFICATION REQUIRED","physical_inventory","Lessons/Grades_1-2_YearA/Week23_Catholic_Schools_Week.md","1-2","Weekly","A","RECOMMENDED","rebuilt"
"Plain paper","PAPER","NAME MATCH ONLY - SPECIFICATION REQUIRED","physical_inventory","Lessons/Grades_1-2_YearA/Week24-25_Dash_Robot_Adventures.md","1-2","Weekly","A","CORE","rebuilt"
"Plain paper","PAPER","NAME MATCH ONLY - SPECIFICATION REQUIRED","physical_inventory","Lessons/Grades_1-2_YearA/Week26-27_Helping_Hands_Design.md","1-2","Weekly","A","CORE","rebuilt"
"Plain paper","PAPER","NAME MATCH ONLY - SPECIFICATION REQUIRED","physical_inventory","Lessons/Grades_1-2_YearA/Week28_Pi_Day_Circles.md","1-2","Weekly","A","CORE","rebuilt"
"Plain paper","PAPER","NAME MATCH ONLY - SPECIFICATION REQUIRED","physical_inventory","Lessons/Grades_1-2_YearA/Week29-31_Growing_Things.md","1-2","Weekly","A","CORE","rebuilt"
"Plain paper","PAPER","NAME MATCH ONLY - SPECIFICATION REQUIRED","physical_inventory","Lessons/Grades_1-2_YearA/Week33_New_Life_Engineering.md","1-2","Weekly","A","RECOMMENDED","rebuilt"
"Plain paper","PAPER","NAME MATCH ONLY - SPECIFICATION REQUIRED","physical_inventory","Lessons/Grades_1-2_YearA/Week34_Year_Celebration.md","1-2","Weekly","A","RECOMMENDED","rebuilt"
"Plain paper","PAPER","NAME MATCH ONLY - SPECIFICATION REQUIRED","physical_inventory","Lessons/Grades_1-2_YearB/Week01_Welcome_Scientists.md","1-2","Weekly","B","CORE","rebuilt"
"Plain paper","PAPER","NAME MATCH ONLY - SPECIFICATION REQUIRED","physical_inventory","Lessons/Grades_1-2_YearB/Week02-03_Dash_Adventures.md","1-2","Weekly","B","CORE","rebuilt"
"Plain paper","PAPER","NAME MATCH ONLY - SPECIFICATION REQUIRED","physical_inventory","Lessons/Grades_1-2_YearB/Week04_Senses_Discovery.md","1-2","Weekly","B","CORE","rebuilt"
"Plain paper","PAPER","NAME MATCH ONLY - SPECIFICATION REQUIRED","physical_inventory","Lessons/Grades_1-2_YearB/Week05-06_Tower_Engineering.md","1-2","Weekly","B","CORE","rebuilt"
"Plain paper","PAPER","NAME MATCH ONLY - SPECIFICATION REQUIRED","physical_inventory","Lessons/Grades_1-2_YearB/Week07-09_Animal_Habitats.md","1-2","Weekly","B","CORE","rebuilt"
"Plain paper","PAPER","NAME MATCH ONLY - SPECIFICATION REQUIRED","physical_inventory","Lessons/Grades_1-2_YearB/Week10_Ramp_Races.md","1-2","Weekly","B","CORE","rebuilt"
"Plain paper","PAPER","NAME MATCH ONLY - SPECIFICATION REQUIRED","physical_inventory","Lessons/Grades_1-2_YearB/Week11_Thanksgiving_Coding.md","1-2","Weekly","B","RECOMMENDED","rebuilt"
"Plain paper","PAPER","NAME MATCH ONLY - SPECIFICATION REQUIRED","physical_inventory","Lessons/Grades_1-2_YearB/Week12_Gifts_Others.md","1-2","Weekly","B","RECOMMENDED","rebuilt"
"Plain paper","PAPER","NAME MATCH ONLY - SPECIFICATION REQUIRED","physical_inventory","Lessons/Grades_1-2_YearB/Week13_Fall_Festival.md","1-2","Weekly","B","OPTIONAL","rebuilt"
"Plain paper","PAPER","NAME MATCH ONLY - SPECIFICATION REQUIRED","physical_inventory","Lessons/Grades_1-2_YearB/Week14-15_Stars_Light.md","1-2","Weekly","B","CORE","rebuilt"
"Plain paper","PAPER","NAME MATCH ONLY - SPECIFICATION REQUIRED","physical_inventory","Lessons/Grades_1-2_YearB/Week16_Winter_Wonders.md","1-2","Weekly","B","CORE","rebuilt"
"Plain paper","PAPER","NAME MATCH ONLY - SPECIFICATION REQUIRED","physical_inventory","Lessons/Grades_1-2_YearB/Week18_Growth_Goals.md","1-2","Weekly","B","RECOMMENDED","rebuilt"
"Plain paper","PAPER","NAME MATCH ONLY - SPECIFICATION REQUIRED","physical_inventory","Lessons/Grades_1-2_YearB/Week19-22_Invention_Labs.md","1-2","Weekly","B","CORE","rebuilt"
"Plain paper","PAPER","NAME MATCH ONLY - SPECIFICATION REQUIRED","physical_inventory","Lessons/Grades_1-2_YearB/Week23_Catholic_Schools.md","1-2","Weekly","B","RECOMMENDED","rebuilt"
"Plain paper","PAPER","NAME MATCH ONLY - SPECIFICATION REQUIRED","physical_inventory","Lessons/Grades_1-2_YearB/Week24-25_Friendship_Machines.md","1-2","Weekly","B","CORE","rebuilt"
"Plain paper","PAPER","NAME MATCH ONLY - SPECIFICATION REQUIRED","physical_inventory","Lessons/Grades_1-2_YearB/Week26-27_Garden_Engineering.md","1-2","Weekly","B","CORE","rebuilt"
"Plain paper","PAPER","NAME MATCH ONLY - SPECIFICATION REQUIRED","physical_inventory","Lessons/Grades_1-2_YearB/Week28_Math_Games.md","1-2","Weekly","B","CORE","rebuilt"
"Plain paper","PAPER","NAME MATCH ONLY - SPECIFICATION REQUIRED","physical_inventory","Lessons/Grades_1-2_YearB/Week29-31_Butterfly_Engineering.md","1-2","Weekly","B","CORE","rebuilt"
"Plain paper","PAPER","NAME MATCH ONLY - SPECIFICATION REQUIRED","physical_inventory","Lessons/Grades_1-2_YearB/Week33_New_Life.md","1-2","Weekly","B","RECOMMENDED","rebuilt"
"Plain paper","PAPER","NAME MATCH ONLY - SPECIFICATION REQUIRED","physical_inventory","Lessons/Grades_1-2_YearB/Week34_Showcase.md","1-2","Weekly","B","RECOMMENDED","rebuilt"
"Plain paper ball","RESOURCE:PAPERBALL","DECLARED RESOURCE - LOCAL ACCESS REQUIRED","teacher_prepared","Lessons/Grades_1-2_YearA/Week07-09_Engineering_for_Others.md","1-2","Weekly","A","CORE","rebuilt"
"Plain paper ball","RESOURCE:PAPERBALL","DECLARED RESOURCE - LOCAL ACCESS REQUIRED","teacher_prepared","Lessons/Grades_1-2_YearB/Week19-22_Invention_Labs.md","1-2","Weekly","B","CORE","rebuilt"
"Plant picture","RESOURCE:PLANTPICTURE","DECLARED RESOURCE - LOCAL ACCESS REQUIRED","teacher_prepared","Lessons/Bi-Weekly/Grades_1-2_YearA/Session05_Nature_Exploration.md","1-2","Bi-Weekly","A","CORE","rebuilt"
"Plant picture","RESOURCE:PLANTPICTURE","DECLARED RESOURCE - LOCAL ACCESS REQUIRED","teacher_prepared","Lessons/Bi-Weekly/Grades_1-2_YearB/Session05_Garden_Engineers.md","1-2","Bi-Weekly","B","CORE","rebuilt"
"Plant picture","RESOURCE:PLANTPICTURE","DECLARED RESOURCE - LOCAL ACCESS REQUIRED","teacher_prepared","Lessons/Grades_1-2_YearA/Week04_Wonder_Walk.md","1-2","Weekly","A","CORE","rebuilt"
"Plant picture","RESOURCE:PLANTPICTURE","DECLARED RESOURCE - LOCAL ACCESS REQUIRED","teacher_prepared","Lessons/Grades_1-2_YearA/Week33_New_Life_Engineering.md","1-2","Weekly","A","RECOMMENDED","rebuilt"
"Plant picture","RESOURCE:PLANTPICTURE","DECLARED RESOURCE - LOCAL ACCESS REQUIRED","teacher_prepared","Lessons/Grades_1-2_YearB/Week26-27_Garden_Engineering.md","1-2","Weekly","B","CORE","rebuilt"
"Plastic graduated measuring cup","MEASURECUP","NAME MATCH ONLY - SPECIFICATION REQUIRED","physical_inventory","Lessons/Grades_1-2_YearA/Week29-31_Growing_Things.md","1-2","Weekly","A","CORE","rebuilt"
"Plastic graduated measuring cup","MEASURECUP","NAME MATCH ONLY - SPECIFICATION REQUIRED","physical_inventory","Lessons/Grades_1-2_YearB/Week16_Winter_Wonders.md","1-2","Weekly","B","CORE","rebuilt"
"Plastic graduated measuring cup","MEASURECUP","NAME MATCH ONLY - SPECIFICATION REQUIRED","physical_inventory","Lessons/Grades_1-2_YearB/Week26-27_Garden_Engineering.md","1-2","Weekly","B","CORE","rebuilt"
"Plastic magnifier","MAGNIFIER","NAME MATCH ONLY - SPECIFICATION REQUIRED","physical_inventory","Lessons/Grades_1-2_YearA/Week04_Wonder_Walk.md","1-2","Weekly","A","CORE","rebuilt"
"Plastic magnifier","MAGNIFIER","NAME MATCH ONLY - SPECIFICATION REQUIRED","physical_inventory","Lessons/Grades_1-2_YearB/Week04_Senses_Discovery.md","1-2","Weekly","B","CORE","rebuilt"
"Plastic plant pot","EARLYPOT","NAME MATCH ONLY - SPECIFICATION REQUIRED","physical_inventory","Lessons/Bi-Weekly/Grades_1-2_YearB/Session05_Garden_Engineers.md","1-2","Bi-Weekly","B","CORE","rebuilt"
"Plastic plant pot","EARLYPOT","NAME MATCH ONLY - SPECIFICATION REQUIRED","physical_inventory","Lessons/Grades_1-2_YearA/Week29-31_Growing_Things.md","1-2","Weekly","A","CORE","rebuilt"
"Plastic plant pot","EARLYPOT","NAME MATCH ONLY - SPECIFICATION REQUIRED","physical_inventory","Lessons/Grades_1-2_YearB/Week26-27_Garden_Engineering.md","1-2","Weekly","B","CORE","rebuilt"
"Plastic safety mirror","SAFEMIRROR","NAME MATCH ONLY - SPECIFICATION REQUIRED","physical_inventory","Lessons/Grades_1-2_YearA/Week14-15_Light_Explorations.md","1-2","Weekly","A","CORE","rebuilt"
"Plastic spoon","PLASTICSPOON","NAME MATCH ONLY - SPECIFICATION REQUIRED","physical_inventory","Lessons/Bi-Weekly/Grades_1-2_YearB/Session10_Magnets_Motion.md","1-2","Bi-Weekly","B","CORE","rebuilt"
"Potting mix","SOIL","NAME MATCH ONLY - SPECIFICATION REQUIRED","physical_inventory","Lessons/Bi-Weekly/Grades_1-2_YearB/Session05_Garden_Engineers.md","1-2","Bi-Weekly","B","CORE","rebuilt"
"Potting mix","SOIL","NAME MATCH ONLY - SPECIFICATION REQUIRED","physical_inventory","Lessons/Grades_1-2_YearA/Week29-31_Growing_Things.md","1-2","Weekly","A","CORE","rebuilt"
"Potting mix","SOIL","NAME MATCH ONLY - SPECIFICATION REQUIRED","physical_inventory","Lessons/Grades_1-2_YearB/Week26-27_Garden_Engineering.md","1-2","Weekly","B","CORE","rebuilt"
"Protected switched 2-AA circuit pack","PACK","NAME MATCH ONLY - SPECIFICATION REQUIRED","physical_inventory","Lessons/Grades_1-2_YearB/Week14-15_Stars_Light.md","1-2","Weekly","B","CORE","rebuilt"
"Rigid clear sample box","SAMPLEBOX","NAME MATCH ONLY - SPECIFICATION REQUIRED","physical_inventory","Lessons/Bi-Weekly/Grades_1-2_YearB/Session10_Magnets_Motion.md","1-2","Bi-Weekly","B","CORE","rebuilt"
"Round plastic lid","EARLYLID","NAME MATCH ONLY - SPECIFICATION REQUIRED","physical_inventory","Lessons/Grades_1-2_YearA/Week28_Pi_Day_Circles.md","1-2","Weekly","A","CORE","rebuilt"
"Saved learning artifact","RESOURCE:ARTIFACT","DECLARED RESOURCE - LOCAL ACCESS REQUIRED","documentation_format","Lessons/Bi-Weekly/Grades_1-2_YearA/Session17_Exhibition.md","1-2","Bi-Weekly","A","RECOMMENDED","rebuilt"
"Saved learning artifact","RESOURCE:ARTIFACT","DECLARED RESOURCE - LOCAL ACCESS REQUIRED","documentation_format","Lessons/Bi-Weekly/Grades_1-2_YearB/Session17_Celebration.md","1-2","Bi-Weekly","B","RECOMMENDED","rebuilt"
"Saved learning artifact","RESOURCE:ARTIFACT","DECLARED RESOURCE - LOCAL ACCESS REQUIRED","documentation_format","Lessons/Grades_1-2_YearA/Week13_Fall_Celebration.md","1-2","Weekly","A","OPTIONAL","rebuilt"
"Saved learning artifact","RESOURCE:ARTIFACT","DECLARED RESOURCE - LOCAL ACCESS REQUIRED","documentation_format","Lessons/Grades_1-2_YearA/Week34_Year_Celebration.md","1-2","Weekly","A","RECOMMENDED","rebuilt"
"Saved learning artifact","RESOURCE:ARTIFACT","DECLARED RESOURCE - LOCAL ACCESS REQUIRED","documentation_format","Lessons/Grades_1-2_YearB/Week13_Fall_Festival.md","1-2","Weekly","B","OPTIONAL","rebuilt"
"Saved learning artifact","RESOURCE:ARTIFACT","DECLARED RESOURCE - LOCAL ACCESS REQUIRED","documentation_format","Lessons/Grades_1-2_YearB/Week23_Catholic_Schools.md","1-2","Weekly","B","RECOMMENDED","rebuilt"
"Saved learning artifact","RESOURCE:ARTIFACT","DECLARED RESOURCE - LOCAL ACCESS REQUIRED","documentation_format","Lessons/Grades_1-2_YearB/Week34_Showcase.md","1-2","Weekly","B","RECOMMENDED","rebuilt"
"Simple timer","TIMER","NAME MATCH ONLY - SPECIFICATION REQUIRED","physical_inventory","Lessons/Bi-Weekly/Grades_1-2_YearA/Session01_Wonder_Engineers.md","1-2","Bi-Weekly","A","CORE","rebuilt"
"Simple timer","TIMER","NAME MATCH ONLY - SPECIFICATION REQUIRED","physical_inventory","Lessons/Bi-Weekly/Grades_1-2_YearA/Session02_Gods_Patterns.md","1-2","Bi-Weekly","A","CORE","rebuilt"
"Simple timer","TIMER","NAME MATCH ONLY - SPECIFICATION REQUIRED","physical_inventory","Lessons/Bi-Weekly/Grades_1-2_YearA/Session05_Nature_Exploration.md","1-2","Bi-Weekly","A","CORE","rebuilt"
"Simple timer","TIMER","NAME MATCH ONLY - SPECIFICATION REQUIRED","physical_inventory","Lessons/Bi-Weekly/Grades_1-2_YearA/Session06_Thanksgiving_Service.md","1-2","Bi-Weekly","A","RECOMMENDED","rebuilt"
"Simple timer","TIMER","NAME MATCH ONLY - SPECIFICATION REQUIRED","physical_inventory","Lessons/Bi-Weekly/Grades_1-2_YearA/Session07_Light_in_Darkness.md","1-2","Bi-Weekly","A","CORE","rebuilt"
"Simple timer","TIMER","NAME MATCH ONLY - SPECIFICATION REQUIRED","physical_inventory","Lessons/Bi-Weekly/Grades_1-2_YearA/Session08_Coding_Basics.md","1-2","Bi-Weekly","A","CORE","rebuilt"
"Simple timer","TIMER","NAME MATCH ONLY - SPECIFICATION REQUIRED","physical_inventory","Lessons/Bi-Weekly/Grades_1-2_YearA/Session09_Catholic_Inventors.md","1-2","Bi-Weekly","A","RECOMMENDED","rebuilt"
"Simple timer","TIMER","NAME MATCH ONLY - SPECIFICATION REQUIRED","physical_inventory","Lessons/Bi-Weekly/Grades_1-2_YearA/Session10_Weather_Watchers.md","1-2","Bi-Weekly","A","CORE","rebuilt"
"Simple timer","TIMER","NAME MATCH ONLY - SPECIFICATION REQUIRED","physical_inventory","Lessons/Bi-Weekly/Grades_1-2_YearA/Session11_Lenten_Engineers.md","1-2","Bi-Weekly","A","RECOMMENDED","rebuilt"
"Simple timer","TIMER","NAME MATCH ONLY - SPECIFICATION REQUIRED","physical_inventory","Lessons/Bi-Weekly/Grades_1-2_YearA/Session12_Life_Cycles.md","1-2","Bi-Weekly","A","CORE","rebuilt"
"Simple timer","TIMER","NAME MATCH ONLY - SPECIFICATION REQUIRED","physical_inventory","Lessons/Bi-Weekly/Grades_1-2_YearA/Session13_Easter_Innovation.md","1-2","Bi-Weekly","A","RECOMMENDED","rebuilt"
"Simple timer","TIMER","NAME MATCH ONLY - SPECIFICATION REQUIRED","physical_inventory","Lessons/Bi-Weekly/Grades_1-2_YearA/Session14_Sound_Engineering.md","1-2","Bi-Weekly","A","CORE","rebuilt"
"Simple timer","TIMER","NAME MATCH ONLY - SPECIFICATION REQUIRED","physical_inventory","Lessons/Bi-Weekly/Grades_1-2_YearA/Session15_Robot_Challenge.md","1-2","Bi-Weekly","A","CORE","rebuilt"
"Simple timer","TIMER","NAME MATCH ONLY - SPECIFICATION REQUIRED","physical_inventory","Lessons/Bi-Weekly/Grades_1-2_YearA/Session16_Community_Helpers.md","1-2","Bi-Weekly","A","RECOMMENDED","rebuilt"
"Simple timer","TIMER","NAME MATCH ONLY - SPECIFICATION REQUIRED","physical_inventory","Lessons/Bi-Weekly/Grades_1-2_YearA/Session17_Exhibition.md","1-2","Bi-Weekly","A","RECOMMENDED","rebuilt"
"Simple timer","TIMER","NAME MATCH ONLY - SPECIFICATION REQUIRED","physical_inventory","Lessons/Bi-Weekly/Grades_1-2_YearB/Session01_Design_Detectives.md","1-2","Bi-Weekly","B","CORE","rebuilt"
"Simple timer","TIMER","NAME MATCH ONLY - SPECIFICATION REQUIRED","physical_inventory","Lessons/Bi-Weekly/Grades_1-2_YearB/Session02_Tower_Power.md","1-2","Bi-Weekly","B","CORE","rebuilt"
"Simple timer","TIMER","NAME MATCH ONLY - SPECIFICATION REQUIRED","physical_inventory","Lessons/Bi-Weekly/Grades_1-2_YearB/Session04_Animal_Adaptations.md","1-2","Bi-Weekly","B","CORE","rebuilt"
"Simple timer","TIMER","NAME MATCH ONLY - SPECIFICATION REQUIRED","physical_inventory","Lessons/Bi-Weekly/Grades_1-2_YearB/Session06_Gratitude_Gifts.md","1-2","Bi-Weekly","B","RECOMMENDED","rebuilt"
"Simple timer","TIMER","NAME MATCH ONLY - SPECIFICATION REQUIRED","physical_inventory","Lessons/Bi-Weekly/Grades_1-2_YearB/Session07_Star_Makers.md","1-2","Bi-Weekly","B","CORE","rebuilt"
"Simple timer","TIMER","NAME MATCH ONLY - SPECIFICATION REQUIRED","physical_inventory","Lessons/Bi-Weekly/Grades_1-2_YearB/Session08_Digital_Art.md","1-2","Bi-Weekly","B","CORE","rebuilt"
"Simple timer","TIMER","NAME MATCH ONLY - SPECIFICATION REQUIRED","physical_inventory","Lessons/Bi-Weekly/Grades_1-2_YearB/Session09_Faith_Scientists.md","1-2","Bi-Weekly","B","RECOMMENDED","rebuilt"
"Simple timer","TIMER","NAME MATCH ONLY - SPECIFICATION REQUIRED","physical_inventory","Lessons/Bi-Weekly/Grades_1-2_YearB/Session10_Magnets_Motion.md","1-2","Bi-Weekly","B","CORE","rebuilt"
"Simple timer","TIMER","NAME MATCH ONLY - SPECIFICATION REQUIRED","physical_inventory","Lessons/Bi-Weekly/Grades_1-2_YearB/Session11_Lenten_Love.md","1-2","Bi-Weekly","B","RECOMMENDED","rebuilt"
"Simple timer","TIMER","NAME MATCH ONLY - SPECIFICATION REQUIRED","physical_inventory","Lessons/Bi-Weekly/Grades_1-2_YearB/Session12_Butterfly_Wonder.md","1-2","Bi-Weekly","B","CORE","rebuilt"
"Simple timer","TIMER","NAME MATCH ONLY - SPECIFICATION REQUIRED","physical_inventory","Lessons/Bi-Weekly/Grades_1-2_YearB/Session13_Easter_Joy.md","1-2","Bi-Weekly","B","RECOMMENDED","rebuilt"
"Simple timer","TIMER","NAME MATCH ONLY - SPECIFICATION REQUIRED","physical_inventory","Lessons/Bi-Weekly/Grades_1-2_YearB/Session14_Sphero_Challenge.md","1-2","Bi-Weekly","B","CORE","rebuilt"
"Simple timer","TIMER","NAME MATCH ONLY - SPECIFICATION REQUIRED","physical_inventory","Lessons/Bi-Weekly/Grades_1-2_YearB/Session15_Simple_Machines.md","1-2","Bi-Weekly","B","CORE","rebuilt"
"Simple timer","TIMER","NAME MATCH ONLY - SPECIFICATION REQUIRED","physical_inventory","Lessons/Bi-Weekly/Grades_1-2_YearB/Session16_Earth_Care.md","1-2","Bi-Weekly","B","CORE","rebuilt"
"Simple timer","TIMER","NAME MATCH ONLY - SPECIFICATION REQUIRED","physical_inventory","Lessons/Bi-Weekly/Grades_1-2_YearB/Session17_Celebration.md","1-2","Bi-Weekly","B","RECOMMENDED","rebuilt"
"Simple timer","TIMER","NAME MATCH ONLY - SPECIFICATION REQUIRED","physical_inventory","Lessons/Grades_1-2_YearA/Week01_Welcome_to_CSTREAM.md","1-2","Weekly","A","CORE","rebuilt"
"Simple timer","TIMER","NAME MATCH ONLY - SPECIFICATION REQUIRED","physical_inventory","Lessons/Grades_1-2_YearA/Week05-06_KEVA_Engineering.md","1-2","Weekly","A","CORE","rebuilt"
"Simple timer","TIMER","NAME MATCH ONLY - SPECIFICATION REQUIRED","physical_inventory","Lessons/Grades_1-2_YearA/Week07-09_Engineering_for_Others.md","1-2","Weekly","A","CORE","rebuilt"
"Simple timer","TIMER","NAME MATCH ONLY - SPECIFICATION REQUIRED","physical_inventory","Lessons/Grades_1-2_YearA/Week10_Strong_Bridges.md","1-2","Weekly","A","CORE","rebuilt"
"Simple timer","TIMER","NAME MATCH ONLY - SPECIFICATION REQUIRED","physical_inventory","Lessons/Grades_1-2_YearA/Week11_Thankful_Coding.md","1-2","Weekly","A","RECOMMENDED","rebuilt"
"Simple timer","TIMER","NAME MATCH ONLY - SPECIFICATION REQUIRED","physical_inventory","Lessons/Grades_1-2_YearA/Week12_Making_Gifts.md","1-2","Weekly","A","RECOMMENDED","rebuilt"
"Simple timer","TIMER","NAME MATCH ONLY - SPECIFICATION REQUIRED","physical_inventory","Lessons/Grades_1-2_YearA/Week13_Fall_Celebration.md","1-2","Weekly","A","OPTIONAL","rebuilt"
"Simple timer","TIMER","NAME MATCH ONLY - SPECIFICATION REQUIRED","physical_inventory","Lessons/Grades_1-2_YearA/Week14-15_Light_Explorations.md","1-2","Weekly","A","CORE","rebuilt"
"Simple timer","TIMER","NAME MATCH ONLY - SPECIFICATION REQUIRED","physical_inventory","Lessons/Grades_1-2_YearA/Week16_Star_of_Wonder.md","1-2","Weekly","A","RECOMMENDED","rebuilt"
"Simple timer","TIMER","NAME MATCH ONLY - SPECIFICATION REQUIRED","physical_inventory","Lessons/Grades_1-2_YearA/Week18_New_Year_Goals.md","1-2","Weekly","A","RECOMMENDED","rebuilt"
"Simple timer","TIMER","NAME MATCH ONLY - SPECIFICATION REQUIRED","physical_inventory","Lessons/Grades_1-2_YearA/Week23_Catholic_Schools_Week.md","1-2","Weekly","A","RECOMMENDED","rebuilt"
"Simple timer","TIMER","NAME MATCH ONLY - SPECIFICATION REQUIRED","physical_inventory","Lessons/Grades_1-2_YearA/Week24-25_Dash_Robot_Adventures.md","1-2","Weekly","A","CORE","rebuilt"
"Simple timer","TIMER","NAME MATCH ONLY - SPECIFICATION REQUIRED","physical_inventory","Lessons/Grades_1-2_YearA/Week26-27_Helping_Hands_Design.md","1-2","Weekly","A","CORE","rebuilt"
"Simple timer","TIMER","NAME MATCH ONLY - SPECIFICATION REQUIRED","physical_inventory","Lessons/Grades_1-2_YearA/Week33_New_Life_Engineering.md","1-2","Weekly","A","RECOMMENDED","rebuilt"
"Simple timer","TIMER","NAME MATCH ONLY - SPECIFICATION REQUIRED","physical_inventory","Lessons/Grades_1-2_YearA/Week34_Year_Celebration.md","1-2","Weekly","A","RECOMMENDED","rebuilt"
"Simple timer","TIMER","NAME MATCH ONLY - SPECIFICATION REQUIRED","physical_inventory","Lessons/Grades_1-2_YearB/Week01_Welcome_Scientists.md","1-2","Weekly","B","CORE","rebuilt"
"Simple timer","TIMER","NAME MATCH ONLY - SPECIFICATION REQUIRED","physical_inventory","Lessons/Grades_1-2_YearB/Week05-06_Tower_Engineering.md","1-2","Weekly","B","CORE","rebuilt"
"Simple timer","TIMER","NAME MATCH ONLY - SPECIFICATION REQUIRED","physical_inventory","Lessons/Grades_1-2_YearB/Week07-09_Animal_Habitats.md","1-2","Weekly","B","CORE","rebuilt"
"Simple timer","TIMER","NAME MATCH ONLY - SPECIFICATION REQUIRED","physical_inventory","Lessons/Grades_1-2_YearB/Week11_Thanksgiving_Coding.md","1-2","Weekly","B","RECOMMENDED","rebuilt"
"Simple timer","TIMER","NAME MATCH ONLY - SPECIFICATION REQUIRED","physical_inventory","Lessons/Grades_1-2_YearB/Week12_Gifts_Others.md","1-2","Weekly","B","RECOMMENDED","rebuilt"
"Simple timer","TIMER","NAME MATCH ONLY - SPECIFICATION REQUIRED","physical_inventory","Lessons/Grades_1-2_YearB/Week13_Fall_Festival.md","1-2","Weekly","B","OPTIONAL","rebuilt"
"Simple timer","TIMER","NAME MATCH ONLY - SPECIFICATION REQUIRED","physical_inventory","Lessons/Grades_1-2_YearB/Week14-15_Stars_Light.md","1-2","Weekly","B","CORE","rebuilt"
"Simple timer","TIMER","NAME MATCH ONLY - SPECIFICATION REQUIRED","physical_inventory","Lessons/Grades_1-2_YearB/Week18_Growth_Goals.md","1-2","Weekly","B","RECOMMENDED","rebuilt"
"Simple timer","TIMER","NAME MATCH ONLY - SPECIFICATION REQUIRED","physical_inventory","Lessons/Grades_1-2_YearB/Week19-22_Invention_Labs.md","1-2","Weekly","B","CORE","rebuilt"
"Simple timer","TIMER","NAME MATCH ONLY - SPECIFICATION REQUIRED","physical_inventory","Lessons/Grades_1-2_YearB/Week23_Catholic_Schools.md","1-2","Weekly","B","RECOMMENDED","rebuilt"
"Simple timer","TIMER","NAME MATCH ONLY - SPECIFICATION REQUIRED","physical_inventory","Lessons/Grades_1-2_YearB/Week24-25_Friendship_Machines.md","1-2","Weekly","B","CORE","rebuilt"
"Simple timer","TIMER","NAME MATCH ONLY - SPECIFICATION REQUIRED","physical_inventory","Lessons/Grades_1-2_YearB/Week26-27_Garden_Engineering.md","1-2","Weekly","B","CORE","rebuilt"
"Simple timer","TIMER","NAME MATCH ONLY - SPECIFICATION REQUIRED","physical_inventory","Lessons/Grades_1-2_YearB/Week28_Math_Games.md","1-2","Weekly","B","CORE","rebuilt"
"Simple timer","TIMER","NAME MATCH ONLY - SPECIFICATION REQUIRED","physical_inventory","Lessons/Grades_1-2_YearB/Week29-31_Butterfly_Engineering.md","1-2","Weekly","B","CORE","rebuilt"
"Simple timer","TIMER","NAME MATCH ONLY - SPECIFICATION REQUIRED","physical_inventory","Lessons/Grades_1-2_YearB/Week33_New_Life.md","1-2","Weekly","B","RECOMMENDED","rebuilt"
"Simple timer","TIMER","NAME MATCH ONLY - SPECIFICATION REQUIRED","physical_inventory","Lessons/Grades_1-2_YearB/Week34_Showcase.md","1-2","Weekly","B","RECOMMENDED","rebuilt"
"Smooth plastic lid","EARLYLID","NAME MATCH ONLY - SPECIFICATION REQUIRED","physical_inventory","Lessons/Grades_1-2_YearB/Week04_Senses_Discovery.md","1-2","Weekly","B","CORE","rebuilt"
"Smooth stone","ROCK","NAME MATCH ONLY - SPECIFICATION REQUIRED","physical_inventory","Lessons/Bi-Weekly/Grades_1-2_YearA/Session05_Nature_Exploration.md","1-2","Bi-Weekly","A","CORE","rebuilt"
"Smooth stone","ROCK","NAME MATCH ONLY - SPECIFICATION REQUIRED","physical_inventory","Lessons/Grades_1-2_YearA/Week04_Wonder_Walk.md","1-2","Weekly","A","CORE","rebuilt"
"Smooth wooden block","EARLYBLOCK","NAME MATCH ONLY - SPECIFICATION REQUIRED","physical_inventory","Lessons/Bi-Weekly/Grades_1-2_YearB/Session10_Magnets_Motion.md","1-2","Bi-Weekly","B","CORE","rebuilt"
"Smooth wooden block","EARLYBLOCK","NAME MATCH ONLY - SPECIFICATION REQUIRED","physical_inventory","Lessons/Grades_1-2_YearA/Week01_Welcome_to_CSTREAM.md","1-2","Weekly","A","CORE","rebuilt"
"Smooth wooden block","EARLYBLOCK","NAME MATCH ONLY - SPECIFICATION REQUIRED","physical_inventory","Lessons/Grades_1-2_YearA/Week23_Catholic_Schools_Week.md","1-2","Weekly","A","RECOMMENDED","rebuilt"
"Smooth wooden block","EARLYBLOCK","NAME MATCH ONLY - SPECIFICATION REQUIRED","physical_inventory","Lessons/Grades_1-2_YearB/Week01_Welcome_Scientists.md","1-2","Weekly","B","CORE","rebuilt"
"Snowflake picture","RESOURCE:SKYPICTURE","DECLARED RESOURCE - LOCAL ACCESS REQUIRED","teacher_prepared","Lessons/Grades_1-2_YearB/Week16_Winter_Wonders.md","1-2","Weekly","B","CORE","rebuilt"
"Sphero robot","SPHERO","NAME MATCH ONLY - SPECIFICATION REQUIRED","physical_inventory","Lessons/Bi-Weekly/Grades_1-2_YearB/Session03_Sphero_Intro.md","1-2","Bi-Weekly","B","CORE","rebuilt"
"Sphero robot","SPHERO","NAME MATCH ONLY - SPECIFICATION REQUIRED","physical_inventory","Lessons/Bi-Weekly/Grades_1-2_YearB/Session14_Sphero_Challenge.md","1-2","Bi-Weekly","B","CORE","rebuilt"
"Sphero robot","SPHERO","NAME MATCH ONLY - SPECIFICATION REQUIRED","physical_inventory","Lessons/Grades_1-2_YearA/Week02-03_Sphero_Coding.md","1-2","Weekly","A","CORE","rebuilt"
"Stable support block","EARLYSUPPORT","NAME MATCH ONLY - SPECIFICATION REQUIRED","physical_inventory","Lessons/Bi-Weekly/Grades_1-2_YearA/Session03_Bridge_Building.md","1-2","Bi-Weekly","A","CORE","rebuilt"
"Stable support block","EARLYSUPPORT","NAME MATCH ONLY - SPECIFICATION REQUIRED","physical_inventory","Lessons/Bi-Weekly/Grades_1-2_YearB/Session15_Simple_Machines.md","1-2","Bi-Weekly","B","CORE","rebuilt"
"Stable support block","EARLYSUPPORT","NAME MATCH ONLY - SPECIFICATION REQUIRED","physical_inventory","Lessons/Grades_1-2_YearA/Week05-06_KEVA_Engineering.md","1-2","Weekly","A","CORE","rebuilt"
"Stable support block","EARLYSUPPORT","NAME MATCH ONLY - SPECIFICATION REQUIRED","physical_inventory","Lessons/Grades_1-2_YearA/Week10_Strong_Bridges.md","1-2","Weekly","A","CORE","rebuilt"
"Stable support block","EARLYSUPPORT","NAME MATCH ONLY - SPECIFICATION REQUIRED","physical_inventory","Lessons/Grades_1-2_YearB/Week10_Ramp_Races.md","1-2","Weekly","B","CORE","rebuilt"
"Steel binder clip","BINDERCLIP","NAME MATCH ONLY - SPECIFICATION REQUIRED","physical_inventory","Lessons/Bi-Weekly/Grades_1-2_YearB/Session10_Magnets_Motion.md","1-2","Bi-Weekly","B","CORE","rebuilt"
"Teacher roster","RESOURCE:ROSTER","DECLARED RESOURCE - LOCAL ACCESS REQUIRED","documentation_format","Lessons/Bi-Weekly/Grades_1-2_YearA/Session01_Wonder_Engineers.md","1-2","Bi-Weekly","A","CORE","rebuilt"
"Teacher roster","RESOURCE:ROSTER","DECLARED RESOURCE - LOCAL ACCESS REQUIRED","documentation_format","Lessons/Bi-Weekly/Grades_1-2_YearA/Session02_Gods_Patterns.md","1-2","Bi-Weekly","A","CORE","rebuilt"
"Teacher roster","RESOURCE:ROSTER","DECLARED RESOURCE - LOCAL ACCESS REQUIRED","documentation_format","Lessons/Bi-Weekly/Grades_1-2_YearA/Session05_Nature_Exploration.md","1-2","Bi-Weekly","A","CORE","rebuilt"
"Teacher roster","RESOURCE:ROSTER","DECLARED RESOURCE - LOCAL ACCESS REQUIRED","documentation_format","Lessons/Bi-Weekly/Grades_1-2_YearA/Session06_Thanksgiving_Service.md","1-2","Bi-Weekly","A","RECOMMENDED","rebuilt"
"Teacher roster","RESOURCE:ROSTER","DECLARED RESOURCE - LOCAL ACCESS REQUIRED","documentation_format","Lessons/Bi-Weekly/Grades_1-2_YearA/Session07_Light_in_Darkness.md","1-2","Bi-Weekly","A","CORE","rebuilt"
"Teacher roster","RESOURCE:ROSTER","DECLARED RESOURCE - LOCAL ACCESS REQUIRED","documentation_format","Lessons/Bi-Weekly/Grades_1-2_YearA/Session08_Coding_Basics.md","1-2","Bi-Weekly","A","CORE","rebuilt"
"Teacher roster","RESOURCE:ROSTER","DECLARED RESOURCE - LOCAL ACCESS REQUIRED","documentation_format","Lessons/Bi-Weekly/Grades_1-2_YearA/Session09_Catholic_Inventors.md","1-2","Bi-Weekly","A","RECOMMENDED","rebuilt"
"Teacher roster","RESOURCE:ROSTER","DECLARED RESOURCE - LOCAL ACCESS REQUIRED","documentation_format","Lessons/Bi-Weekly/Grades_1-2_YearA/Session10_Weather_Watchers.md","1-2","Bi-Weekly","A","CORE","rebuilt"
"Teacher roster","RESOURCE:ROSTER","DECLARED RESOURCE - LOCAL ACCESS REQUIRED","documentation_format","Lessons/Bi-Weekly/Grades_1-2_YearA/Session11_Lenten_Engineers.md","1-2","Bi-Weekly","A","RECOMMENDED","rebuilt"
"Teacher roster","RESOURCE:ROSTER","DECLARED RESOURCE - LOCAL ACCESS REQUIRED","documentation_format","Lessons/Bi-Weekly/Grades_1-2_YearA/Session12_Life_Cycles.md","1-2","Bi-Weekly","A","CORE","rebuilt"
"Teacher roster","RESOURCE:ROSTER","DECLARED RESOURCE - LOCAL ACCESS REQUIRED","documentation_format","Lessons/Bi-Weekly/Grades_1-2_YearA/Session13_Easter_Innovation.md","1-2","Bi-Weekly","A","RECOMMENDED","rebuilt"
"Teacher roster","RESOURCE:ROSTER","DECLARED RESOURCE - LOCAL ACCESS REQUIRED","documentation_format","Lessons/Bi-Weekly/Grades_1-2_YearA/Session14_Sound_Engineering.md","1-2","Bi-Weekly","A","CORE","rebuilt"
"Teacher roster","RESOURCE:ROSTER","DECLARED RESOURCE - LOCAL ACCESS REQUIRED","documentation_format","Lessons/Bi-Weekly/Grades_1-2_YearA/Session15_Robot_Challenge.md","1-2","Bi-Weekly","A","CORE","rebuilt"
"Teacher roster","RESOURCE:ROSTER","DECLARED RESOURCE - LOCAL ACCESS REQUIRED","documentation_format","Lessons/Bi-Weekly/Grades_1-2_YearA/Session16_Community_Helpers.md","1-2","Bi-Weekly","A","RECOMMENDED","rebuilt"
"Teacher roster","RESOURCE:ROSTER","DECLARED RESOURCE - LOCAL ACCESS REQUIRED","documentation_format","Lessons/Bi-Weekly/Grades_1-2_YearA/Session17_Exhibition.md","1-2","Bi-Weekly","A","RECOMMENDED","rebuilt"
"Teacher roster","RESOURCE:ROSTER","DECLARED RESOURCE - LOCAL ACCESS REQUIRED","documentation_format","Lessons/Bi-Weekly/Grades_1-2_YearB/Session01_Design_Detectives.md","1-2","Bi-Weekly","B","CORE","rebuilt"
"Teacher roster","RESOURCE:ROSTER","DECLARED RESOURCE - LOCAL ACCESS REQUIRED","documentation_format","Lessons/Bi-Weekly/Grades_1-2_YearB/Session02_Tower_Power.md","1-2","Bi-Weekly","B","CORE","rebuilt"
"Teacher roster","RESOURCE:ROSTER","DECLARED RESOURCE - LOCAL ACCESS REQUIRED","documentation_format","Lessons/Bi-Weekly/Grades_1-2_YearB/Session04_Animal_Adaptations.md","1-2","Bi-Weekly","B","CORE","rebuilt"
"Teacher roster","RESOURCE:ROSTER","DECLARED RESOURCE - LOCAL ACCESS REQUIRED","documentation_format","Lessons/Bi-Weekly/Grades_1-2_YearB/Session06_Gratitude_Gifts.md","1-2","Bi-Weekly","B","RECOMMENDED","rebuilt"
"Teacher roster","RESOURCE:ROSTER","DECLARED RESOURCE - LOCAL ACCESS REQUIRED","documentation_format","Lessons/Bi-Weekly/Grades_1-2_YearB/Session07_Star_Makers.md","1-2","Bi-Weekly","B","CORE","rebuilt"
"Teacher roster","RESOURCE:ROSTER","DECLARED RESOURCE - LOCAL ACCESS REQUIRED","documentation_format","Lessons/Bi-Weekly/Grades_1-2_YearB/Session08_Digital_Art.md","1-2","Bi-Weekly","B","CORE","rebuilt"
"Teacher roster","RESOURCE:ROSTER","DECLARED RESOURCE - LOCAL ACCESS REQUIRED","documentation_format","Lessons/Bi-Weekly/Grades_1-2_YearB/Session09_Faith_Scientists.md","1-2","Bi-Weekly","B","RECOMMENDED","rebuilt"
"Teacher roster","RESOURCE:ROSTER","DECLARED RESOURCE - LOCAL ACCESS REQUIRED","documentation_format","Lessons/Bi-Weekly/Grades_1-2_YearB/Session10_Magnets_Motion.md","1-2","Bi-Weekly","B","CORE","rebuilt"
"Teacher roster","RESOURCE:ROSTER","DECLARED RESOURCE - LOCAL ACCESS REQUIRED","documentation_format","Lessons/Bi-Weekly/Grades_1-2_YearB/Session11_Lenten_Love.md","1-2","Bi-Weekly","B","RECOMMENDED","rebuilt"
"Teacher roster","RESOURCE:ROSTER","DECLARED RESOURCE - LOCAL ACCESS REQUIRED","documentation_format","Lessons/Bi-Weekly/Grades_1-2_YearB/Session12_Butterfly_Wonder.md","1-2","Bi-Weekly","B","CORE","rebuilt"
"Teacher roster","RESOURCE:ROSTER","DECLARED RESOURCE - LOCAL ACCESS REQUIRED","documentation_format","Lessons/Bi-Weekly/Grades_1-2_YearB/Session13_Easter_Joy.md","1-2","Bi-Weekly","B","RECOMMENDED","rebuilt"
"Teacher roster","RESOURCE:ROSTER","DECLARED RESOURCE - LOCAL ACCESS REQUIRED","documentation_format","Lessons/Bi-Weekly/Grades_1-2_YearB/Session14_Sphero_Challenge.md","1-2","Bi-Weekly","B","CORE","rebuilt"
"Teacher roster","RESOURCE:ROSTER","DECLARED RESOURCE - LOCAL ACCESS REQUIRED","documentation_format","Lessons/Bi-Weekly/Grades_1-2_YearB/Session15_Simple_Machines.md","1-2","Bi-Weekly","B","CORE","rebuilt"
"Teacher roster","RESOURCE:ROSTER","DECLARED RESOURCE - LOCAL ACCESS REQUIRED","documentation_format","Lessons/Bi-Weekly/Grades_1-2_YearB/Session16_Earth_Care.md","1-2","Bi-Weekly","B","CORE","rebuilt"
"Teacher roster","RESOURCE:ROSTER","DECLARED RESOURCE - LOCAL ACCESS REQUIRED","documentation_format","Lessons/Bi-Weekly/Grades_1-2_YearB/Session17_Celebration.md","1-2","Bi-Weekly","B","RECOMMENDED","rebuilt"
"Teacher roster","RESOURCE:ROSTER","DECLARED RESOURCE - LOCAL ACCESS REQUIRED","documentation_format","Lessons/Grades_1-2_YearA/Week01_Welcome_to_CSTREAM.md","1-2","Weekly","A","CORE","rebuilt"
"Teacher roster","RESOURCE:ROSTER","DECLARED RESOURCE - LOCAL ACCESS REQUIRED","documentation_format","Lessons/Grades_1-2_YearA/Week05-06_KEVA_Engineering.md","1-2","Weekly","A","CORE","rebuilt"
"Teacher roster","RESOURCE:ROSTER","DECLARED RESOURCE - LOCAL ACCESS REQUIRED","documentation_format","Lessons/Grades_1-2_YearA/Week07-09_Engineering_for_Others.md","1-2","Weekly","A","CORE","rebuilt"
"Teacher roster","RESOURCE:ROSTER","DECLARED RESOURCE - LOCAL ACCESS REQUIRED","documentation_format","Lessons/Grades_1-2_YearA/Week10_Strong_Bridges.md","1-2","Weekly","A","CORE","rebuilt"
"Teacher roster","RESOURCE:ROSTER","DECLARED RESOURCE - LOCAL ACCESS REQUIRED","documentation_format","Lessons/Grades_1-2_YearA/Week11_Thankful_Coding.md","1-2","Weekly","A","RECOMMENDED","rebuilt"
"Teacher roster","RESOURCE:ROSTER","DECLARED RESOURCE - LOCAL ACCESS REQUIRED","documentation_format","Lessons/Grades_1-2_YearA/Week12_Making_Gifts.md","1-2","Weekly","A","RECOMMENDED","rebuilt"
"Teacher roster","RESOURCE:ROSTER","DECLARED RESOURCE - LOCAL ACCESS REQUIRED","documentation_format","Lessons/Grades_1-2_YearA/Week13_Fall_Celebration.md","1-2","Weekly","A","OPTIONAL","rebuilt"
"Teacher roster","RESOURCE:ROSTER","DECLARED RESOURCE - LOCAL ACCESS REQUIRED","documentation_format","Lessons/Grades_1-2_YearA/Week14-15_Light_Explorations.md","1-2","Weekly","A","CORE","rebuilt"
"Teacher roster","RESOURCE:ROSTER","DECLARED RESOURCE - LOCAL ACCESS REQUIRED","documentation_format","Lessons/Grades_1-2_YearA/Week16_Star_of_Wonder.md","1-2","Weekly","A","RECOMMENDED","rebuilt"
"Teacher roster","RESOURCE:ROSTER","DECLARED RESOURCE - LOCAL ACCESS REQUIRED","documentation_format","Lessons/Grades_1-2_YearA/Week18_New_Year_Goals.md","1-2","Weekly","A","RECOMMENDED","rebuilt"
"Teacher roster","RESOURCE:ROSTER","DECLARED RESOURCE - LOCAL ACCESS REQUIRED","documentation_format","Lessons/Grades_1-2_YearA/Week23_Catholic_Schools_Week.md","1-2","Weekly","A","RECOMMENDED","rebuilt"
"Teacher roster","RESOURCE:ROSTER","DECLARED RESOURCE - LOCAL ACCESS REQUIRED","documentation_format","Lessons/Grades_1-2_YearA/Week24-25_Dash_Robot_Adventures.md","1-2","Weekly","A","CORE","rebuilt"
"Teacher roster","RESOURCE:ROSTER","DECLARED RESOURCE - LOCAL ACCESS REQUIRED","documentation_format","Lessons/Grades_1-2_YearA/Week26-27_Helping_Hands_Design.md","1-2","Weekly","A","CORE","rebuilt"
"Teacher roster","RESOURCE:ROSTER","DECLARED RESOURCE - LOCAL ACCESS REQUIRED","documentation_format","Lessons/Grades_1-2_YearA/Week33_New_Life_Engineering.md","1-2","Weekly","A","RECOMMENDED","rebuilt"
"Teacher roster","RESOURCE:ROSTER","DECLARED RESOURCE - LOCAL ACCESS REQUIRED","documentation_format","Lessons/Grades_1-2_YearA/Week34_Year_Celebration.md","1-2","Weekly","A","RECOMMENDED","rebuilt"
"Teacher roster","RESOURCE:ROSTER","DECLARED RESOURCE - LOCAL ACCESS REQUIRED","documentation_format","Lessons/Grades_1-2_YearB/Week01_Welcome_Scientists.md","1-2","Weekly","B","CORE","rebuilt"
"Teacher roster","RESOURCE:ROSTER","DECLARED RESOURCE - LOCAL ACCESS REQUIRED","documentation_format","Lessons/Grades_1-2_YearB/Week05-06_Tower_Engineering.md","1-2","Weekly","B","CORE","rebuilt"
"Teacher roster","RESOURCE:ROSTER","DECLARED RESOURCE - LOCAL ACCESS REQUIRED","documentation_format","Lessons/Grades_1-2_YearB/Week07-09_Animal_Habitats.md","1-2","Weekly","B","CORE","rebuilt"
"Teacher roster","RESOURCE:ROSTER","DECLARED RESOURCE - LOCAL ACCESS REQUIRED","documentation_format","Lessons/Grades_1-2_YearB/Week11_Thanksgiving_Coding.md","1-2","Weekly","B","RECOMMENDED","rebuilt"
"Teacher roster","RESOURCE:ROSTER","DECLARED RESOURCE - LOCAL ACCESS REQUIRED","documentation_format","Lessons/Grades_1-2_YearB/Week12_Gifts_Others.md","1-2","Weekly","B","RECOMMENDED","rebuilt"
"Teacher roster","RESOURCE:ROSTER","DECLARED RESOURCE - LOCAL ACCESS REQUIRED","documentation_format","Lessons/Grades_1-2_YearB/Week13_Fall_Festival.md","1-2","Weekly","B","OPTIONAL","rebuilt"
"Teacher roster","RESOURCE:ROSTER","DECLARED RESOURCE - LOCAL ACCESS REQUIRED","documentation_format","Lessons/Grades_1-2_YearB/Week14-15_Stars_Light.md","1-2","Weekly","B","CORE","rebuilt"
"Teacher roster","RESOURCE:ROSTER","DECLARED RESOURCE - LOCAL ACCESS REQUIRED","documentation_format","Lessons/Grades_1-2_YearB/Week18_Growth_Goals.md","1-2","Weekly","B","RECOMMENDED","rebuilt"
"Teacher roster","RESOURCE:ROSTER","DECLARED RESOURCE - LOCAL ACCESS REQUIRED","documentation_format","Lessons/Grades_1-2_YearB/Week19-22_Invention_Labs.md","1-2","Weekly","B","CORE","rebuilt"
"Teacher roster","RESOURCE:ROSTER","DECLARED RESOURCE - LOCAL ACCESS REQUIRED","documentation_format","Lessons/Grades_1-2_YearB/Week23_Catholic_Schools.md","1-2","Weekly","B","RECOMMENDED","rebuilt"
"Teacher roster","RESOURCE:ROSTER","DECLARED RESOURCE - LOCAL ACCESS REQUIRED","documentation_format","Lessons/Grades_1-2_YearB/Week24-25_Friendship_Machines.md","1-2","Weekly","B","CORE","rebuilt"
"Teacher roster","RESOURCE:ROSTER","DECLARED RESOURCE - LOCAL ACCESS REQUIRED","documentation_format","Lessons/Grades_1-2_YearB/Week26-27_Garden_Engineering.md","1-2","Weekly","B","CORE","rebuilt"
"Teacher roster","RESOURCE:ROSTER","DECLARED RESOURCE - LOCAL ACCESS REQUIRED","documentation_format","Lessons/Grades_1-2_YearB/Week28_Math_Games.md","1-2","Weekly","B","CORE","rebuilt"
"Teacher roster","RESOURCE:ROSTER","DECLARED RESOURCE - LOCAL ACCESS REQUIRED","documentation_format","Lessons/Grades_1-2_YearB/Week29-31_Butterfly_Engineering.md","1-2","Weekly","B","CORE","rebuilt"
"Teacher roster","RESOURCE:ROSTER","DECLARED RESOURCE - LOCAL ACCESS REQUIRED","documentation_format","Lessons/Grades_1-2_YearB/Week33_New_Life.md","1-2","Weekly","B","RECOMMENDED","rebuilt"
"Teacher roster","RESOURCE:ROSTER","DECLARED RESOURCE - LOCAL ACCESS REQUIRED","documentation_format","Lessons/Grades_1-2_YearB/Week34_Showcase.md","1-2","Weekly","B","RECOMMENDED","rebuilt"
"Teacher scissors","ADULTSCISSOR","NAME MATCH ONLY - SPECIFICATION REQUIRED","physical_inventory","Lessons/Bi-Weekly/Grades_1-2_YearA/Session01_Wonder_Engineers.md","1-2","Bi-Weekly","A","CORE","rebuilt"
"Teacher scissors","ADULTSCISSOR","NAME MATCH ONLY - SPECIFICATION REQUIRED","physical_inventory","Lessons/Bi-Weekly/Grades_1-2_YearA/Session02_Gods_Patterns.md","1-2","Bi-Weekly","A","CORE","rebuilt"
"Teacher scissors","ADULTSCISSOR","NAME MATCH ONLY - SPECIFICATION REQUIRED","physical_inventory","Lessons/Bi-Weekly/Grades_1-2_YearA/Session05_Nature_Exploration.md","1-2","Bi-Weekly","A","CORE","rebuilt"
"Teacher scissors","ADULTSCISSOR","NAME MATCH ONLY - SPECIFICATION REQUIRED","physical_inventory","Lessons/Bi-Weekly/Grades_1-2_YearA/Session06_Thanksgiving_Service.md","1-2","Bi-Weekly","A","RECOMMENDED","rebuilt"
"Teacher scissors","ADULTSCISSOR","NAME MATCH ONLY - SPECIFICATION REQUIRED","physical_inventory","Lessons/Bi-Weekly/Grades_1-2_YearA/Session07_Light_in_Darkness.md","1-2","Bi-Weekly","A","CORE","rebuilt"
"Teacher scissors","ADULTSCISSOR","NAME MATCH ONLY - SPECIFICATION REQUIRED","physical_inventory","Lessons/Bi-Weekly/Grades_1-2_YearA/Session08_Coding_Basics.md","1-2","Bi-Weekly","A","CORE","rebuilt"
"Teacher scissors","ADULTSCISSOR","NAME MATCH ONLY - SPECIFICATION REQUIRED","physical_inventory","Lessons/Bi-Weekly/Grades_1-2_YearA/Session09_Catholic_Inventors.md","1-2","Bi-Weekly","A","RECOMMENDED","rebuilt"
"Teacher scissors","ADULTSCISSOR","NAME MATCH ONLY - SPECIFICATION REQUIRED","physical_inventory","Lessons/Bi-Weekly/Grades_1-2_YearA/Session10_Weather_Watchers.md","1-2","Bi-Weekly","A","CORE","rebuilt"
"Teacher scissors","ADULTSCISSOR","NAME MATCH ONLY - SPECIFICATION REQUIRED","physical_inventory","Lessons/Bi-Weekly/Grades_1-2_YearA/Session11_Lenten_Engineers.md","1-2","Bi-Weekly","A","RECOMMENDED","rebuilt"
"Teacher scissors","ADULTSCISSOR","NAME MATCH ONLY - SPECIFICATION REQUIRED","physical_inventory","Lessons/Bi-Weekly/Grades_1-2_YearA/Session12_Life_Cycles.md","1-2","Bi-Weekly","A","CORE","rebuilt"
"Teacher scissors","ADULTSCISSOR","NAME MATCH ONLY - SPECIFICATION REQUIRED","physical_inventory","Lessons/Bi-Weekly/Grades_1-2_YearA/Session13_Easter_Innovation.md","1-2","Bi-Weekly","A","RECOMMENDED","rebuilt"
"Teacher scissors","ADULTSCISSOR","NAME MATCH ONLY - SPECIFICATION REQUIRED","physical_inventory","Lessons/Bi-Weekly/Grades_1-2_YearA/Session14_Sound_Engineering.md","1-2","Bi-Weekly","A","CORE","rebuilt"
"Teacher scissors","ADULTSCISSOR","NAME MATCH ONLY - SPECIFICATION REQUIRED","physical_inventory","Lessons/Bi-Weekly/Grades_1-2_YearA/Session15_Robot_Challenge.md","1-2","Bi-Weekly","A","CORE","rebuilt"
"Teacher scissors","ADULTSCISSOR","NAME MATCH ONLY - SPECIFICATION REQUIRED","physical_inventory","Lessons/Bi-Weekly/Grades_1-2_YearA/Session16_Community_Helpers.md","1-2","Bi-Weekly","A","RECOMMENDED","rebuilt"
"Teacher scissors","ADULTSCISSOR","NAME MATCH ONLY - SPECIFICATION REQUIRED","physical_inventory","Lessons/Bi-Weekly/Grades_1-2_YearA/Session17_Exhibition.md","1-2","Bi-Weekly","A","RECOMMENDED","rebuilt"
"Teacher scissors","ADULTSCISSOR","NAME MATCH ONLY - SPECIFICATION REQUIRED","physical_inventory","Lessons/Bi-Weekly/Grades_1-2_YearB/Session01_Design_Detectives.md","1-2","Bi-Weekly","B","CORE","rebuilt"
"Teacher scissors","ADULTSCISSOR","NAME MATCH ONLY - SPECIFICATION REQUIRED","physical_inventory","Lessons/Bi-Weekly/Grades_1-2_YearB/Session02_Tower_Power.md","1-2","Bi-Weekly","B","CORE","rebuilt"
"Teacher scissors","ADULTSCISSOR","NAME MATCH ONLY - SPECIFICATION REQUIRED","physical_inventory","Lessons/Bi-Weekly/Grades_1-2_YearB/Session04_Animal_Adaptations.md","1-2","Bi-Weekly","B","CORE","rebuilt"
"Teacher scissors","ADULTSCISSOR","NAME MATCH ONLY - SPECIFICATION REQUIRED","physical_inventory","Lessons/Bi-Weekly/Grades_1-2_YearB/Session06_Gratitude_Gifts.md","1-2","Bi-Weekly","B","RECOMMENDED","rebuilt"
"Teacher scissors","ADULTSCISSOR","NAME MATCH ONLY - SPECIFICATION REQUIRED","physical_inventory","Lessons/Bi-Weekly/Grades_1-2_YearB/Session07_Star_Makers.md","1-2","Bi-Weekly","B","CORE","rebuilt"
"Teacher scissors","ADULTSCISSOR","NAME MATCH ONLY - SPECIFICATION REQUIRED","physical_inventory","Lessons/Bi-Weekly/Grades_1-2_YearB/Session08_Digital_Art.md","1-2","Bi-Weekly","B","CORE","rebuilt"
"Teacher scissors","ADULTSCISSOR","NAME MATCH ONLY - SPECIFICATION REQUIRED","physical_inventory","Lessons/Bi-Weekly/Grades_1-2_YearB/Session09_Faith_Scientists.md","1-2","Bi-Weekly","B","RECOMMENDED","rebuilt"
"Teacher scissors","ADULTSCISSOR","NAME MATCH ONLY - SPECIFICATION REQUIRED","physical_inventory","Lessons/Bi-Weekly/Grades_1-2_YearB/Session10_Magnets_Motion.md","1-2","Bi-Weekly","B","CORE","rebuilt"
"Teacher scissors","ADULTSCISSOR","NAME MATCH ONLY - SPECIFICATION REQUIRED","physical_inventory","Lessons/Bi-Weekly/Grades_1-2_YearB/Session11_Lenten_Love.md","1-2","Bi-Weekly","B","RECOMMENDED","rebuilt"
"Teacher scissors","ADULTSCISSOR","NAME MATCH ONLY - SPECIFICATION REQUIRED","physical_inventory","Lessons/Bi-Weekly/Grades_1-2_YearB/Session12_Butterfly_Wonder.md","1-2","Bi-Weekly","B","CORE","rebuilt"
"Teacher scissors","ADULTSCISSOR","NAME MATCH ONLY - SPECIFICATION REQUIRED","physical_inventory","Lessons/Bi-Weekly/Grades_1-2_YearB/Session13_Easter_Joy.md","1-2","Bi-Weekly","B","RECOMMENDED","rebuilt"
"Teacher scissors","ADULTSCISSOR","NAME MATCH ONLY - SPECIFICATION REQUIRED","physical_inventory","Lessons/Bi-Weekly/Grades_1-2_YearB/Session14_Sphero_Challenge.md","1-2","Bi-Weekly","B","CORE","rebuilt"
"Teacher scissors","ADULTSCISSOR","NAME MATCH ONLY - SPECIFICATION REQUIRED","physical_inventory","Lessons/Bi-Weekly/Grades_1-2_YearB/Session15_Simple_Machines.md","1-2","Bi-Weekly","B","CORE","rebuilt"
"Teacher scissors","ADULTSCISSOR","NAME MATCH ONLY - SPECIFICATION REQUIRED","physical_inventory","Lessons/Bi-Weekly/Grades_1-2_YearB/Session16_Earth_Care.md","1-2","Bi-Weekly","B","CORE","rebuilt"
"Teacher scissors","ADULTSCISSOR","NAME MATCH ONLY - SPECIFICATION REQUIRED","physical_inventory","Lessons/Bi-Weekly/Grades_1-2_YearB/Session17_Celebration.md","1-2","Bi-Weekly","B","RECOMMENDED","rebuilt"
"Teacher scissors","ADULTSCISSOR","NAME MATCH ONLY - SPECIFICATION REQUIRED","physical_inventory","Lessons/Grades_1-2_YearA/Week01_Welcome_to_CSTREAM.md","1-2","Weekly","A","CORE","rebuilt"
"Teacher scissors","ADULTSCISSOR","NAME MATCH ONLY - SPECIFICATION REQUIRED","physical_inventory","Lessons/Grades_1-2_YearA/Week05-06_KEVA_Engineering.md","1-2","Weekly","A","CORE","rebuilt"
"Teacher scissors","ADULTSCISSOR","NAME MATCH ONLY - SPECIFICATION REQUIRED","physical_inventory","Lessons/Grades_1-2_YearA/Week07-09_Engineering_for_Others.md","1-2","Weekly","A","CORE","rebuilt"
"Teacher scissors","ADULTSCISSOR","NAME MATCH ONLY - SPECIFICATION REQUIRED","physical_inventory","Lessons/Grades_1-2_YearA/Week10_Strong_Bridges.md","1-2","Weekly","A","CORE","rebuilt"
"Teacher scissors","ADULTSCISSOR","NAME MATCH ONLY - SPECIFICATION REQUIRED","physical_inventory","Lessons/Grades_1-2_YearA/Week11_Thankful_Coding.md","1-2","Weekly","A","RECOMMENDED","rebuilt"
"Teacher scissors","ADULTSCISSOR","NAME MATCH ONLY - SPECIFICATION REQUIRED","physical_inventory","Lessons/Grades_1-2_YearA/Week12_Making_Gifts.md","1-2","Weekly","A","RECOMMENDED","rebuilt"
"Teacher scissors","ADULTSCISSOR","NAME MATCH ONLY - SPECIFICATION REQUIRED","physical_inventory","Lessons/Grades_1-2_YearA/Week13_Fall_Celebration.md","1-2","Weekly","A","OPTIONAL","rebuilt"
"Teacher scissors","ADULTSCISSOR","NAME MATCH ONLY - SPECIFICATION REQUIRED","physical_inventory","Lessons/Grades_1-2_YearA/Week14-15_Light_Explorations.md","1-2","Weekly","A","CORE","rebuilt"
"Teacher scissors","ADULTSCISSOR","NAME MATCH ONLY - SPECIFICATION REQUIRED","physical_inventory","Lessons/Grades_1-2_YearA/Week16_Star_of_Wonder.md","1-2","Weekly","A","RECOMMENDED","rebuilt"
"Teacher scissors","ADULTSCISSOR","NAME MATCH ONLY - SPECIFICATION REQUIRED","physical_inventory","Lessons/Grades_1-2_YearA/Week18_New_Year_Goals.md","1-2","Weekly","A","RECOMMENDED","rebuilt"
"Teacher scissors","ADULTSCISSOR","NAME MATCH ONLY - SPECIFICATION REQUIRED","physical_inventory","Lessons/Grades_1-2_YearA/Week23_Catholic_Schools_Week.md","1-2","Weekly","A","RECOMMENDED","rebuilt"
"Teacher scissors","ADULTSCISSOR","NAME MATCH ONLY - SPECIFICATION REQUIRED","physical_inventory","Lessons/Grades_1-2_YearA/Week24-25_Dash_Robot_Adventures.md","1-2","Weekly","A","CORE","rebuilt"
"Teacher scissors","ADULTSCISSOR","NAME MATCH ONLY - SPECIFICATION REQUIRED","physical_inventory","Lessons/Grades_1-2_YearA/Week26-27_Helping_Hands_Design.md","1-2","Weekly","A","CORE","rebuilt"
"Teacher scissors","ADULTSCISSOR","NAME MATCH ONLY - SPECIFICATION REQUIRED","physical_inventory","Lessons/Grades_1-2_YearA/Week33_New_Life_Engineering.md","1-2","Weekly","A","RECOMMENDED","rebuilt"
"Teacher scissors","ADULTSCISSOR","NAME MATCH ONLY - SPECIFICATION REQUIRED","physical_inventory","Lessons/Grades_1-2_YearA/Week34_Year_Celebration.md","1-2","Weekly","A","RECOMMENDED","rebuilt"
"Teacher scissors","ADULTSCISSOR","NAME MATCH ONLY - SPECIFICATION REQUIRED","physical_inventory","Lessons/Grades_1-2_YearB/Week01_Welcome_Scientists.md","1-2","Weekly","B","CORE","rebuilt"
"Teacher scissors","ADULTSCISSOR","NAME MATCH ONLY - SPECIFICATION REQUIRED","physical_inventory","Lessons/Grades_1-2_YearB/Week05-06_Tower_Engineering.md","1-2","Weekly","B","CORE","rebuilt"
"Teacher scissors","ADULTSCISSOR","NAME MATCH ONLY - SPECIFICATION REQUIRED","physical_inventory","Lessons/Grades_1-2_YearB/Week07-09_Animal_Habitats.md","1-2","Weekly","B","CORE","rebuilt"
"Teacher scissors","ADULTSCISSOR","NAME MATCH ONLY - SPECIFICATION REQUIRED","physical_inventory","Lessons/Grades_1-2_YearB/Week11_Thanksgiving_Coding.md","1-2","Weekly","B","RECOMMENDED","rebuilt"
"Teacher scissors","ADULTSCISSOR","NAME MATCH ONLY - SPECIFICATION REQUIRED","physical_inventory","Lessons/Grades_1-2_YearB/Week12_Gifts_Others.md","1-2","Weekly","B","RECOMMENDED","rebuilt"
"Teacher scissors","ADULTSCISSOR","NAME MATCH ONLY - SPECIFICATION REQUIRED","physical_inventory","Lessons/Grades_1-2_YearB/Week13_Fall_Festival.md","1-2","Weekly","B","OPTIONAL","rebuilt"
"Teacher scissors","ADULTSCISSOR","NAME MATCH ONLY - SPECIFICATION REQUIRED","physical_inventory","Lessons/Grades_1-2_YearB/Week14-15_Stars_Light.md","1-2","Weekly","B","CORE","rebuilt"
"Teacher scissors","ADULTSCISSOR","NAME MATCH ONLY - SPECIFICATION REQUIRED","physical_inventory","Lessons/Grades_1-2_YearB/Week18_Growth_Goals.md","1-2","Weekly","B","RECOMMENDED","rebuilt"
"Teacher scissors","ADULTSCISSOR","NAME MATCH ONLY - SPECIFICATION REQUIRED","physical_inventory","Lessons/Grades_1-2_YearB/Week19-22_Invention_Labs.md","1-2","Weekly","B","CORE","rebuilt"
"Teacher scissors","ADULTSCISSOR","NAME MATCH ONLY - SPECIFICATION REQUIRED","physical_inventory","Lessons/Grades_1-2_YearB/Week23_Catholic_Schools.md","1-2","Weekly","B","RECOMMENDED","rebuilt"
"Teacher scissors","ADULTSCISSOR","NAME MATCH ONLY - SPECIFICATION REQUIRED","physical_inventory","Lessons/Grades_1-2_YearB/Week24-25_Friendship_Machines.md","1-2","Weekly","B","CORE","rebuilt"
"Teacher scissors","ADULTSCISSOR","NAME MATCH ONLY - SPECIFICATION REQUIRED","physical_inventory","Lessons/Grades_1-2_YearB/Week26-27_Garden_Engineering.md","1-2","Weekly","B","CORE","rebuilt"
"Teacher scissors","ADULTSCISSOR","NAME MATCH ONLY - SPECIFICATION REQUIRED","physical_inventory","Lessons/Grades_1-2_YearB/Week28_Math_Games.md","1-2","Weekly","B","CORE","rebuilt"
"Teacher scissors","ADULTSCISSOR","NAME MATCH ONLY - SPECIFICATION REQUIRED","physical_inventory","Lessons/Grades_1-2_YearB/Week29-31_Butterfly_Engineering.md","1-2","Weekly","B","CORE","rebuilt"
"Teacher scissors","ADULTSCISSOR","NAME MATCH ONLY - SPECIFICATION REQUIRED","physical_inventory","Lessons/Grades_1-2_YearB/Week33_New_Life.md","1-2","Weekly","B","RECOMMENDED","rebuilt"
"Teacher scissors","ADULTSCISSOR","NAME MATCH ONLY - SPECIFICATION REQUIRED","physical_inventory","Lessons/Grades_1-2_YearB/Week34_Showcase.md","1-2","Weekly","B","RECOMMENDED","rebuilt"
"Teacher-cut animal silhouette","RESOURCE:SILHOUETTE","DECLARED RESOURCE - LOCAL ACCESS REQUIRED","teacher_prepared","Lessons/Bi-Weekly/Grades_1-2_YearB/Session04_Animal_Adaptations.md","1-2","Bi-Weekly","B","CORE","rebuilt"
"Teacher-drawn bean life-stage card","RESOURCE:LIFECARD","DECLARED RESOURCE - LOCAL ACCESS REQUIRED","teacher_prepared","Lessons/Bi-Weekly/Grades_1-2_YearA/Session12_Life_Cycles.md","1-2","Bi-Weekly","A","CORE","rebuilt"
"Teacher-drawn butterfly stage card","RESOURCE:LIFECARD","DECLARED RESOURCE - LOCAL ACCESS REQUIRED","teacher_prepared","Lessons/Bi-Weekly/Grades_1-2_YearB/Session12_Butterfly_Wonder.md","1-2","Bi-Weekly","B","CORE","rebuilt"
"Teacher-drawn butterfly stage card","RESOURCE:LIFECARD","DECLARED RESOURCE - LOCAL ACCESS REQUIRED","teacher_prepared","Lessons/Grades_1-2_YearB/Week29-31_Butterfly_Engineering.md","1-2","Weekly","B","CORE","rebuilt"
"Teacher-drawn habitat reference card","RESOURCE:LIFECARD","DECLARED RESOURCE - LOCAL ACCESS REQUIRED","teacher_prepared","Lessons/Grades_1-2_YearB/Week07-09_Animal_Habitats.md","1-2","Weekly","B","CORE","rebuilt"
"Teacher-drawn material sorting card","RESOURCE:SORTCARD","DECLARED RESOURCE - LOCAL ACCESS REQUIRED","teacher_prepared","Lessons/Bi-Weekly/Grades_1-2_YearB/Session16_Earth_Care.md","1-2","Bi-Weekly","B","CORE","rebuilt"
"Teacher-drawn plant feature card","RESOURCE:PLANTPICTURE","DECLARED RESOURCE - LOCAL ACCESS REQUIRED","teacher_prepared","Lessons/Bi-Weekly/Grades_1-2_YearA/Session09_Catholic_Inventors.md","1-2","Bi-Weekly","A","RECOMMENDED","rebuilt"
"Teacher-drawn seasonal tree card","RESOURCE:PLANTPICTURE","DECLARED RESOURCE - LOCAL ACCESS REQUIRED","teacher_prepared","Lessons/Grades_1-2_YearB/Week33_New_Life.md","1-2","Weekly","B","RECOMMENDED","rebuilt"
"Teacher-drawn star-pattern card","RESOURCE:SKYPICTURE","DECLARED RESOURCE - LOCAL ACCESS REQUIRED","teacher_prepared","Lessons/Bi-Weekly/Grades_1-2_YearB/Session07_Star_Makers.md","1-2","Bi-Weekly","B","CORE","rebuilt"
"Teacher-drawn star-pattern card","RESOURCE:SKYPICTURE","DECLARED RESOURCE - LOCAL ACCESS REQUIRED","teacher_prepared","Lessons/Grades_1-2_YearA/Week16_Star_of_Wonder.md","1-2","Weekly","A","RECOMMENDED","rebuilt"
"Teacher-drawn star-pattern card","RESOURCE:SKYPICTURE","DECLARED RESOURCE - LOCAL ACCESS REQUIRED","teacher_prepared","Lessons/Grades_1-2_YearB/Week14-15_Stars_Light.md","1-2","Weekly","B","CORE","rebuilt"
"Team sorting tray","TRAY","NAME MATCH ONLY - SPECIFICATION REQUIRED","physical_inventory","Lessons/Bi-Weekly/Grades_1-2_YearA/Session01_Wonder_Engineers.md","1-2","Bi-Weekly","A","CORE","rebuilt"
"Team sorting tray","TRAY","NAME MATCH ONLY - SPECIFICATION REQUIRED","physical_inventory","Lessons/Bi-Weekly/Grades_1-2_YearA/Session02_Gods_Patterns.md","1-2","Bi-Weekly","A","CORE","rebuilt"
"Team sorting tray","TRAY","NAME MATCH ONLY - SPECIFICATION REQUIRED","physical_inventory","Lessons/Bi-Weekly/Grades_1-2_YearA/Session05_Nature_Exploration.md","1-2","Bi-Weekly","A","CORE","rebuilt"
"Team sorting tray","TRAY","NAME MATCH ONLY - SPECIFICATION REQUIRED","physical_inventory","Lessons/Bi-Weekly/Grades_1-2_YearA/Session06_Thanksgiving_Service.md","1-2","Bi-Weekly","A","RECOMMENDED","rebuilt"
"Team sorting tray","TRAY","NAME MATCH ONLY - SPECIFICATION REQUIRED","physical_inventory","Lessons/Bi-Weekly/Grades_1-2_YearA/Session07_Light_in_Darkness.md","1-2","Bi-Weekly","A","CORE","rebuilt"
"Team sorting tray","TRAY","NAME MATCH ONLY - SPECIFICATION REQUIRED","physical_inventory","Lessons/Bi-Weekly/Grades_1-2_YearA/Session08_Coding_Basics.md","1-2","Bi-Weekly","A","CORE","rebuilt"
"Team sorting tray","TRAY","NAME MATCH ONLY - SPECIFICATION REQUIRED","physical_inventory","Lessons/Bi-Weekly/Grades_1-2_YearA/Session09_Catholic_Inventors.md","1-2","Bi-Weekly","A","RECOMMENDED","rebuilt"
"Team sorting tray","TRAY","NAME MATCH ONLY - SPECIFICATION REQUIRED","physical_inventory","Lessons/Bi-Weekly/Grades_1-2_YearA/Session10_Weather_Watchers.md","1-2","Bi-Weekly","A","CORE","rebuilt"
"Team sorting tray","TRAY","NAME MATCH ONLY - SPECIFICATION REQUIRED","physical_inventory","Lessons/Bi-Weekly/Grades_1-2_YearA/Session11_Lenten_Engineers.md","1-2","Bi-Weekly","A","RECOMMENDED","rebuilt"
"Team sorting tray","TRAY","NAME MATCH ONLY - SPECIFICATION REQUIRED","physical_inventory","Lessons/Bi-Weekly/Grades_1-2_YearA/Session12_Life_Cycles.md","1-2","Bi-Weekly","A","CORE","rebuilt"
"Team sorting tray","TRAY","NAME MATCH ONLY - SPECIFICATION REQUIRED","physical_inventory","Lessons/Bi-Weekly/Grades_1-2_YearA/Session13_Easter_Innovation.md","1-2","Bi-Weekly","A","RECOMMENDED","rebuilt"
"Team sorting tray","TRAY","NAME MATCH ONLY - SPECIFICATION REQUIRED","physical_inventory","Lessons/Bi-Weekly/Grades_1-2_YearA/Session14_Sound_Engineering.md","1-2","Bi-Weekly","A","CORE","rebuilt"
"Team sorting tray","TRAY","NAME MATCH ONLY - SPECIFICATION REQUIRED","physical_inventory","Lessons/Bi-Weekly/Grades_1-2_YearA/Session15_Robot_Challenge.md","1-2","Bi-Weekly","A","CORE","rebuilt"
"Team sorting tray","TRAY","NAME MATCH ONLY - SPECIFICATION REQUIRED","physical_inventory","Lessons/Bi-Weekly/Grades_1-2_YearA/Session16_Community_Helpers.md","1-2","Bi-Weekly","A","RECOMMENDED","rebuilt"
"Team sorting tray","TRAY","NAME MATCH ONLY - SPECIFICATION REQUIRED","physical_inventory","Lessons/Bi-Weekly/Grades_1-2_YearA/Session17_Exhibition.md","1-2","Bi-Weekly","A","RECOMMENDED","rebuilt"
"Team sorting tray","TRAY","NAME MATCH ONLY - SPECIFICATION REQUIRED","physical_inventory","Lessons/Bi-Weekly/Grades_1-2_YearB/Session01_Design_Detectives.md","1-2","Bi-Weekly","B","CORE","rebuilt"
"Team sorting tray","TRAY","NAME MATCH ONLY - SPECIFICATION REQUIRED","physical_inventory","Lessons/Bi-Weekly/Grades_1-2_YearB/Session02_Tower_Power.md","1-2","Bi-Weekly","B","CORE","rebuilt"
"Team sorting tray","TRAY","NAME MATCH ONLY - SPECIFICATION REQUIRED","physical_inventory","Lessons/Bi-Weekly/Grades_1-2_YearB/Session04_Animal_Adaptations.md","1-2","Bi-Weekly","B","CORE","rebuilt"
"Team sorting tray","TRAY","NAME MATCH ONLY - SPECIFICATION REQUIRED","physical_inventory","Lessons/Bi-Weekly/Grades_1-2_YearB/Session05_Garden_Engineers.md","1-2","Bi-Weekly","B","CORE","rebuilt"
"Team sorting tray","TRAY","NAME MATCH ONLY - SPECIFICATION REQUIRED","physical_inventory","Lessons/Bi-Weekly/Grades_1-2_YearB/Session06_Gratitude_Gifts.md","1-2","Bi-Weekly","B","RECOMMENDED","rebuilt"
"Team sorting tray","TRAY","NAME MATCH ONLY - SPECIFICATION REQUIRED","physical_inventory","Lessons/Bi-Weekly/Grades_1-2_YearB/Session07_Star_Makers.md","1-2","Bi-Weekly","B","CORE","rebuilt"
"Team sorting tray","TRAY","NAME MATCH ONLY - SPECIFICATION REQUIRED","physical_inventory","Lessons/Bi-Weekly/Grades_1-2_YearB/Session08_Digital_Art.md","1-2","Bi-Weekly","B","CORE","rebuilt"
"Team sorting tray","TRAY","NAME MATCH ONLY - SPECIFICATION REQUIRED","physical_inventory","Lessons/Bi-Weekly/Grades_1-2_YearB/Session09_Faith_Scientists.md","1-2","Bi-Weekly","B","RECOMMENDED","rebuilt"
"Team sorting tray","TRAY","NAME MATCH ONLY - SPECIFICATION REQUIRED","physical_inventory","Lessons/Bi-Weekly/Grades_1-2_YearB/Session10_Magnets_Motion.md","1-2","Bi-Weekly","B","CORE","rebuilt"
"Team sorting tray","TRAY","NAME MATCH ONLY - SPECIFICATION REQUIRED","physical_inventory","Lessons/Bi-Weekly/Grades_1-2_YearB/Session11_Lenten_Love.md","1-2","Bi-Weekly","B","RECOMMENDED","rebuilt"
"Team sorting tray","TRAY","NAME MATCH ONLY - SPECIFICATION REQUIRED","physical_inventory","Lessons/Bi-Weekly/Grades_1-2_YearB/Session12_Butterfly_Wonder.md","1-2","Bi-Weekly","B","CORE","rebuilt"
"Team sorting tray","TRAY","NAME MATCH ONLY - SPECIFICATION REQUIRED","physical_inventory","Lessons/Bi-Weekly/Grades_1-2_YearB/Session13_Easter_Joy.md","1-2","Bi-Weekly","B","RECOMMENDED","rebuilt"
"Team sorting tray","TRAY","NAME MATCH ONLY - SPECIFICATION REQUIRED","physical_inventory","Lessons/Bi-Weekly/Grades_1-2_YearB/Session14_Sphero_Challenge.md","1-2","Bi-Weekly","B","CORE","rebuilt"
"Team sorting tray","TRAY","NAME MATCH ONLY - SPECIFICATION REQUIRED","physical_inventory","Lessons/Bi-Weekly/Grades_1-2_YearB/Session15_Simple_Machines.md","1-2","Bi-Weekly","B","CORE","rebuilt"
"Team sorting tray","TRAY","NAME MATCH ONLY - SPECIFICATION REQUIRED","physical_inventory","Lessons/Bi-Weekly/Grades_1-2_YearB/Session16_Earth_Care.md","1-2","Bi-Weekly","B","CORE","rebuilt"
"Team sorting tray","TRAY","NAME MATCH ONLY - SPECIFICATION REQUIRED","physical_inventory","Lessons/Bi-Weekly/Grades_1-2_YearB/Session17_Celebration.md","1-2","Bi-Weekly","B","RECOMMENDED","rebuilt"
"Team sorting tray","TRAY","NAME MATCH ONLY - SPECIFICATION REQUIRED","physical_inventory","Lessons/Grades_1-2_YearA/Week01_Welcome_to_CSTREAM.md","1-2","Weekly","A","CORE","rebuilt"
"Team sorting tray","TRAY","NAME MATCH ONLY - SPECIFICATION REQUIRED","physical_inventory","Lessons/Grades_1-2_YearA/Week05-06_KEVA_Engineering.md","1-2","Weekly","A","CORE","rebuilt"
"Team sorting tray","TRAY","NAME MATCH ONLY - SPECIFICATION REQUIRED","physical_inventory","Lessons/Grades_1-2_YearA/Week07-09_Engineering_for_Others.md","1-2","Weekly","A","CORE","rebuilt"
"Team sorting tray","TRAY","NAME MATCH ONLY - SPECIFICATION REQUIRED","physical_inventory","Lessons/Grades_1-2_YearA/Week10_Strong_Bridges.md","1-2","Weekly","A","CORE","rebuilt"
"Team sorting tray","TRAY","NAME MATCH ONLY - SPECIFICATION REQUIRED","physical_inventory","Lessons/Grades_1-2_YearA/Week11_Thankful_Coding.md","1-2","Weekly","A","RECOMMENDED","rebuilt"
"Team sorting tray","TRAY","NAME MATCH ONLY - SPECIFICATION REQUIRED","physical_inventory","Lessons/Grades_1-2_YearA/Week12_Making_Gifts.md","1-2","Weekly","A","RECOMMENDED","rebuilt"
"Team sorting tray","TRAY","NAME MATCH ONLY - SPECIFICATION REQUIRED","physical_inventory","Lessons/Grades_1-2_YearA/Week13_Fall_Celebration.md","1-2","Weekly","A","OPTIONAL","rebuilt"
"Team sorting tray","TRAY","NAME MATCH ONLY - SPECIFICATION REQUIRED","physical_inventory","Lessons/Grades_1-2_YearA/Week14-15_Light_Explorations.md","1-2","Weekly","A","CORE","rebuilt"
"Team sorting tray","TRAY","NAME MATCH ONLY - SPECIFICATION REQUIRED","physical_inventory","Lessons/Grades_1-2_YearA/Week16_Star_of_Wonder.md","1-2","Weekly","A","RECOMMENDED","rebuilt"
"Team sorting tray","TRAY","NAME MATCH ONLY - SPECIFICATION REQUIRED","physical_inventory","Lessons/Grades_1-2_YearA/Week18_New_Year_Goals.md","1-2","Weekly","A","RECOMMENDED","rebuilt"
"Team sorting tray","TRAY","NAME MATCH ONLY - SPECIFICATION REQUIRED","physical_inventory","Lessons/Grades_1-2_YearA/Week19-22_Exploration_Stations.md","1-2","Weekly","A","CORE","rebuilt"
"Team sorting tray","TRAY","NAME MATCH ONLY - SPECIFICATION REQUIRED","physical_inventory","Lessons/Grades_1-2_YearA/Week23_Catholic_Schools_Week.md","1-2","Weekly","A","RECOMMENDED","rebuilt"
"Team sorting tray","TRAY","NAME MATCH ONLY - SPECIFICATION REQUIRED","physical_inventory","Lessons/Grades_1-2_YearA/Week24-25_Dash_Robot_Adventures.md","1-2","Weekly","A","CORE","rebuilt"
"Team sorting tray","TRAY","NAME MATCH ONLY - SPECIFICATION REQUIRED","physical_inventory","Lessons/Grades_1-2_YearA/Week26-27_Helping_Hands_Design.md","1-2","Weekly","A","CORE","rebuilt"
"Team sorting tray","TRAY","NAME MATCH ONLY - SPECIFICATION REQUIRED","physical_inventory","Lessons/Grades_1-2_YearA/Week29-31_Growing_Things.md","1-2","Weekly","A","CORE","rebuilt"
"Team sorting tray","TRAY","NAME MATCH ONLY - SPECIFICATION REQUIRED","physical_inventory","Lessons/Grades_1-2_YearA/Week33_New_Life_Engineering.md","1-2","Weekly","A","RECOMMENDED","rebuilt"
"Team sorting tray","TRAY","NAME MATCH ONLY - SPECIFICATION REQUIRED","physical_inventory","Lessons/Grades_1-2_YearA/Week34_Year_Celebration.md","1-2","Weekly","A","RECOMMENDED","rebuilt"
"Team sorting tray","TRAY","NAME MATCH ONLY - SPECIFICATION REQUIRED","physical_inventory","Lessons/Grades_1-2_YearB/Week01_Welcome_Scientists.md","1-2","Weekly","B","CORE","rebuilt"
"Team sorting tray","TRAY","NAME MATCH ONLY - SPECIFICATION REQUIRED","physical_inventory","Lessons/Grades_1-2_YearB/Week05-06_Tower_Engineering.md","1-2","Weekly","B","CORE","rebuilt"
"Team sorting tray","TRAY","NAME MATCH ONLY - SPECIFICATION REQUIRED","physical_inventory","Lessons/Grades_1-2_YearB/Week07-09_Animal_Habitats.md","1-2","Weekly","B","CORE","rebuilt"
"Team sorting tray","TRAY","NAME MATCH ONLY - SPECIFICATION REQUIRED","physical_inventory","Lessons/Grades_1-2_YearB/Week11_Thanksgiving_Coding.md","1-2","Weekly","B","RECOMMENDED","rebuilt"
"Team sorting tray","TRAY","NAME MATCH ONLY - SPECIFICATION REQUIRED","physical_inventory","Lessons/Grades_1-2_YearB/Week12_Gifts_Others.md","1-2","Weekly","B","RECOMMENDED","rebuilt"
"Team sorting tray","TRAY","NAME MATCH ONLY - SPECIFICATION REQUIRED","physical_inventory","Lessons/Grades_1-2_YearB/Week13_Fall_Festival.md","1-2","Weekly","B","OPTIONAL","rebuilt"
"Team sorting tray","TRAY","NAME MATCH ONLY - SPECIFICATION REQUIRED","physical_inventory","Lessons/Grades_1-2_YearB/Week14-15_Stars_Light.md","1-2","Weekly","B","CORE","rebuilt"
"Team sorting tray","TRAY","NAME MATCH ONLY - SPECIFICATION REQUIRED","physical_inventory","Lessons/Grades_1-2_YearB/Week16_Winter_Wonders.md","1-2","Weekly","B","CORE","rebuilt"
"Team sorting tray","TRAY","NAME MATCH ONLY - SPECIFICATION REQUIRED","physical_inventory","Lessons/Grades_1-2_YearB/Week18_Growth_Goals.md","1-2","Weekly","B","RECOMMENDED","rebuilt"
"Team sorting tray","TRAY","NAME MATCH ONLY - SPECIFICATION REQUIRED","physical_inventory","Lessons/Grades_1-2_YearB/Week19-22_Invention_Labs.md","1-2","Weekly","B","CORE","rebuilt"
"Team sorting tray","TRAY","NAME MATCH ONLY - SPECIFICATION REQUIRED","physical_inventory","Lessons/Grades_1-2_YearB/Week23_Catholic_Schools.md","1-2","Weekly","B","RECOMMENDED","rebuilt"
"Team sorting tray","TRAY","NAME MATCH ONLY - SPECIFICATION REQUIRED","physical_inventory","Lessons/Grades_1-2_YearB/Week24-25_Friendship_Machines.md","1-2","Weekly","B","CORE","rebuilt"
"Team sorting tray","TRAY","NAME MATCH ONLY - SPECIFICATION REQUIRED","physical_inventory","Lessons/Grades_1-2_YearB/Week26-27_Garden_Engineering.md","1-2","Weekly","B","CORE","rebuilt"
"Team sorting tray","TRAY","NAME MATCH ONLY - SPECIFICATION REQUIRED","physical_inventory","Lessons/Grades_1-2_YearB/Week28_Math_Games.md","1-2","Weekly","B","CORE","rebuilt"
"Team sorting tray","TRAY","NAME MATCH ONLY - SPECIFICATION REQUIRED","physical_inventory","Lessons/Grades_1-2_YearB/Week29-31_Butterfly_Engineering.md","1-2","Weekly","B","CORE","rebuilt"
"Team sorting tray","TRAY","NAME MATCH ONLY - SPECIFICATION REQUIRED","physical_inventory","Lessons/Grades_1-2_YearB/Week33_New_Life.md","1-2","Weekly","B","RECOMMENDED","rebuilt"
"Team sorting tray","TRAY","NAME MATCH ONLY - SPECIFICATION REQUIRED","physical_inventory","Lessons/Grades_1-2_YearB/Week34_Showcase.md","1-2","Weekly","B","RECOMMENDED","rebuilt"
"Toy car","TOYCAR","NAME MATCH ONLY - SPECIFICATION REQUIRED","physical_inventory","Lessons/Grades_1-2_YearB/Week10_Ramp_Races.md","1-2","Weekly","B","CORE","rebuilt"
"Untreated bean seed","SEED","NAME MATCH ONLY - SPECIFICATION REQUIRED","physical_inventory","Lessons/Bi-Weekly/Grades_1-2_YearB/Session05_Garden_Engineers.md","1-2","Bi-Weekly","B","CORE","rebuilt"
"Untreated bean seed","SEED","NAME MATCH ONLY - SPECIFICATION REQUIRED","physical_inventory","Lessons/Grades_1-2_YearA/Week29-31_Growing_Things.md","1-2","Weekly","A","CORE","rebuilt"
"Untreated bean seed","SEED","NAME MATCH ONLY - SPECIFICATION REQUIRED","physical_inventory","Lessons/Grades_1-2_YearB/Week26-27_Garden_Engineering.md","1-2","Weekly","B","CORE","rebuilt"
"Water","WATER","NAME MATCH ONLY - SPECIFICATION REQUIRED","physical_inventory","Lessons/Grades_1-2_YearB/Week26-27_Garden_Engineering.md","1-2","Weekly","B","CORE","rebuilt"
"Whiteboard marker","BOARDMARKER","NAME MATCH ONLY - SPECIFICATION REQUIRED","physical_inventory","Lessons/Bi-Weekly/Grades_1-2_YearA/Session01_Wonder_Engineers.md","1-2","Bi-Weekly","A","CORE","rebuilt"
"Whiteboard marker","BOARDMARKER","NAME MATCH ONLY - SPECIFICATION REQUIRED","physical_inventory","Lessons/Bi-Weekly/Grades_1-2_YearA/Session02_Gods_Patterns.md","1-2","Bi-Weekly","A","CORE","rebuilt"
"Whiteboard marker","BOARDMARKER","NAME MATCH ONLY - SPECIFICATION REQUIRED","physical_inventory","Lessons/Bi-Weekly/Grades_1-2_YearA/Session05_Nature_Exploration.md","1-2","Bi-Weekly","A","CORE","rebuilt"
"Whiteboard marker","BOARDMARKER","NAME MATCH ONLY - SPECIFICATION REQUIRED","physical_inventory","Lessons/Bi-Weekly/Grades_1-2_YearA/Session06_Thanksgiving_Service.md","1-2","Bi-Weekly","A","RECOMMENDED","rebuilt"
"Whiteboard marker","BOARDMARKER","NAME MATCH ONLY - SPECIFICATION REQUIRED","physical_inventory","Lessons/Bi-Weekly/Grades_1-2_YearA/Session07_Light_in_Darkness.md","1-2","Bi-Weekly","A","CORE","rebuilt"
"Whiteboard marker","BOARDMARKER","NAME MATCH ONLY - SPECIFICATION REQUIRED","physical_inventory","Lessons/Bi-Weekly/Grades_1-2_YearA/Session08_Coding_Basics.md","1-2","Bi-Weekly","A","CORE","rebuilt"
"Whiteboard marker","BOARDMARKER","NAME MATCH ONLY - SPECIFICATION REQUIRED","physical_inventory","Lessons/Bi-Weekly/Grades_1-2_YearA/Session09_Catholic_Inventors.md","1-2","Bi-Weekly","A","RECOMMENDED","rebuilt"
"Whiteboard marker","BOARDMARKER","NAME MATCH ONLY - SPECIFICATION REQUIRED","physical_inventory","Lessons/Bi-Weekly/Grades_1-2_YearA/Session10_Weather_Watchers.md","1-2","Bi-Weekly","A","CORE","rebuilt"
"Whiteboard marker","BOARDMARKER","NAME MATCH ONLY - SPECIFICATION REQUIRED","physical_inventory","Lessons/Bi-Weekly/Grades_1-2_YearA/Session11_Lenten_Engineers.md","1-2","Bi-Weekly","A","RECOMMENDED","rebuilt"
"Whiteboard marker","BOARDMARKER","NAME MATCH ONLY - SPECIFICATION REQUIRED","physical_inventory","Lessons/Bi-Weekly/Grades_1-2_YearA/Session12_Life_Cycles.md","1-2","Bi-Weekly","A","CORE","rebuilt"
"Whiteboard marker","BOARDMARKER","NAME MATCH ONLY - SPECIFICATION REQUIRED","physical_inventory","Lessons/Bi-Weekly/Grades_1-2_YearA/Session13_Easter_Innovation.md","1-2","Bi-Weekly","A","RECOMMENDED","rebuilt"
"Whiteboard marker","BOARDMARKER","NAME MATCH ONLY - SPECIFICATION REQUIRED","physical_inventory","Lessons/Bi-Weekly/Grades_1-2_YearA/Session14_Sound_Engineering.md","1-2","Bi-Weekly","A","CORE","rebuilt"
"Whiteboard marker","BOARDMARKER","NAME MATCH ONLY - SPECIFICATION REQUIRED","physical_inventory","Lessons/Bi-Weekly/Grades_1-2_YearA/Session15_Robot_Challenge.md","1-2","Bi-Weekly","A","CORE","rebuilt"
"Whiteboard marker","BOARDMARKER","NAME MATCH ONLY - SPECIFICATION REQUIRED","physical_inventory","Lessons/Bi-Weekly/Grades_1-2_YearA/Session16_Community_Helpers.md","1-2","Bi-Weekly","A","RECOMMENDED","rebuilt"
"Whiteboard marker","BOARDMARKER","NAME MATCH ONLY - SPECIFICATION REQUIRED","physical_inventory","Lessons/Bi-Weekly/Grades_1-2_YearA/Session17_Exhibition.md","1-2","Bi-Weekly","A","RECOMMENDED","rebuilt"
"Whiteboard marker","BOARDMARKER","NAME MATCH ONLY - SPECIFICATION REQUIRED","physical_inventory","Lessons/Bi-Weekly/Grades_1-2_YearB/Session01_Design_Detectives.md","1-2","Bi-Weekly","B","CORE","rebuilt"
"Whiteboard marker","BOARDMARKER","NAME MATCH ONLY - SPECIFICATION REQUIRED","physical_inventory","Lessons/Bi-Weekly/Grades_1-2_YearB/Session02_Tower_Power.md","1-2","Bi-Weekly","B","CORE","rebuilt"
"Whiteboard marker","BOARDMARKER","NAME MATCH ONLY - SPECIFICATION REQUIRED","physical_inventory","Lessons/Bi-Weekly/Grades_1-2_YearB/Session04_Animal_Adaptations.md","1-2","Bi-Weekly","B","CORE","rebuilt"
"Whiteboard marker","BOARDMARKER","NAME MATCH ONLY - SPECIFICATION REQUIRED","physical_inventory","Lessons/Bi-Weekly/Grades_1-2_YearB/Session06_Gratitude_Gifts.md","1-2","Bi-Weekly","B","RECOMMENDED","rebuilt"
"Whiteboard marker","BOARDMARKER","NAME MATCH ONLY - SPECIFICATION REQUIRED","physical_inventory","Lessons/Bi-Weekly/Grades_1-2_YearB/Session07_Star_Makers.md","1-2","Bi-Weekly","B","CORE","rebuilt"
"Whiteboard marker","BOARDMARKER","NAME MATCH ONLY - SPECIFICATION REQUIRED","physical_inventory","Lessons/Bi-Weekly/Grades_1-2_YearB/Session08_Digital_Art.md","1-2","Bi-Weekly","B","CORE","rebuilt"
"Whiteboard marker","BOARDMARKER","NAME MATCH ONLY - SPECIFICATION REQUIRED","physical_inventory","Lessons/Bi-Weekly/Grades_1-2_YearB/Session09_Faith_Scientists.md","1-2","Bi-Weekly","B","RECOMMENDED","rebuilt"
"Whiteboard marker","BOARDMARKER","NAME MATCH ONLY - SPECIFICATION REQUIRED","physical_inventory","Lessons/Bi-Weekly/Grades_1-2_YearB/Session10_Magnets_Motion.md","1-2","Bi-Weekly","B","CORE","rebuilt"
"Whiteboard marker","BOARDMARKER","NAME MATCH ONLY - SPECIFICATION REQUIRED","physical_inventory","Lessons/Bi-Weekly/Grades_1-2_YearB/Session11_Lenten_Love.md","1-2","Bi-Weekly","B","RECOMMENDED","rebuilt"
"Whiteboard marker","BOARDMARKER","NAME MATCH ONLY - SPECIFICATION REQUIRED","physical_inventory","Lessons/Bi-Weekly/Grades_1-2_YearB/Session12_Butterfly_Wonder.md","1-2","Bi-Weekly","B","CORE","rebuilt"
"Whiteboard marker","BOARDMARKER","NAME MATCH ONLY - SPECIFICATION REQUIRED","physical_inventory","Lessons/Bi-Weekly/Grades_1-2_YearB/Session13_Easter_Joy.md","1-2","Bi-Weekly","B","RECOMMENDED","rebuilt"
"Whiteboard marker","BOARDMARKER","NAME MATCH ONLY - SPECIFICATION REQUIRED","physical_inventory","Lessons/Bi-Weekly/Grades_1-2_YearB/Session14_Sphero_Challenge.md","1-2","Bi-Weekly","B","CORE","rebuilt"
"Whiteboard marker","BOARDMARKER","NAME MATCH ONLY - SPECIFICATION REQUIRED","physical_inventory","Lessons/Bi-Weekly/Grades_1-2_YearB/Session15_Simple_Machines.md","1-2","Bi-Weekly","B","CORE","rebuilt"
"Whiteboard marker","BOARDMARKER","NAME MATCH ONLY - SPECIFICATION REQUIRED","physical_inventory","Lessons/Bi-Weekly/Grades_1-2_YearB/Session16_Earth_Care.md","1-2","Bi-Weekly","B","CORE","rebuilt"
"Whiteboard marker","BOARDMARKER","NAME MATCH ONLY - SPECIFICATION REQUIRED","physical_inventory","Lessons/Bi-Weekly/Grades_1-2_YearB/Session17_Celebration.md","1-2","Bi-Weekly","B","RECOMMENDED","rebuilt"
"Whiteboard marker","BOARDMARKER","NAME MATCH ONLY - SPECIFICATION REQUIRED","physical_inventory","Lessons/Grades_1-2_YearA/Week01_Welcome_to_CSTREAM.md","1-2","Weekly","A","CORE","rebuilt"
"Whiteboard marker","BOARDMARKER","NAME MATCH ONLY - SPECIFICATION REQUIRED","physical_inventory","Lessons/Grades_1-2_YearA/Week05-06_KEVA_Engineering.md","1-2","Weekly","A","CORE","rebuilt"
"Whiteboard marker","BOARDMARKER","NAME MATCH ONLY - SPECIFICATION REQUIRED","physical_inventory","Lessons/Grades_1-2_YearA/Week07-09_Engineering_for_Others.md","1-2","Weekly","A","CORE","rebuilt"
"Whiteboard marker","BOARDMARKER","NAME MATCH ONLY - SPECIFICATION REQUIRED","physical_inventory","Lessons/Grades_1-2_YearA/Week10_Strong_Bridges.md","1-2","Weekly","A","CORE","rebuilt"
"Whiteboard marker","BOARDMARKER","NAME MATCH ONLY - SPECIFICATION REQUIRED","physical_inventory","Lessons/Grades_1-2_YearA/Week11_Thankful_Coding.md","1-2","Weekly","A","RECOMMENDED","rebuilt"
"Whiteboard marker","BOARDMARKER","NAME MATCH ONLY - SPECIFICATION REQUIRED","physical_inventory","Lessons/Grades_1-2_YearA/Week12_Making_Gifts.md","1-2","Weekly","A","RECOMMENDED","rebuilt"
"Whiteboard marker","BOARDMARKER","NAME MATCH ONLY - SPECIFICATION REQUIRED","physical_inventory","Lessons/Grades_1-2_YearA/Week13_Fall_Celebration.md","1-2","Weekly","A","OPTIONAL","rebuilt"
"Whiteboard marker","BOARDMARKER","NAME MATCH ONLY - SPECIFICATION REQUIRED","physical_inventory","Lessons/Grades_1-2_YearA/Week14-15_Light_Explorations.md","1-2","Weekly","A","CORE","rebuilt"
"Whiteboard marker","BOARDMARKER","NAME MATCH ONLY - SPECIFICATION REQUIRED","physical_inventory","Lessons/Grades_1-2_YearA/Week16_Star_of_Wonder.md","1-2","Weekly","A","RECOMMENDED","rebuilt"
"Whiteboard marker","BOARDMARKER","NAME MATCH ONLY - SPECIFICATION REQUIRED","physical_inventory","Lessons/Grades_1-2_YearA/Week18_New_Year_Goals.md","1-2","Weekly","A","RECOMMENDED","rebuilt"
"Whiteboard marker","BOARDMARKER","NAME MATCH ONLY - SPECIFICATION REQUIRED","physical_inventory","Lessons/Grades_1-2_YearA/Week23_Catholic_Schools_Week.md","1-2","Weekly","A","RECOMMENDED","rebuilt"
"Whiteboard marker","BOARDMARKER","NAME MATCH ONLY - SPECIFICATION REQUIRED","physical_inventory","Lessons/Grades_1-2_YearA/Week24-25_Dash_Robot_Adventures.md","1-2","Weekly","A","CORE","rebuilt"
"Whiteboard marker","BOARDMARKER","NAME MATCH ONLY - SPECIFICATION REQUIRED","physical_inventory","Lessons/Grades_1-2_YearA/Week26-27_Helping_Hands_Design.md","1-2","Weekly","A","CORE","rebuilt"
"Whiteboard marker","BOARDMARKER","NAME MATCH ONLY - SPECIFICATION REQUIRED","physical_inventory","Lessons/Grades_1-2_YearA/Week33_New_Life_Engineering.md","1-2","Weekly","A","RECOMMENDED","rebuilt"
"Whiteboard marker","BOARDMARKER","NAME MATCH ONLY - SPECIFICATION REQUIRED","physical_inventory","Lessons/Grades_1-2_YearA/Week34_Year_Celebration.md","1-2","Weekly","A","RECOMMENDED","rebuilt"
"Whiteboard marker","BOARDMARKER","NAME MATCH ONLY - SPECIFICATION REQUIRED","physical_inventory","Lessons/Grades_1-2_YearB/Week01_Welcome_Scientists.md","1-2","Weekly","B","CORE","rebuilt"
"Whiteboard marker","BOARDMARKER","NAME MATCH ONLY - SPECIFICATION REQUIRED","physical_inventory","Lessons/Grades_1-2_YearB/Week05-06_Tower_Engineering.md","1-2","Weekly","B","CORE","rebuilt"
"Whiteboard marker","BOARDMARKER","NAME MATCH ONLY - SPECIFICATION REQUIRED","physical_inventory","Lessons/Grades_1-2_YearB/Week07-09_Animal_Habitats.md","1-2","Weekly","B","CORE","rebuilt"
"Whiteboard marker","BOARDMARKER","NAME MATCH ONLY - SPECIFICATION REQUIRED","physical_inventory","Lessons/Grades_1-2_YearB/Week11_Thanksgiving_Coding.md","1-2","Weekly","B","RECOMMENDED","rebuilt"
"Whiteboard marker","BOARDMARKER","NAME MATCH ONLY - SPECIFICATION REQUIRED","physical_inventory","Lessons/Grades_1-2_YearB/Week12_Gifts_Others.md","1-2","Weekly","B","RECOMMENDED","rebuilt"
"Whiteboard marker","BOARDMARKER","NAME MATCH ONLY - SPECIFICATION REQUIRED","physical_inventory","Lessons/Grades_1-2_YearB/Week13_Fall_Festival.md","1-2","Weekly","B","OPTIONAL","rebuilt"
"Whiteboard marker","BOARDMARKER","NAME MATCH ONLY - SPECIFICATION REQUIRED","physical_inventory","Lessons/Grades_1-2_YearB/Week14-15_Stars_Light.md","1-2","Weekly","B","CORE","rebuilt"
"Whiteboard marker","BOARDMARKER","NAME MATCH ONLY - SPECIFICATION REQUIRED","physical_inventory","Lessons/Grades_1-2_YearB/Week18_Growth_Goals.md","1-2","Weekly","B","RECOMMENDED","rebuilt"
"Whiteboard marker","BOARDMARKER","NAME MATCH ONLY - SPECIFICATION REQUIRED","physical_inventory","Lessons/Grades_1-2_YearB/Week19-22_Invention_Labs.md","1-2","Weekly","B","CORE","rebuilt"
"Whiteboard marker","BOARDMARKER","NAME MATCH ONLY - SPECIFICATION REQUIRED","physical_inventory","Lessons/Grades_1-2_YearB/Week23_Catholic_Schools.md","1-2","Weekly","B","RECOMMENDED","rebuilt"
"Whiteboard marker","BOARDMARKER","NAME MATCH ONLY - SPECIFICATION REQUIRED","physical_inventory","Lessons/Grades_1-2_YearB/Week24-25_Friendship_Machines.md","1-2","Weekly","B","CORE","rebuilt"
"Whiteboard marker","BOARDMARKER","NAME MATCH ONLY - SPECIFICATION REQUIRED","physical_inventory","Lessons/Grades_1-2_YearB/Week26-27_Garden_Engineering.md","1-2","Weekly","B","CORE","rebuilt"
"Whiteboard marker","BOARDMARKER","NAME MATCH ONLY - SPECIFICATION REQUIRED","physical_inventory","Lessons/Grades_1-2_YearB/Week28_Math_Games.md","1-2","Weekly","B","CORE","rebuilt"
"Whiteboard marker","BOARDMARKER","NAME MATCH ONLY - SPECIFICATION REQUIRED","physical_inventory","Lessons/Grades_1-2_YearB/Week29-31_Butterfly_Engineering.md","1-2","Weekly","B","CORE","rebuilt"
"Whiteboard marker","BOARDMARKER","NAME MATCH ONLY - SPECIFICATION REQUIRED","physical_inventory","Lessons/Grades_1-2_YearB/Week33_New_Life.md","1-2","Weekly","B","RECOMMENDED","rebuilt"
"Whiteboard marker","BOARDMARKER","NAME MATCH ONLY - SPECIFICATION REQUIRED","physical_inventory","Lessons/Grades_1-2_YearB/Week34_Showcase.md","1-2","Weekly","B","RECOMMENDED","rebuilt"
"Wooden building planks","KEVA","NAME MATCH ONLY - SPECIFICATION REQUIRED","physical_inventory","Lessons/Bi-Weekly/Grades_1-2_YearA/Session01_Wonder_Engineers.md","1-2","Bi-Weekly","A","CORE","rebuilt"
"Wooden building planks","KEVA","NAME MATCH ONLY - SPECIFICATION REQUIRED","physical_inventory","Lessons/Bi-Weekly/Grades_1-2_YearB/Session02_Tower_Power.md","1-2","Bi-Weekly","B","CORE","rebuilt"
"Wooden building planks","KEVA","NAME MATCH ONLY - SPECIFICATION REQUIRED","physical_inventory","Lessons/Grades_1-2_YearA/Week05-06_KEVA_Engineering.md","1-2","Weekly","A","CORE","rebuilt"
"Wooden building planks","KEVA","NAME MATCH ONLY - SPECIFICATION REQUIRED","physical_inventory","Lessons/Grades_1-2_YearA/Week10_Strong_Bridges.md","1-2","Weekly","A","CORE","rebuilt"
"Wooden building planks","KEVA","NAME MATCH ONLY - SPECIFICATION REQUIRED","physical_inventory","Lessons/Grades_1-2_YearA/Week19-22_Exploration_Stations.md","1-2","Weekly","A","CORE","rebuilt"
"Wooden building planks","KEVA","NAME MATCH ONLY - SPECIFICATION REQUIRED","physical_inventory","Lessons/Grades_1-2_YearB/Week05-06_Tower_Engineering.md","1-2","Weekly","B","CORE","rebuilt"
"Wooden craft stick","STICK","NAME MATCH ONLY - SPECIFICATION REQUIRED","physical_inventory","Lessons/Bi-Weekly/Grades_1-2_YearB/Session15_Simple_Machines.md","1-2","Bi-Weekly","B","CORE","rebuilt"
"Wooden craft sticks","STICK","NAME MATCH ONLY - SPECIFICATION REQUIRED","physical_inventory","Lessons/Grades_1-2_YearA/Week07-09_Engineering_for_Others.md","1-2","Weekly","A","CORE","rebuilt"
"Wooden craft sticks","STICK","NAME MATCH ONLY - SPECIFICATION REQUIRED","physical_inventory","Lessons/Grades_1-2_YearB/Week19-22_Invention_Labs.md","1-2","Weekly","B","CORE","rebuilt"
"Access: LibreOffice Impress","RESOURCE:IMPRESS","DECLARED RESOURCE - LOCAL ACCESS REQUIRED","digital_platform","Lessons/Bi-Weekly/Grades_3-4_YearA/Session06_Gratitude_Tech.md","3-4","Bi-Weekly","A","RECOMMENDED","rebuilt"
"Access: LibreOffice Impress","RESOURCE:IMPRESS","DECLARED RESOURCE - LOCAL ACCESS REQUIRED","digital_platform","Lessons/Bi-Weekly/Grades_3-4_YearA/Session13_Easter_Tech.md","3-4","Bi-Weekly","A","OPTIONAL","rebuilt"
"Access: LibreOffice Impress","RESOURCE:IMPRESS","DECLARED RESOURCE - LOCAL ACCESS REQUIRED","digital_platform","Lessons/Bi-Weekly/Grades_3-4_YearB/Session08_Digital_Stories.md","3-4","Bi-Weekly","B","RECOMMENDED","rebuilt"
"Access: matching Dash controls","RESOURCE:DASHAPP","DECLARED RESOURCE - LOCAL ACCESS REQUIRED","manufacturer_instructions","Lessons/Bi-Weekly/Grades_3-4_YearA/Session02_Dash_Code.md","3-4","Bi-Weekly","A","CORE","rebuilt"
"Access: matching Dash controls","RESOURCE:DASHAPP","DECLARED RESOURCE - LOCAL ACCESS REQUIRED","manufacturer_instructions","Lessons/Bi-Weekly/Grades_3-4_YearA/Session14_Dash_Challenge.md","3-4","Bi-Weekly","A","CORE","rebuilt"
"Access: matching LittleBits instructions","RESOURCE:LITTLEBITSMANUAL","DECLARED RESOURCE - LOCAL ACCESS REQUIRED","manufacturer_instructions","Lessons/Bi-Weekly/Grades_3-4_YearA/Session16_Little_Bits.md","3-4","Bi-Weekly","A","RECOMMENDED","rebuilt"
"Access: matching Makey Makey instructions","RESOURCE:MAKEYMANUAL","DECLARED RESOURCE - LOCAL ACCESS REQUIRED","manufacturer_instructions","Lessons/Bi-Weekly/Grades_3-4_YearB/Session16_Makey_Makey.md","3-4","Bi-Weekly","B","RECOMMENDED","rebuilt"
"Access: matching Ozobot instructions","RESOURCE:OZOBOT","DECLARED RESOURCE - LOCAL ACCESS REQUIRED","manufacturer_instructions","Lessons/Bi-Weekly/Grades_3-4_YearB/Session02_Ozobot_Coding.md","3-4","Bi-Weekly","B","CORE","rebuilt"
"Access: matching Ozobot instructions","RESOURCE:OZOBOT","DECLARED RESOURCE - LOCAL ACCESS REQUIRED","manufacturer_instructions","Lessons/Bi-Weekly/Grades_3-4_YearB/Session14_Ozobot_Challenge.md","3-4","Bi-Weekly","B","CORE","rebuilt"
"Access: matching Snap Circuits manual","RESOURCE:SNAPMANUAL","DECLARED RESOURCE - LOCAL ACCESS REQUIRED","manufacturer_instructions","Lessons/Bi-Weekly/Grades_3-4_YearA/Session07_Light_Circuits.md","3-4","Bi-Weekly","A","CORE","rebuilt"
"Access: matching Snap Circuits manual","RESOURCE:SNAPMANUAL","DECLARED RESOURCE - LOCAL ACCESS REQUIRED","manufacturer_instructions","Lessons/Bi-Weekly/Grades_3-4_YearB/Session07_Christmas_Circuits.md","3-4","Bi-Weekly","B","CORE","rebuilt"
"Access: matching Snap Circuits manual","RESOURCE:SNAPMANUAL","DECLARED RESOURCE - LOCAL ACCESS REQUIRED","manufacturer_instructions","Lessons/Grades_3-4_YearA/Week26-27_Little_Bits_Circuits.md","3-4","Weekly","A","CORE","rebuilt"
"Access: matching Sphero controls","RESOURCE:SPHEROAPP","DECLARED RESOURCE - LOCAL ACCESS REQUIRED","manufacturer_instructions","Lessons/Grades_3-4_YearA/Week02-03_Sphero_Advanced.md","3-4","Weekly","A","CORE","rebuilt"
"Access: Scratch","RESOURCE:SCRATCH","DECLARED RESOURCE - LOCAL ACCESS REQUIRED","digital_platform","Lessons/Bi-Weekly/Grades_3-4_YearA/Session05_Scratch_Intro.md","3-4","Bi-Weekly","A","CORE","rebuilt"
"Access: Scratch","RESOURCE:SCRATCH","DECLARED RESOURCE - LOCAL ACCESS REQUIRED","digital_platform","Lessons/Bi-Weekly/Grades_3-4_YearA/Session08_Scratch_Animation.md","3-4","Bi-Weekly","A","RECOMMENDED","rebuilt"
"Access: Scratch","RESOURCE:SCRATCH","DECLARED RESOURCE - LOCAL ACCESS REQUIRED","digital_platform","Lessons/Bi-Weekly/Grades_3-4_YearB/Session05_Scratch_Games.md","3-4","Bi-Weekly","B","CORE","rebuilt"
"Access: Scratch","RESOURCE:SCRATCH","DECLARED RESOURCE - LOCAL ACCESS REQUIRED","digital_platform","Lessons/Bi-Weekly/Grades_3-4_YearB/Session16_Makey_Makey.md","3-4","Bi-Weekly","B","RECOMMENDED","rebuilt"
"Access: Scratch","RESOURCE:SCRATCH","DECLARED RESOURCE - LOCAL ACCESS REQUIRED","digital_platform","Lessons/Grades_3-4_YearA/Week11_Coding_Gratitude.md","3-4","Weekly","A","RECOMMENDED","rebuilt"
"Access: Scratch","RESOURCE:SCRATCH","DECLARED RESOURCE - LOCAL ACCESS REQUIRED","digital_platform","Lessons/Grades_3-4_YearA/Week24-25_Scratch_Programming.md","3-4","Weekly","A","CORE","rebuilt"
"Access: Scratch","RESOURCE:SCRATCH","DECLARED RESOURCE - LOCAL ACCESS REQUIRED","digital_platform","Lessons/Grades_3-4_YearB/Week19-22_Game_Design.md","3-4","Weekly","B","CORE","rebuilt"
"Access: Scratch Music extension","RESOURCE:SCRATCHMUSIC","DECLARED RESOURCE - LOCAL ACCESS REQUIRED","software_extension","Lessons/Bi-Weekly/Grades_3-4_YearB/Session16_Makey_Makey.md","3-4","Bi-Weekly","B","RECOMMENDED","rebuilt"
"Aluminum foil","FOIL","NAME MATCH ONLY - SPECIFICATION REQUIRED","physical_inventory","Lessons/Bi-Weekly/Grades_3-4_YearB/Session16_Makey_Makey.md","3-4","Bi-Weekly","B","RECOMMENDED","rebuilt"
"Blunt rock samples","ROCK","NAME MATCH ONLY - SPECIFICATION REQUIRED","physical_inventory","Lessons/Bi-Weekly/Grades_3-4_YearB/Session10_Geology_Rocks.md","3-4","Bi-Weekly","B","CORE","rebuilt"
"Blunt school scissors","SCISSOR","NAME MATCH ONLY - SPECIFICATION REQUIRED","physical_inventory","Lessons/Grades_3-4_YearA/Week10_Bridge_Engineering.md","3-4","Weekly","A","CORE","rebuilt"
"Blunt school scissors","SCISSOR","NAME MATCH ONLY - SPECIFICATION REQUIRED","physical_inventory","Lessons/Grades_3-4_YearA/Week12_Giving_Through_Making.md","3-4","Weekly","A","RECOMMENDED","rebuilt"
"Blunt school scissors","SCISSOR","NAME MATCH ONLY - SPECIFICATION REQUIRED","physical_inventory","Lessons/Grades_3-4_YearB/Week07-09_Architectural_Marvels.md","3-4","Weekly","B","CORE","rebuilt"
"Blunt school scissors","SCISSOR","NAME MATCH ONLY - SPECIFICATION REQUIRED","physical_inventory","Lessons/Grades_3-4_YearB/Week24-27_Sustainable_City.md","3-4","Weekly","B","CORE","rebuilt"
"Blunt school scissors","SCISSOR","NAME MATCH ONLY - SPECIFICATION REQUIRED","physical_inventory","Lessons/Grades_3-4_YearB/Week29-31_Weather_Station.md","3-4","Weekly","B","CORE","rebuilt"
"Cardstock","CARD","NAME MATCH ONLY - SPECIFICATION REQUIRED","physical_inventory","Lessons/Bi-Weekly/Grades_3-4_YearA/Session04_Animal_Habitats.md","3-4","Bi-Weekly","A","CORE","rebuilt"
"Cardstock","CARD","NAME MATCH ONLY - SPECIFICATION REQUIRED","physical_inventory","Lessons/Bi-Weekly/Grades_3-4_YearA/Session11_Lenten_Engineering.md","3-4","Bi-Weekly","A","RECOMMENDED","rebuilt"
"Cardstock","CARD","NAME MATCH ONLY - SPECIFICATION REQUIRED","physical_inventory","Lessons/Bi-Weekly/Grades_3-4_YearA/Session16_Little_Bits.md","3-4","Bi-Weekly","A","RECOMMENDED","rebuilt"
"Cardstock","CARD","NAME MATCH ONLY - SPECIFICATION REQUIRED","physical_inventory","Lessons/Bi-Weekly/Grades_3-4_YearB/Session01_Design_Thinking.md","3-4","Bi-Weekly","B","CORE","rebuilt"
"Cardstock","CARD","NAME MATCH ONLY - SPECIFICATION REQUIRED","physical_inventory","Lessons/Bi-Weekly/Grades_3-4_YearB/Session06_Thanksgiving_Design.md","3-4","Bi-Weekly","B","RECOMMENDED","rebuilt"
"Cardstock","CARD","NAME MATCH ONLY - SPECIFICATION REQUIRED","physical_inventory","Lessons/Bi-Weekly/Grades_3-4_YearB/Session07_Christmas_Circuits.md","3-4","Bi-Weekly","B","CORE","rebuilt"
"Cardstock","CARD","NAME MATCH ONLY - SPECIFICATION REQUIRED","physical_inventory","Lessons/Bi-Weekly/Grades_3-4_YearB/Session11_Lenten_Service.md","3-4","Bi-Weekly","B","RECOMMENDED","rebuilt"
"Cardstock","CARD","NAME MATCH ONLY - SPECIFICATION REQUIRED","physical_inventory","Lessons/Bi-Weekly/Grades_3-4_YearB/Session13_Easter_Creation.md","3-4","Bi-Weekly","B","OPTIONAL","rebuilt"
"Cardstock","CARD","NAME MATCH ONLY - SPECIFICATION REQUIRED","physical_inventory","Lessons/Bi-Weekly/Grades_3-4_YearB/Session16_Makey_Makey.md","3-4","Bi-Weekly","B","RECOMMENDED","rebuilt"
"Cardstock","CARD","NAME MATCH ONLY - SPECIFICATION REQUIRED","physical_inventory","Lessons/Grades_3-4_YearA/Week01_Welcome_to_CSTREAM.md","3-4","Weekly","A","RECOMMENDED","rebuilt"
"Cardstock","CARD","NAME MATCH ONLY - SPECIFICATION REQUIRED","physical_inventory","Lessons/Grades_3-4_YearA/Week07-09_Community_Helpers.md","3-4","Weekly","A","CORE","rebuilt"
"Cardstock","CARD","NAME MATCH ONLY - SPECIFICATION REQUIRED","physical_inventory","Lessons/Grades_3-4_YearA/Week12_Giving_Through_Making.md","3-4","Weekly","A","RECOMMENDED","rebuilt"
"Cardstock","CARD","NAME MATCH ONLY - SPECIFICATION REQUIRED","physical_inventory","Lessons/Grades_3-4_YearA/Week14-15_Light_Science_Advent.md","3-4","Weekly","A","CORE","rebuilt"
"Cardstock","CARD","NAME MATCH ONLY - SPECIFICATION REQUIRED","physical_inventory","Lessons/Grades_3-4_YearA/Week16_Astronomy_Star.md","3-4","Weekly","A","RECOMMENDED","rebuilt"
"Cardstock","CARD","NAME MATCH ONLY - SPECIFICATION REQUIRED","physical_inventory","Lessons/Grades_3-4_YearA/Week19-22_Choice_Labs.md","3-4","Weekly","A","RECOMMENDED","rebuilt"
"Cardstock","CARD","NAME MATCH ONLY - SPECIFICATION REQUIRED","physical_inventory","Lessons/Grades_3-4_YearA/Week26-27_Little_Bits_Circuits.md","3-4","Weekly","A","CORE","rebuilt"
"Cardstock","CARD","NAME MATCH ONLY - SPECIFICATION REQUIRED","physical_inventory","Lessons/Grades_3-4_YearA/Week29-31_Environmental_STREAM.md","3-4","Weekly","A","CORE","rebuilt"
"Cardstock","CARD","NAME MATCH ONLY - SPECIFICATION REQUIRED","physical_inventory","Lessons/Grades_3-4_YearB/Week01_Welcome_Scientists.md","3-4","Weekly","B","CORE","rebuilt"
"Cardstock","CARD","NAME MATCH ONLY - SPECIFICATION REQUIRED","physical_inventory","Lessons/Grades_3-4_YearB/Week07-09_Architectural_Marvels.md","3-4","Weekly","B","CORE","rebuilt"
"Cardstock","CARD","NAME MATCH ONLY - SPECIFICATION REQUIRED","physical_inventory","Lessons/Grades_3-4_YearB/Week10_Fall_Festival.md","3-4","Weekly","B","OPTIONAL","rebuilt"
"Cardstock","CARD","NAME MATCH ONLY - SPECIFICATION REQUIRED","physical_inventory","Lessons/Grades_3-4_YearB/Week12_Gifts_Others.md","3-4","Weekly","B","RECOMMENDED","rebuilt"
"Cardstock","CARD","NAME MATCH ONLY - SPECIFICATION REQUIRED","physical_inventory","Lessons/Grades_3-4_YearB/Week13_Advent_Preparation.md","3-4","Weekly","B","RECOMMENDED","rebuilt"
"Cardstock","CARD","NAME MATCH ONLY - SPECIFICATION REQUIRED","physical_inventory","Lessons/Grades_3-4_YearB/Week14-17_Marine_Science.md","3-4","Weekly","B","CORE","rebuilt"
"Cardstock","CARD","NAME MATCH ONLY - SPECIFICATION REQUIRED","physical_inventory","Lessons/Grades_3-4_YearB/Week24-27_Sustainable_City.md","3-4","Weekly","B","CORE","rebuilt"
"Cardstock","CARD","NAME MATCH ONLY - SPECIFICATION REQUIRED","physical_inventory","Lessons/Grades_3-4_YearB/Week33_Easter_Engineering.md","3-4","Weekly","B","RECOMMENDED","rebuilt"
"Classroom board","BOARD","NAME MATCH ONLY - SPECIFICATION REQUIRED","physical_inventory","Lessons/Bi-Weekly/Grades_3-4_YearA/Session01_Engineering_Design.md","3-4","Bi-Weekly","A","CORE","rebuilt"
"Classroom board","BOARD","NAME MATCH ONLY - SPECIFICATION REQUIRED","physical_inventory","Lessons/Bi-Weekly/Grades_3-4_YearA/Session02_Dash_Code.md","3-4","Bi-Weekly","A","CORE","rebuilt"
"Classroom board","BOARD","NAME MATCH ONLY - SPECIFICATION REQUIRED","physical_inventory","Lessons/Bi-Weekly/Grades_3-4_YearA/Session03_Bridge_Engineering.md","3-4","Bi-Weekly","A","CORE","rebuilt"
"Classroom board","BOARD","NAME MATCH ONLY - SPECIFICATION REQUIRED","physical_inventory","Lessons/Bi-Weekly/Grades_3-4_YearA/Session04_Animal_Habitats.md","3-4","Bi-Weekly","A","CORE","rebuilt"
"Classroom board","BOARD","NAME MATCH ONLY - SPECIFICATION REQUIRED","physical_inventory","Lessons/Bi-Weekly/Grades_3-4_YearA/Session05_Scratch_Intro.md","3-4","Bi-Weekly","A","CORE","rebuilt"
"Classroom board","BOARD","NAME MATCH ONLY - SPECIFICATION REQUIRED","physical_inventory","Lessons/Bi-Weekly/Grades_3-4_YearA/Session06_Gratitude_Tech.md","3-4","Bi-Weekly","A","RECOMMENDED","rebuilt"
"Classroom board","BOARD","NAME MATCH ONLY - SPECIFICATION REQUIRED","physical_inventory","Lessons/Bi-Weekly/Grades_3-4_YearA/Session07_Light_Circuits.md","3-4","Bi-Weekly","A","CORE","rebuilt"
"Classroom board","BOARD","NAME MATCH ONLY - SPECIFICATION REQUIRED","physical_inventory","Lessons/Bi-Weekly/Grades_3-4_YearA/Session08_Scratch_Animation.md","3-4","Bi-Weekly","A","RECOMMENDED","rebuilt"
"Classroom board","BOARD","NAME MATCH ONLY - SPECIFICATION REQUIRED","physical_inventory","Lessons/Bi-Weekly/Grades_3-4_YearA/Session09_Catholic_Scientists.md","3-4","Bi-Weekly","A","RECOMMENDED","rebuilt"
"Classroom board","BOARD","NAME MATCH ONLY - SPECIFICATION REQUIRED","physical_inventory","Lessons/Bi-Weekly/Grades_3-4_YearA/Session10_Weather_Science.md","3-4","Bi-Weekly","A","CORE","rebuilt"
"Classroom board","BOARD","NAME MATCH ONLY - SPECIFICATION REQUIRED","physical_inventory","Lessons/Bi-Weekly/Grades_3-4_YearA/Session11_Lenten_Engineering.md","3-4","Bi-Weekly","A","RECOMMENDED","rebuilt"
"Classroom board","BOARD","NAME MATCH ONLY - SPECIFICATION REQUIRED","physical_inventory","Lessons/Bi-Weekly/Grades_3-4_YearA/Session12_Plants_Growth.md","3-4","Bi-Weekly","A","CORE","rebuilt"
"Classroom board","BOARD","NAME MATCH ONLY - SPECIFICATION REQUIRED","physical_inventory","Lessons/Bi-Weekly/Grades_3-4_YearA/Session13_Easter_Tech.md","3-4","Bi-Weekly","A","OPTIONAL","rebuilt"
"Classroom board","BOARD","NAME MATCH ONLY - SPECIFICATION REQUIRED","physical_inventory","Lessons/Bi-Weekly/Grades_3-4_YearA/Session14_Dash_Challenge.md","3-4","Bi-Weekly","A","CORE","rebuilt"
"Classroom board","BOARD","NAME MATCH ONLY - SPECIFICATION REQUIRED","physical_inventory","Lessons/Bi-Weekly/Grades_3-4_YearA/Session15_Simple_Machines.md","3-4","Bi-Weekly","A","CORE","rebuilt"
"Classroom board","BOARD","NAME MATCH ONLY - SPECIFICATION REQUIRED","physical_inventory","Lessons/Bi-Weekly/Grades_3-4_YearA/Session16_Little_Bits.md","3-4","Bi-Weekly","A","RECOMMENDED","rebuilt"
"Classroom board","BOARD","NAME MATCH ONLY - SPECIFICATION REQUIRED","physical_inventory","Lessons/Bi-Weekly/Grades_3-4_YearA/Session17_Exhibition.md","3-4","Bi-Weekly","A","RECOMMENDED","rebuilt"
"Classroom board","BOARD","NAME MATCH ONLY - SPECIFICATION REQUIRED","physical_inventory","Lessons/Bi-Weekly/Grades_3-4_YearB/Session01_Design_Thinking.md","3-4","Bi-Weekly","B","CORE","rebuilt"
"Classroom board","BOARD","NAME MATCH ONLY - SPECIFICATION REQUIRED","physical_inventory","Lessons/Bi-Weekly/Grades_3-4_YearB/Session02_Ozobot_Coding.md","3-4","Bi-Weekly","B","CORE","rebuilt"
"Classroom board","BOARD","NAME MATCH ONLY - SPECIFICATION REQUIRED","physical_inventory","Lessons/Bi-Weekly/Grades_3-4_YearB/Session03_Tower_Challenge.md","3-4","Bi-Weekly","B","CORE","rebuilt"
"Classroom board","BOARD","NAME MATCH ONLY - SPECIFICATION REQUIRED","physical_inventory","Lessons/Bi-Weekly/Grades_3-4_YearB/Session04_Ecosystems.md","3-4","Bi-Weekly","B","CORE","rebuilt"
"Classroom board","BOARD","NAME MATCH ONLY - SPECIFICATION REQUIRED","physical_inventory","Lessons/Bi-Weekly/Grades_3-4_YearB/Session05_Scratch_Games.md","3-4","Bi-Weekly","B","CORE","rebuilt"
"Classroom board","BOARD","NAME MATCH ONLY - SPECIFICATION REQUIRED","physical_inventory","Lessons/Bi-Weekly/Grades_3-4_YearB/Session06_Thanksgiving_Design.md","3-4","Bi-Weekly","B","RECOMMENDED","rebuilt"
"Classroom board","BOARD","NAME MATCH ONLY - SPECIFICATION REQUIRED","physical_inventory","Lessons/Bi-Weekly/Grades_3-4_YearB/Session07_Christmas_Circuits.md","3-4","Bi-Weekly","B","CORE","rebuilt"
"Classroom board","BOARD","NAME MATCH ONLY - SPECIFICATION REQUIRED","physical_inventory","Lessons/Bi-Weekly/Grades_3-4_YearB/Session08_Digital_Stories.md","3-4","Bi-Weekly","B","RECOMMENDED","rebuilt"
"Classroom board","BOARD","NAME MATCH ONLY - SPECIFICATION REQUIRED","physical_inventory","Lessons/Bi-Weekly/Grades_3-4_YearB/Session09_Faith_Science.md","3-4","Bi-Weekly","B","RECOMMENDED","rebuilt"
"Classroom board","BOARD","NAME MATCH ONLY - SPECIFICATION REQUIRED","physical_inventory","Lessons/Bi-Weekly/Grades_3-4_YearB/Session10_Geology_Rocks.md","3-4","Bi-Weekly","B","CORE","rebuilt"
"Classroom board","BOARD","NAME MATCH ONLY - SPECIFICATION REQUIRED","physical_inventory","Lessons/Bi-Weekly/Grades_3-4_YearB/Session11_Lenten_Service.md","3-4","Bi-Weekly","B","RECOMMENDED","rebuilt"
"Classroom board","BOARD","NAME MATCH ONLY - SPECIFICATION REQUIRED","physical_inventory","Lessons/Bi-Weekly/Grades_3-4_YearB/Session12_Life_Cycles.md","3-4","Bi-Weekly","B","CORE","rebuilt"
"Classroom board","BOARD","NAME MATCH ONLY - SPECIFICATION REQUIRED","physical_inventory","Lessons/Bi-Weekly/Grades_3-4_YearB/Session13_Easter_Creation.md","3-4","Bi-Weekly","B","OPTIONAL","rebuilt"
"Classroom board","BOARD","NAME MATCH ONLY - SPECIFICATION REQUIRED","physical_inventory","Lessons/Bi-Weekly/Grades_3-4_YearB/Session14_Ozobot_Challenge.md","3-4","Bi-Weekly","B","CORE","rebuilt"
"Classroom board","BOARD","NAME MATCH ONLY - SPECIFICATION REQUIRED","physical_inventory","Lessons/Bi-Weekly/Grades_3-4_YearB/Session15_Compound_Machines.md","3-4","Bi-Weekly","B","CORE","rebuilt"
"Classroom board","BOARD","NAME MATCH ONLY - SPECIFICATION REQUIRED","physical_inventory","Lessons/Bi-Weekly/Grades_3-4_YearB/Session16_Makey_Makey.md","3-4","Bi-Weekly","B","RECOMMENDED","rebuilt"
"Classroom board","BOARD","NAME MATCH ONLY - SPECIFICATION REQUIRED","physical_inventory","Lessons/Bi-Weekly/Grades_3-4_YearB/Session17_Celebration.md","3-4","Bi-Weekly","B","RECOMMENDED","rebuilt"
"Classroom board","BOARD","NAME MATCH ONLY - SPECIFICATION REQUIRED","physical_inventory","Lessons/Grades_3-4_YearA/Week01_Welcome_to_CSTREAM.md","3-4","Weekly","A","RECOMMENDED","rebuilt"
"Classroom board","BOARD","NAME MATCH ONLY - SPECIFICATION REQUIRED","physical_inventory","Lessons/Grades_3-4_YearA/Week02-03_Sphero_Advanced.md","3-4","Weekly","A","CORE","rebuilt"
"Classroom board","BOARD","NAME MATCH ONLY - SPECIFICATION REQUIRED","physical_inventory","Lessons/Grades_3-4_YearA/Week04_Scientific_Method.md","3-4","Weekly","A","CORE","rebuilt"
"Classroom board","BOARD","NAME MATCH ONLY - SPECIFICATION REQUIRED","physical_inventory","Lessons/Grades_3-4_YearA/Week05-06_KEVA_Challenges.md","3-4","Weekly","A","CORE","rebuilt"
"Classroom board","BOARD","NAME MATCH ONLY - SPECIFICATION REQUIRED","physical_inventory","Lessons/Grades_3-4_YearA/Week07-09_Community_Helpers.md","3-4","Weekly","A","CORE","rebuilt"
"Classroom board","BOARD","NAME MATCH ONLY - SPECIFICATION REQUIRED","physical_inventory","Lessons/Grades_3-4_YearA/Week10_Bridge_Engineering.md","3-4","Weekly","A","CORE","rebuilt"
"Classroom board","BOARD","NAME MATCH ONLY - SPECIFICATION REQUIRED","physical_inventory","Lessons/Grades_3-4_YearA/Week11_Coding_Gratitude.md","3-4","Weekly","A","RECOMMENDED","rebuilt"
"Classroom board","BOARD","NAME MATCH ONLY - SPECIFICATION REQUIRED","physical_inventory","Lessons/Grades_3-4_YearA/Week12_Giving_Through_Making.md","3-4","Weekly","A","RECOMMENDED","rebuilt"
"Classroom board","BOARD","NAME MATCH ONLY - SPECIFICATION REQUIRED","physical_inventory","Lessons/Grades_3-4_YearA/Week13_Fall_Celebration.md","3-4","Weekly","A","OPTIONAL","rebuilt"
"Classroom board","BOARD","NAME MATCH ONLY - SPECIFICATION REQUIRED","physical_inventory","Lessons/Grades_3-4_YearA/Week14-15_Light_Science_Advent.md","3-4","Weekly","A","CORE","rebuilt"
"Classroom board","BOARD","NAME MATCH ONLY - SPECIFICATION REQUIRED","physical_inventory","Lessons/Grades_3-4_YearA/Week16_Astronomy_Star.md","3-4","Weekly","A","RECOMMENDED","rebuilt"
"Classroom board","BOARD","NAME MATCH ONLY - SPECIFICATION REQUIRED","physical_inventory","Lessons/Grades_3-4_YearA/Week18_SMART_Goals.md","3-4","Weekly","A","RECOMMENDED","rebuilt"
"Classroom board","BOARD","NAME MATCH ONLY - SPECIFICATION REQUIRED","physical_inventory","Lessons/Grades_3-4_YearA/Week19-22_Choice_Labs.md","3-4","Weekly","A","RECOMMENDED","rebuilt"
"Classroom board","BOARD","NAME MATCH ONLY - SPECIFICATION REQUIRED","physical_inventory","Lessons/Grades_3-4_YearA/Week23_Catholic_Schools_Week.md","3-4","Weekly","A","RECOMMENDED","rebuilt"
"Classroom board","BOARD","NAME MATCH ONLY - SPECIFICATION REQUIRED","physical_inventory","Lessons/Grades_3-4_YearA/Week24-25_Scratch_Programming.md","3-4","Weekly","A","CORE","rebuilt"
"Classroom board","BOARD","NAME MATCH ONLY - SPECIFICATION REQUIRED","physical_inventory","Lessons/Grades_3-4_YearA/Week26-27_Little_Bits_Circuits.md","3-4","Weekly","A","CORE","rebuilt"
"Classroom board","BOARD","NAME MATCH ONLY - SPECIFICATION REQUIRED","physical_inventory","Lessons/Grades_3-4_YearA/Week28_Pi_Day_Circles.md","3-4","Weekly","A","RECOMMENDED","rebuilt"
"Classroom board","BOARD","NAME MATCH ONLY - SPECIFICATION REQUIRED","physical_inventory","Lessons/Grades_3-4_YearA/Week29-31_Environmental_STREAM.md","3-4","Weekly","A","CORE","rebuilt"
"Classroom board","BOARD","NAME MATCH ONLY - SPECIFICATION REQUIRED","physical_inventory","Lessons/Grades_3-4_YearA/Week33_Resurrection_Science.md","3-4","Weekly","A","CORE","rebuilt"
"Classroom board","BOARD","NAME MATCH ONLY - SPECIFICATION REQUIRED","physical_inventory","Lessons/Grades_3-4_YearA/Week34_STREAM_Expo.md","3-4","Weekly","A","RECOMMENDED","rebuilt"
"Classroom board","BOARD","NAME MATCH ONLY - SPECIFICATION REQUIRED","physical_inventory","Lessons/Grades_3-4_YearB/Week01_Welcome_Scientists.md","3-4","Weekly","B","CORE","rebuilt"
"Classroom board","BOARD","NAME MATCH ONLY - SPECIFICATION REQUIRED","physical_inventory","Lessons/Grades_3-4_YearB/Week02-03_Flight_Fundamentals.md","3-4","Weekly","B","CORE","rebuilt"
"Classroom board","BOARD","NAME MATCH ONLY - SPECIFICATION REQUIRED","physical_inventory","Lessons/Grades_3-4_YearB/Week04-06_Paper_Airplane.md","3-4","Weekly","B","CORE","rebuilt"
"Classroom board","BOARD","NAME MATCH ONLY - SPECIFICATION REQUIRED","physical_inventory","Lessons/Grades_3-4_YearB/Week07-09_Architectural_Marvels.md","3-4","Weekly","B","CORE","rebuilt"
"Classroom board","BOARD","NAME MATCH ONLY - SPECIFICATION REQUIRED","physical_inventory","Lessons/Grades_3-4_YearB/Week10_Fall_Festival.md","3-4","Weekly","B","OPTIONAL","rebuilt"
"Classroom board","BOARD","NAME MATCH ONLY - SPECIFICATION REQUIRED","physical_inventory","Lessons/Grades_3-4_YearB/Week11_Thanksgiving_Gratitude.md","3-4","Weekly","B","RECOMMENDED","rebuilt"
"Classroom board","BOARD","NAME MATCH ONLY - SPECIFICATION REQUIRED","physical_inventory","Lessons/Grades_3-4_YearB/Week12_Gifts_Others.md","3-4","Weekly","B","RECOMMENDED","rebuilt"
"Classroom board","BOARD","NAME MATCH ONLY - SPECIFICATION REQUIRED","physical_inventory","Lessons/Grades_3-4_YearB/Week13_Advent_Preparation.md","3-4","Weekly","B","RECOMMENDED","rebuilt"
"Classroom board","BOARD","NAME MATCH ONLY - SPECIFICATION REQUIRED","physical_inventory","Lessons/Grades_3-4_YearB/Week14-17_Marine_Science.md","3-4","Weekly","B","CORE","rebuilt"
"Classroom board","BOARD","NAME MATCH ONLY - SPECIFICATION REQUIRED","physical_inventory","Lessons/Grades_3-4_YearB/Week18_New_Year_Goals.md","3-4","Weekly","B","RECOMMENDED","rebuilt"
"Classroom board","BOARD","NAME MATCH ONLY - SPECIFICATION REQUIRED","physical_inventory","Lessons/Grades_3-4_YearB/Week19-22_Game_Design.md","3-4","Weekly","B","CORE","rebuilt"
"Classroom board","BOARD","NAME MATCH ONLY - SPECIFICATION REQUIRED","physical_inventory","Lessons/Grades_3-4_YearB/Week23_Catholic_Schools.md","3-4","Weekly","B","RECOMMENDED","rebuilt"
"Classroom board","BOARD","NAME MATCH ONLY - SPECIFICATION REQUIRED","physical_inventory","Lessons/Grades_3-4_YearB/Week24-27_Sustainable_City.md","3-4","Weekly","B","CORE","rebuilt"
"Classroom board","BOARD","NAME MATCH ONLY - SPECIFICATION REQUIRED","physical_inventory","Lessons/Grades_3-4_YearB/Week28_Pi_Day.md","3-4","Weekly","B","RECOMMENDED","rebuilt"
"Classroom board","BOARD","NAME MATCH ONLY - SPECIFICATION REQUIRED","physical_inventory","Lessons/Grades_3-4_YearB/Week29-31_Weather_Station.md","3-4","Weekly","B","CORE","rebuilt"
"Classroom board","BOARD","NAME MATCH ONLY - SPECIFICATION REQUIRED","physical_inventory","Lessons/Grades_3-4_YearB/Week33_Easter_Engineering.md","3-4","Weekly","B","RECOMMENDED","rebuilt"
"Classroom board","BOARD","NAME MATCH ONLY - SPECIFICATION REQUIRED","physical_inventory","Lessons/Grades_3-4_YearB/Week34_Showcase.md","3-4","Weekly","B","RECOMMENDED","rebuilt"
"Clean corrugated cardboard","CARDBOARD","NAME MATCH ONLY - SPECIFICATION REQUIRED","physical_inventory","Lessons/Bi-Weekly/Grades_3-4_YearA/Session02_Dash_Code.md","3-4","Bi-Weekly","A","CORE","rebuilt"
"Clean corrugated cardboard","CARDBOARD","NAME MATCH ONLY - SPECIFICATION REQUIRED","physical_inventory","Lessons/Bi-Weekly/Grades_3-4_YearA/Session14_Dash_Challenge.md","3-4","Bi-Weekly","A","CORE","rebuilt"
"Clean corrugated cardboard","CARDBOARD","NAME MATCH ONLY - SPECIFICATION REQUIRED","physical_inventory","Lessons/Bi-Weekly/Grades_3-4_YearB/Session15_Compound_Machines.md","3-4","Bi-Weekly","B","CORE","rebuilt"
"Clean corrugated cardboard","CARDBOARD","NAME MATCH ONLY - SPECIFICATION REQUIRED","physical_inventory","Lessons/Grades_3-4_YearA/Week02-03_Sphero_Advanced.md","3-4","Weekly","A","CORE","rebuilt"
"Clean corrugated cardboard","CARDBOARD","NAME MATCH ONLY - SPECIFICATION REQUIRED","physical_inventory","Lessons/Grades_3-4_YearA/Week04_Scientific_Method.md","3-4","Weekly","A","CORE","rebuilt"
"Clean corrugated cardboard","CARDBOARD","NAME MATCH ONLY - SPECIFICATION REQUIRED","physical_inventory","Lessons/Grades_3-4_YearB/Week07-09_Architectural_Marvels.md","3-4","Weekly","B","CORE","rebuilt"
"Clean corrugated cardboard","CARDBOARD","NAME MATCH ONLY - SPECIFICATION REQUIRED","physical_inventory","Lessons/Grades_3-4_YearB/Week24-27_Sustainable_City.md","3-4","Weekly","B","CORE","rebuilt"
"Clean corrugated cardboard","CARDBOARD","NAME MATCH ONLY - SPECIFICATION REQUIRED","physical_inventory","Lessons/Grades_3-4_YearB/Week29-31_Weather_Station.md","3-4","Weekly","B","CORE","rebuilt"
"Compatible robot charging accessories","CHARGING","NAME MATCH ONLY - SPECIFICATION REQUIRED","physical_inventory","Lessons/Bi-Weekly/Grades_3-4_YearA/Session02_Dash_Code.md","3-4","Bi-Weekly","A","CORE","rebuilt"
"Compatible robot charging accessories","CHARGING","NAME MATCH ONLY - SPECIFICATION REQUIRED","physical_inventory","Lessons/Bi-Weekly/Grades_3-4_YearA/Session14_Dash_Challenge.md","3-4","Bi-Weekly","A","CORE","rebuilt"
"Compatible robot charging accessories","CHARGING","NAME MATCH ONLY - SPECIFICATION REQUIRED","physical_inventory","Lessons/Bi-Weekly/Grades_3-4_YearB/Session02_Ozobot_Coding.md","3-4","Bi-Weekly","B","CORE","rebuilt"
"Compatible robot charging accessories","CHARGING","NAME MATCH ONLY - SPECIFICATION REQUIRED","physical_inventory","Lessons/Bi-Weekly/Grades_3-4_YearB/Session14_Ozobot_Challenge.md","3-4","Bi-Weekly","B","CORE","rebuilt"
"Compatible robot charging accessories","CHARGING","NAME MATCH ONLY - SPECIFICATION REQUIRED","physical_inventory","Lessons/Grades_3-4_YearA/Week02-03_Sphero_Advanced.md","3-4","Weekly","A","CORE","rebuilt"
"Cotton string","STRING","NAME MATCH ONLY - SPECIFICATION REQUIRED","physical_inventory","Lessons/Bi-Weekly/Grades_3-4_YearB/Session04_Ecosystems.md","3-4","Bi-Weekly","B","CORE","rebuilt"
"Cotton string","STRING","NAME MATCH ONLY - SPECIFICATION REQUIRED","physical_inventory","Lessons/Grades_3-4_YearA/Week28_Pi_Day_Circles.md","3-4","Weekly","A","RECOMMENDED","rebuilt"
"Cotton string","STRING","NAME MATCH ONLY - SPECIFICATION REQUIRED","physical_inventory","Lessons/Grades_3-4_YearB/Week28_Pi_Day.md","3-4","Weekly","B","RECOMMENDED","rebuilt"
"Dash-type app-controlled robot","DASH","NAME MATCH ONLY - SPECIFICATION REQUIRED","physical_inventory","Lessons/Bi-Weekly/Grades_3-4_YearA/Session02_Dash_Code.md","3-4","Bi-Weekly","A","CORE","rebuilt"
"Dash-type app-controlled robot","DASH","NAME MATCH ONLY - SPECIFICATION REQUIRED","physical_inventory","Lessons/Bi-Weekly/Grades_3-4_YearA/Session14_Dash_Challenge.md","3-4","Bi-Weekly","A","CORE","rebuilt"
"Enclosed 2-AA flashlight","FLASH","NAME MATCH ONLY - SPECIFICATION REQUIRED","physical_inventory","Lessons/Grades_3-4_YearA/Week14-15_Light_Science_Advent.md","3-4","Weekly","A","CORE","rebuilt"
"Enclosed 2-AA flashlight","FLASH","NAME MATCH ONLY - SPECIFICATION REQUIRED","physical_inventory","Lessons/Grades_3-4_YearA/Week19-22_Choice_Labs.md","3-4","Weekly","A","RECOMMENDED","rebuilt"
"Enclosed 2-AA flashlight","FLASH","NAME MATCH ONLY - SPECIFICATION REQUIRED","physical_inventory","Lessons/Grades_3-4_YearB/Week13_Advent_Preparation.md","3-4","Weekly","B","RECOMMENDED","rebuilt"
"Floor-safe tape","FLOORTAPE","NAME MATCH ONLY - SPECIFICATION REQUIRED","physical_inventory","Lessons/Bi-Weekly/Grades_3-4_YearA/Session02_Dash_Code.md","3-4","Bi-Weekly","A","CORE","rebuilt"
"Floor-safe tape","FLOORTAPE","NAME MATCH ONLY - SPECIFICATION REQUIRED","physical_inventory","Lessons/Bi-Weekly/Grades_3-4_YearA/Session14_Dash_Challenge.md","3-4","Bi-Weekly","A","CORE","rebuilt"
"Floor-safe tape","FLOORTAPE","NAME MATCH ONLY - SPECIFICATION REQUIRED","physical_inventory","Lessons/Grades_3-4_YearA/Week02-03_Sphero_Advanced.md","3-4","Weekly","A","CORE","rebuilt"
"Floor-safe tape","FLOORTAPE","NAME MATCH ONLY - SPECIFICATION REQUIRED","physical_inventory","Lessons/Grades_3-4_YearB/Week02-03_Flight_Fundamentals.md","3-4","Weekly","B","CORE","rebuilt"
"Floor-safe tape","FLOORTAPE","NAME MATCH ONLY - SPECIFICATION REQUIRED","physical_inventory","Lessons/Grades_3-4_YearB/Week04-06_Paper_Airplane.md","3-4","Weekly","B","CORE","rebuilt"
"Insulated clip lead","LEAD","NAME MATCH ONLY - SPECIFICATION REQUIRED","physical_inventory","Lessons/Bi-Weekly/Grades_3-4_YearB/Session16_Makey_Makey.md","3-4","Bi-Weekly","B","RECOMMENDED","rebuilt"
"KEVA planks","KEVA","NAME MATCH ONLY - SPECIFICATION REQUIRED","physical_inventory","Lessons/Bi-Weekly/Grades_3-4_YearA/Session03_Bridge_Engineering.md","3-4","Bi-Weekly","A","CORE","rebuilt"
"KEVA planks","KEVA","NAME MATCH ONLY - SPECIFICATION REQUIRED","physical_inventory","Lessons/Bi-Weekly/Grades_3-4_YearB/Session03_Tower_Challenge.md","3-4","Bi-Weekly","B","CORE","rebuilt"
"KEVA planks","KEVA","NAME MATCH ONLY - SPECIFICATION REQUIRED","physical_inventory","Lessons/Grades_3-4_YearA/Week05-06_KEVA_Challenges.md","3-4","Weekly","A","CORE","rebuilt"
"Large classroom ball","BALL","NAME MATCH ONLY - SPECIFICATION REQUIRED","physical_inventory","Lessons/Grades_3-4_YearA/Week04_Scientific_Method.md","3-4","Weekly","A","CORE","rebuilt"
"Large identical plastic test counters","COUNTER","NAME MATCH ONLY - SPECIFICATION REQUIRED","physical_inventory","Lessons/Bi-Weekly/Grades_3-4_YearA/Session03_Bridge_Engineering.md","3-4","Bi-Weekly","A","CORE","rebuilt"
"Large identical plastic test counters","COUNTER","NAME MATCH ONLY - SPECIFICATION REQUIRED","physical_inventory","Lessons/Bi-Weekly/Grades_3-4_YearA/Session05_Scratch_Intro.md","3-4","Bi-Weekly","A","CORE","rebuilt"
"Large identical plastic test counters","COUNTER","NAME MATCH ONLY - SPECIFICATION REQUIRED","physical_inventory","Lessons/Bi-Weekly/Grades_3-4_YearA/Session15_Simple_Machines.md","3-4","Bi-Weekly","A","CORE","rebuilt"
"Large identical plastic test counters","COUNTER","NAME MATCH ONLY - SPECIFICATION REQUIRED","physical_inventory","Lessons/Bi-Weekly/Grades_3-4_YearB/Session05_Scratch_Games.md","3-4","Bi-Weekly","B","CORE","rebuilt"
"Large identical plastic test counters","COUNTER","NAME MATCH ONLY - SPECIFICATION REQUIRED","physical_inventory","Lessons/Bi-Weekly/Grades_3-4_YearB/Session15_Compound_Machines.md","3-4","Bi-Weekly","B","CORE","rebuilt"
"Large identical plastic test counters","COUNTER","NAME MATCH ONLY - SPECIFICATION REQUIRED","physical_inventory","Lessons/Grades_3-4_YearA/Week05-06_KEVA_Challenges.md","3-4","Weekly","A","CORE","rebuilt"
"Large identical plastic test counters","COUNTER","NAME MATCH ONLY - SPECIFICATION REQUIRED","physical_inventory","Lessons/Grades_3-4_YearA/Week10_Bridge_Engineering.md","3-4","Weekly","A","CORE","rebuilt"
"Large identical plastic test counters","COUNTER","NAME MATCH ONLY - SPECIFICATION REQUIRED","physical_inventory","Lessons/Grades_3-4_YearA/Week24-25_Scratch_Programming.md","3-4","Weekly","A","CORE","rebuilt"
"Large life-cycle picture cards","LIFECYCLE","NAME MATCH ONLY - SPECIFICATION REQUIRED","physical_inventory","Lessons/Bi-Weekly/Grades_3-4_YearB/Session12_Life_Cycles.md","3-4","Bi-Weekly","B","CORE","rebuilt"
"Large life-cycle picture cards","LIFECYCLE","NAME MATCH ONLY - SPECIFICATION REQUIRED","physical_inventory","Lessons/Grades_3-4_YearA/Week33_Resurrection_Science.md","3-4","Weekly","A","CORE","rebuilt"
"Large teacher science tray","BIGTRAY","NAME MATCH ONLY - SPECIFICATION REQUIRED","physical_inventory","Lessons/Bi-Weekly/Grades_3-4_YearA/Session12_Plants_Growth.md","3-4","Bi-Weekly","A","CORE","rebuilt"
"Large wooden building blocks","BLOCK","NAME MATCH ONLY - SPECIFICATION REQUIRED","physical_inventory","Lessons/Bi-Weekly/Grades_3-4_YearA/Session15_Simple_Machines.md","3-4","Bi-Weekly","A","CORE","rebuilt"
"Large wooden building blocks","BLOCK","NAME MATCH ONLY - SPECIFICATION REQUIRED","physical_inventory","Lessons/Bi-Weekly/Grades_3-4_YearB/Session15_Compound_Machines.md","3-4","Bi-Weekly","B","CORE","rebuilt"
"Lidded storage bin","BIN","NAME MATCH ONLY - SPECIFICATION REQUIRED","physical_inventory","Lessons/Grades_3-4_YearB/Week29-31_Weather_Station.md","3-4","Weekly","B","CORE","rebuilt"
"LittleBits button module","RESOURCE:LITTLEBITSBUTTON","DECLARED RESOURCE - LOCAL ACCESS REQUIRED","kit_component","Lessons/Bi-Weekly/Grades_3-4_YearA/Session16_Little_Bits.md","3-4","Bi-Weekly","A","RECOMMENDED","rebuilt"
"LittleBits light module","RESOURCE:LITTLEBITSLIGHT","DECLARED RESOURCE - LOCAL ACCESS REQUIRED","kit_component","Lessons/Bi-Weekly/Grades_3-4_YearA/Session16_Little_Bits.md","3-4","Bi-Weekly","A","RECOMMENDED","rebuilt"
"LittleBits power module","RESOURCE:LITTLEBITSPOWER","DECLARED RESOURCE - LOCAL ACCESS REQUIRED","kit_component","Lessons/Bi-Weekly/Grades_3-4_YearA/Session16_Little_Bits.md","3-4","Bi-Weekly","A","RECOMMENDED","rebuilt"
"Managed tablet or computer","HOST","NAME MATCH ONLY - SPECIFICATION REQUIRED","physical_inventory","Lessons/Bi-Weekly/Grades_3-4_YearA/Session02_Dash_Code.md","3-4","Bi-Weekly","A","CORE","rebuilt"
"Managed tablet or computer","HOST","NAME MATCH ONLY - SPECIFICATION REQUIRED","physical_inventory","Lessons/Bi-Weekly/Grades_3-4_YearA/Session05_Scratch_Intro.md","3-4","Bi-Weekly","A","CORE","rebuilt"
"Managed tablet or computer","HOST","NAME MATCH ONLY - SPECIFICATION REQUIRED","physical_inventory","Lessons/Bi-Weekly/Grades_3-4_YearA/Session06_Gratitude_Tech.md","3-4","Bi-Weekly","A","RECOMMENDED","rebuilt"
"Managed tablet or computer","HOST","NAME MATCH ONLY - SPECIFICATION REQUIRED","physical_inventory","Lessons/Bi-Weekly/Grades_3-4_YearA/Session08_Scratch_Animation.md","3-4","Bi-Weekly","A","RECOMMENDED","rebuilt"
"Managed tablet or computer","HOST","NAME MATCH ONLY - SPECIFICATION REQUIRED","physical_inventory","Lessons/Bi-Weekly/Grades_3-4_YearA/Session13_Easter_Tech.md","3-4","Bi-Weekly","A","OPTIONAL","rebuilt"
"Managed tablet or computer","HOST","NAME MATCH ONLY - SPECIFICATION REQUIRED","physical_inventory","Lessons/Bi-Weekly/Grades_3-4_YearA/Session14_Dash_Challenge.md","3-4","Bi-Weekly","A","CORE","rebuilt"
"Managed tablet or computer","HOST","NAME MATCH ONLY - SPECIFICATION REQUIRED","physical_inventory","Lessons/Bi-Weekly/Grades_3-4_YearB/Session05_Scratch_Games.md","3-4","Bi-Weekly","B","CORE","rebuilt"
"Managed tablet or computer","HOST","NAME MATCH ONLY - SPECIFICATION REQUIRED","physical_inventory","Lessons/Bi-Weekly/Grades_3-4_YearB/Session08_Digital_Stories.md","3-4","Bi-Weekly","B","RECOMMENDED","rebuilt"
"Managed tablet or computer","HOST","NAME MATCH ONLY - SPECIFICATION REQUIRED","physical_inventory","Lessons/Bi-Weekly/Grades_3-4_YearB/Session16_Makey_Makey.md","3-4","Bi-Weekly","B","RECOMMENDED","rebuilt"
"Managed tablet or computer","HOST","NAME MATCH ONLY - SPECIFICATION REQUIRED","physical_inventory","Lessons/Grades_3-4_YearA/Week02-03_Sphero_Advanced.md","3-4","Weekly","A","CORE","rebuilt"
"Managed tablet or computer","HOST","NAME MATCH ONLY - SPECIFICATION REQUIRED","physical_inventory","Lessons/Grades_3-4_YearA/Week11_Coding_Gratitude.md","3-4","Weekly","A","RECOMMENDED","rebuilt"
"Managed tablet or computer","HOST","NAME MATCH ONLY - SPECIFICATION REQUIRED","physical_inventory","Lessons/Grades_3-4_YearA/Week24-25_Scratch_Programming.md","3-4","Weekly","A","CORE","rebuilt"
"Managed tablet or computer","HOST","NAME MATCH ONLY - SPECIFICATION REQUIRED","physical_inventory","Lessons/Grades_3-4_YearB/Week19-22_Game_Design.md","3-4","Weekly","B","CORE","rebuilt"
"Manufacturer USB cable","RESOURCE:USBKIT","DECLARED RESOURCE - LOCAL ACCESS REQUIRED","kit_component","Lessons/Bi-Weekly/Grades_3-4_YearB/Session16_Makey_Makey.md","3-4","Bi-Weekly","B","RECOMMENDED","rebuilt"
"Masking tape","TAPE","NAME MATCH ONLY - SPECIFICATION REQUIRED","physical_inventory","Lessons/Bi-Weekly/Grades_3-4_YearA/Session01_Engineering_Design.md","3-4","Bi-Weekly","A","CORE","rebuilt"
"Masking tape","TAPE","NAME MATCH ONLY - SPECIFICATION REQUIRED","physical_inventory","Lessons/Bi-Weekly/Grades_3-4_YearA/Session15_Simple_Machines.md","3-4","Bi-Weekly","A","CORE","rebuilt"
"Masking tape","TAPE","NAME MATCH ONLY - SPECIFICATION REQUIRED","physical_inventory","Lessons/Bi-Weekly/Grades_3-4_YearB/Session01_Design_Thinking.md","3-4","Bi-Weekly","B","CORE","rebuilt"
"Masking tape","TAPE","NAME MATCH ONLY - SPECIFICATION REQUIRED","physical_inventory","Lessons/Bi-Weekly/Grades_3-4_YearB/Session06_Thanksgiving_Design.md","3-4","Bi-Weekly","B","RECOMMENDED","rebuilt"
"Masking tape","TAPE","NAME MATCH ONLY - SPECIFICATION REQUIRED","physical_inventory","Lessons/Bi-Weekly/Grades_3-4_YearB/Session13_Easter_Creation.md","3-4","Bi-Weekly","B","OPTIONAL","rebuilt"
"Masking tape","TAPE","NAME MATCH ONLY - SPECIFICATION REQUIRED","physical_inventory","Lessons/Bi-Weekly/Grades_3-4_YearB/Session15_Compound_Machines.md","3-4","Bi-Weekly","B","CORE","rebuilt"
"Masking tape","TAPE","NAME MATCH ONLY - SPECIFICATION REQUIRED","physical_inventory","Lessons/Grades_3-4_YearA/Week07-09_Community_Helpers.md","3-4","Weekly","A","CORE","rebuilt"
"Masking tape","TAPE","NAME MATCH ONLY - SPECIFICATION REQUIRED","physical_inventory","Lessons/Grades_3-4_YearA/Week10_Bridge_Engineering.md","3-4","Weekly","A","CORE","rebuilt"
"Masking tape","TAPE","NAME MATCH ONLY - SPECIFICATION REQUIRED","physical_inventory","Lessons/Grades_3-4_YearA/Week19-22_Choice_Labs.md","3-4","Weekly","A","RECOMMENDED","rebuilt"
"Masking tape","TAPE","NAME MATCH ONLY - SPECIFICATION REQUIRED","physical_inventory","Lessons/Grades_3-4_YearA/Week29-31_Environmental_STREAM.md","3-4","Weekly","A","CORE","rebuilt"
"Masking tape","TAPE","NAME MATCH ONLY - SPECIFICATION REQUIRED","physical_inventory","Lessons/Grades_3-4_YearB/Week07-09_Architectural_Marvels.md","3-4","Weekly","B","CORE","rebuilt"
"Masking tape","TAPE","NAME MATCH ONLY - SPECIFICATION REQUIRED","physical_inventory","Lessons/Grades_3-4_YearB/Week10_Fall_Festival.md","3-4","Weekly","B","OPTIONAL","rebuilt"
"Masking tape","TAPE","NAME MATCH ONLY - SPECIFICATION REQUIRED","physical_inventory","Lessons/Grades_3-4_YearB/Week14-17_Marine_Science.md","3-4","Weekly","B","CORE","rebuilt"
"Masking tape","TAPE","NAME MATCH ONLY - SPECIFICATION REQUIRED","physical_inventory","Lessons/Grades_3-4_YearB/Week24-27_Sustainable_City.md","3-4","Weekly","B","CORE","rebuilt"
"Masking tape","TAPE","NAME MATCH ONLY - SPECIFICATION REQUIRED","physical_inventory","Lessons/Grades_3-4_YearB/Week29-31_Weather_Station.md","3-4","Weekly","B","CORE","rebuilt"
"Masking tape","TAPE","NAME MATCH ONLY - SPECIFICATION REQUIRED","physical_inventory","Lessons/Grades_3-4_YearB/Week33_Easter_Engineering.md","3-4","Weekly","B","RECOMMENDED","rebuilt"
"Metric 5 mL measuring spoon","MEASPOON","NAME MATCH ONLY - SPECIFICATION REQUIRED","physical_inventory","Lessons/Bi-Weekly/Grades_3-4_YearA/Session12_Plants_Growth.md","3-4","Bi-Weekly","A","CORE","rebuilt"
"Metric ruler","RULER","NAME MATCH ONLY - SPECIFICATION REQUIRED","physical_inventory","Lessons/Bi-Weekly/Grades_3-4_YearA/Session01_Engineering_Design.md","3-4","Bi-Weekly","A","CORE","rebuilt"
"Metric ruler","RULER","NAME MATCH ONLY - SPECIFICATION REQUIRED","physical_inventory","Lessons/Bi-Weekly/Grades_3-4_YearA/Session02_Dash_Code.md","3-4","Bi-Weekly","A","CORE","rebuilt"
"Metric ruler","RULER","NAME MATCH ONLY - SPECIFICATION REQUIRED","physical_inventory","Lessons/Bi-Weekly/Grades_3-4_YearA/Session03_Bridge_Engineering.md","3-4","Bi-Weekly","A","CORE","rebuilt"
"Metric ruler","RULER","NAME MATCH ONLY - SPECIFICATION REQUIRED","physical_inventory","Lessons/Bi-Weekly/Grades_3-4_YearA/Session10_Weather_Science.md","3-4","Bi-Weekly","A","CORE","rebuilt"
"Metric ruler","RULER","NAME MATCH ONLY - SPECIFICATION REQUIRED","physical_inventory","Lessons/Bi-Weekly/Grades_3-4_YearA/Session11_Lenten_Engineering.md","3-4","Bi-Weekly","A","RECOMMENDED","rebuilt"
"Metric ruler","RULER","NAME MATCH ONLY - SPECIFICATION REQUIRED","physical_inventory","Lessons/Bi-Weekly/Grades_3-4_YearA/Session12_Plants_Growth.md","3-4","Bi-Weekly","A","CORE","rebuilt"
"Metric ruler","RULER","NAME MATCH ONLY - SPECIFICATION REQUIRED","physical_inventory","Lessons/Bi-Weekly/Grades_3-4_YearA/Session14_Dash_Challenge.md","3-4","Bi-Weekly","A","CORE","rebuilt"
"Metric ruler","RULER","NAME MATCH ONLY - SPECIFICATION REQUIRED","physical_inventory","Lessons/Bi-Weekly/Grades_3-4_YearA/Session15_Simple_Machines.md","3-4","Bi-Weekly","A","CORE","rebuilt"
"Metric ruler","RULER","NAME MATCH ONLY - SPECIFICATION REQUIRED","physical_inventory","Lessons/Bi-Weekly/Grades_3-4_YearA/Session17_Exhibition.md","3-4","Bi-Weekly","A","RECOMMENDED","rebuilt"
"Metric ruler","RULER","NAME MATCH ONLY - SPECIFICATION REQUIRED","physical_inventory","Lessons/Bi-Weekly/Grades_3-4_YearB/Session01_Design_Thinking.md","3-4","Bi-Weekly","B","CORE","rebuilt"
"Metric ruler","RULER","NAME MATCH ONLY - SPECIFICATION REQUIRED","physical_inventory","Lessons/Bi-Weekly/Grades_3-4_YearB/Session02_Ozobot_Coding.md","3-4","Bi-Weekly","B","CORE","rebuilt"
"Metric ruler","RULER","NAME MATCH ONLY - SPECIFICATION REQUIRED","physical_inventory","Lessons/Bi-Weekly/Grades_3-4_YearB/Session03_Tower_Challenge.md","3-4","Bi-Weekly","B","CORE","rebuilt"
"Metric ruler","RULER","NAME MATCH ONLY - SPECIFICATION REQUIRED","physical_inventory","Lessons/Bi-Weekly/Grades_3-4_YearB/Session06_Thanksgiving_Design.md","3-4","Bi-Weekly","B","RECOMMENDED","rebuilt"
"Metric ruler","RULER","NAME MATCH ONLY - SPECIFICATION REQUIRED","physical_inventory","Lessons/Bi-Weekly/Grades_3-4_YearB/Session09_Faith_Science.md","3-4","Bi-Weekly","B","RECOMMENDED","rebuilt"
"Metric ruler","RULER","NAME MATCH ONLY - SPECIFICATION REQUIRED","physical_inventory","Lessons/Bi-Weekly/Grades_3-4_YearB/Session10_Geology_Rocks.md","3-4","Bi-Weekly","B","CORE","rebuilt"
"Metric ruler","RULER","NAME MATCH ONLY - SPECIFICATION REQUIRED","physical_inventory","Lessons/Bi-Weekly/Grades_3-4_YearB/Session14_Ozobot_Challenge.md","3-4","Bi-Weekly","B","CORE","rebuilt"
"Metric ruler","RULER","NAME MATCH ONLY - SPECIFICATION REQUIRED","physical_inventory","Lessons/Bi-Weekly/Grades_3-4_YearB/Session15_Compound_Machines.md","3-4","Bi-Weekly","B","CORE","rebuilt"
"Metric ruler","RULER","NAME MATCH ONLY - SPECIFICATION REQUIRED","physical_inventory","Lessons/Grades_3-4_YearA/Week01_Welcome_to_CSTREAM.md","3-4","Weekly","A","RECOMMENDED","rebuilt"
"Metric ruler","RULER","NAME MATCH ONLY - SPECIFICATION REQUIRED","physical_inventory","Lessons/Grades_3-4_YearA/Week02-03_Sphero_Advanced.md","3-4","Weekly","A","CORE","rebuilt"
"Metric ruler","RULER","NAME MATCH ONLY - SPECIFICATION REQUIRED","physical_inventory","Lessons/Grades_3-4_YearA/Week04_Scientific_Method.md","3-4","Weekly","A","CORE","rebuilt"
"Metric ruler","RULER","NAME MATCH ONLY - SPECIFICATION REQUIRED","physical_inventory","Lessons/Grades_3-4_YearA/Week05-06_KEVA_Challenges.md","3-4","Weekly","A","CORE","rebuilt"
"Metric ruler","RULER","NAME MATCH ONLY - SPECIFICATION REQUIRED","physical_inventory","Lessons/Grades_3-4_YearA/Week07-09_Community_Helpers.md","3-4","Weekly","A","CORE","rebuilt"
"Metric ruler","RULER","NAME MATCH ONLY - SPECIFICATION REQUIRED","physical_inventory","Lessons/Grades_3-4_YearA/Week10_Bridge_Engineering.md","3-4","Weekly","A","CORE","rebuilt"
"Metric ruler","RULER","NAME MATCH ONLY - SPECIFICATION REQUIRED","physical_inventory","Lessons/Grades_3-4_YearA/Week13_Fall_Celebration.md","3-4","Weekly","A","OPTIONAL","rebuilt"
"Metric ruler","RULER","NAME MATCH ONLY - SPECIFICATION REQUIRED","physical_inventory","Lessons/Grades_3-4_YearA/Week16_Astronomy_Star.md","3-4","Weekly","A","RECOMMENDED","rebuilt"
"Metric ruler","RULER","NAME MATCH ONLY - SPECIFICATION REQUIRED","physical_inventory","Lessons/Grades_3-4_YearA/Week18_SMART_Goals.md","3-4","Weekly","A","RECOMMENDED","rebuilt"
"Metric ruler","RULER","NAME MATCH ONLY - SPECIFICATION REQUIRED","physical_inventory","Lessons/Grades_3-4_YearA/Week19-22_Choice_Labs.md","3-4","Weekly","A","RECOMMENDED","rebuilt"
"Metric ruler","RULER","NAME MATCH ONLY - SPECIFICATION REQUIRED","physical_inventory","Lessons/Grades_3-4_YearA/Week26-27_Little_Bits_Circuits.md","3-4","Weekly","A","CORE","rebuilt"
"Metric ruler","RULER","NAME MATCH ONLY - SPECIFICATION REQUIRED","physical_inventory","Lessons/Grades_3-4_YearA/Week28_Pi_Day_Circles.md","3-4","Weekly","A","RECOMMENDED","rebuilt"
"Metric ruler","RULER","NAME MATCH ONLY - SPECIFICATION REQUIRED","physical_inventory","Lessons/Grades_3-4_YearA/Week34_STREAM_Expo.md","3-4","Weekly","A","RECOMMENDED","rebuilt"
"Metric ruler","RULER","NAME MATCH ONLY - SPECIFICATION REQUIRED","physical_inventory","Lessons/Grades_3-4_YearB/Week01_Welcome_Scientists.md","3-4","Weekly","B","CORE","rebuilt"
"Metric ruler","RULER","NAME MATCH ONLY - SPECIFICATION REQUIRED","physical_inventory","Lessons/Grades_3-4_YearB/Week02-03_Flight_Fundamentals.md","3-4","Weekly","B","CORE","rebuilt"
"Metric ruler","RULER","NAME MATCH ONLY - SPECIFICATION REQUIRED","physical_inventory","Lessons/Grades_3-4_YearB/Week04-06_Paper_Airplane.md","3-4","Weekly","B","CORE","rebuilt"
"Metric ruler","RULER","NAME MATCH ONLY - SPECIFICATION REQUIRED","physical_inventory","Lessons/Grades_3-4_YearB/Week07-09_Architectural_Marvels.md","3-4","Weekly","B","CORE","rebuilt"
"Metric ruler","RULER","NAME MATCH ONLY - SPECIFICATION REQUIRED","physical_inventory","Lessons/Grades_3-4_YearB/Week10_Fall_Festival.md","3-4","Weekly","B","OPTIONAL","rebuilt"
"Metric ruler","RULER","NAME MATCH ONLY - SPECIFICATION REQUIRED","physical_inventory","Lessons/Grades_3-4_YearB/Week11_Thanksgiving_Gratitude.md","3-4","Weekly","B","RECOMMENDED","rebuilt"
"Metric ruler","RULER","NAME MATCH ONLY - SPECIFICATION REQUIRED","physical_inventory","Lessons/Grades_3-4_YearB/Week12_Gifts_Others.md","3-4","Weekly","B","RECOMMENDED","rebuilt"
"Metric ruler","RULER","NAME MATCH ONLY - SPECIFICATION REQUIRED","physical_inventory","Lessons/Grades_3-4_YearB/Week14-17_Marine_Science.md","3-4","Weekly","B","CORE","rebuilt"
"Metric ruler","RULER","NAME MATCH ONLY - SPECIFICATION REQUIRED","physical_inventory","Lessons/Grades_3-4_YearB/Week23_Catholic_Schools.md","3-4","Weekly","B","RECOMMENDED","rebuilt"
"Metric ruler","RULER","NAME MATCH ONLY - SPECIFICATION REQUIRED","physical_inventory","Lessons/Grades_3-4_YearB/Week24-27_Sustainable_City.md","3-4","Weekly","B","CORE","rebuilt"
"Metric ruler","RULER","NAME MATCH ONLY - SPECIFICATION REQUIRED","physical_inventory","Lessons/Grades_3-4_YearB/Week28_Pi_Day.md","3-4","Weekly","B","RECOMMENDED","rebuilt"
"Metric ruler","RULER","NAME MATCH ONLY - SPECIFICATION REQUIRED","physical_inventory","Lessons/Grades_3-4_YearB/Week29-31_Weather_Station.md","3-4","Weekly","B","CORE","rebuilt"
"Metric ruler","RULER","NAME MATCH ONLY - SPECIFICATION REQUIRED","physical_inventory","Lessons/Grades_3-4_YearB/Week33_Easter_Engineering.md","3-4","Weekly","B","RECOMMENDED","rebuilt"
"Non-glass thermometer","THERM","NAME MATCH ONLY - SPECIFICATION REQUIRED","physical_inventory","Lessons/Grades_3-4_YearB/Week29-31_Weather_Station.md","3-4","Weekly","B","CORE","rebuilt"
"Nonbreakable mirror","MIRROR","NAME MATCH ONLY - SPECIFICATION REQUIRED","physical_inventory","Lessons/Grades_3-4_YearA/Week14-15_Light_Science_Advent.md","3-4","Weekly","A","CORE","rebuilt"
"Ozobot robots","OZOBOT","NAME MATCH ONLY - SPECIFICATION REQUIRED","physical_inventory","Lessons/Bi-Weekly/Grades_3-4_YearB/Session02_Ozobot_Coding.md","3-4","Bi-Weekly","B","CORE","rebuilt"
"Ozobot robots","OZOBOT","NAME MATCH ONLY - SPECIFICATION REQUIRED","physical_inventory","Lessons/Bi-Weekly/Grades_3-4_YearB/Session14_Ozobot_Challenge.md","3-4","Bi-Weekly","B","CORE","rebuilt"
"Paper cups","CUP","NAME MATCH ONLY - SPECIFICATION REQUIRED","physical_inventory","Lessons/Bi-Weekly/Grades_3-4_YearA/Session15_Simple_Machines.md","3-4","Bi-Weekly","A","CORE","rebuilt"
"Paper cups","CUP","NAME MATCH ONLY - SPECIFICATION REQUIRED","physical_inventory","Lessons/Bi-Weekly/Grades_3-4_YearB/Session15_Compound_Machines.md","3-4","Bi-Weekly","B","CORE","rebuilt"
"Paper cups","CUP","NAME MATCH ONLY - SPECIFICATION REQUIRED","physical_inventory","Lessons/Grades_3-4_YearA/Week10_Bridge_Engineering.md","3-4","Weekly","A","CORE","rebuilt"
"Paper labels","RESOURCE:PAPERLABEL","DECLARED RESOURCE - LOCAL ACCESS REQUIRED","teacher_prepared","Lessons/Bi-Weekly/Grades_3-4_YearA/Session12_Plants_Growth.md","3-4","Bi-Weekly","A","CORE","rebuilt"
"Paper towel","TOWEL","NAME MATCH ONLY - SPECIFICATION REQUIRED","physical_inventory","Lessons/Bi-Weekly/Grades_3-4_YearA/Session10_Weather_Science.md","3-4","Bi-Weekly","A","CORE","rebuilt"
"Paper towel","TOWEL","NAME MATCH ONLY - SPECIFICATION REQUIRED","physical_inventory","Lessons/Bi-Weekly/Grades_3-4_YearA/Session12_Plants_Growth.md","3-4","Bi-Weekly","A","CORE","rebuilt"
"Paper towel","TOWEL","NAME MATCH ONLY - SPECIFICATION REQUIRED","physical_inventory","Lessons/Grades_3-4_YearA/Week14-15_Light_Science_Advent.md","3-4","Weekly","A","CORE","rebuilt"
"Paper towel","TOWEL","NAME MATCH ONLY - SPECIFICATION REQUIRED","physical_inventory","Lessons/Grades_3-4_YearB/Week14-17_Marine_Science.md","3-4","Weekly","B","CORE","rebuilt"
"Plain paper","PAPER","NAME MATCH ONLY - SPECIFICATION REQUIRED","physical_inventory","Lessons/Bi-Weekly/Grades_3-4_YearA/Session01_Engineering_Design.md","3-4","Bi-Weekly","A","CORE","rebuilt"
"Plain paper","PAPER","NAME MATCH ONLY - SPECIFICATION REQUIRED","physical_inventory","Lessons/Bi-Weekly/Grades_3-4_YearA/Session02_Dash_Code.md","3-4","Bi-Weekly","A","CORE","rebuilt"
"Plain paper","PAPER","NAME MATCH ONLY - SPECIFICATION REQUIRED","physical_inventory","Lessons/Bi-Weekly/Grades_3-4_YearA/Session03_Bridge_Engineering.md","3-4","Bi-Weekly","A","CORE","rebuilt"
"Plain paper","PAPER","NAME MATCH ONLY - SPECIFICATION REQUIRED","physical_inventory","Lessons/Bi-Weekly/Grades_3-4_YearA/Session04_Animal_Habitats.md","3-4","Bi-Weekly","A","CORE","rebuilt"
"Plain paper","PAPER","NAME MATCH ONLY - SPECIFICATION REQUIRED","physical_inventory","Lessons/Bi-Weekly/Grades_3-4_YearA/Session05_Scratch_Intro.md","3-4","Bi-Weekly","A","CORE","rebuilt"
"Plain paper","PAPER","NAME MATCH ONLY - SPECIFICATION REQUIRED","physical_inventory","Lessons/Bi-Weekly/Grades_3-4_YearA/Session06_Gratitude_Tech.md","3-4","Bi-Weekly","A","RECOMMENDED","rebuilt"
"Plain paper","PAPER","NAME MATCH ONLY - SPECIFICATION REQUIRED","physical_inventory","Lessons/Bi-Weekly/Grades_3-4_YearA/Session07_Light_Circuits.md","3-4","Bi-Weekly","A","CORE","rebuilt"
"Plain paper","PAPER","NAME MATCH ONLY - SPECIFICATION REQUIRED","physical_inventory","Lessons/Bi-Weekly/Grades_3-4_YearA/Session08_Scratch_Animation.md","3-4","Bi-Weekly","A","RECOMMENDED","rebuilt"
"Plain paper","PAPER","NAME MATCH ONLY - SPECIFICATION REQUIRED","physical_inventory","Lessons/Bi-Weekly/Grades_3-4_YearA/Session09_Catholic_Scientists.md","3-4","Bi-Weekly","A","RECOMMENDED","rebuilt"
"Plain paper","PAPER","NAME MATCH ONLY - SPECIFICATION REQUIRED","physical_inventory","Lessons/Bi-Weekly/Grades_3-4_YearA/Session10_Weather_Science.md","3-4","Bi-Weekly","A","CORE","rebuilt"
"Plain paper","PAPER","NAME MATCH ONLY - SPECIFICATION REQUIRED","physical_inventory","Lessons/Bi-Weekly/Grades_3-4_YearA/Session11_Lenten_Engineering.md","3-4","Bi-Weekly","A","RECOMMENDED","rebuilt"
"Plain paper","PAPER","NAME MATCH ONLY - SPECIFICATION REQUIRED","physical_inventory","Lessons/Bi-Weekly/Grades_3-4_YearA/Session12_Plants_Growth.md","3-4","Bi-Weekly","A","CORE","rebuilt"
"Plain paper","PAPER","NAME MATCH ONLY - SPECIFICATION REQUIRED","physical_inventory","Lessons/Bi-Weekly/Grades_3-4_YearA/Session13_Easter_Tech.md","3-4","Bi-Weekly","A","OPTIONAL","rebuilt"
"Plain paper","PAPER","NAME MATCH ONLY - SPECIFICATION REQUIRED","physical_inventory","Lessons/Bi-Weekly/Grades_3-4_YearA/Session14_Dash_Challenge.md","3-4","Bi-Weekly","A","CORE","rebuilt"
"Plain paper","PAPER","NAME MATCH ONLY - SPECIFICATION REQUIRED","physical_inventory","Lessons/Bi-Weekly/Grades_3-4_YearA/Session15_Simple_Machines.md","3-4","Bi-Weekly","A","CORE","rebuilt"
"Plain paper","PAPER","NAME MATCH ONLY - SPECIFICATION REQUIRED","physical_inventory","Lessons/Bi-Weekly/Grades_3-4_YearA/Session16_Little_Bits.md","3-4","Bi-Weekly","A","RECOMMENDED","rebuilt"
"Plain paper","PAPER","NAME MATCH ONLY - SPECIFICATION REQUIRED","physical_inventory","Lessons/Bi-Weekly/Grades_3-4_YearA/Session17_Exhibition.md","3-4","Bi-Weekly","A","RECOMMENDED","rebuilt"
"Plain paper","PAPER","NAME MATCH ONLY - SPECIFICATION REQUIRED","physical_inventory","Lessons/Bi-Weekly/Grades_3-4_YearB/Session01_Design_Thinking.md","3-4","Bi-Weekly","B","CORE","rebuilt"
"Plain paper","PAPER","NAME MATCH ONLY - SPECIFICATION REQUIRED","physical_inventory","Lessons/Bi-Weekly/Grades_3-4_YearB/Session02_Ozobot_Coding.md","3-4","Bi-Weekly","B","CORE","rebuilt"
"Plain paper","PAPER","NAME MATCH ONLY - SPECIFICATION REQUIRED","physical_inventory","Lessons/Bi-Weekly/Grades_3-4_YearB/Session03_Tower_Challenge.md","3-4","Bi-Weekly","B","CORE","rebuilt"
"Plain paper","PAPER","NAME MATCH ONLY - SPECIFICATION REQUIRED","physical_inventory","Lessons/Bi-Weekly/Grades_3-4_YearB/Session04_Ecosystems.md","3-4","Bi-Weekly","B","CORE","rebuilt"
"Plain paper","PAPER","NAME MATCH ONLY - SPECIFICATION REQUIRED","physical_inventory","Lessons/Bi-Weekly/Grades_3-4_YearB/Session05_Scratch_Games.md","3-4","Bi-Weekly","B","CORE","rebuilt"
"Plain paper","PAPER","NAME MATCH ONLY - SPECIFICATION REQUIRED","physical_inventory","Lessons/Bi-Weekly/Grades_3-4_YearB/Session06_Thanksgiving_Design.md","3-4","Bi-Weekly","B","RECOMMENDED","rebuilt"
"Plain paper","PAPER","NAME MATCH ONLY - SPECIFICATION REQUIRED","physical_inventory","Lessons/Bi-Weekly/Grades_3-4_YearB/Session07_Christmas_Circuits.md","3-4","Bi-Weekly","B","CORE","rebuilt"
"Plain paper","PAPER","NAME MATCH ONLY - SPECIFICATION REQUIRED","physical_inventory","Lessons/Bi-Weekly/Grades_3-4_YearB/Session08_Digital_Stories.md","3-4","Bi-Weekly","B","RECOMMENDED","rebuilt"
"Plain paper","PAPER","NAME MATCH ONLY - SPECIFICATION REQUIRED","physical_inventory","Lessons/Bi-Weekly/Grades_3-4_YearB/Session09_Faith_Science.md","3-4","Bi-Weekly","B","RECOMMENDED","rebuilt"
"Plain paper","PAPER","NAME MATCH ONLY - SPECIFICATION REQUIRED","physical_inventory","Lessons/Bi-Weekly/Grades_3-4_YearB/Session10_Geology_Rocks.md","3-4","Bi-Weekly","B","CORE","rebuilt"
"Plain paper","PAPER","NAME MATCH ONLY - SPECIFICATION REQUIRED","physical_inventory","Lessons/Bi-Weekly/Grades_3-4_YearB/Session11_Lenten_Service.md","3-4","Bi-Weekly","B","RECOMMENDED","rebuilt"
"Plain paper","PAPER","NAME MATCH ONLY - SPECIFICATION REQUIRED","physical_inventory","Lessons/Bi-Weekly/Grades_3-4_YearB/Session12_Life_Cycles.md","3-4","Bi-Weekly","B","CORE","rebuilt"
"Plain paper","PAPER","NAME MATCH ONLY - SPECIFICATION REQUIRED","physical_inventory","Lessons/Bi-Weekly/Grades_3-4_YearB/Session13_Easter_Creation.md","3-4","Bi-Weekly","B","OPTIONAL","rebuilt"
"Plain paper","PAPER","NAME MATCH ONLY - SPECIFICATION REQUIRED","physical_inventory","Lessons/Bi-Weekly/Grades_3-4_YearB/Session14_Ozobot_Challenge.md","3-4","Bi-Weekly","B","CORE","rebuilt"
"Plain paper","PAPER","NAME MATCH ONLY - SPECIFICATION REQUIRED","physical_inventory","Lessons/Bi-Weekly/Grades_3-4_YearB/Session15_Compound_Machines.md","3-4","Bi-Weekly","B","CORE","rebuilt"
"Plain paper","PAPER","NAME MATCH ONLY - SPECIFICATION REQUIRED","physical_inventory","Lessons/Bi-Weekly/Grades_3-4_YearB/Session16_Makey_Makey.md","3-4","Bi-Weekly","B","RECOMMENDED","rebuilt"
"Plain paper","PAPER","NAME MATCH ONLY - SPECIFICATION REQUIRED","physical_inventory","Lessons/Bi-Weekly/Grades_3-4_YearB/Session17_Celebration.md","3-4","Bi-Weekly","B","RECOMMENDED","rebuilt"
"Plain paper","PAPER","NAME MATCH ONLY - SPECIFICATION REQUIRED","physical_inventory","Lessons/Grades_3-4_YearA/Week01_Welcome_to_CSTREAM.md","3-4","Weekly","A","RECOMMENDED","rebuilt"
"Plain paper","PAPER","NAME MATCH ONLY - SPECIFICATION REQUIRED","physical_inventory","Lessons/Grades_3-4_YearA/Week02-03_Sphero_Advanced.md","3-4","Weekly","A","CORE","rebuilt"
"Plain paper","PAPER","NAME MATCH ONLY - SPECIFICATION REQUIRED","physical_inventory","Lessons/Grades_3-4_YearA/Week04_Scientific_Method.md","3-4","Weekly","A","CORE","rebuilt"
"Plain paper","PAPER","NAME MATCH ONLY - SPECIFICATION REQUIRED","physical_inventory","Lessons/Grades_3-4_YearA/Week05-06_KEVA_Challenges.md","3-4","Weekly","A","CORE","rebuilt"
"Plain paper","PAPER","NAME MATCH ONLY - SPECIFICATION REQUIRED","physical_inventory","Lessons/Grades_3-4_YearA/Week07-09_Community_Helpers.md","3-4","Weekly","A","CORE","rebuilt"
"Plain paper","PAPER","NAME MATCH ONLY - SPECIFICATION REQUIRED","physical_inventory","Lessons/Grades_3-4_YearA/Week10_Bridge_Engineering.md","3-4","Weekly","A","CORE","rebuilt"
"Plain paper","PAPER","NAME MATCH ONLY - SPECIFICATION REQUIRED","physical_inventory","Lessons/Grades_3-4_YearA/Week11_Coding_Gratitude.md","3-4","Weekly","A","RECOMMENDED","rebuilt"
"Plain paper","PAPER","NAME MATCH ONLY - SPECIFICATION REQUIRED","physical_inventory","Lessons/Grades_3-4_YearA/Week12_Giving_Through_Making.md","3-4","Weekly","A","RECOMMENDED","rebuilt"
"Plain paper","PAPER","NAME MATCH ONLY - SPECIFICATION REQUIRED","physical_inventory","Lessons/Grades_3-4_YearA/Week13_Fall_Celebration.md","3-4","Weekly","A","OPTIONAL","rebuilt"
"Plain paper","PAPER","NAME MATCH ONLY - SPECIFICATION REQUIRED","physical_inventory","Lessons/Grades_3-4_YearA/Week14-15_Light_Science_Advent.md","3-4","Weekly","A","CORE","rebuilt"
"Plain paper","PAPER","NAME MATCH ONLY - SPECIFICATION REQUIRED","physical_inventory","Lessons/Grades_3-4_YearA/Week16_Astronomy_Star.md","3-4","Weekly","A","RECOMMENDED","rebuilt"
"Plain paper","PAPER","NAME MATCH ONLY - SPECIFICATION REQUIRED","physical_inventory","Lessons/Grades_3-4_YearA/Week18_SMART_Goals.md","3-4","Weekly","A","RECOMMENDED","rebuilt"
"Plain paper","PAPER","NAME MATCH ONLY - SPECIFICATION REQUIRED","physical_inventory","Lessons/Grades_3-4_YearA/Week19-22_Choice_Labs.md","3-4","Weekly","A","RECOMMENDED","rebuilt"
"Plain paper","PAPER","NAME MATCH ONLY - SPECIFICATION REQUIRED","physical_inventory","Lessons/Grades_3-4_YearA/Week23_Catholic_Schools_Week.md","3-4","Weekly","A","RECOMMENDED","rebuilt"
"Plain paper","PAPER","NAME MATCH ONLY - SPECIFICATION REQUIRED","physical_inventory","Lessons/Grades_3-4_YearA/Week24-25_Scratch_Programming.md","3-4","Weekly","A","CORE","rebuilt"
"Plain paper","PAPER","NAME MATCH ONLY - SPECIFICATION REQUIRED","physical_inventory","Lessons/Grades_3-4_YearA/Week26-27_Little_Bits_Circuits.md","3-4","Weekly","A","CORE","rebuilt"
"Plain paper","PAPER","NAME MATCH ONLY - SPECIFICATION REQUIRED","physical_inventory","Lessons/Grades_3-4_YearA/Week28_Pi_Day_Circles.md","3-4","Weekly","A","RECOMMENDED","rebuilt"
"Plain paper","PAPER","NAME MATCH ONLY - SPECIFICATION REQUIRED","physical_inventory","Lessons/Grades_3-4_YearA/Week29-31_Environmental_STREAM.md","3-4","Weekly","A","CORE","rebuilt"
"Plain paper","PAPER","NAME MATCH ONLY - SPECIFICATION REQUIRED","physical_inventory","Lessons/Grades_3-4_YearA/Week33_Resurrection_Science.md","3-4","Weekly","A","CORE","rebuilt"
"Plain paper","PAPER","NAME MATCH ONLY - SPECIFICATION REQUIRED","physical_inventory","Lessons/Grades_3-4_YearA/Week34_STREAM_Expo.md","3-4","Weekly","A","RECOMMENDED","rebuilt"
"Plain paper","PAPER","NAME MATCH ONLY - SPECIFICATION REQUIRED","physical_inventory","Lessons/Grades_3-4_YearB/Week01_Welcome_Scientists.md","3-4","Weekly","B","CORE","rebuilt"
"Plain paper","PAPER","NAME MATCH ONLY - SPECIFICATION REQUIRED","physical_inventory","Lessons/Grades_3-4_YearB/Week02-03_Flight_Fundamentals.md","3-4","Weekly","B","CORE","rebuilt"
"Plain paper","PAPER","NAME MATCH ONLY - SPECIFICATION REQUIRED","physical_inventory","Lessons/Grades_3-4_YearB/Week04-06_Paper_Airplane.md","3-4","Weekly","B","CORE","rebuilt"
"Plain paper","PAPER","NAME MATCH ONLY - SPECIFICATION REQUIRED","physical_inventory","Lessons/Grades_3-4_YearB/Week07-09_Architectural_Marvels.md","3-4","Weekly","B","CORE","rebuilt"
"Plain paper","PAPER","NAME MATCH ONLY - SPECIFICATION REQUIRED","physical_inventory","Lessons/Grades_3-4_YearB/Week10_Fall_Festival.md","3-4","Weekly","B","OPTIONAL","rebuilt"
"Plain paper","PAPER","NAME MATCH ONLY - SPECIFICATION REQUIRED","physical_inventory","Lessons/Grades_3-4_YearB/Week11_Thanksgiving_Gratitude.md","3-4","Weekly","B","RECOMMENDED","rebuilt"
"Plain paper","PAPER","NAME MATCH ONLY - SPECIFICATION REQUIRED","physical_inventory","Lessons/Grades_3-4_YearB/Week12_Gifts_Others.md","3-4","Weekly","B","RECOMMENDED","rebuilt"
"Plain paper","PAPER","NAME MATCH ONLY - SPECIFICATION REQUIRED","physical_inventory","Lessons/Grades_3-4_YearB/Week13_Advent_Preparation.md","3-4","Weekly","B","RECOMMENDED","rebuilt"
"Plain paper","PAPER","NAME MATCH ONLY - SPECIFICATION REQUIRED","physical_inventory","Lessons/Grades_3-4_YearB/Week14-17_Marine_Science.md","3-4","Weekly","B","CORE","rebuilt"
"Plain paper","PAPER","NAME MATCH ONLY - SPECIFICATION REQUIRED","physical_inventory","Lessons/Grades_3-4_YearB/Week18_New_Year_Goals.md","3-4","Weekly","B","RECOMMENDED","rebuilt"
"Plain paper","PAPER","NAME MATCH ONLY - SPECIFICATION REQUIRED","physical_inventory","Lessons/Grades_3-4_YearB/Week19-22_Game_Design.md","3-4","Weekly","B","CORE","rebuilt"
"Plain paper","PAPER","NAME MATCH ONLY - SPECIFICATION REQUIRED","physical_inventory","Lessons/Grades_3-4_YearB/Week23_Catholic_Schools.md","3-4","Weekly","B","RECOMMENDED","rebuilt"
"Plain paper","PAPER","NAME MATCH ONLY - SPECIFICATION REQUIRED","physical_inventory","Lessons/Grades_3-4_YearB/Week24-27_Sustainable_City.md","3-4","Weekly","B","CORE","rebuilt"
"Plain paper","PAPER","NAME MATCH ONLY - SPECIFICATION REQUIRED","physical_inventory","Lessons/Grades_3-4_YearB/Week28_Pi_Day.md","3-4","Weekly","B","RECOMMENDED","rebuilt"
"Plain paper","PAPER","NAME MATCH ONLY - SPECIFICATION REQUIRED","physical_inventory","Lessons/Grades_3-4_YearB/Week29-31_Weather_Station.md","3-4","Weekly","B","CORE","rebuilt"
"Plain paper","PAPER","NAME MATCH ONLY - SPECIFICATION REQUIRED","physical_inventory","Lessons/Grades_3-4_YearB/Week33_Easter_Engineering.md","3-4","Weekly","B","RECOMMENDED","rebuilt"
"Plain paper","PAPER","NAME MATCH ONLY - SPECIFICATION REQUIRED","physical_inventory","Lessons/Grades_3-4_YearB/Week34_Showcase.md","3-4","Weekly","B","RECOMMENDED","rebuilt"
"Plastic circular objects","CIRCLEOBJ","NAME MATCH ONLY - SPECIFICATION REQUIRED","physical_inventory","Lessons/Grades_3-4_YearA/Week28_Pi_Day_Circles.md","3-4","Weekly","A","RECOMMENDED","rebuilt"
"Plastic circular objects","CIRCLEOBJ","NAME MATCH ONLY - SPECIFICATION REQUIRED","physical_inventory","Lessons/Grades_3-4_YearB/Week28_Pi_Day.md","3-4","Weekly","B","RECOMMENDED","rebuilt"
"Plastic graduated measuring cup","MEASURECUP","NAME MATCH ONLY - SPECIFICATION REQUIRED","physical_inventory","Lessons/Bi-Weekly/Grades_3-4_YearA/Session10_Weather_Science.md","3-4","Bi-Weekly","A","CORE","rebuilt"
"Plastic graduated measuring cup","MEASURECUP","NAME MATCH ONLY - SPECIFICATION REQUIRED","physical_inventory","Lessons/Grades_3-4_YearA/Week14-15_Light_Science_Advent.md","3-4","Weekly","A","CORE","rebuilt"
"Plastic graduated measuring cup","MEASURECUP","NAME MATCH ONLY - SPECIFICATION REQUIRED","physical_inventory","Lessons/Grades_3-4_YearB/Week14-17_Marine_Science.md","3-4","Weekly","B","CORE","rebuilt"
"Plastic magnifier","MAGNIFIER","NAME MATCH ONLY - SPECIFICATION REQUIRED","physical_inventory","Lessons/Bi-Weekly/Grades_3-4_YearB/Session10_Geology_Rocks.md","3-4","Bi-Weekly","B","CORE","rebuilt"
"Plastic magnifier","MAGNIFIER","NAME MATCH ONLY - SPECIFICATION REQUIRED","physical_inventory","Lessons/Grades_3-4_YearA/Week33_Resurrection_Science.md","3-4","Weekly","A","CORE","rebuilt"
"Plastic spoon","PLASTICSPOON","NAME MATCH ONLY - SPECIFICATION REQUIRED","physical_inventory","Lessons/Grades_3-4_YearB/Week14-17_Marine_Science.md","3-4","Weekly","B","CORE","rebuilt"
"Prepared resource: approved source text","RESOURCE:APPROVEDSOURCE","DECLARED RESOURCE - LOCAL ACCESS REQUIRED","source_text","Lessons/Bi-Weekly/Grades_3-4_YearA/Session04_Animal_Habitats.md","3-4","Bi-Weekly","A","CORE","rebuilt"
"Prepared resource: approved source text","RESOURCE:APPROVEDSOURCE","DECLARED RESOURCE - LOCAL ACCESS REQUIRED","source_text","Lessons/Bi-Weekly/Grades_3-4_YearA/Session09_Catholic_Scientists.md","3-4","Bi-Weekly","A","RECOMMENDED","rebuilt"
"Prepared resource: approved source text","RESOURCE:APPROVEDSOURCE","DECLARED RESOURCE - LOCAL ACCESS REQUIRED","source_text","Lessons/Bi-Weekly/Grades_3-4_YearA/Session12_Plants_Growth.md","3-4","Bi-Weekly","A","CORE","rebuilt"
"Prepared resource: approved source text","RESOURCE:APPROVEDSOURCE","DECLARED RESOURCE - LOCAL ACCESS REQUIRED","source_text","Lessons/Bi-Weekly/Grades_3-4_YearA/Session16_Little_Bits.md","3-4","Bi-Weekly","A","RECOMMENDED","rebuilt"
"Prepared resource: approved source text","RESOURCE:APPROVEDSOURCE","DECLARED RESOURCE - LOCAL ACCESS REQUIRED","source_text","Lessons/Bi-Weekly/Grades_3-4_YearB/Session09_Faith_Science.md","3-4","Bi-Weekly","B","RECOMMENDED","rebuilt"
"Prepared resource: approved source text","RESOURCE:APPROVEDSOURCE","DECLARED RESOURCE - LOCAL ACCESS REQUIRED","source_text","Lessons/Grades_3-4_YearA/Week23_Catholic_Schools_Week.md","3-4","Weekly","A","RECOMMENDED","rebuilt"
"Prepared resource: dated learning records","RESOURCE:PORTFOLIO","DECLARED RESOURCE - LOCAL ACCESS REQUIRED","documentation_format","Lessons/Bi-Weekly/Grades_3-4_YearA/Session17_Exhibition.md","3-4","Bi-Weekly","A","RECOMMENDED","rebuilt"
"Prepared resource: dated learning records","RESOURCE:PORTFOLIO","DECLARED RESOURCE - LOCAL ACCESS REQUIRED","documentation_format","Lessons/Bi-Weekly/Grades_3-4_YearB/Session17_Celebration.md","3-4","Bi-Weekly","B","RECOMMENDED","rebuilt"
"Prepared resource: dated learning records","RESOURCE:PORTFOLIO","DECLARED RESOURCE - LOCAL ACCESS REQUIRED","documentation_format","Lessons/Grades_3-4_YearA/Week13_Fall_Celebration.md","3-4","Weekly","A","OPTIONAL","rebuilt"
"Prepared resource: dated learning records","RESOURCE:PORTFOLIO","DECLARED RESOURCE - LOCAL ACCESS REQUIRED","documentation_format","Lessons/Grades_3-4_YearA/Week34_STREAM_Expo.md","3-4","Weekly","A","RECOMMENDED","rebuilt"
"Prepared resource: dated learning records","RESOURCE:PORTFOLIO","DECLARED RESOURCE - LOCAL ACCESS REQUIRED","documentation_format","Lessons/Grades_3-4_YearB/Week18_New_Year_Goals.md","3-4","Weekly","B","RECOMMENDED","rebuilt"
"Prepared resource: dated learning records","RESOURCE:PORTFOLIO","DECLARED RESOURCE - LOCAL ACCESS REQUIRED","documentation_format","Lessons/Grades_3-4_YearB/Week34_Showcase.md","3-4","Weekly","B","RECOMMENDED","rebuilt"
"Prepared resource: lesson-specific cards","RESOURCE:CLASSCARDS","DECLARED RESOURCE - LOCAL ACCESS REQUIRED","teacher_prepared","Lessons/Bi-Weekly/Grades_3-4_YearA/Session02_Dash_Code.md","3-4","Bi-Weekly","A","CORE","rebuilt"
"Prepared resource: lesson-specific cards","RESOURCE:CLASSCARDS","DECLARED RESOURCE - LOCAL ACCESS REQUIRED","teacher_prepared","Lessons/Bi-Weekly/Grades_3-4_YearA/Session04_Animal_Habitats.md","3-4","Bi-Weekly","A","CORE","rebuilt"
"Prepared resource: lesson-specific cards","RESOURCE:CLASSCARDS","DECLARED RESOURCE - LOCAL ACCESS REQUIRED","teacher_prepared","Lessons/Bi-Weekly/Grades_3-4_YearA/Session07_Light_Circuits.md","3-4","Bi-Weekly","A","CORE","rebuilt"
"Prepared resource: lesson-specific cards","RESOURCE:CLASSCARDS","DECLARED RESOURCE - LOCAL ACCESS REQUIRED","teacher_prepared","Lessons/Bi-Weekly/Grades_3-4_YearA/Session09_Catholic_Scientists.md","3-4","Bi-Weekly","A","RECOMMENDED","rebuilt"
"Prepared resource: lesson-specific cards","RESOURCE:CLASSCARDS","DECLARED RESOURCE - LOCAL ACCESS REQUIRED","teacher_prepared","Lessons/Bi-Weekly/Grades_3-4_YearA/Session12_Plants_Growth.md","3-4","Bi-Weekly","A","CORE","rebuilt"
"Prepared resource: lesson-specific cards","RESOURCE:CLASSCARDS","DECLARED RESOURCE - LOCAL ACCESS REQUIRED","teacher_prepared","Lessons/Bi-Weekly/Grades_3-4_YearB/Session02_Ozobot_Coding.md","3-4","Bi-Weekly","B","CORE","rebuilt"
"Prepared resource: lesson-specific cards","RESOURCE:CLASSCARDS","DECLARED RESOURCE - LOCAL ACCESS REQUIRED","teacher_prepared","Lessons/Bi-Weekly/Grades_3-4_YearB/Session04_Ecosystems.md","3-4","Bi-Weekly","B","CORE","rebuilt"
"Prepared resource: lesson-specific cards","RESOURCE:CLASSCARDS","DECLARED RESOURCE - LOCAL ACCESS REQUIRED","teacher_prepared","Lessons/Bi-Weekly/Grades_3-4_YearB/Session07_Christmas_Circuits.md","3-4","Bi-Weekly","B","CORE","rebuilt"
"Prepared resource: lesson-specific cards","RESOURCE:CLASSCARDS","DECLARED RESOURCE - LOCAL ACCESS REQUIRED","teacher_prepared","Lessons/Bi-Weekly/Grades_3-4_YearB/Session09_Faith_Science.md","3-4","Bi-Weekly","B","RECOMMENDED","rebuilt"
"Prepared resource: lesson-specific cards","RESOURCE:CLASSCARDS","DECLARED RESOURCE - LOCAL ACCESS REQUIRED","teacher_prepared","Lessons/Bi-Weekly/Grades_3-4_YearB/Session10_Geology_Rocks.md","3-4","Bi-Weekly","B","CORE","rebuilt"
"Prepared resource: lesson-specific cards","RESOURCE:CLASSCARDS","DECLARED RESOURCE - LOCAL ACCESS REQUIRED","teacher_prepared","Lessons/Grades_3-4_YearA/Week02-03_Sphero_Advanced.md","3-4","Weekly","A","CORE","rebuilt"
"Prepared resource: lesson-specific cards","RESOURCE:CLASSCARDS","DECLARED RESOURCE - LOCAL ACCESS REQUIRED","teacher_prepared","Lessons/Grades_3-4_YearA/Week23_Catholic_Schools_Week.md","3-4","Weekly","A","RECOMMENDED","rebuilt"
"Prepared resource: lesson-specific cards","RESOURCE:CLASSCARDS","DECLARED RESOURCE - LOCAL ACCESS REQUIRED","teacher_prepared","Lessons/Grades_3-4_YearA/Week26-27_Little_Bits_Circuits.md","3-4","Weekly","A","CORE","rebuilt"
"Prepared resource: lesson-specific cards","RESOURCE:CLASSCARDS","DECLARED RESOURCE - LOCAL ACCESS REQUIRED","teacher_prepared","Lessons/Grades_3-4_YearB/Week02-03_Flight_Fundamentals.md","3-4","Weekly","B","CORE","rebuilt"
"Prepared resource: lesson-specific cards","RESOURCE:CLASSCARDS","DECLARED RESOURCE - LOCAL ACCESS REQUIRED","teacher_prepared","Lessons/Grades_3-4_YearB/Week19-22_Game_Design.md","3-4","Weekly","B","CORE","rebuilt"
"Prepared resource: lesson-specific cards","RESOURCE:CLASSCARDS","DECLARED RESOURCE - LOCAL ACCESS REQUIRED","teacher_prepared","Lessons/Grades_3-4_YearB/Week29-31_Weather_Station.md","3-4","Weekly","B","CORE","rebuilt"
"Reusable clear plastic cup","CLEARCUP","NAME MATCH ONLY - SPECIFICATION REQUIRED","physical_inventory","Lessons/Bi-Weekly/Grades_3-4_YearA/Session10_Weather_Science.md","3-4","Bi-Weekly","A","CORE","rebuilt"
"Reusable clear plastic cup","CLEARCUP","NAME MATCH ONLY - SPECIFICATION REQUIRED","physical_inventory","Lessons/Bi-Weekly/Grades_3-4_YearA/Session12_Plants_Growth.md","3-4","Bi-Weekly","A","CORE","rebuilt"
"Reusable clear plastic cup","CLEARCUP","NAME MATCH ONLY - SPECIFICATION REQUIRED","physical_inventory","Lessons/Grades_3-4_YearA/Week14-15_Light_Science_Advent.md","3-4","Weekly","A","CORE","rebuilt"
"Reusable clear plastic cup","CLEARCUP","NAME MATCH ONLY - SPECIFICATION REQUIRED","physical_inventory","Lessons/Grades_3-4_YearB/Week29-31_Weather_Station.md","3-4","Weekly","B","CORE","rebuilt"
"Reusable surface cleanup cloth","CLOTH","NAME MATCH ONLY - SPECIFICATION REQUIRED","physical_inventory","Lessons/Grades_3-4_YearB/Week29-31_Weather_Station.md","3-4","Weekly","B","CORE","rebuilt"
"School glue stick","GLUE","NAME MATCH ONLY - SPECIFICATION REQUIRED","physical_inventory","Lessons/Grades_3-4_YearA/Week14-15_Light_Science_Advent.md","3-4","Weekly","A","CORE","rebuilt"
"School glue stick","GLUE","NAME MATCH ONLY - SPECIFICATION REQUIRED","physical_inventory","Lessons/Grades_3-4_YearB/Week13_Advent_Preparation.md","3-4","Weekly","B","RECOMMENDED","rebuilt"
"School pencil","PENCIL","NAME MATCH ONLY - SPECIFICATION REQUIRED","physical_inventory","Lessons/Bi-Weekly/Grades_3-4_YearA/Session01_Engineering_Design.md","3-4","Bi-Weekly","A","CORE","rebuilt"
"School pencil","PENCIL","NAME MATCH ONLY - SPECIFICATION REQUIRED","physical_inventory","Lessons/Bi-Weekly/Grades_3-4_YearA/Session02_Dash_Code.md","3-4","Bi-Weekly","A","CORE","rebuilt"
"School pencil","PENCIL","NAME MATCH ONLY - SPECIFICATION REQUIRED","physical_inventory","Lessons/Bi-Weekly/Grades_3-4_YearA/Session03_Bridge_Engineering.md","3-4","Bi-Weekly","A","CORE","rebuilt"
"School pencil","PENCIL","NAME MATCH ONLY - SPECIFICATION REQUIRED","physical_inventory","Lessons/Bi-Weekly/Grades_3-4_YearA/Session04_Animal_Habitats.md","3-4","Bi-Weekly","A","CORE","rebuilt"
"School pencil","PENCIL","NAME MATCH ONLY - SPECIFICATION REQUIRED","physical_inventory","Lessons/Bi-Weekly/Grades_3-4_YearA/Session05_Scratch_Intro.md","3-4","Bi-Weekly","A","CORE","rebuilt"
"School pencil","PENCIL","NAME MATCH ONLY - SPECIFICATION REQUIRED","physical_inventory","Lessons/Bi-Weekly/Grades_3-4_YearA/Session06_Gratitude_Tech.md","3-4","Bi-Weekly","A","RECOMMENDED","rebuilt"
"School pencil","PENCIL","NAME MATCH ONLY - SPECIFICATION REQUIRED","physical_inventory","Lessons/Bi-Weekly/Grades_3-4_YearA/Session07_Light_Circuits.md","3-4","Bi-Weekly","A","CORE","rebuilt"
"School pencil","PENCIL","NAME MATCH ONLY - SPECIFICATION REQUIRED","physical_inventory","Lessons/Bi-Weekly/Grades_3-4_YearA/Session08_Scratch_Animation.md","3-4","Bi-Weekly","A","RECOMMENDED","rebuilt"
"School pencil","PENCIL","NAME MATCH ONLY - SPECIFICATION REQUIRED","physical_inventory","Lessons/Bi-Weekly/Grades_3-4_YearA/Session09_Catholic_Scientists.md","3-4","Bi-Weekly","A","RECOMMENDED","rebuilt"
"School pencil","PENCIL","NAME MATCH ONLY - SPECIFICATION REQUIRED","physical_inventory","Lessons/Bi-Weekly/Grades_3-4_YearA/Session10_Weather_Science.md","3-4","Bi-Weekly","A","CORE","rebuilt"
"School pencil","PENCIL","NAME MATCH ONLY - SPECIFICATION REQUIRED","physical_inventory","Lessons/Bi-Weekly/Grades_3-4_YearA/Session11_Lenten_Engineering.md","3-4","Bi-Weekly","A","RECOMMENDED","rebuilt"
"School pencil","PENCIL","NAME MATCH ONLY - SPECIFICATION REQUIRED","physical_inventory","Lessons/Bi-Weekly/Grades_3-4_YearA/Session12_Plants_Growth.md","3-4","Bi-Weekly","A","CORE","rebuilt"
"School pencil","PENCIL","NAME MATCH ONLY - SPECIFICATION REQUIRED","physical_inventory","Lessons/Bi-Weekly/Grades_3-4_YearA/Session13_Easter_Tech.md","3-4","Bi-Weekly","A","OPTIONAL","rebuilt"
"School pencil","PENCIL","NAME MATCH ONLY - SPECIFICATION REQUIRED","physical_inventory","Lessons/Bi-Weekly/Grades_3-4_YearA/Session14_Dash_Challenge.md","3-4","Bi-Weekly","A","CORE","rebuilt"
"School pencil","PENCIL","NAME MATCH ONLY - SPECIFICATION REQUIRED","physical_inventory","Lessons/Bi-Weekly/Grades_3-4_YearA/Session15_Simple_Machines.md","3-4","Bi-Weekly","A","CORE","rebuilt"
"School pencil","PENCIL","NAME MATCH ONLY - SPECIFICATION REQUIRED","physical_inventory","Lessons/Bi-Weekly/Grades_3-4_YearA/Session16_Little_Bits.md","3-4","Bi-Weekly","A","RECOMMENDED","rebuilt"
"School pencil","PENCIL","NAME MATCH ONLY - SPECIFICATION REQUIRED","physical_inventory","Lessons/Bi-Weekly/Grades_3-4_YearA/Session17_Exhibition.md","3-4","Bi-Weekly","A","RECOMMENDED","rebuilt"
"School pencil","PENCIL","NAME MATCH ONLY - SPECIFICATION REQUIRED","physical_inventory","Lessons/Bi-Weekly/Grades_3-4_YearB/Session01_Design_Thinking.md","3-4","Bi-Weekly","B","CORE","rebuilt"
"School pencil","PENCIL","NAME MATCH ONLY - SPECIFICATION REQUIRED","physical_inventory","Lessons/Bi-Weekly/Grades_3-4_YearB/Session02_Ozobot_Coding.md","3-4","Bi-Weekly","B","CORE","rebuilt"
"School pencil","PENCIL","NAME MATCH ONLY - SPECIFICATION REQUIRED","physical_inventory","Lessons/Bi-Weekly/Grades_3-4_YearB/Session03_Tower_Challenge.md","3-4","Bi-Weekly","B","CORE","rebuilt"
"School pencil","PENCIL","NAME MATCH ONLY - SPECIFICATION REQUIRED","physical_inventory","Lessons/Bi-Weekly/Grades_3-4_YearB/Session04_Ecosystems.md","3-4","Bi-Weekly","B","CORE","rebuilt"
"School pencil","PENCIL","NAME MATCH ONLY - SPECIFICATION REQUIRED","physical_inventory","Lessons/Bi-Weekly/Grades_3-4_YearB/Session05_Scratch_Games.md","3-4","Bi-Weekly","B","CORE","rebuilt"
"School pencil","PENCIL","NAME MATCH ONLY - SPECIFICATION REQUIRED","physical_inventory","Lessons/Bi-Weekly/Grades_3-4_YearB/Session06_Thanksgiving_Design.md","3-4","Bi-Weekly","B","RECOMMENDED","rebuilt"
"School pencil","PENCIL","NAME MATCH ONLY - SPECIFICATION REQUIRED","physical_inventory","Lessons/Bi-Weekly/Grades_3-4_YearB/Session07_Christmas_Circuits.md","3-4","Bi-Weekly","B","CORE","rebuilt"
"School pencil","PENCIL","NAME MATCH ONLY - SPECIFICATION REQUIRED","physical_inventory","Lessons/Bi-Weekly/Grades_3-4_YearB/Session08_Digital_Stories.md","3-4","Bi-Weekly","B","RECOMMENDED","rebuilt"
"School pencil","PENCIL","NAME MATCH ONLY - SPECIFICATION REQUIRED","physical_inventory","Lessons/Bi-Weekly/Grades_3-4_YearB/Session09_Faith_Science.md","3-4","Bi-Weekly","B","RECOMMENDED","rebuilt"
"School pencil","PENCIL","NAME MATCH ONLY - SPECIFICATION REQUIRED","physical_inventory","Lessons/Bi-Weekly/Grades_3-4_YearB/Session10_Geology_Rocks.md","3-4","Bi-Weekly","B","CORE","rebuilt"
"School pencil","PENCIL","NAME MATCH ONLY - SPECIFICATION REQUIRED","physical_inventory","Lessons/Bi-Weekly/Grades_3-4_YearB/Session11_Lenten_Service.md","3-4","Bi-Weekly","B","RECOMMENDED","rebuilt"
"School pencil","PENCIL","NAME MATCH ONLY - SPECIFICATION REQUIRED","physical_inventory","Lessons/Bi-Weekly/Grades_3-4_YearB/Session12_Life_Cycles.md","3-4","Bi-Weekly","B","CORE","rebuilt"
"School pencil","PENCIL","NAME MATCH ONLY - SPECIFICATION REQUIRED","physical_inventory","Lessons/Bi-Weekly/Grades_3-4_YearB/Session13_Easter_Creation.md","3-4","Bi-Weekly","B","OPTIONAL","rebuilt"
"School pencil","PENCIL","NAME MATCH ONLY - SPECIFICATION REQUIRED","physical_inventory","Lessons/Bi-Weekly/Grades_3-4_YearB/Session14_Ozobot_Challenge.md","3-4","Bi-Weekly","B","CORE","rebuilt"
"School pencil","PENCIL","NAME MATCH ONLY - SPECIFICATION REQUIRED","physical_inventory","Lessons/Bi-Weekly/Grades_3-4_YearB/Session15_Compound_Machines.md","3-4","Bi-Weekly","B","CORE","rebuilt"
"School pencil","PENCIL","NAME MATCH ONLY - SPECIFICATION REQUIRED","physical_inventory","Lessons/Bi-Weekly/Grades_3-4_YearB/Session16_Makey_Makey.md","3-4","Bi-Weekly","B","RECOMMENDED","rebuilt"
"School pencil","PENCIL","NAME MATCH ONLY - SPECIFICATION REQUIRED","physical_inventory","Lessons/Bi-Weekly/Grades_3-4_YearB/Session17_Celebration.md","3-4","Bi-Weekly","B","RECOMMENDED","rebuilt"
"School pencil","PENCIL","NAME MATCH ONLY - SPECIFICATION REQUIRED","physical_inventory","Lessons/Grades_3-4_YearA/Week01_Welcome_to_CSTREAM.md","3-4","Weekly","A","RECOMMENDED","rebuilt"
"School pencil","PENCIL","NAME MATCH ONLY - SPECIFICATION REQUIRED","physical_inventory","Lessons/Grades_3-4_YearA/Week02-03_Sphero_Advanced.md","3-4","Weekly","A","CORE","rebuilt"
"School pencil","PENCIL","NAME MATCH ONLY - SPECIFICATION REQUIRED","physical_inventory","Lessons/Grades_3-4_YearA/Week04_Scientific_Method.md","3-4","Weekly","A","CORE","rebuilt"
"School pencil","PENCIL","NAME MATCH ONLY - SPECIFICATION REQUIRED","physical_inventory","Lessons/Grades_3-4_YearA/Week05-06_KEVA_Challenges.md","3-4","Weekly","A","CORE","rebuilt"
"School pencil","PENCIL","NAME MATCH ONLY - SPECIFICATION REQUIRED","physical_inventory","Lessons/Grades_3-4_YearA/Week07-09_Community_Helpers.md","3-4","Weekly","A","CORE","rebuilt"
"School pencil","PENCIL","NAME MATCH ONLY - SPECIFICATION REQUIRED","physical_inventory","Lessons/Grades_3-4_YearA/Week10_Bridge_Engineering.md","3-4","Weekly","A","CORE","rebuilt"
"School pencil","PENCIL","NAME MATCH ONLY - SPECIFICATION REQUIRED","physical_inventory","Lessons/Grades_3-4_YearA/Week11_Coding_Gratitude.md","3-4","Weekly","A","RECOMMENDED","rebuilt"
"School pencil","PENCIL","NAME MATCH ONLY - SPECIFICATION REQUIRED","physical_inventory","Lessons/Grades_3-4_YearA/Week12_Giving_Through_Making.md","3-4","Weekly","A","RECOMMENDED","rebuilt"
"School pencil","PENCIL","NAME MATCH ONLY - SPECIFICATION REQUIRED","physical_inventory","Lessons/Grades_3-4_YearA/Week13_Fall_Celebration.md","3-4","Weekly","A","OPTIONAL","rebuilt"
"School pencil","PENCIL","NAME MATCH ONLY - SPECIFICATION REQUIRED","physical_inventory","Lessons/Grades_3-4_YearA/Week14-15_Light_Science_Advent.md","3-4","Weekly","A","CORE","rebuilt"
"School pencil","PENCIL","NAME MATCH ONLY - SPECIFICATION REQUIRED","physical_inventory","Lessons/Grades_3-4_YearA/Week16_Astronomy_Star.md","3-4","Weekly","A","RECOMMENDED","rebuilt"
"School pencil","PENCIL","NAME MATCH ONLY - SPECIFICATION REQUIRED","physical_inventory","Lessons/Grades_3-4_YearA/Week18_SMART_Goals.md","3-4","Weekly","A","RECOMMENDED","rebuilt"
"School pencil","PENCIL","NAME MATCH ONLY - SPECIFICATION REQUIRED","physical_inventory","Lessons/Grades_3-4_YearA/Week19-22_Choice_Labs.md","3-4","Weekly","A","RECOMMENDED","rebuilt"
"School pencil","PENCIL","NAME MATCH ONLY - SPECIFICATION REQUIRED","physical_inventory","Lessons/Grades_3-4_YearA/Week23_Catholic_Schools_Week.md","3-4","Weekly","A","RECOMMENDED","rebuilt"
"School pencil","PENCIL","NAME MATCH ONLY - SPECIFICATION REQUIRED","physical_inventory","Lessons/Grades_3-4_YearA/Week24-25_Scratch_Programming.md","3-4","Weekly","A","CORE","rebuilt"
"School pencil","PENCIL","NAME MATCH ONLY - SPECIFICATION REQUIRED","physical_inventory","Lessons/Grades_3-4_YearA/Week26-27_Little_Bits_Circuits.md","3-4","Weekly","A","CORE","rebuilt"
"School pencil","PENCIL","NAME MATCH ONLY - SPECIFICATION REQUIRED","physical_inventory","Lessons/Grades_3-4_YearA/Week28_Pi_Day_Circles.md","3-4","Weekly","A","RECOMMENDED","rebuilt"
"School pencil","PENCIL","NAME MATCH ONLY - SPECIFICATION REQUIRED","physical_inventory","Lessons/Grades_3-4_YearA/Week29-31_Environmental_STREAM.md","3-4","Weekly","A","CORE","rebuilt"
"School pencil","PENCIL","NAME MATCH ONLY - SPECIFICATION REQUIRED","physical_inventory","Lessons/Grades_3-4_YearA/Week33_Resurrection_Science.md","3-4","Weekly","A","CORE","rebuilt"
"School pencil","PENCIL","NAME MATCH ONLY - SPECIFICATION REQUIRED","physical_inventory","Lessons/Grades_3-4_YearA/Week34_STREAM_Expo.md","3-4","Weekly","A","RECOMMENDED","rebuilt"
"School pencil","PENCIL","NAME MATCH ONLY - SPECIFICATION REQUIRED","physical_inventory","Lessons/Grades_3-4_YearB/Week01_Welcome_Scientists.md","3-4","Weekly","B","CORE","rebuilt"
"School pencil","PENCIL","NAME MATCH ONLY - SPECIFICATION REQUIRED","physical_inventory","Lessons/Grades_3-4_YearB/Week02-03_Flight_Fundamentals.md","3-4","Weekly","B","CORE","rebuilt"
"School pencil","PENCIL","NAME MATCH ONLY - SPECIFICATION REQUIRED","physical_inventory","Lessons/Grades_3-4_YearB/Week04-06_Paper_Airplane.md","3-4","Weekly","B","CORE","rebuilt"
"School pencil","PENCIL","NAME MATCH ONLY - SPECIFICATION REQUIRED","physical_inventory","Lessons/Grades_3-4_YearB/Week07-09_Architectural_Marvels.md","3-4","Weekly","B","CORE","rebuilt"
"School pencil","PENCIL","NAME MATCH ONLY - SPECIFICATION REQUIRED","physical_inventory","Lessons/Grades_3-4_YearB/Week10_Fall_Festival.md","3-4","Weekly","B","OPTIONAL","rebuilt"
"School pencil","PENCIL","NAME MATCH ONLY - SPECIFICATION REQUIRED","physical_inventory","Lessons/Grades_3-4_YearB/Week11_Thanksgiving_Gratitude.md","3-4","Weekly","B","RECOMMENDED","rebuilt"
"School pencil","PENCIL","NAME MATCH ONLY - SPECIFICATION REQUIRED","physical_inventory","Lessons/Grades_3-4_YearB/Week12_Gifts_Others.md","3-4","Weekly","B","RECOMMENDED","rebuilt"
"School pencil","PENCIL","NAME MATCH ONLY - SPECIFICATION REQUIRED","physical_inventory","Lessons/Grades_3-4_YearB/Week13_Advent_Preparation.md","3-4","Weekly","B","RECOMMENDED","rebuilt"
"School pencil","PENCIL","NAME MATCH ONLY - SPECIFICATION REQUIRED","physical_inventory","Lessons/Grades_3-4_YearB/Week14-17_Marine_Science.md","3-4","Weekly","B","CORE","rebuilt"
"School pencil","PENCIL","NAME MATCH ONLY - SPECIFICATION REQUIRED","physical_inventory","Lessons/Grades_3-4_YearB/Week18_New_Year_Goals.md","3-4","Weekly","B","RECOMMENDED","rebuilt"
"School pencil","PENCIL","NAME MATCH ONLY - SPECIFICATION REQUIRED","physical_inventory","Lessons/Grades_3-4_YearB/Week19-22_Game_Design.md","3-4","Weekly","B","CORE","rebuilt"
"School pencil","PENCIL","NAME MATCH ONLY - SPECIFICATION REQUIRED","physical_inventory","Lessons/Grades_3-4_YearB/Week23_Catholic_Schools.md","3-4","Weekly","B","RECOMMENDED","rebuilt"
"School pencil","PENCIL","NAME MATCH ONLY - SPECIFICATION REQUIRED","physical_inventory","Lessons/Grades_3-4_YearB/Week24-27_Sustainable_City.md","3-4","Weekly","B","CORE","rebuilt"
"School pencil","PENCIL","NAME MATCH ONLY - SPECIFICATION REQUIRED","physical_inventory","Lessons/Grades_3-4_YearB/Week28_Pi_Day.md","3-4","Weekly","B","RECOMMENDED","rebuilt"
"School pencil","PENCIL","NAME MATCH ONLY - SPECIFICATION REQUIRED","physical_inventory","Lessons/Grades_3-4_YearB/Week29-31_Weather_Station.md","3-4","Weekly","B","CORE","rebuilt"
"School pencil","PENCIL","NAME MATCH ONLY - SPECIFICATION REQUIRED","physical_inventory","Lessons/Grades_3-4_YearB/Week33_Easter_Engineering.md","3-4","Weekly","B","RECOMMENDED","rebuilt"
"School pencil","PENCIL","NAME MATCH ONLY - SPECIFICATION REQUIRED","physical_inventory","Lessons/Grades_3-4_YearB/Week34_Showcase.md","3-4","Weekly","B","RECOMMENDED","rebuilt"
"School-approved marker","MARKER","NAME MATCH ONLY - SPECIFICATION REQUIRED","physical_inventory","Lessons/Bi-Weekly/Grades_3-4_YearA/Session04_Animal_Habitats.md","3-4","Bi-Weekly","A","CORE","rebuilt"
"School-approved marker","MARKER","NAME MATCH ONLY - SPECIFICATION REQUIRED","physical_inventory","Lessons/Bi-Weekly/Grades_3-4_YearA/Session07_Light_Circuits.md","3-4","Bi-Weekly","A","CORE","rebuilt"
"School-approved marker","MARKER","NAME MATCH ONLY - SPECIFICATION REQUIRED","physical_inventory","Lessons/Bi-Weekly/Grades_3-4_YearA/Session09_Catholic_Scientists.md","3-4","Bi-Weekly","A","RECOMMENDED","rebuilt"
"School-approved marker","MARKER","NAME MATCH ONLY - SPECIFICATION REQUIRED","physical_inventory","Lessons/Bi-Weekly/Grades_3-4_YearA/Session11_Lenten_Engineering.md","3-4","Bi-Weekly","A","RECOMMENDED","rebuilt"
"School-approved marker","MARKER","NAME MATCH ONLY - SPECIFICATION REQUIRED","physical_inventory","Lessons/Bi-Weekly/Grades_3-4_YearA/Session16_Little_Bits.md","3-4","Bi-Weekly","A","RECOMMENDED","rebuilt"
"School-approved marker","MARKER","NAME MATCH ONLY - SPECIFICATION REQUIRED","physical_inventory","Lessons/Bi-Weekly/Grades_3-4_YearB/Session01_Design_Thinking.md","3-4","Bi-Weekly","B","CORE","rebuilt"
"School-approved marker","MARKER","NAME MATCH ONLY - SPECIFICATION REQUIRED","physical_inventory","Lessons/Bi-Weekly/Grades_3-4_YearB/Session02_Ozobot_Coding.md","3-4","Bi-Weekly","B","CORE","rebuilt"
"School-approved marker","MARKER","NAME MATCH ONLY - SPECIFICATION REQUIRED","physical_inventory","Lessons/Bi-Weekly/Grades_3-4_YearB/Session04_Ecosystems.md","3-4","Bi-Weekly","B","CORE","rebuilt"
"School-approved marker","MARKER","NAME MATCH ONLY - SPECIFICATION REQUIRED","physical_inventory","Lessons/Bi-Weekly/Grades_3-4_YearB/Session06_Thanksgiving_Design.md","3-4","Bi-Weekly","B","RECOMMENDED","rebuilt"
"School-approved marker","MARKER","NAME MATCH ONLY - SPECIFICATION REQUIRED","physical_inventory","Lessons/Bi-Weekly/Grades_3-4_YearB/Session07_Christmas_Circuits.md","3-4","Bi-Weekly","B","CORE","rebuilt"
"School-approved marker","MARKER","NAME MATCH ONLY - SPECIFICATION REQUIRED","physical_inventory","Lessons/Bi-Weekly/Grades_3-4_YearB/Session11_Lenten_Service.md","3-4","Bi-Weekly","B","RECOMMENDED","rebuilt"
"School-approved marker","MARKER","NAME MATCH ONLY - SPECIFICATION REQUIRED","physical_inventory","Lessons/Bi-Weekly/Grades_3-4_YearB/Session12_Life_Cycles.md","3-4","Bi-Weekly","B","CORE","rebuilt"
"School-approved marker","MARKER","NAME MATCH ONLY - SPECIFICATION REQUIRED","physical_inventory","Lessons/Bi-Weekly/Grades_3-4_YearB/Session13_Easter_Creation.md","3-4","Bi-Weekly","B","OPTIONAL","rebuilt"
"School-approved marker","MARKER","NAME MATCH ONLY - SPECIFICATION REQUIRED","physical_inventory","Lessons/Bi-Weekly/Grades_3-4_YearB/Session14_Ozobot_Challenge.md","3-4","Bi-Weekly","B","CORE","rebuilt"
"School-approved marker","MARKER","NAME MATCH ONLY - SPECIFICATION REQUIRED","physical_inventory","Lessons/Grades_3-4_YearA/Week07-09_Community_Helpers.md","3-4","Weekly","A","CORE","rebuilt"
"School-approved marker","MARKER","NAME MATCH ONLY - SPECIFICATION REQUIRED","physical_inventory","Lessons/Grades_3-4_YearA/Week12_Giving_Through_Making.md","3-4","Weekly","A","RECOMMENDED","rebuilt"
"School-approved marker","MARKER","NAME MATCH ONLY - SPECIFICATION REQUIRED","physical_inventory","Lessons/Grades_3-4_YearA/Week23_Catholic_Schools_Week.md","3-4","Weekly","A","RECOMMENDED","rebuilt"
"School-approved marker","MARKER","NAME MATCH ONLY - SPECIFICATION REQUIRED","physical_inventory","Lessons/Grades_3-4_YearA/Week26-27_Little_Bits_Circuits.md","3-4","Weekly","A","CORE","rebuilt"
"School-approved marker","MARKER","NAME MATCH ONLY - SPECIFICATION REQUIRED","physical_inventory","Lessons/Grades_3-4_YearA/Week29-31_Environmental_STREAM.md","3-4","Weekly","A","CORE","rebuilt"
"School-approved marker","MARKER","NAME MATCH ONLY - SPECIFICATION REQUIRED","physical_inventory","Lessons/Grades_3-4_YearB/Week11_Thanksgiving_Gratitude.md","3-4","Weekly","B","RECOMMENDED","rebuilt"
"School-approved marker","MARKER","NAME MATCH ONLY - SPECIFICATION REQUIRED","physical_inventory","Lessons/Grades_3-4_YearB/Week12_Gifts_Others.md","3-4","Weekly","B","RECOMMENDED","rebuilt"
"School-approved marker","MARKER","NAME MATCH ONLY - SPECIFICATION REQUIRED","physical_inventory","Lessons/Grades_3-4_YearB/Week23_Catholic_Schools.md","3-4","Weekly","B","RECOMMENDED","rebuilt"
"School-approved marker","MARKER","NAME MATCH ONLY - SPECIFICATION REQUIRED","physical_inventory","Lessons/Grades_3-4_YearB/Week24-27_Sustainable_City.md","3-4","Weekly","B","CORE","rebuilt"
"School-approved marker","MARKER","NAME MATCH ONLY - SPECIFICATION REQUIRED","physical_inventory","Lessons/Grades_3-4_YearB/Week28_Pi_Day.md","3-4","Weekly","B","RECOMMENDED","rebuilt"
"School-approved marker","MARKER","NAME MATCH ONLY - SPECIFICATION REQUIRED","physical_inventory","Lessons/Grades_3-4_YearB/Week33_Easter_Engineering.md","3-4","Weekly","B","RECOMMENDED","rebuilt"
"School-approved room-temperature water","WATER","NAME MATCH ONLY - SPECIFICATION REQUIRED","physical_inventory","Lessons/Bi-Weekly/Grades_3-4_YearA/Session10_Weather_Science.md","3-4","Bi-Weekly","A","CORE","rebuilt"
"School-approved room-temperature water","WATER","NAME MATCH ONLY - SPECIFICATION REQUIRED","physical_inventory","Lessons/Bi-Weekly/Grades_3-4_YearA/Session12_Plants_Growth.md","3-4","Bi-Weekly","A","CORE","rebuilt"
"School-approved room-temperature water","WATER","NAME MATCH ONLY - SPECIFICATION REQUIRED","physical_inventory","Lessons/Grades_3-4_YearA/Week14-15_Light_Science_Advent.md","3-4","Weekly","A","CORE","rebuilt"
"School-approved room-temperature water","WATER","NAME MATCH ONLY - SPECIFICATION REQUIRED","physical_inventory","Lessons/Grades_3-4_YearB/Week14-17_Marine_Science.md","3-4","Weekly","B","CORE","rebuilt"
"School-approved room-temperature water","WATER","NAME MATCH ONLY - SPECIFICATION REQUIRED","physical_inventory","Lessons/Grades_3-4_YearB/Week29-31_Weather_Station.md","3-4","Weekly","B","CORE","rebuilt"
"Snap Circuits STEM Classroom Activity Kit","STOCK:OHM-135","REPORTED HOLDING - PREFLIGHT REQUIRED","reported_stock","Lessons/Bi-Weekly/Grades_3-4_YearA/Session07_Light_Circuits.md","3-4","Bi-Weekly","A","CORE","rebuilt"
"Snap Circuits STEM Classroom Activity Kit","STOCK:OHM-135","REPORTED HOLDING - PREFLIGHT REQUIRED","reported_stock","Lessons/Bi-Weekly/Grades_3-4_YearB/Session07_Christmas_Circuits.md","3-4","Bi-Weekly","B","CORE","rebuilt"
"Snap Circuits STEM Classroom Activity Kit","STOCK:OHM-135","REPORTED HOLDING - PREFLIGHT REQUIRED","reported_stock","Lessons/Grades_3-4_YearA/Week26-27_Little_Bits_Circuits.md","3-4","Weekly","A","CORE","rebuilt"
"Soft metric measuring tape","TAPEMEASURE","NAME MATCH ONLY - SPECIFICATION REQUIRED","physical_inventory","Lessons/Grades_3-4_YearB/Week02-03_Flight_Fundamentals.md","3-4","Weekly","B","CORE","rebuilt"
"Soft metric measuring tape","TAPEMEASURE","NAME MATCH ONLY - SPECIFICATION REQUIRED","physical_inventory","Lessons/Grades_3-4_YearB/Week04-06_Paper_Airplane.md","3-4","Weekly","B","CORE","rebuilt"
"Sphero-type app-controlled robot","SPHERO","NAME MATCH ONLY - SPECIFICATION REQUIRED","physical_inventory","Lessons/Grades_3-4_YearA/Week02-03_Sphero_Advanced.md","3-4","Weekly","A","CORE","rebuilt"
"Stable school support book or block","SUPPORT","NAME MATCH ONLY - SPECIFICATION REQUIRED","physical_inventory","Lessons/Bi-Weekly/Grades_3-4_YearA/Session03_Bridge_Engineering.md","3-4","Bi-Weekly","A","CORE","rebuilt"
"Stable school support book or block","SUPPORT","NAME MATCH ONLY - SPECIFICATION REQUIRED","physical_inventory","Lessons/Grades_3-4_YearA/Week04_Scientific_Method.md","3-4","Weekly","A","CORE","rebuilt"
"Stable school support book or block","SUPPORT","NAME MATCH ONLY - SPECIFICATION REQUIRED","physical_inventory","Lessons/Grades_3-4_YearA/Week05-06_KEVA_Challenges.md","3-4","Weekly","A","CORE","rebuilt"
"Stable school support book or block","SUPPORT","NAME MATCH ONLY - SPECIFICATION REQUIRED","physical_inventory","Lessons/Grades_3-4_YearA/Week10_Bridge_Engineering.md","3-4","Weekly","A","CORE","rebuilt"
"Stable school support book or block","SUPPORT","NAME MATCH ONLY - SPECIFICATION REQUIRED","physical_inventory","Lessons/Grades_3-4_YearA/Week12_Giving_Through_Making.md","3-4","Weekly","A","RECOMMENDED","rebuilt"
"Teacher timer","TEACHERTIMER","NAME MATCH ONLY - SPECIFICATION REQUIRED","physical_inventory","Lessons/Bi-Weekly/Grades_3-4_YearA/Session01_Engineering_Design.md","3-4","Bi-Weekly","A","CORE","rebuilt"
"Teacher timer","TEACHERTIMER","NAME MATCH ONLY - SPECIFICATION REQUIRED","physical_inventory","Lessons/Bi-Weekly/Grades_3-4_YearA/Session02_Dash_Code.md","3-4","Bi-Weekly","A","CORE","rebuilt"
"Teacher timer","TEACHERTIMER","NAME MATCH ONLY - SPECIFICATION REQUIRED","physical_inventory","Lessons/Bi-Weekly/Grades_3-4_YearA/Session03_Bridge_Engineering.md","3-4","Bi-Weekly","A","CORE","rebuilt"
"Teacher timer","TEACHERTIMER","NAME MATCH ONLY - SPECIFICATION REQUIRED","physical_inventory","Lessons/Bi-Weekly/Grades_3-4_YearA/Session04_Animal_Habitats.md","3-4","Bi-Weekly","A","CORE","rebuilt"
"Teacher timer","TEACHERTIMER","NAME MATCH ONLY - SPECIFICATION REQUIRED","physical_inventory","Lessons/Bi-Weekly/Grades_3-4_YearA/Session05_Scratch_Intro.md","3-4","Bi-Weekly","A","CORE","rebuilt"
"Teacher timer","TEACHERTIMER","NAME MATCH ONLY - SPECIFICATION REQUIRED","physical_inventory","Lessons/Bi-Weekly/Grades_3-4_YearA/Session06_Gratitude_Tech.md","3-4","Bi-Weekly","A","RECOMMENDED","rebuilt"
"Teacher timer","TEACHERTIMER","NAME MATCH ONLY - SPECIFICATION REQUIRED","physical_inventory","Lessons/Bi-Weekly/Grades_3-4_YearA/Session07_Light_Circuits.md","3-4","Bi-Weekly","A","CORE","rebuilt"
"Teacher timer","TEACHERTIMER","NAME MATCH ONLY - SPECIFICATION REQUIRED","physical_inventory","Lessons/Bi-Weekly/Grades_3-4_YearA/Session08_Scratch_Animation.md","3-4","Bi-Weekly","A","RECOMMENDED","rebuilt"
"Teacher timer","TEACHERTIMER","NAME MATCH ONLY - SPECIFICATION REQUIRED","physical_inventory","Lessons/Bi-Weekly/Grades_3-4_YearA/Session09_Catholic_Scientists.md","3-4","Bi-Weekly","A","RECOMMENDED","rebuilt"
"Teacher timer","TEACHERTIMER","NAME MATCH ONLY - SPECIFICATION REQUIRED","physical_inventory","Lessons/Bi-Weekly/Grades_3-4_YearA/Session10_Weather_Science.md","3-4","Bi-Weekly","A","CORE","rebuilt"
"Teacher timer","TEACHERTIMER","NAME MATCH ONLY - SPECIFICATION REQUIRED","physical_inventory","Lessons/Bi-Weekly/Grades_3-4_YearA/Session11_Lenten_Engineering.md","3-4","Bi-Weekly","A","RECOMMENDED","rebuilt"
"Teacher timer","TEACHERTIMER","NAME MATCH ONLY - SPECIFICATION REQUIRED","physical_inventory","Lessons/Bi-Weekly/Grades_3-4_YearA/Session12_Plants_Growth.md","3-4","Bi-Weekly","A","CORE","rebuilt"
"Teacher timer","TEACHERTIMER","NAME MATCH ONLY - SPECIFICATION REQUIRED","physical_inventory","Lessons/Bi-Weekly/Grades_3-4_YearA/Session13_Easter_Tech.md","3-4","Bi-Weekly","A","OPTIONAL","rebuilt"
"Teacher timer","TEACHERTIMER","NAME MATCH ONLY - SPECIFICATION REQUIRED","physical_inventory","Lessons/Bi-Weekly/Grades_3-4_YearA/Session14_Dash_Challenge.md","3-4","Bi-Weekly","A","CORE","rebuilt"
"Teacher timer","TEACHERTIMER","NAME MATCH ONLY - SPECIFICATION REQUIRED","physical_inventory","Lessons/Bi-Weekly/Grades_3-4_YearA/Session15_Simple_Machines.md","3-4","Bi-Weekly","A","CORE","rebuilt"
"Teacher timer","TEACHERTIMER","NAME MATCH ONLY - SPECIFICATION REQUIRED","physical_inventory","Lessons/Bi-Weekly/Grades_3-4_YearA/Session16_Little_Bits.md","3-4","Bi-Weekly","A","RECOMMENDED","rebuilt"
"Teacher timer","TEACHERTIMER","NAME MATCH ONLY - SPECIFICATION REQUIRED","physical_inventory","Lessons/Bi-Weekly/Grades_3-4_YearA/Session17_Exhibition.md","3-4","Bi-Weekly","A","RECOMMENDED","rebuilt"
"Teacher timer","TEACHERTIMER","NAME MATCH ONLY - SPECIFICATION REQUIRED","physical_inventory","Lessons/Bi-Weekly/Grades_3-4_YearB/Session01_Design_Thinking.md","3-4","Bi-Weekly","B","CORE","rebuilt"
"Teacher timer","TEACHERTIMER","NAME MATCH ONLY - SPECIFICATION REQUIRED","physical_inventory","Lessons/Bi-Weekly/Grades_3-4_YearB/Session02_Ozobot_Coding.md","3-4","Bi-Weekly","B","CORE","rebuilt"
"Teacher timer","TEACHERTIMER","NAME MATCH ONLY - SPECIFICATION REQUIRED","physical_inventory","Lessons/Bi-Weekly/Grades_3-4_YearB/Session03_Tower_Challenge.md","3-4","Bi-Weekly","B","CORE","rebuilt"
"Teacher timer","TEACHERTIMER","NAME MATCH ONLY - SPECIFICATION REQUIRED","physical_inventory","Lessons/Bi-Weekly/Grades_3-4_YearB/Session04_Ecosystems.md","3-4","Bi-Weekly","B","CORE","rebuilt"
"Teacher timer","TEACHERTIMER","NAME MATCH ONLY - SPECIFICATION REQUIRED","physical_inventory","Lessons/Bi-Weekly/Grades_3-4_YearB/Session05_Scratch_Games.md","3-4","Bi-Weekly","B","CORE","rebuilt"
"Teacher timer","TEACHERTIMER","NAME MATCH ONLY - SPECIFICATION REQUIRED","physical_inventory","Lessons/Bi-Weekly/Grades_3-4_YearB/Session06_Thanksgiving_Design.md","3-4","Bi-Weekly","B","RECOMMENDED","rebuilt"
"Teacher timer","TEACHERTIMER","NAME MATCH ONLY - SPECIFICATION REQUIRED","physical_inventory","Lessons/Bi-Weekly/Grades_3-4_YearB/Session07_Christmas_Circuits.md","3-4","Bi-Weekly","B","CORE","rebuilt"
"Teacher timer","TEACHERTIMER","NAME MATCH ONLY - SPECIFICATION REQUIRED","physical_inventory","Lessons/Bi-Weekly/Grades_3-4_YearB/Session08_Digital_Stories.md","3-4","Bi-Weekly","B","RECOMMENDED","rebuilt"
"Teacher timer","TEACHERTIMER","NAME MATCH ONLY - SPECIFICATION REQUIRED","physical_inventory","Lessons/Bi-Weekly/Grades_3-4_YearB/Session09_Faith_Science.md","3-4","Bi-Weekly","B","RECOMMENDED","rebuilt"
"Teacher timer","TEACHERTIMER","NAME MATCH ONLY - SPECIFICATION REQUIRED","physical_inventory","Lessons/Bi-Weekly/Grades_3-4_YearB/Session10_Geology_Rocks.md","3-4","Bi-Weekly","B","CORE","rebuilt"
"Teacher timer","TEACHERTIMER","NAME MATCH ONLY - SPECIFICATION REQUIRED","physical_inventory","Lessons/Bi-Weekly/Grades_3-4_YearB/Session11_Lenten_Service.md","3-4","Bi-Weekly","B","RECOMMENDED","rebuilt"
"Teacher timer","TEACHERTIMER","NAME MATCH ONLY - SPECIFICATION REQUIRED","physical_inventory","Lessons/Bi-Weekly/Grades_3-4_YearB/Session12_Life_Cycles.md","3-4","Bi-Weekly","B","CORE","rebuilt"
"Teacher timer","TEACHERTIMER","NAME MATCH ONLY - SPECIFICATION REQUIRED","physical_inventory","Lessons/Bi-Weekly/Grades_3-4_YearB/Session13_Easter_Creation.md","3-4","Bi-Weekly","B","OPTIONAL","rebuilt"
"Teacher timer","TEACHERTIMER","NAME MATCH ONLY - SPECIFICATION REQUIRED","physical_inventory","Lessons/Bi-Weekly/Grades_3-4_YearB/Session14_Ozobot_Challenge.md","3-4","Bi-Weekly","B","CORE","rebuilt"
"Teacher timer","TEACHERTIMER","NAME MATCH ONLY - SPECIFICATION REQUIRED","physical_inventory","Lessons/Bi-Weekly/Grades_3-4_YearB/Session15_Compound_Machines.md","3-4","Bi-Weekly","B","CORE","rebuilt"
"Teacher timer","TEACHERTIMER","NAME MATCH ONLY - SPECIFICATION REQUIRED","physical_inventory","Lessons/Bi-Weekly/Grades_3-4_YearB/Session16_Makey_Makey.md","3-4","Bi-Weekly","B","RECOMMENDED","rebuilt"
"Teacher timer","TEACHERTIMER","NAME MATCH ONLY - SPECIFICATION REQUIRED","physical_inventory","Lessons/Bi-Weekly/Grades_3-4_YearB/Session17_Celebration.md","3-4","Bi-Weekly","B","RECOMMENDED","rebuilt"
"Teacher timer","TEACHERTIMER","NAME MATCH ONLY - SPECIFICATION REQUIRED","physical_inventory","Lessons/Grades_3-4_YearA/Week01_Welcome_to_CSTREAM.md","3-4","Weekly","A","RECOMMENDED","rebuilt"
"Teacher timer","TEACHERTIMER","NAME MATCH ONLY - SPECIFICATION REQUIRED","physical_inventory","Lessons/Grades_3-4_YearA/Week02-03_Sphero_Advanced.md","3-4","Weekly","A","CORE","rebuilt"
"Teacher timer","TEACHERTIMER","NAME MATCH ONLY - SPECIFICATION REQUIRED","physical_inventory","Lessons/Grades_3-4_YearA/Week04_Scientific_Method.md","3-4","Weekly","A","CORE","rebuilt"
"Teacher timer","TEACHERTIMER","NAME MATCH ONLY - SPECIFICATION REQUIRED","physical_inventory","Lessons/Grades_3-4_YearA/Week05-06_KEVA_Challenges.md","3-4","Weekly","A","CORE","rebuilt"
"Teacher timer","TEACHERTIMER","NAME MATCH ONLY - SPECIFICATION REQUIRED","physical_inventory","Lessons/Grades_3-4_YearA/Week07-09_Community_Helpers.md","3-4","Weekly","A","CORE","rebuilt"
"Teacher timer","TEACHERTIMER","NAME MATCH ONLY - SPECIFICATION REQUIRED","physical_inventory","Lessons/Grades_3-4_YearA/Week10_Bridge_Engineering.md","3-4","Weekly","A","CORE","rebuilt"
"Teacher timer","TEACHERTIMER","NAME MATCH ONLY - SPECIFICATION REQUIRED","physical_inventory","Lessons/Grades_3-4_YearA/Week11_Coding_Gratitude.md","3-4","Weekly","A","RECOMMENDED","rebuilt"
"Teacher timer","TEACHERTIMER","NAME MATCH ONLY - SPECIFICATION REQUIRED","physical_inventory","Lessons/Grades_3-4_YearA/Week12_Giving_Through_Making.md","3-4","Weekly","A","RECOMMENDED","rebuilt"
"Teacher timer","TEACHERTIMER","NAME MATCH ONLY - SPECIFICATION REQUIRED","physical_inventory","Lessons/Grades_3-4_YearA/Week13_Fall_Celebration.md","3-4","Weekly","A","OPTIONAL","rebuilt"
"Teacher timer","TEACHERTIMER","NAME MATCH ONLY - SPECIFICATION REQUIRED","physical_inventory","Lessons/Grades_3-4_YearA/Week14-15_Light_Science_Advent.md","3-4","Weekly","A","CORE","rebuilt"
"Teacher timer","TEACHERTIMER","NAME MATCH ONLY - SPECIFICATION REQUIRED","physical_inventory","Lessons/Grades_3-4_YearA/Week16_Astronomy_Star.md","3-4","Weekly","A","RECOMMENDED","rebuilt"
"Teacher timer","TEACHERTIMER","NAME MATCH ONLY - SPECIFICATION REQUIRED","physical_inventory","Lessons/Grades_3-4_YearA/Week18_SMART_Goals.md","3-4","Weekly","A","RECOMMENDED","rebuilt"
"Teacher timer","TEACHERTIMER","NAME MATCH ONLY - SPECIFICATION REQUIRED","physical_inventory","Lessons/Grades_3-4_YearA/Week19-22_Choice_Labs.md","3-4","Weekly","A","RECOMMENDED","rebuilt"
"Teacher timer","TEACHERTIMER","NAME MATCH ONLY - SPECIFICATION REQUIRED","physical_inventory","Lessons/Grades_3-4_YearA/Week23_Catholic_Schools_Week.md","3-4","Weekly","A","RECOMMENDED","rebuilt"
"Teacher timer","TEACHERTIMER","NAME MATCH ONLY - SPECIFICATION REQUIRED","physical_inventory","Lessons/Grades_3-4_YearA/Week24-25_Scratch_Programming.md","3-4","Weekly","A","CORE","rebuilt"
"Teacher timer","TEACHERTIMER","NAME MATCH ONLY - SPECIFICATION REQUIRED","physical_inventory","Lessons/Grades_3-4_YearA/Week26-27_Little_Bits_Circuits.md","3-4","Weekly","A","CORE","rebuilt"
"Teacher timer","TEACHERTIMER","NAME MATCH ONLY - SPECIFICATION REQUIRED","physical_inventory","Lessons/Grades_3-4_YearA/Week28_Pi_Day_Circles.md","3-4","Weekly","A","RECOMMENDED","rebuilt"
"Teacher timer","TEACHERTIMER","NAME MATCH ONLY - SPECIFICATION REQUIRED","physical_inventory","Lessons/Grades_3-4_YearA/Week29-31_Environmental_STREAM.md","3-4","Weekly","A","CORE","rebuilt"
"Teacher timer","TEACHERTIMER","NAME MATCH ONLY - SPECIFICATION REQUIRED","physical_inventory","Lessons/Grades_3-4_YearA/Week33_Resurrection_Science.md","3-4","Weekly","A","CORE","rebuilt"
"Teacher timer","TEACHERTIMER","NAME MATCH ONLY - SPECIFICATION REQUIRED","physical_inventory","Lessons/Grades_3-4_YearA/Week34_STREAM_Expo.md","3-4","Weekly","A","RECOMMENDED","rebuilt"
"Teacher timer","TEACHERTIMER","NAME MATCH ONLY - SPECIFICATION REQUIRED","physical_inventory","Lessons/Grades_3-4_YearB/Week01_Welcome_Scientists.md","3-4","Weekly","B","CORE","rebuilt"
"Teacher timer","TEACHERTIMER","NAME MATCH ONLY - SPECIFICATION REQUIRED","physical_inventory","Lessons/Grades_3-4_YearB/Week02-03_Flight_Fundamentals.md","3-4","Weekly","B","CORE","rebuilt"
"Teacher timer","TEACHERTIMER","NAME MATCH ONLY - SPECIFICATION REQUIRED","physical_inventory","Lessons/Grades_3-4_YearB/Week04-06_Paper_Airplane.md","3-4","Weekly","B","CORE","rebuilt"
"Teacher timer","TEACHERTIMER","NAME MATCH ONLY - SPECIFICATION REQUIRED","physical_inventory","Lessons/Grades_3-4_YearB/Week07-09_Architectural_Marvels.md","3-4","Weekly","B","CORE","rebuilt"
"Teacher timer","TEACHERTIMER","NAME MATCH ONLY - SPECIFICATION REQUIRED","physical_inventory","Lessons/Grades_3-4_YearB/Week10_Fall_Festival.md","3-4","Weekly","B","OPTIONAL","rebuilt"
"Teacher timer","TEACHERTIMER","NAME MATCH ONLY - SPECIFICATION REQUIRED","physical_inventory","Lessons/Grades_3-4_YearB/Week11_Thanksgiving_Gratitude.md","3-4","Weekly","B","RECOMMENDED","rebuilt"
"Teacher timer","TEACHERTIMER","NAME MATCH ONLY - SPECIFICATION REQUIRED","physical_inventory","Lessons/Grades_3-4_YearB/Week12_Gifts_Others.md","3-4","Weekly","B","RECOMMENDED","rebuilt"
"Teacher timer","TEACHERTIMER","NAME MATCH ONLY - SPECIFICATION REQUIRED","physical_inventory","Lessons/Grades_3-4_YearB/Week13_Advent_Preparation.md","3-4","Weekly","B","RECOMMENDED","rebuilt"
"Teacher timer","TEACHERTIMER","NAME MATCH ONLY - SPECIFICATION REQUIRED","physical_inventory","Lessons/Grades_3-4_YearB/Week14-17_Marine_Science.md","3-4","Weekly","B","CORE","rebuilt"
"Teacher timer","TEACHERTIMER","NAME MATCH ONLY - SPECIFICATION REQUIRED","physical_inventory","Lessons/Grades_3-4_YearB/Week18_New_Year_Goals.md","3-4","Weekly","B","RECOMMENDED","rebuilt"
"Teacher timer","TEACHERTIMER","NAME MATCH ONLY - SPECIFICATION REQUIRED","physical_inventory","Lessons/Grades_3-4_YearB/Week19-22_Game_Design.md","3-4","Weekly","B","CORE","rebuilt"
"Teacher timer","TEACHERTIMER","NAME MATCH ONLY - SPECIFICATION REQUIRED","physical_inventory","Lessons/Grades_3-4_YearB/Week23_Catholic_Schools.md","3-4","Weekly","B","RECOMMENDED","rebuilt"
"Teacher timer","TEACHERTIMER","NAME MATCH ONLY - SPECIFICATION REQUIRED","physical_inventory","Lessons/Grades_3-4_YearB/Week24-27_Sustainable_City.md","3-4","Weekly","B","CORE","rebuilt"
"Teacher timer","TEACHERTIMER","NAME MATCH ONLY - SPECIFICATION REQUIRED","physical_inventory","Lessons/Grades_3-4_YearB/Week28_Pi_Day.md","3-4","Weekly","B","RECOMMENDED","rebuilt"
"Teacher timer","TEACHERTIMER","NAME MATCH ONLY - SPECIFICATION REQUIRED","physical_inventory","Lessons/Grades_3-4_YearB/Week29-31_Weather_Station.md","3-4","Weekly","B","CORE","rebuilt"
"Teacher timer","TEACHERTIMER","NAME MATCH ONLY - SPECIFICATION REQUIRED","physical_inventory","Lessons/Grades_3-4_YearB/Week33_Easter_Engineering.md","3-4","Weekly","B","RECOMMENDED","rebuilt"
"Teacher timer","TEACHERTIMER","NAME MATCH ONLY - SPECIFICATION REQUIRED","physical_inventory","Lessons/Grades_3-4_YearB/Week34_Showcase.md","3-4","Weekly","B","RECOMMENDED","rebuilt"
"Teacher water dispensing jug","DISPENSE","NAME MATCH ONLY - SPECIFICATION REQUIRED","physical_inventory","Lessons/Bi-Weekly/Grades_3-4_YearA/Session12_Plants_Growth.md","3-4","Bi-Weekly","A","CORE","rebuilt"
"Teacher water dispensing jug","DISPENSE","NAME MATCH ONLY - SPECIFICATION REQUIRED","physical_inventory","Lessons/Grades_3-4_YearB/Week29-31_Weather_Station.md","3-4","Weekly","B","CORE","rebuilt"
"Team sorting tray","TRAY","NAME MATCH ONLY - SPECIFICATION REQUIRED","physical_inventory","Lessons/Bi-Weekly/Grades_3-4_YearA/Session03_Bridge_Engineering.md","3-4","Bi-Weekly","A","CORE","rebuilt"
"Team sorting tray","TRAY","NAME MATCH ONLY - SPECIFICATION REQUIRED","physical_inventory","Lessons/Bi-Weekly/Grades_3-4_YearA/Session07_Light_Circuits.md","3-4","Bi-Weekly","A","CORE","rebuilt"
"Team sorting tray","TRAY","NAME MATCH ONLY - SPECIFICATION REQUIRED","physical_inventory","Lessons/Bi-Weekly/Grades_3-4_YearA/Session10_Weather_Science.md","3-4","Bi-Weekly","A","CORE","rebuilt"
"Team sorting tray","TRAY","NAME MATCH ONLY - SPECIFICATION REQUIRED","physical_inventory","Lessons/Bi-Weekly/Grades_3-4_YearA/Session16_Little_Bits.md","3-4","Bi-Weekly","A","RECOMMENDED","rebuilt"
"Team sorting tray","TRAY","NAME MATCH ONLY - SPECIFICATION REQUIRED","physical_inventory","Lessons/Bi-Weekly/Grades_3-4_YearB/Session02_Ozobot_Coding.md","3-4","Bi-Weekly","B","CORE","rebuilt"
"Team sorting tray","TRAY","NAME MATCH ONLY - SPECIFICATION REQUIRED","physical_inventory","Lessons/Bi-Weekly/Grades_3-4_YearB/Session07_Christmas_Circuits.md","3-4","Bi-Weekly","B","CORE","rebuilt"
"Team sorting tray","TRAY","NAME MATCH ONLY - SPECIFICATION REQUIRED","physical_inventory","Lessons/Bi-Weekly/Grades_3-4_YearB/Session14_Ozobot_Challenge.md","3-4","Bi-Weekly","B","CORE","rebuilt"
"Team sorting tray","TRAY","NAME MATCH ONLY - SPECIFICATION REQUIRED","physical_inventory","Lessons/Bi-Weekly/Grades_3-4_YearB/Session15_Compound_Machines.md","3-4","Bi-Weekly","B","CORE","rebuilt"
"Team sorting tray","TRAY","NAME MATCH ONLY - SPECIFICATION REQUIRED","physical_inventory","Lessons/Grades_3-4_YearA/Week04_Scientific_Method.md","3-4","Weekly","A","CORE","rebuilt"
"Team sorting tray","TRAY","NAME MATCH ONLY - SPECIFICATION REQUIRED","physical_inventory","Lessons/Grades_3-4_YearA/Week05-06_KEVA_Challenges.md","3-4","Weekly","A","CORE","rebuilt"
"Team sorting tray","TRAY","NAME MATCH ONLY - SPECIFICATION REQUIRED","physical_inventory","Lessons/Grades_3-4_YearA/Week10_Bridge_Engineering.md","3-4","Weekly","A","CORE","rebuilt"
"Team sorting tray","TRAY","NAME MATCH ONLY - SPECIFICATION REQUIRED","physical_inventory","Lessons/Grades_3-4_YearA/Week14-15_Light_Science_Advent.md","3-4","Weekly","A","CORE","rebuilt"
"Team sorting tray","TRAY","NAME MATCH ONLY - SPECIFICATION REQUIRED","physical_inventory","Lessons/Grades_3-4_YearA/Week26-27_Little_Bits_Circuits.md","3-4","Weekly","A","CORE","rebuilt"
"Team sorting tray","TRAY","NAME MATCH ONLY - SPECIFICATION REQUIRED","physical_inventory","Lessons/Grades_3-4_YearA/Week29-31_Environmental_STREAM.md","3-4","Weekly","A","CORE","rebuilt"
"Team sorting tray","TRAY","NAME MATCH ONLY - SPECIFICATION REQUIRED","physical_inventory","Lessons/Grades_3-4_YearB/Week02-03_Flight_Fundamentals.md","3-4","Weekly","B","CORE","rebuilt"
"Team sorting tray","TRAY","NAME MATCH ONLY - SPECIFICATION REQUIRED","physical_inventory","Lessons/Grades_3-4_YearB/Week14-17_Marine_Science.md","3-4","Weekly","B","CORE","rebuilt"
"Team sorting tray","TRAY","NAME MATCH ONLY - SPECIFICATION REQUIRED","physical_inventory","Lessons/Grades_3-4_YearB/Week29-31_Weather_Station.md","3-4","Weekly","B","CORE","rebuilt"
"Tissue paper","TISSUE","NAME MATCH ONLY - SPECIFICATION REQUIRED","physical_inventory","Lessons/Grades_3-4_YearA/Week14-15_Light_Science_Advent.md","3-4","Weekly","A","CORE","rebuilt"
"Tissue paper","TISSUE","NAME MATCH ONLY - SPECIFICATION REQUIRED","physical_inventory","Lessons/Grades_3-4_YearB/Week13_Advent_Preparation.md","3-4","Weekly","B","RECOMMENDED","rebuilt"
"Tissue paper","TISSUE","NAME MATCH ONLY - SPECIFICATION REQUIRED","physical_inventory","Lessons/Grades_3-4_YearB/Week29-31_Weather_Station.md","3-4","Weekly","B","CORE","rebuilt"
"Untreated bean seeds","SEED","NAME MATCH ONLY - SPECIFICATION REQUIRED","physical_inventory","Lessons/Bi-Weekly/Grades_3-4_YearA/Session12_Plants_Growth.md","3-4","Bi-Weekly","A","CORE","rebuilt"
"Untreated bean seeds","SEED","NAME MATCH ONLY - SPECIFICATION REQUIRED","physical_inventory","Lessons/Grades_3-4_YearA/Week33_Resurrection_Science.md","3-4","Weekly","A","CORE","rebuilt"
"USB input controller kit","INPUT","NAME MATCH ONLY - SPECIFICATION REQUIRED","physical_inventory","Lessons/Bi-Weekly/Grades_3-4_YearB/Session16_Makey_Makey.md","3-4","Bi-Weekly","B","RECOMMENDED","rebuilt"
"AA alkaline cell","AA","NAME MATCH ONLY - SPECIFICATION REQUIRED","physical_inventory","Lessons/Bi-Weekly/Grades_5-6_YearA/Session07_Christmas_Electronics.md","5-6","Bi-Weekly","A","CORE","rebuilt"
"Access: matching Snap Circuits manual","RESOURCE:SNAPMANUAL","DECLARED RESOURCE - LOCAL ACCESS REQUIRED","manufacturer_instructions","Lessons/Grades_5-6_YearA/Week26-27_Little_Bits.md","5-6","Weekly","A","CORE","rebuilt"
"Access: matching Sphero controls","RESOURCE:SPHEROAPP","DECLARED RESOURCE - LOCAL ACCESS REQUIRED","manufacturer_instructions","Lessons/Bi-Weekly/Grades_5-6_YearA/Session02_Sphero_Advanced.md","5-6","Bi-Weekly","A","CORE","rebuilt"
"Access: matching Sphero controls","RESOURCE:SPHEROAPP","DECLARED RESOURCE - LOCAL ACCESS REQUIRED","manufacturer_instructions","Lessons/Bi-Weekly/Grades_5-6_YearA/Session14_Sphero_Challenge.md","5-6","Bi-Weekly","A","RECOMMENDED","rebuilt"
"Access: matching Sphero controls","RESOURCE:SPHEROAPP","DECLARED RESOURCE - LOCAL ACCESS REQUIRED","manufacturer_instructions","Lessons/Bi-Weekly/Grades_5-6_YearB/Session02_Sphero_Sensors.md","5-6","Bi-Weekly","B","CORE","rebuilt"
"Access: matching Sphero controls","RESOURCE:SPHEROAPP","DECLARED RESOURCE - LOCAL ACCESS REQUIRED","manufacturer_instructions","Lessons/Bi-Weekly/Grades_5-6_YearB/Session14_Robot_Olympics.md","5-6","Bi-Weekly","B","RECOMMENDED","rebuilt"
"Access: matching Sphero controls","RESOURCE:SPHEROAPP","DECLARED RESOURCE - LOCAL ACCESS REQUIRED","manufacturer_instructions","Lessons/Grades_5-6_YearA/Week02-03_Sphero_Mastery.md","5-6","Weekly","A","CORE","rebuilt"
"Access: MIT App Inventor","RESOURCE:APPINVENTOR","DECLARED RESOURCE - LOCAL ACCESS REQUIRED","digital_platform","Lessons/Bi-Weekly/Grades_5-6_YearA/Session08_App_Inventor.md","5-6","Bi-Weekly","A","RECOMMENDED","rebuilt"
"Access: MIT App Inventor","RESOURCE:APPINVENTOR","DECLARED RESOURCE - LOCAL ACCESS REQUIRED","digital_platform","Lessons/Bi-Weekly/Grades_5-6_YearB/Session08_App_Design.md","5-6","Bi-Weekly","B","RECOMMENDED","rebuilt"
"Access: MIT App Inventor","RESOURCE:APPINVENTOR","DECLARED RESOURCE - LOCAL ACCESS REQUIRED","digital_platform","Lessons/Grades_5-6_YearB/Week14-18_App_Development.md","5-6","Weekly","B","CORE","rebuilt"
"Access: Scratch","RESOURCE:SCRATCH","DECLARED RESOURCE - LOCAL ACCESS REQUIRED","digital_platform","Lessons/Bi-Weekly/Grades_5-6_YearA/Session05_Scratch_Advanced.md","5-6","Bi-Weekly","A","CORE","rebuilt"
"Access: Scratch","RESOURCE:SCRATCH","DECLARED RESOURCE - LOCAL ACCESS REQUIRED","digital_platform","Lessons/Bi-Weekly/Grades_5-6_YearB/Session05_Scratch_Games.md","5-6","Bi-Weekly","B","CORE","rebuilt"
"Access: Scratch","RESOURCE:SCRATCH","DECLARED RESOURCE - LOCAL ACCESS REQUIRED","digital_platform","Lessons/Bi-Weekly/Grades_5-6_YearB/Session07_Advent_Coding.md","5-6","Bi-Weekly","B","RECOMMENDED","rebuilt"
"Access: Scratch","RESOURCE:SCRATCH","DECLARED RESOURCE - LOCAL ACCESS REQUIRED","digital_platform","Lessons/Grades_5-6_YearA/Week11_Gratitude_Coding.md","5-6","Weekly","A","RECOMMENDED","rebuilt"
"Access: Scratch","RESOURCE:SCRATCH","DECLARED RESOURCE - LOCAL ACCESS REQUIRED","digital_platform","Lessons/Grades_5-6_YearA/Week19-22_Passion_Projects.md","5-6","Weekly","A","CORE","rebuilt"
"Access: Scratch","RESOURCE:SCRATCH","DECLARED RESOURCE - LOCAL ACCESS REQUIRED","digital_platform","Lessons/Grades_5-6_YearA/Week24-25_Advanced_Scratch.md","5-6","Weekly","A","RECOMMENDED","rebuilt"
"Adult-prepared sleeved LED/resistor assembly","LEDASSEMBLY","NAME MATCH ONLY - SPECIFICATION REQUIRED","physical_inventory","Lessons/Bi-Weekly/Grades_5-6_YearA/Session07_Christmas_Electronics.md","5-6","Bi-Weekly","A","CORE","rebuilt"
"Blunt school scissors","SCISSOR","NAME MATCH ONLY - SPECIFICATION REQUIRED","physical_inventory","Lessons/Bi-Weekly/Grades_5-6_YearA/Session05_Scratch_Advanced.md","5-6","Bi-Weekly","A","CORE","rebuilt"
"Blunt school scissors","SCISSOR","NAME MATCH ONLY - SPECIFICATION REQUIRED","physical_inventory","Lessons/Bi-Weekly/Grades_5-6_YearA/Session06_Thanksgiving_Innovation.md","5-6","Bi-Weekly","A","RECOMMENDED","rebuilt"
"Blunt school scissors","SCISSOR","NAME MATCH ONLY - SPECIFICATION REQUIRED","physical_inventory","Lessons/Bi-Weekly/Grades_5-6_YearA/Session07_Christmas_Electronics.md","5-6","Bi-Weekly","A","CORE","rebuilt"
"Blunt school scissors","SCISSOR","NAME MATCH ONLY - SPECIFICATION REQUIRED","physical_inventory","Lessons/Bi-Weekly/Grades_5-6_YearB/Session02_Sphero_Sensors.md","5-6","Bi-Weekly","B","CORE","rebuilt"
"Blunt school scissors","SCISSOR","NAME MATCH ONLY - SPECIFICATION REQUIRED","physical_inventory","Lessons/Grades_5-6_YearA/Week07-09_Social_Innovation.md","5-6","Weekly","A","CORE","rebuilt"
"Blunt school scissors","SCISSOR","NAME MATCH ONLY - SPECIFICATION REQUIRED","physical_inventory","Lessons/Grades_5-6_YearA/Week19-22_Passion_Projects.md","5-6","Weekly","A","CORE","rebuilt"
"Blunt school scissors","SCISSOR","NAME MATCH ONLY - SPECIFICATION REQUIRED","physical_inventory","Lessons/Grades_5-6_YearA/Week29-31_Environmental_Science.md","5-6","Weekly","A","CORE","rebuilt"
"Blunt school scissors","SCISSOR","NAME MATCH ONLY - SPECIFICATION REQUIRED","physical_inventory","Lessons/Grades_5-6_YearB/Week02-04_Biotechnology.md","5-6","Weekly","B","CORE","rebuilt"
"Blunt school scissors","SCISSOR","NAME MATCH ONLY - SPECIFICATION REQUIRED","physical_inventory","Lessons/Grades_5-6_YearB/Week05-07_Renewable_Energy.md","5-6","Weekly","B","CORE","rebuilt"
"Blunt school scissors","SCISSOR","NAME MATCH ONLY - SPECIFICATION REQUIRED","physical_inventory","Lessons/Grades_5-6_YearB/Week08-10_Biomimicry.md","5-6","Weekly","B","CORE","rebuilt"
"Blunt school scissors","SCISSOR","NAME MATCH ONLY - SPECIFICATION REQUIRED","physical_inventory","Lessons/Grades_5-6_YearB/Week14-18_App_Development.md","5-6","Weekly","B","CORE","rebuilt"
"Blunt school scissors","SCISSOR","NAME MATCH ONLY - SPECIFICATION REQUIRED","physical_inventory","Lessons/Grades_5-6_YearB/Week20-23_Social_Entrepreneurship.md","5-6","Weekly","B","CORE","rebuilt"
"Blunt school scissors","SCISSOR","NAME MATCH ONLY - SPECIFICATION REQUIRED","physical_inventory","Lessons/Grades_5-6_YearB/Week25-28_Health_Technology.md","5-6","Weekly","B","CORE","rebuilt"
"BOLT","SPHERO","NAME MATCH ONLY - SPECIFICATION REQUIRED","physical_inventory","Lessons/Bi-Weekly/Grades_5-6_YearA/Session02_Sphero_Advanced.md","5-6","Bi-Weekly","A","CORE","rebuilt"
"BOLT","SPHERO","NAME MATCH ONLY - SPECIFICATION REQUIRED","physical_inventory","Lessons/Bi-Weekly/Grades_5-6_YearA/Session14_Sphero_Challenge.md","5-6","Bi-Weekly","A","RECOMMENDED","rebuilt"
"BOLT","SPHERO","NAME MATCH ONLY - SPECIFICATION REQUIRED","physical_inventory","Lessons/Bi-Weekly/Grades_5-6_YearB/Session02_Sphero_Sensors.md","5-6","Bi-Weekly","B","CORE","rebuilt"
"BOLT","SPHERO","NAME MATCH ONLY - SPECIFICATION REQUIRED","physical_inventory","Lessons/Bi-Weekly/Grades_5-6_YearB/Session14_Robot_Olympics.md","5-6","Bi-Weekly","B","RECOMMENDED","rebuilt"
"BOLT","SPHERO","NAME MATCH ONLY - SPECIFICATION REQUIRED","physical_inventory","Lessons/Grades_5-6_YearA/Week02-03_Sphero_Mastery.md","5-6","Weekly","A","CORE","rebuilt"
"books","SUPPORT","NAME MATCH ONLY - SPECIFICATION REQUIRED","physical_inventory","Lessons/Bi-Weekly/Grades_5-6_YearA/Session03_Structural_Engineering.md","5-6","Bi-Weekly","A","CORE","rebuilt"
"books","SUPPORT","NAME MATCH ONLY - SPECIFICATION REQUIRED","physical_inventory","Lessons/Bi-Weekly/Grades_5-6_YearA/Session15_Physics_Motion.md","5-6","Bi-Weekly","A","CORE","rebuilt"
"books","SUPPORT","NAME MATCH ONLY - SPECIFICATION REQUIRED","physical_inventory","Lessons/Grades_5-6_YearA/Week04_Experimental_Design.md","5-6","Weekly","A","CORE","rebuilt"
"books","SUPPORT","NAME MATCH ONLY - SPECIFICATION REQUIRED","physical_inventory","Lessons/Grades_5-6_YearA/Week05-06_Structural_Engineering.md","5-6","Weekly","A","CORE","rebuilt"
"books","SUPPORT","NAME MATCH ONLY - SPECIFICATION REQUIRED","physical_inventory","Lessons/Grades_5-6_YearA/Week10_Advanced_Bridges.md","5-6","Weekly","A","RECOMMENDED","rebuilt"
"books","SUPPORT","NAME MATCH ONLY - SPECIFICATION REQUIRED","physical_inventory","Lessons/Grades_5-6_YearA/Week19-22_Passion_Projects.md","5-6","Weekly","A","CORE","rebuilt"
"books","SUPPORT","NAME MATCH ONLY - SPECIFICATION REQUIRED","physical_inventory","Lessons/Grades_5-6_YearA/Week23_Catholic_Schools_Week.md","5-6","Weekly","A","OPTIONAL","rebuilt"
"books","SUPPORT","NAME MATCH ONLY - SPECIFICATION REQUIRED","physical_inventory","Lessons/Grades_5-6_YearB/Week08-10_Biomimicry.md","5-6","Weekly","B","CORE","rebuilt"
"Calculator","CALCULATOR","NAME MATCH ONLY - SPECIFICATION REQUIRED","physical_inventory","Lessons/Grades_5-6_YearA/Week16_Astronomy.md","5-6","Weekly","A","CORE","rebuilt"
"Calculator","CALCULATOR","NAME MATCH ONLY - SPECIFICATION REQUIRED","physical_inventory","Lessons/Grades_5-6_YearA/Week28_Pi_Day.md","5-6","Weekly","A","RECOMMENDED","rebuilt"
"Calculator","CALCULATOR","NAME MATCH ONLY - SPECIFICATION REQUIRED","physical_inventory","Lessons/Grades_5-6_YearB/Week20-23_Social_Entrepreneurship.md","5-6","Weekly","B","CORE","rebuilt"
"Calculator","CALCULATOR","NAME MATCH ONLY - SPECIFICATION REQUIRED","physical_inventory","Lessons/Grades_5-6_YearB/Week29-31_Environmental_Monitoring.md","5-6","Weekly","B","CORE","rebuilt"
"Cardstock","CARD","NAME MATCH ONLY - SPECIFICATION REQUIRED","physical_inventory","Lessons/Bi-Weekly/Grades_5-6_YearA/Session01_Design_Process.md","5-6","Bi-Weekly","A","CORE","rebuilt"
"Cardstock","CARD","NAME MATCH ONLY - SPECIFICATION REQUIRED","physical_inventory","Lessons/Bi-Weekly/Grades_5-6_YearA/Session04_Body_Systems.md","5-6","Bi-Weekly","A","CORE","rebuilt"
"Cardstock","CARD","NAME MATCH ONLY - SPECIFICATION REQUIRED","physical_inventory","Lessons/Bi-Weekly/Grades_5-6_YearA/Session06_Thanksgiving_Innovation.md","5-6","Bi-Weekly","A","RECOMMENDED","rebuilt"
"Cardstock","CARD","NAME MATCH ONLY - SPECIFICATION REQUIRED","physical_inventory","Lessons/Bi-Weekly/Grades_5-6_YearA/Session07_Christmas_Electronics.md","5-6","Bi-Weekly","A","CORE","rebuilt"
"Cardstock","CARD","NAME MATCH ONLY - SPECIFICATION REQUIRED","physical_inventory","Lessons/Bi-Weekly/Grades_5-6_YearA/Session10_Environmental_Science.md","5-6","Bi-Weekly","A","CORE","rebuilt"
"Cardstock","CARD","NAME MATCH ONLY - SPECIFICATION REQUIRED","physical_inventory","Lessons/Bi-Weekly/Grades_5-6_YearA/Session11_Lenten_Engineering.md","5-6","Bi-Weekly","A","RECOMMENDED","rebuilt"
"Cardstock","CARD","NAME MATCH ONLY - SPECIFICATION REQUIRED","physical_inventory","Lessons/Bi-Weekly/Grades_5-6_YearA/Session12_Life_Science.md","5-6","Bi-Weekly","A","CORE","rebuilt"
"Cardstock","CARD","NAME MATCH ONLY - SPECIFICATION REQUIRED","physical_inventory","Lessons/Bi-Weekly/Grades_5-6_YearA/Session16_Advanced_Invention.md","5-6","Bi-Weekly","A","CORE","rebuilt"
"Cardstock","CARD","NAME MATCH ONLY - SPECIFICATION REQUIRED","physical_inventory","Lessons/Bi-Weekly/Grades_5-6_YearB/Session03_Architecture.md","5-6","Bi-Weekly","B","CORE","rebuilt"
"Cardstock","CARD","NAME MATCH ONLY - SPECIFICATION REQUIRED","physical_inventory","Lessons/Bi-Weekly/Grades_5-6_YearB/Session06_Gratitude_Design.md","5-6","Bi-Weekly","B","RECOMMENDED","rebuilt"
"Cardstock","CARD","NAME MATCH ONLY - SPECIFICATION REQUIRED","physical_inventory","Lessons/Bi-Weekly/Grades_5-6_YearB/Session10_Space_Science.md","5-6","Bi-Weekly","B","CORE","rebuilt"
"Cardstock","CARD","NAME MATCH ONLY - SPECIFICATION REQUIRED","physical_inventory","Lessons/Bi-Weekly/Grades_5-6_YearB/Session11_Mercy_Engineering.md","5-6","Bi-Weekly","B","RECOMMENDED","rebuilt"
"Cardstock","CARD","NAME MATCH ONLY - SPECIFICATION REQUIRED","physical_inventory","Lessons/Bi-Weekly/Grades_5-6_YearB/Session12_Ecosystems.md","5-6","Bi-Weekly","B","CORE","rebuilt"
"Cardstock","CARD","NAME MATCH ONLY - SPECIFICATION REQUIRED","physical_inventory","Lessons/Bi-Weekly/Grades_5-6_YearB/Session16_Innovation_Lab.md","5-6","Bi-Weekly","B","CORE","rebuilt"
"Cardstock","CARD","NAME MATCH ONLY - SPECIFICATION REQUIRED","physical_inventory","Lessons/Grades_5-6_YearA/Week07-09_Social_Innovation.md","5-6","Weekly","A","CORE","rebuilt"
"Cardstock","CARD","NAME MATCH ONLY - SPECIFICATION REQUIRED","physical_inventory","Lessons/Grades_5-6_YearA/Week12_Giving_Making.md","5-6","Weekly","A","RECOMMENDED","rebuilt"
"Cardstock","CARD","NAME MATCH ONLY - SPECIFICATION REQUIRED","physical_inventory","Lessons/Grades_5-6_YearA/Week19-22_Passion_Projects.md","5-6","Weekly","A","CORE","rebuilt"
"Cardstock","CARD","NAME MATCH ONLY - SPECIFICATION REQUIRED","physical_inventory","Lessons/Grades_5-6_YearA/Week23_Catholic_Schools_Week.md","5-6","Weekly","A","OPTIONAL","rebuilt"
"Cardstock","CARD","NAME MATCH ONLY - SPECIFICATION REQUIRED","physical_inventory","Lessons/Grades_5-6_YearA/Week26-27_Little_Bits.md","5-6","Weekly","A","CORE","rebuilt"
"Cardstock","CARD","NAME MATCH ONLY - SPECIFICATION REQUIRED","physical_inventory","Lessons/Grades_5-6_YearB/Week01_Welcome_Innovators.md","5-6","Weekly","B","CORE","rebuilt"
"Cardstock","CARD","NAME MATCH ONLY - SPECIFICATION REQUIRED","physical_inventory","Lessons/Grades_5-6_YearB/Week02-04_Biotechnology.md","5-6","Weekly","B","CORE","rebuilt"
"Cardstock","CARD","NAME MATCH ONLY - SPECIFICATION REQUIRED","physical_inventory","Lessons/Grades_5-6_YearB/Week05-07_Renewable_Energy.md","5-6","Weekly","B","CORE","rebuilt"
"Cardstock","CARD","NAME MATCH ONLY - SPECIFICATION REQUIRED","physical_inventory","Lessons/Grades_5-6_YearB/Week12_Gifts_Service.md","5-6","Weekly","B","RECOMMENDED","rebuilt"
"Cardstock","CARD","NAME MATCH ONLY - SPECIFICATION REQUIRED","physical_inventory","Lessons/Grades_5-6_YearB/Week20-23_Social_Entrepreneurship.md","5-6","Weekly","B","CORE","rebuilt"
"Cardstock","CARD","NAME MATCH ONLY - SPECIFICATION REQUIRED","physical_inventory","Lessons/Grades_5-6_YearB/Week25-28_Health_Technology.md","5-6","Weekly","B","CORE","rebuilt"
"Classroom board","BOARD","NAME MATCH ONLY - SPECIFICATION REQUIRED","physical_inventory","Lessons/Bi-Weekly/Grades_5-6_YearA/Session01_Design_Process.md","5-6","Bi-Weekly","A","CORE","rebuilt"
"Classroom board","BOARD","NAME MATCH ONLY - SPECIFICATION REQUIRED","physical_inventory","Lessons/Bi-Weekly/Grades_5-6_YearA/Session02_Sphero_Advanced.md","5-6","Bi-Weekly","A","CORE","rebuilt"
"Classroom board","BOARD","NAME MATCH ONLY - SPECIFICATION REQUIRED","physical_inventory","Lessons/Bi-Weekly/Grades_5-6_YearA/Session03_Structural_Engineering.md","5-6","Bi-Weekly","A","CORE","rebuilt"
"Classroom board","BOARD","NAME MATCH ONLY - SPECIFICATION REQUIRED","physical_inventory","Lessons/Bi-Weekly/Grades_5-6_YearA/Session04_Body_Systems.md","5-6","Bi-Weekly","A","CORE","rebuilt"
"Classroom board","BOARD","NAME MATCH ONLY - SPECIFICATION REQUIRED","physical_inventory","Lessons/Bi-Weekly/Grades_5-6_YearA/Session06_Thanksgiving_Innovation.md","5-6","Bi-Weekly","A","RECOMMENDED","rebuilt"
"Classroom board","BOARD","NAME MATCH ONLY - SPECIFICATION REQUIRED","physical_inventory","Lessons/Bi-Weekly/Grades_5-6_YearA/Session08_App_Inventor.md","5-6","Bi-Weekly","A","RECOMMENDED","rebuilt"
"Classroom board","BOARD","NAME MATCH ONLY - SPECIFICATION REQUIRED","physical_inventory","Lessons/Bi-Weekly/Grades_5-6_YearA/Session09_Catholic_Scientists.md","5-6","Bi-Weekly","A","RECOMMENDED","rebuilt"
"Classroom board","BOARD","NAME MATCH ONLY - SPECIFICATION REQUIRED","physical_inventory","Lessons/Bi-Weekly/Grades_5-6_YearA/Session10_Environmental_Science.md","5-6","Bi-Weekly","A","CORE","rebuilt"
"Classroom board","BOARD","NAME MATCH ONLY - SPECIFICATION REQUIRED","physical_inventory","Lessons/Bi-Weekly/Grades_5-6_YearA/Session11_Lenten_Engineering.md","5-6","Bi-Weekly","A","RECOMMENDED","rebuilt"
"Classroom board","BOARD","NAME MATCH ONLY - SPECIFICATION REQUIRED","physical_inventory","Lessons/Bi-Weekly/Grades_5-6_YearA/Session12_Life_Science.md","5-6","Bi-Weekly","A","CORE","rebuilt"
"Classroom board","BOARD","NAME MATCH ONLY - SPECIFICATION REQUIRED","physical_inventory","Lessons/Bi-Weekly/Grades_5-6_YearA/Session13_Easter_Tech.md","5-6","Bi-Weekly","A","OPTIONAL","rebuilt"
"Classroom board","BOARD","NAME MATCH ONLY - SPECIFICATION REQUIRED","physical_inventory","Lessons/Bi-Weekly/Grades_5-6_YearA/Session14_Sphero_Challenge.md","5-6","Bi-Weekly","A","RECOMMENDED","rebuilt"
"Classroom board","BOARD","NAME MATCH ONLY - SPECIFICATION REQUIRED","physical_inventory","Lessons/Bi-Weekly/Grades_5-6_YearA/Session15_Physics_Motion.md","5-6","Bi-Weekly","A","CORE","rebuilt"
"Classroom board","BOARD","NAME MATCH ONLY - SPECIFICATION REQUIRED","physical_inventory","Lessons/Bi-Weekly/Grades_5-6_YearA/Session16_Advanced_Invention.md","5-6","Bi-Weekly","A","CORE","rebuilt"
"Classroom board","BOARD","NAME MATCH ONLY - SPECIFICATION REQUIRED","physical_inventory","Lessons/Bi-Weekly/Grades_5-6_YearA/Session17_Exhibition.md","5-6","Bi-Weekly","A","CORE","rebuilt"
"Classroom board","BOARD","NAME MATCH ONLY - SPECIFICATION REQUIRED","physical_inventory","Lessons/Bi-Weekly/Grades_5-6_YearB/Session01_Engineering_Thinking.md","5-6","Bi-Weekly","B","CORE","rebuilt"
"Classroom board","BOARD","NAME MATCH ONLY - SPECIFICATION REQUIRED","physical_inventory","Lessons/Bi-Weekly/Grades_5-6_YearB/Session03_Architecture.md","5-6","Bi-Weekly","B","CORE","rebuilt"
"Classroom board","BOARD","NAME MATCH ONLY - SPECIFICATION REQUIRED","physical_inventory","Lessons/Bi-Weekly/Grades_5-6_YearB/Session05_Scratch_Games.md","5-6","Bi-Weekly","B","CORE","rebuilt"
"Classroom board","BOARD","NAME MATCH ONLY - SPECIFICATION REQUIRED","physical_inventory","Lessons/Bi-Weekly/Grades_5-6_YearB/Session06_Gratitude_Design.md","5-6","Bi-Weekly","B","RECOMMENDED","rebuilt"
"Classroom board","BOARD","NAME MATCH ONLY - SPECIFICATION REQUIRED","physical_inventory","Lessons/Bi-Weekly/Grades_5-6_YearB/Session07_Advent_Coding.md","5-6","Bi-Weekly","B","RECOMMENDED","rebuilt"
"Classroom board","BOARD","NAME MATCH ONLY - SPECIFICATION REQUIRED","physical_inventory","Lessons/Bi-Weekly/Grades_5-6_YearB/Session08_App_Design.md","5-6","Bi-Weekly","B","RECOMMENDED","rebuilt"
"Classroom board","BOARD","NAME MATCH ONLY - SPECIFICATION REQUIRED","physical_inventory","Lessons/Bi-Weekly/Grades_5-6_YearB/Session09_Science_Faith.md","5-6","Bi-Weekly","B","RECOMMENDED","rebuilt"
"Classroom board","BOARD","NAME MATCH ONLY - SPECIFICATION REQUIRED","physical_inventory","Lessons/Bi-Weekly/Grades_5-6_YearB/Session10_Space_Science.md","5-6","Bi-Weekly","B","CORE","rebuilt"
"Classroom board","BOARD","NAME MATCH ONLY - SPECIFICATION REQUIRED","physical_inventory","Lessons/Bi-Weekly/Grades_5-6_YearB/Session11_Mercy_Engineering.md","5-6","Bi-Weekly","B","RECOMMENDED","rebuilt"
"Classroom board","BOARD","NAME MATCH ONLY - SPECIFICATION REQUIRED","physical_inventory","Lessons/Bi-Weekly/Grades_5-6_YearB/Session12_Ecosystems.md","5-6","Bi-Weekly","B","CORE","rebuilt"
"Classroom board","BOARD","NAME MATCH ONLY - SPECIFICATION REQUIRED","physical_inventory","Lessons/Bi-Weekly/Grades_5-6_YearB/Session13_New_Life_Tech.md","5-6","Bi-Weekly","B","OPTIONAL","rebuilt"
"Classroom board","BOARD","NAME MATCH ONLY - SPECIFICATION REQUIRED","physical_inventory","Lessons/Bi-Weekly/Grades_5-6_YearB/Session14_Robot_Olympics.md","5-6","Bi-Weekly","B","RECOMMENDED","rebuilt"
"Classroom board","BOARD","NAME MATCH ONLY - SPECIFICATION REQUIRED","physical_inventory","Lessons/Bi-Weekly/Grades_5-6_YearB/Session15_Energy_Science.md","5-6","Bi-Weekly","B","CORE","rebuilt"
"Classroom board","BOARD","NAME MATCH ONLY - SPECIFICATION REQUIRED","physical_inventory","Lessons/Bi-Weekly/Grades_5-6_YearB/Session16_Innovation_Lab.md","5-6","Bi-Weekly","B","CORE","rebuilt"
"Classroom board","BOARD","NAME MATCH ONLY - SPECIFICATION REQUIRED","physical_inventory","Lessons/Bi-Weekly/Grades_5-6_YearB/Session17_Celebration.md","5-6","Bi-Weekly","B","CORE","rebuilt"
"Classroom board","BOARD","NAME MATCH ONLY - SPECIFICATION REQUIRED","physical_inventory","Lessons/Grades_5-6_YearA/Week01_Welcome_to_CSTREAM.md","5-6","Weekly","A","CORE","rebuilt"
"Classroom board","BOARD","NAME MATCH ONLY - SPECIFICATION REQUIRED","physical_inventory","Lessons/Grades_5-6_YearA/Week04_Experimental_Design.md","5-6","Weekly","A","CORE","rebuilt"
"Classroom board","BOARD","NAME MATCH ONLY - SPECIFICATION REQUIRED","physical_inventory","Lessons/Grades_5-6_YearA/Week05-06_Structural_Engineering.md","5-6","Weekly","A","CORE","rebuilt"
"Classroom board","BOARD","NAME MATCH ONLY - SPECIFICATION REQUIRED","physical_inventory","Lessons/Grades_5-6_YearA/Week07-09_Social_Innovation.md","5-6","Weekly","A","CORE","rebuilt"
"Classroom board","BOARD","NAME MATCH ONLY - SPECIFICATION REQUIRED","physical_inventory","Lessons/Grades_5-6_YearA/Week10_Advanced_Bridges.md","5-6","Weekly","A","RECOMMENDED","rebuilt"
"Classroom board","BOARD","NAME MATCH ONLY - SPECIFICATION REQUIRED","physical_inventory","Lessons/Grades_5-6_YearA/Week11_Gratitude_Coding.md","5-6","Weekly","A","RECOMMENDED","rebuilt"
"Classroom board","BOARD","NAME MATCH ONLY - SPECIFICATION REQUIRED","physical_inventory","Lessons/Grades_5-6_YearA/Week12_Giving_Making.md","5-6","Weekly","A","RECOMMENDED","rebuilt"
"Classroom board","BOARD","NAME MATCH ONLY - SPECIFICATION REQUIRED","physical_inventory","Lessons/Grades_5-6_YearA/Week13_Fall_Showcase.md","5-6","Weekly","A","OPTIONAL","rebuilt"
"Classroom board","BOARD","NAME MATCH ONLY - SPECIFICATION REQUIRED","physical_inventory","Lessons/Grades_5-6_YearA/Week14-15_Optics_Light.md","5-6","Weekly","A","CORE","rebuilt"
"Classroom board","BOARD","NAME MATCH ONLY - SPECIFICATION REQUIRED","physical_inventory","Lessons/Grades_5-6_YearA/Week16_Astronomy.md","5-6","Weekly","A","CORE","rebuilt"
"Classroom board","BOARD","NAME MATCH ONLY - SPECIFICATION REQUIRED","physical_inventory","Lessons/Grades_5-6_YearA/Week18_Goal_Engineering.md","5-6","Weekly","A","RECOMMENDED","rebuilt"
"Classroom board","BOARD","NAME MATCH ONLY - SPECIFICATION REQUIRED","physical_inventory","Lessons/Grades_5-6_YearA/Week19-22_Passion_Projects.md","5-6","Weekly","A","CORE","rebuilt"
"Classroom board","BOARD","NAME MATCH ONLY - SPECIFICATION REQUIRED","physical_inventory","Lessons/Grades_5-6_YearA/Week23_Catholic_Schools_Week.md","5-6","Weekly","A","OPTIONAL","rebuilt"
"Classroom board","BOARD","NAME MATCH ONLY - SPECIFICATION REQUIRED","physical_inventory","Lessons/Grades_5-6_YearA/Week24-25_Advanced_Scratch.md","5-6","Weekly","A","RECOMMENDED","rebuilt"
"Classroom board","BOARD","NAME MATCH ONLY - SPECIFICATION REQUIRED","physical_inventory","Lessons/Grades_5-6_YearA/Week28_Pi_Day.md","5-6","Weekly","A","RECOMMENDED","rebuilt"
"Classroom board","BOARD","NAME MATCH ONLY - SPECIFICATION REQUIRED","physical_inventory","Lessons/Grades_5-6_YearA/Week33_Easter_Engineering.md","5-6","Weekly","A","RECOMMENDED","rebuilt"
"Classroom board","BOARD","NAME MATCH ONLY - SPECIFICATION REQUIRED","physical_inventory","Lessons/Grades_5-6_YearA/Week34_STREAM_Expo.md","5-6","Weekly","A","CORE","rebuilt"
"Classroom board","BOARD","NAME MATCH ONLY - SPECIFICATION REQUIRED","physical_inventory","Lessons/Grades_5-6_YearB/Week01_Welcome_Innovators.md","5-6","Weekly","B","CORE","rebuilt"
"Classroom board","BOARD","NAME MATCH ONLY - SPECIFICATION REQUIRED","physical_inventory","Lessons/Grades_5-6_YearB/Week11_Thanksgiving_Data.md","5-6","Weekly","B","RECOMMENDED","rebuilt"
"Classroom board","BOARD","NAME MATCH ONLY - SPECIFICATION REQUIRED","physical_inventory","Lessons/Grades_5-6_YearB/Week12_Gifts_Service.md","5-6","Weekly","B","RECOMMENDED","rebuilt"
"Classroom board","BOARD","NAME MATCH ONLY - SPECIFICATION REQUIRED","physical_inventory","Lessons/Grades_5-6_YearB/Week13_Advent_Technology.md","5-6","Weekly","B","OPTIONAL","rebuilt"
"Classroom board","BOARD","NAME MATCH ONLY - SPECIFICATION REQUIRED","physical_inventory","Lessons/Grades_5-6_YearB/Week19_New_Year_Vision.md","5-6","Weekly","B","RECOMMENDED","rebuilt"
"Classroom board","BOARD","NAME MATCH ONLY - SPECIFICATION REQUIRED","physical_inventory","Lessons/Grades_5-6_YearB/Week20-23_Social_Entrepreneurship.md","5-6","Weekly","B","CORE","rebuilt"
"Classroom board","BOARD","NAME MATCH ONLY - SPECIFICATION REQUIRED","physical_inventory","Lessons/Grades_5-6_YearB/Week24_Catholic_Schools.md","5-6","Weekly","B","OPTIONAL","rebuilt"
"Classroom board","BOARD","NAME MATCH ONLY - SPECIFICATION REQUIRED","physical_inventory","Lessons/Grades_5-6_YearB/Week25-28_Health_Technology.md","5-6","Weekly","B","CORE","rebuilt"
"Classroom board","BOARD","NAME MATCH ONLY - SPECIFICATION REQUIRED","physical_inventory","Lessons/Grades_5-6_YearB/Week29-31_Environmental_Monitoring.md","5-6","Weekly","B","CORE","rebuilt"
"Classroom board","BOARD","NAME MATCH ONLY - SPECIFICATION REQUIRED","physical_inventory","Lessons/Grades_5-6_YearB/Week33_Easter_Hope.md","5-6","Weekly","B","RECOMMENDED","rebuilt"
"Classroom board","BOARD","NAME MATCH ONLY - SPECIFICATION REQUIRED","physical_inventory","Lessons/Grades_5-6_YearB/Week34_Exhibition.md","5-6","Weekly","B","CORE","rebuilt"
"Classroom folder","FOLDER","NAME MATCH ONLY - SPECIFICATION REQUIRED","physical_inventory","Lessons/Bi-Weekly/Grades_5-6_YearA/Session11_Lenten_Engineering.md","5-6","Bi-Weekly","A","RECOMMENDED","rebuilt"
"Clean corrugated cardboard","CARDBOARD","NAME MATCH ONLY - SPECIFICATION REQUIRED","physical_inventory","Lessons/Bi-Weekly/Grades_5-6_YearA/Session06_Thanksgiving_Innovation.md","5-6","Bi-Weekly","A","RECOMMENDED","rebuilt"
"Clean corrugated cardboard","CARDBOARD","NAME MATCH ONLY - SPECIFICATION REQUIRED","physical_inventory","Lessons/Bi-Weekly/Grades_5-6_YearA/Session07_Christmas_Electronics.md","5-6","Bi-Weekly","A","CORE","rebuilt"
"Clean corrugated cardboard","CARDBOARD","NAME MATCH ONLY - SPECIFICATION REQUIRED","physical_inventory","Lessons/Bi-Weekly/Grades_5-6_YearA/Session15_Physics_Motion.md","5-6","Bi-Weekly","A","CORE","rebuilt"
"Clean corrugated cardboard","CARDBOARD","NAME MATCH ONLY - SPECIFICATION REQUIRED","physical_inventory","Lessons/Bi-Weekly/Grades_5-6_YearA/Session16_Advanced_Invention.md","5-6","Bi-Weekly","A","CORE","rebuilt"
"Clean corrugated cardboard","CARDBOARD","NAME MATCH ONLY - SPECIFICATION REQUIRED","physical_inventory","Lessons/Bi-Weekly/Grades_5-6_YearB/Session01_Engineering_Thinking.md","5-6","Bi-Weekly","B","CORE","rebuilt"
"Clean corrugated cardboard","CARDBOARD","NAME MATCH ONLY - SPECIFICATION REQUIRED","physical_inventory","Lessons/Bi-Weekly/Grades_5-6_YearB/Session03_Architecture.md","5-6","Bi-Weekly","B","CORE","rebuilt"
"Clean corrugated cardboard","CARDBOARD","NAME MATCH ONLY - SPECIFICATION REQUIRED","physical_inventory","Lessons/Bi-Weekly/Grades_5-6_YearB/Session15_Energy_Science.md","5-6","Bi-Weekly","B","CORE","rebuilt"
"Clean corrugated cardboard","CARDBOARD","NAME MATCH ONLY - SPECIFICATION REQUIRED","physical_inventory","Lessons/Bi-Weekly/Grades_5-6_YearB/Session16_Innovation_Lab.md","5-6","Bi-Weekly","B","CORE","rebuilt"
"Clean corrugated cardboard","CARDBOARD","NAME MATCH ONLY - SPECIFICATION REQUIRED","physical_inventory","Lessons/Grades_5-6_YearA/Week04_Experimental_Design.md","5-6","Weekly","A","CORE","rebuilt"
"Clean corrugated cardboard","CARDBOARD","NAME MATCH ONLY - SPECIFICATION REQUIRED","physical_inventory","Lessons/Grades_5-6_YearA/Week07-09_Social_Innovation.md","5-6","Weekly","A","CORE","rebuilt"
"Clean corrugated cardboard","CARDBOARD","NAME MATCH ONLY - SPECIFICATION REQUIRED","physical_inventory","Lessons/Grades_5-6_YearA/Week14-15_Optics_Light.md","5-6","Weekly","A","CORE","rebuilt"
"Clean corrugated cardboard","CARDBOARD","NAME MATCH ONLY - SPECIFICATION REQUIRED","physical_inventory","Lessons/Grades_5-6_YearA/Week19-22_Passion_Projects.md","5-6","Weekly","A","CORE","rebuilt"
"Clean corrugated cardboard","CARDBOARD","NAME MATCH ONLY - SPECIFICATION REQUIRED","physical_inventory","Lessons/Grades_5-6_YearB/Week20-23_Social_Entrepreneurship.md","5-6","Weekly","B","CORE","rebuilt"
"Clean corrugated cardboard","CARDBOARD","NAME MATCH ONLY - SPECIFICATION REQUIRED","physical_inventory","Lessons/Grades_5-6_YearB/Week25-28_Health_Technology.md","5-6","Weekly","B","CORE","rebuilt"
"Compact digital balance","DIGITALBALANCE","NAME MATCH ONLY - SPECIFICATION REQUIRED","physical_inventory","Lessons/Grades_5-6_YearA/Week05-06_Structural_Engineering.md","5-6","Weekly","A","CORE","rebuilt"
"Compact digital balance","DIGITALBALANCE","NAME MATCH ONLY - SPECIFICATION REQUIRED","physical_inventory","Lessons/Grades_5-6_YearA/Week10_Advanced_Bridges.md","5-6","Weekly","A","RECOMMENDED","rebuilt"
"Computer","HOST","NAME MATCH ONLY - SPECIFICATION REQUIRED","physical_inventory","Lessons/Bi-Weekly/Grades_5-6_YearA/Session05_Scratch_Advanced.md","5-6","Bi-Weekly","A","CORE","rebuilt"
"Computer","HOST","NAME MATCH ONLY - SPECIFICATION REQUIRED","physical_inventory","Lessons/Bi-Weekly/Grades_5-6_YearA/Session08_App_Inventor.md","5-6","Bi-Weekly","A","RECOMMENDED","rebuilt"
"Computer","HOST","NAME MATCH ONLY - SPECIFICATION REQUIRED","physical_inventory","Lessons/Bi-Weekly/Grades_5-6_YearA/Session13_Easter_Tech.md","5-6","Bi-Weekly","A","OPTIONAL","rebuilt"
"Computer","HOST","NAME MATCH ONLY - SPECIFICATION REQUIRED","physical_inventory","Lessons/Bi-Weekly/Grades_5-6_YearB/Session05_Scratch_Games.md","5-6","Bi-Weekly","B","CORE","rebuilt"
"Computer","HOST","NAME MATCH ONLY - SPECIFICATION REQUIRED","physical_inventory","Lessons/Bi-Weekly/Grades_5-6_YearB/Session07_Advent_Coding.md","5-6","Bi-Weekly","B","RECOMMENDED","rebuilt"
"Computer","HOST","NAME MATCH ONLY - SPECIFICATION REQUIRED","physical_inventory","Lessons/Bi-Weekly/Grades_5-6_YearB/Session08_App_Design.md","5-6","Bi-Weekly","B","RECOMMENDED","rebuilt"
"Computer","HOST","NAME MATCH ONLY - SPECIFICATION REQUIRED","physical_inventory","Lessons/Bi-Weekly/Grades_5-6_YearB/Session13_New_Life_Tech.md","5-6","Bi-Weekly","B","OPTIONAL","rebuilt"
"Computer","HOST","NAME MATCH ONLY - SPECIFICATION REQUIRED","physical_inventory","Lessons/Grades_5-6_YearA/Week11_Gratitude_Coding.md","5-6","Weekly","A","RECOMMENDED","rebuilt"
"Computer","HOST","NAME MATCH ONLY - SPECIFICATION REQUIRED","physical_inventory","Lessons/Grades_5-6_YearA/Week19-22_Passion_Projects.md","5-6","Weekly","A","CORE","rebuilt"
"Computer","HOST","NAME MATCH ONLY - SPECIFICATION REQUIRED","physical_inventory","Lessons/Grades_5-6_YearA/Week24-25_Advanced_Scratch.md","5-6","Weekly","A","RECOMMENDED","rebuilt"
"Computer","HOST","NAME MATCH ONLY - SPECIFICATION REQUIRED","physical_inventory","Lessons/Grades_5-6_YearB/Week13_Advent_Technology.md","5-6","Weekly","B","OPTIONAL","rebuilt"
"Computer","HOST","NAME MATCH ONLY - SPECIFICATION REQUIRED","physical_inventory","Lessons/Grades_5-6_YearB/Week14-18_App_Development.md","5-6","Weekly","B","CORE","rebuilt"
"Computer","HOST","NAME MATCH ONLY - SPECIFICATION REQUIRED","physical_inventory","Lessons/Grades_5-6_YearB/Week29-31_Environmental_Monitoring.md","5-6","Weekly","B","CORE","rebuilt"
"Cotton string","STRING","NAME MATCH ONLY - SPECIFICATION REQUIRED","physical_inventory","Lessons/Grades_5-6_YearA/Week28_Pi_Day.md","5-6","Weekly","A","RECOMMENDED","rebuilt"
"Enclosed 2-AA flashlight","FLASH","NAME MATCH ONLY - SPECIFICATION REQUIRED","physical_inventory","Lessons/Bi-Weekly/Grades_5-6_YearB/Session02_Sphero_Sensors.md","5-6","Bi-Weekly","B","CORE","rebuilt"
"Enclosed 2-AA flashlight","FLASH","NAME MATCH ONLY - SPECIFICATION REQUIRED","physical_inventory","Lessons/Grades_5-6_YearA/Week14-15_Optics_Light.md","5-6","Weekly","A","CORE","rebuilt"
"Enclosed-axle pinwheel","PINWHEEL","NAME MATCH ONLY - SPECIFICATION REQUIRED","physical_inventory","Lessons/Grades_5-6_YearB/Week05-07_Renewable_Energy.md","5-6","Weekly","B","CORE","rebuilt"
"graph paper","GRAPH","NAME MATCH ONLY - SPECIFICATION REQUIRED","physical_inventory","Lessons/Bi-Weekly/Grades_5-6_YearA/Session10_Environmental_Science.md","5-6","Bi-Weekly","A","CORE","rebuilt"
"graph paper","GRAPH","NAME MATCH ONLY - SPECIFICATION REQUIRED","physical_inventory","Lessons/Bi-Weekly/Grades_5-6_YearB/Session03_Architecture.md","5-6","Bi-Weekly","B","CORE","rebuilt"
"graph paper","GRAPH","NAME MATCH ONLY - SPECIFICATION REQUIRED","physical_inventory","Lessons/Grades_5-6_YearA/Week29-31_Environmental_Science.md","5-6","Weekly","A","CORE","rebuilt"
"graph paper","GRAPH","NAME MATCH ONLY - SPECIFICATION REQUIRED","physical_inventory","Lessons/Grades_5-6_YearB/Week11_Thanksgiving_Data.md","5-6","Weekly","B","RECOMMENDED","rebuilt"
"graph paper","GRAPH","NAME MATCH ONLY - SPECIFICATION REQUIRED","physical_inventory","Lessons/Grades_5-6_YearB/Week24_Catholic_Schools.md","5-6","Weekly","B","OPTIONAL","rebuilt"
"graph paper","GRAPH","NAME MATCH ONLY - SPECIFICATION REQUIRED","physical_inventory","Lessons/Grades_5-6_YearB/Week29-31_Environmental_Monitoring.md","5-6","Weekly","B","CORE","rebuilt"
"Guarded tabletop fan","FAN","NAME MATCH ONLY - SPECIFICATION REQUIRED","physical_inventory","Lessons/Grades_5-6_YearB/Week05-07_Renewable_Energy.md","5-6","Weekly","B","CORE","rebuilt"
"Ice cube","ICE","NAME MATCH ONLY - SPECIFICATION REQUIRED","physical_inventory","Lessons/Grades_5-6_YearA/Week33_Easter_Engineering.md","5-6","Weekly","A","RECOMMENDED","rebuilt"
"Insulated clip lead","LEAD","NAME MATCH ONLY - SPECIFICATION REQUIRED","physical_inventory","Lessons/Bi-Weekly/Grades_5-6_YearA/Session07_Christmas_Electronics.md","5-6","Bi-Weekly","A","CORE","rebuilt"
"Large soft ball","SOFTBALL","NAME MATCH ONLY - SPECIFICATION REQUIRED","physical_inventory","Lessons/Bi-Weekly/Grades_5-6_YearA/Session15_Physics_Motion.md","5-6","Bi-Weekly","A","CORE","rebuilt"
"Large soft ball","SOFTBALL","NAME MATCH ONLY - SPECIFICATION REQUIRED","physical_inventory","Lessons/Grades_5-6_YearA/Week04_Experimental_Design.md","5-6","Weekly","A","CORE","rebuilt"
"Large soft ball","SOFTBALL","NAME MATCH ONLY - SPECIFICATION REQUIRED","physical_inventory","Lessons/Grades_5-6_YearA/Week19-22_Passion_Projects.md","5-6","Weekly","A","CORE","rebuilt"
"Low-voltage classroom push switch","PUSHSWITCH","NAME MATCH ONLY - SPECIFICATION REQUIRED","physical_inventory","Lessons/Bi-Weekly/Grades_5-6_YearA/Session07_Christmas_Electronics.md","5-6","Bi-Weekly","A","CORE","rebuilt"
"Masking tape","TAPE","NAME MATCH ONLY - SPECIFICATION REQUIRED","physical_inventory","Lessons/Bi-Weekly/Grades_5-6_YearA/Session01_Design_Process.md","5-6","Bi-Weekly","A","CORE","rebuilt"
"Masking tape","TAPE","NAME MATCH ONLY - SPECIFICATION REQUIRED","physical_inventory","Lessons/Bi-Weekly/Grades_5-6_YearA/Session03_Structural_Engineering.md","5-6","Bi-Weekly","A","CORE","rebuilt"
"Masking tape","TAPE","NAME MATCH ONLY - SPECIFICATION REQUIRED","physical_inventory","Lessons/Bi-Weekly/Grades_5-6_YearA/Session06_Thanksgiving_Innovation.md","5-6","Bi-Weekly","A","RECOMMENDED","rebuilt"
"Masking tape","TAPE","NAME MATCH ONLY - SPECIFICATION REQUIRED","physical_inventory","Lessons/Bi-Weekly/Grades_5-6_YearA/Session07_Christmas_Electronics.md","5-6","Bi-Weekly","A","CORE","rebuilt"
"Masking tape","TAPE","NAME MATCH ONLY - SPECIFICATION REQUIRED","physical_inventory","Lessons/Bi-Weekly/Grades_5-6_YearA/Session15_Physics_Motion.md","5-6","Bi-Weekly","A","CORE","rebuilt"
"Masking tape","TAPE","NAME MATCH ONLY - SPECIFICATION REQUIRED","physical_inventory","Lessons/Bi-Weekly/Grades_5-6_YearA/Session16_Advanced_Invention.md","5-6","Bi-Weekly","A","CORE","rebuilt"
"Masking tape","TAPE","NAME MATCH ONLY - SPECIFICATION REQUIRED","physical_inventory","Lessons/Bi-Weekly/Grades_5-6_YearB/Session01_Engineering_Thinking.md","5-6","Bi-Weekly","B","CORE","rebuilt"
"Masking tape","TAPE","NAME MATCH ONLY - SPECIFICATION REQUIRED","physical_inventory","Lessons/Bi-Weekly/Grades_5-6_YearB/Session03_Architecture.md","5-6","Bi-Weekly","B","CORE","rebuilt"
"Masking tape","TAPE","NAME MATCH ONLY - SPECIFICATION REQUIRED","physical_inventory","Lessons/Bi-Weekly/Grades_5-6_YearB/Session15_Energy_Science.md","5-6","Bi-Weekly","B","CORE","rebuilt"
"Masking tape","TAPE","NAME MATCH ONLY - SPECIFICATION REQUIRED","physical_inventory","Lessons/Bi-Weekly/Grades_5-6_YearB/Session16_Innovation_Lab.md","5-6","Bi-Weekly","B","CORE","rebuilt"
"Masking tape","TAPE","NAME MATCH ONLY - SPECIFICATION REQUIRED","physical_inventory","Lessons/Grades_5-6_YearA/Week02-03_Sphero_Mastery.md","5-6","Weekly","A","CORE","rebuilt"
"Masking tape","TAPE","NAME MATCH ONLY - SPECIFICATION REQUIRED","physical_inventory","Lessons/Grades_5-6_YearA/Week04_Experimental_Design.md","5-6","Weekly","A","CORE","rebuilt"
"Masking tape","TAPE","NAME MATCH ONLY - SPECIFICATION REQUIRED","physical_inventory","Lessons/Grades_5-6_YearA/Week05-06_Structural_Engineering.md","5-6","Weekly","A","CORE","rebuilt"
"Masking tape","TAPE","NAME MATCH ONLY - SPECIFICATION REQUIRED","physical_inventory","Lessons/Grades_5-6_YearA/Week07-09_Social_Innovation.md","5-6","Weekly","A","CORE","rebuilt"
"Masking tape","TAPE","NAME MATCH ONLY - SPECIFICATION REQUIRED","physical_inventory","Lessons/Grades_5-6_YearA/Week10_Advanced_Bridges.md","5-6","Weekly","A","RECOMMENDED","rebuilt"
"Masking tape","TAPE","NAME MATCH ONLY - SPECIFICATION REQUIRED","physical_inventory","Lessons/Grades_5-6_YearA/Week14-15_Optics_Light.md","5-6","Weekly","A","CORE","rebuilt"
"Masking tape","TAPE","NAME MATCH ONLY - SPECIFICATION REQUIRED","physical_inventory","Lessons/Grades_5-6_YearA/Week19-22_Passion_Projects.md","5-6","Weekly","A","CORE","rebuilt"
"Masking tape","TAPE","NAME MATCH ONLY - SPECIFICATION REQUIRED","physical_inventory","Lessons/Grades_5-6_YearA/Week29-31_Environmental_Science.md","5-6","Weekly","A","CORE","rebuilt"
"Masking tape","TAPE","NAME MATCH ONLY - SPECIFICATION REQUIRED","physical_inventory","Lessons/Grades_5-6_YearB/Week02-04_Biotechnology.md","5-6","Weekly","B","CORE","rebuilt"
"Masking tape","TAPE","NAME MATCH ONLY - SPECIFICATION REQUIRED","physical_inventory","Lessons/Grades_5-6_YearB/Week05-07_Renewable_Energy.md","5-6","Weekly","B","CORE","rebuilt"
"Masking tape","TAPE","NAME MATCH ONLY - SPECIFICATION REQUIRED","physical_inventory","Lessons/Grades_5-6_YearB/Week08-10_Biomimicry.md","5-6","Weekly","B","CORE","rebuilt"
"Masking tape","TAPE","NAME MATCH ONLY - SPECIFICATION REQUIRED","physical_inventory","Lessons/Grades_5-6_YearB/Week14-18_App_Development.md","5-6","Weekly","B","CORE","rebuilt"
"Masking tape","TAPE","NAME MATCH ONLY - SPECIFICATION REQUIRED","physical_inventory","Lessons/Grades_5-6_YearB/Week20-23_Social_Entrepreneurship.md","5-6","Weekly","B","CORE","rebuilt"
"Masking tape","TAPE","NAME MATCH ONLY - SPECIFICATION REQUIRED","physical_inventory","Lessons/Grades_5-6_YearB/Week25-28_Health_Technology.md","5-6","Weekly","B","CORE","rebuilt"
"Metric ruler","RULER","NAME MATCH ONLY - SPECIFICATION REQUIRED","physical_inventory","Lessons/Bi-Weekly/Grades_5-6_YearA/Session01_Design_Process.md","5-6","Bi-Weekly","A","CORE","rebuilt"
"Metric ruler","RULER","NAME MATCH ONLY - SPECIFICATION REQUIRED","physical_inventory","Lessons/Bi-Weekly/Grades_5-6_YearA/Session03_Structural_Engineering.md","5-6","Bi-Weekly","A","CORE","rebuilt"
"Metric ruler","RULER","NAME MATCH ONLY - SPECIFICATION REQUIRED","physical_inventory","Lessons/Bi-Weekly/Grades_5-6_YearA/Session04_Body_Systems.md","5-6","Bi-Weekly","A","CORE","rebuilt"
"Metric ruler","RULER","NAME MATCH ONLY - SPECIFICATION REQUIRED","physical_inventory","Lessons/Bi-Weekly/Grades_5-6_YearA/Session06_Thanksgiving_Innovation.md","5-6","Bi-Weekly","A","RECOMMENDED","rebuilt"
"Metric ruler","RULER","NAME MATCH ONLY - SPECIFICATION REQUIRED","physical_inventory","Lessons/Bi-Weekly/Grades_5-6_YearA/Session07_Christmas_Electronics.md","5-6","Bi-Weekly","A","CORE","rebuilt"
"Metric ruler","RULER","NAME MATCH ONLY - SPECIFICATION REQUIRED","physical_inventory","Lessons/Bi-Weekly/Grades_5-6_YearA/Session09_Catholic_Scientists.md","5-6","Bi-Weekly","A","RECOMMENDED","rebuilt"
"Metric ruler","RULER","NAME MATCH ONLY - SPECIFICATION REQUIRED","physical_inventory","Lessons/Bi-Weekly/Grades_5-6_YearA/Session10_Environmental_Science.md","5-6","Bi-Weekly","A","CORE","rebuilt"
"Metric ruler","RULER","NAME MATCH ONLY - SPECIFICATION REQUIRED","physical_inventory","Lessons/Bi-Weekly/Grades_5-6_YearA/Session11_Lenten_Engineering.md","5-6","Bi-Weekly","A","RECOMMENDED","rebuilt"
"Metric ruler","RULER","NAME MATCH ONLY - SPECIFICATION REQUIRED","physical_inventory","Lessons/Bi-Weekly/Grades_5-6_YearA/Session12_Life_Science.md","5-6","Bi-Weekly","A","CORE","rebuilt"
"Metric ruler","RULER","NAME MATCH ONLY - SPECIFICATION REQUIRED","physical_inventory","Lessons/Bi-Weekly/Grades_5-6_YearA/Session13_Easter_Tech.md","5-6","Bi-Weekly","A","OPTIONAL","rebuilt"
"Metric ruler","RULER","NAME MATCH ONLY - SPECIFICATION REQUIRED","physical_inventory","Lessons/Bi-Weekly/Grades_5-6_YearA/Session14_Sphero_Challenge.md","5-6","Bi-Weekly","A","RECOMMENDED","rebuilt"
"Metric ruler","RULER","NAME MATCH ONLY - SPECIFICATION REQUIRED","physical_inventory","Lessons/Bi-Weekly/Grades_5-6_YearA/Session15_Physics_Motion.md","5-6","Bi-Weekly","A","CORE","rebuilt"
"Metric ruler","RULER","NAME MATCH ONLY - SPECIFICATION REQUIRED","physical_inventory","Lessons/Bi-Weekly/Grades_5-6_YearA/Session16_Advanced_Invention.md","5-6","Bi-Weekly","A","CORE","rebuilt"
"Metric ruler","RULER","NAME MATCH ONLY - SPECIFICATION REQUIRED","physical_inventory","Lessons/Bi-Weekly/Grades_5-6_YearA/Session17_Exhibition.md","5-6","Bi-Weekly","A","CORE","rebuilt"
"Metric ruler","RULER","NAME MATCH ONLY - SPECIFICATION REQUIRED","physical_inventory","Lessons/Bi-Weekly/Grades_5-6_YearB/Session01_Engineering_Thinking.md","5-6","Bi-Weekly","B","CORE","rebuilt"
"Metric ruler","RULER","NAME MATCH ONLY - SPECIFICATION REQUIRED","physical_inventory","Lessons/Bi-Weekly/Grades_5-6_YearB/Session03_Architecture.md","5-6","Bi-Weekly","B","CORE","rebuilt"
"Metric ruler","RULER","NAME MATCH ONLY - SPECIFICATION REQUIRED","physical_inventory","Lessons/Bi-Weekly/Grades_5-6_YearB/Session04_Forensic_Science.md","5-6","Bi-Weekly","B","CORE","rebuilt"
"Metric ruler","RULER","NAME MATCH ONLY - SPECIFICATION REQUIRED","physical_inventory","Lessons/Bi-Weekly/Grades_5-6_YearB/Session06_Gratitude_Design.md","5-6","Bi-Weekly","B","RECOMMENDED","rebuilt"
"Metric ruler","RULER","NAME MATCH ONLY - SPECIFICATION REQUIRED","physical_inventory","Lessons/Bi-Weekly/Grades_5-6_YearB/Session09_Science_Faith.md","5-6","Bi-Weekly","B","RECOMMENDED","rebuilt"
"Metric ruler","RULER","NAME MATCH ONLY - SPECIFICATION REQUIRED","physical_inventory","Lessons/Bi-Weekly/Grades_5-6_YearB/Session10_Space_Science.md","5-6","Bi-Weekly","B","CORE","rebuilt"
"Metric ruler","RULER","NAME MATCH ONLY - SPECIFICATION REQUIRED","physical_inventory","Lessons/Bi-Weekly/Grades_5-6_YearB/Session11_Mercy_Engineering.md","5-6","Bi-Weekly","B","RECOMMENDED","rebuilt"
"Metric ruler","RULER","NAME MATCH ONLY - SPECIFICATION REQUIRED","physical_inventory","Lessons/Bi-Weekly/Grades_5-6_YearB/Session12_Ecosystems.md","5-6","Bi-Weekly","B","CORE","rebuilt"
"Metric ruler","RULER","NAME MATCH ONLY - SPECIFICATION REQUIRED","physical_inventory","Lessons/Bi-Weekly/Grades_5-6_YearB/Session13_New_Life_Tech.md","5-6","Bi-Weekly","B","OPTIONAL","rebuilt"
"Metric ruler","RULER","NAME MATCH ONLY - SPECIFICATION REQUIRED","physical_inventory","Lessons/Bi-Weekly/Grades_5-6_YearB/Session14_Robot_Olympics.md","5-6","Bi-Weekly","B","RECOMMENDED","rebuilt"
"Metric ruler","RULER","NAME MATCH ONLY - SPECIFICATION REQUIRED","physical_inventory","Lessons/Bi-Weekly/Grades_5-6_YearB/Session15_Energy_Science.md","5-6","Bi-Weekly","B","CORE","rebuilt"
"Metric ruler","RULER","NAME MATCH ONLY - SPECIFICATION REQUIRED","physical_inventory","Lessons/Bi-Weekly/Grades_5-6_YearB/Session16_Innovation_Lab.md","5-6","Bi-Weekly","B","CORE","rebuilt"
"Metric ruler","RULER","NAME MATCH ONLY - SPECIFICATION REQUIRED","physical_inventory","Lessons/Bi-Weekly/Grades_5-6_YearB/Session17_Celebration.md","5-6","Bi-Weekly","B","CORE","rebuilt"
"Metric ruler","RULER","NAME MATCH ONLY - SPECIFICATION REQUIRED","physical_inventory","Lessons/Grades_5-6_YearA/Week01_Welcome_to_CSTREAM.md","5-6","Weekly","A","CORE","rebuilt"
"Metric ruler","RULER","NAME MATCH ONLY - SPECIFICATION REQUIRED","physical_inventory","Lessons/Grades_5-6_YearA/Week02-03_Sphero_Mastery.md","5-6","Weekly","A","CORE","rebuilt"
"Metric ruler","RULER","NAME MATCH ONLY - SPECIFICATION REQUIRED","physical_inventory","Lessons/Grades_5-6_YearA/Week04_Experimental_Design.md","5-6","Weekly","A","CORE","rebuilt"
"Metric ruler","RULER","NAME MATCH ONLY - SPECIFICATION REQUIRED","physical_inventory","Lessons/Grades_5-6_YearA/Week05-06_Structural_Engineering.md","5-6","Weekly","A","CORE","rebuilt"
"Metric ruler","RULER","NAME MATCH ONLY - SPECIFICATION REQUIRED","physical_inventory","Lessons/Grades_5-6_YearA/Week07-09_Social_Innovation.md","5-6","Weekly","A","CORE","rebuilt"
"Metric ruler","RULER","NAME MATCH ONLY - SPECIFICATION REQUIRED","physical_inventory","Lessons/Grades_5-6_YearA/Week10_Advanced_Bridges.md","5-6","Weekly","A","RECOMMENDED","rebuilt"
"Metric ruler","RULER","NAME MATCH ONLY - SPECIFICATION REQUIRED","physical_inventory","Lessons/Grades_5-6_YearA/Week12_Giving_Making.md","5-6","Weekly","A","RECOMMENDED","rebuilt"
"Metric ruler","RULER","NAME MATCH ONLY - SPECIFICATION REQUIRED","physical_inventory","Lessons/Grades_5-6_YearA/Week13_Fall_Showcase.md","5-6","Weekly","A","OPTIONAL","rebuilt"
"Metric ruler","RULER","NAME MATCH ONLY - SPECIFICATION REQUIRED","physical_inventory","Lessons/Grades_5-6_YearA/Week14-15_Optics_Light.md","5-6","Weekly","A","CORE","rebuilt"
"Metric ruler","RULER","NAME MATCH ONLY - SPECIFICATION REQUIRED","physical_inventory","Lessons/Grades_5-6_YearA/Week16_Astronomy.md","5-6","Weekly","A","CORE","rebuilt"
"Metric ruler","RULER","NAME MATCH ONLY - SPECIFICATION REQUIRED","physical_inventory","Lessons/Grades_5-6_YearA/Week18_Goal_Engineering.md","5-6","Weekly","A","RECOMMENDED","rebuilt"
"Metric ruler","RULER","NAME MATCH ONLY - SPECIFICATION REQUIRED","physical_inventory","Lessons/Grades_5-6_YearA/Week19-22_Passion_Projects.md","5-6","Weekly","A","CORE","rebuilt"
"Metric ruler","RULER","NAME MATCH ONLY - SPECIFICATION REQUIRED","physical_inventory","Lessons/Grades_5-6_YearA/Week23_Catholic_Schools_Week.md","5-6","Weekly","A","OPTIONAL","rebuilt"
"Metric ruler","RULER","NAME MATCH ONLY - SPECIFICATION REQUIRED","physical_inventory","Lessons/Grades_5-6_YearA/Week24-25_Advanced_Scratch.md","5-6","Weekly","A","RECOMMENDED","rebuilt"
"Metric ruler","RULER","NAME MATCH ONLY - SPECIFICATION REQUIRED","physical_inventory","Lessons/Grades_5-6_YearA/Week26-27_Little_Bits.md","5-6","Weekly","A","CORE","rebuilt"
"Metric ruler","RULER","NAME MATCH ONLY - SPECIFICATION REQUIRED","physical_inventory","Lessons/Grades_5-6_YearA/Week28_Pi_Day.md","5-6","Weekly","A","RECOMMENDED","rebuilt"
"Metric ruler","RULER","NAME MATCH ONLY - SPECIFICATION REQUIRED","physical_inventory","Lessons/Grades_5-6_YearA/Week29-31_Environmental_Science.md","5-6","Weekly","A","CORE","rebuilt"
"Metric ruler","RULER","NAME MATCH ONLY - SPECIFICATION REQUIRED","physical_inventory","Lessons/Grades_5-6_YearA/Week33_Easter_Engineering.md","5-6","Weekly","A","RECOMMENDED","rebuilt"
"Metric ruler","RULER","NAME MATCH ONLY - SPECIFICATION REQUIRED","physical_inventory","Lessons/Grades_5-6_YearA/Week34_STREAM_Expo.md","5-6","Weekly","A","CORE","rebuilt"
"Metric ruler","RULER","NAME MATCH ONLY - SPECIFICATION REQUIRED","physical_inventory","Lessons/Grades_5-6_YearB/Week01_Welcome_Innovators.md","5-6","Weekly","B","CORE","rebuilt"
"Metric ruler","RULER","NAME MATCH ONLY - SPECIFICATION REQUIRED","physical_inventory","Lessons/Grades_5-6_YearB/Week02-04_Biotechnology.md","5-6","Weekly","B","CORE","rebuilt"
"Metric ruler","RULER","NAME MATCH ONLY - SPECIFICATION REQUIRED","physical_inventory","Lessons/Grades_5-6_YearB/Week05-07_Renewable_Energy.md","5-6","Weekly","B","CORE","rebuilt"
"Metric ruler","RULER","NAME MATCH ONLY - SPECIFICATION REQUIRED","physical_inventory","Lessons/Grades_5-6_YearB/Week08-10_Biomimicry.md","5-6","Weekly","B","CORE","rebuilt"
"Metric ruler","RULER","NAME MATCH ONLY - SPECIFICATION REQUIRED","physical_inventory","Lessons/Grades_5-6_YearB/Week11_Thanksgiving_Data.md","5-6","Weekly","B","RECOMMENDED","rebuilt"
"Metric ruler","RULER","NAME MATCH ONLY - SPECIFICATION REQUIRED","physical_inventory","Lessons/Grades_5-6_YearB/Week12_Gifts_Service.md","5-6","Weekly","B","RECOMMENDED","rebuilt"
"Metric ruler","RULER","NAME MATCH ONLY - SPECIFICATION REQUIRED","physical_inventory","Lessons/Grades_5-6_YearB/Week13_Advent_Technology.md","5-6","Weekly","B","OPTIONAL","rebuilt"
"Metric ruler","RULER","NAME MATCH ONLY - SPECIFICATION REQUIRED","physical_inventory","Lessons/Grades_5-6_YearB/Week14-18_App_Development.md","5-6","Weekly","B","CORE","rebuilt"
"Metric ruler","RULER","NAME MATCH ONLY - SPECIFICATION REQUIRED","physical_inventory","Lessons/Grades_5-6_YearB/Week19_New_Year_Vision.md","5-6","Weekly","B","RECOMMENDED","rebuilt"
"Metric ruler","RULER","NAME MATCH ONLY - SPECIFICATION REQUIRED","physical_inventory","Lessons/Grades_5-6_YearB/Week20-23_Social_Entrepreneurship.md","5-6","Weekly","B","CORE","rebuilt"
"Metric ruler","RULER","NAME MATCH ONLY - SPECIFICATION REQUIRED","physical_inventory","Lessons/Grades_5-6_YearB/Week24_Catholic_Schools.md","5-6","Weekly","B","OPTIONAL","rebuilt"
"Metric ruler","RULER","NAME MATCH ONLY - SPECIFICATION REQUIRED","physical_inventory","Lessons/Grades_5-6_YearB/Week25-28_Health_Technology.md","5-6","Weekly","B","CORE","rebuilt"
"Metric ruler","RULER","NAME MATCH ONLY - SPECIFICATION REQUIRED","physical_inventory","Lessons/Grades_5-6_YearB/Week29-31_Environmental_Monitoring.md","5-6","Weekly","B","CORE","rebuilt"
"Metric ruler","RULER","NAME MATCH ONLY - SPECIFICATION REQUIRED","physical_inventory","Lessons/Grades_5-6_YearB/Week33_Easter_Hope.md","5-6","Weekly","B","RECOMMENDED","rebuilt"
"Metric ruler","RULER","NAME MATCH ONLY - SPECIFICATION REQUIRED","physical_inventory","Lessons/Grades_5-6_YearB/Week34_Exhibition.md","5-6","Weekly","B","CORE","rebuilt"
"Non-glass thermometer","THERM","NAME MATCH ONLY - SPECIFICATION REQUIRED","physical_inventory","Lessons/Grades_5-6_YearA/Week29-31_Environmental_Science.md","5-6","Weekly","A","CORE","rebuilt"
"Nonbreakable mirror","MIRROR","NAME MATCH ONLY - SPECIFICATION REQUIRED","physical_inventory","Lessons/Grades_5-6_YearA/Week14-15_Optics_Light.md","5-6","Weekly","A","CORE","rebuilt"
"Plain paper","PAPER","NAME MATCH ONLY - SPECIFICATION REQUIRED","physical_inventory","Lessons/Bi-Weekly/Grades_5-6_YearA/Session01_Design_Process.md","5-6","Bi-Weekly","A","CORE","rebuilt"
"Plain paper","PAPER","NAME MATCH ONLY - SPECIFICATION REQUIRED","physical_inventory","Lessons/Bi-Weekly/Grades_5-6_YearA/Session02_Sphero_Advanced.md","5-6","Bi-Weekly","A","CORE","rebuilt"
"Plain paper","PAPER","NAME MATCH ONLY - SPECIFICATION REQUIRED","physical_inventory","Lessons/Bi-Weekly/Grades_5-6_YearA/Session03_Structural_Engineering.md","5-6","Bi-Weekly","A","CORE","rebuilt"
"Plain paper","PAPER","NAME MATCH ONLY - SPECIFICATION REQUIRED","physical_inventory","Lessons/Bi-Weekly/Grades_5-6_YearA/Session04_Body_Systems.md","5-6","Bi-Weekly","A","CORE","rebuilt"
"Plain paper","PAPER","NAME MATCH ONLY - SPECIFICATION REQUIRED","physical_inventory","Lessons/Bi-Weekly/Grades_5-6_YearA/Session05_Scratch_Advanced.md","5-6","Bi-Weekly","A","CORE","rebuilt"
"Plain paper","PAPER","NAME MATCH ONLY - SPECIFICATION REQUIRED","physical_inventory","Lessons/Bi-Weekly/Grades_5-6_YearA/Session06_Thanksgiving_Innovation.md","5-6","Bi-Weekly","A","RECOMMENDED","rebuilt"
"Plain paper","PAPER","NAME MATCH ONLY - SPECIFICATION REQUIRED","physical_inventory","Lessons/Bi-Weekly/Grades_5-6_YearA/Session07_Christmas_Electronics.md","5-6","Bi-Weekly","A","CORE","rebuilt"
"Plain paper","PAPER","NAME MATCH ONLY - SPECIFICATION REQUIRED","physical_inventory","Lessons/Bi-Weekly/Grades_5-6_YearA/Session08_App_Inventor.md","5-6","Bi-Weekly","A","RECOMMENDED","rebuilt"
"Plain paper","PAPER","NAME MATCH ONLY - SPECIFICATION REQUIRED","physical_inventory","Lessons/Bi-Weekly/Grades_5-6_YearA/Session09_Catholic_Scientists.md","5-6","Bi-Weekly","A","RECOMMENDED","rebuilt"
"Plain paper","PAPER","NAME MATCH ONLY - SPECIFICATION REQUIRED","physical_inventory","Lessons/Bi-Weekly/Grades_5-6_YearA/Session10_Environmental_Science.md","5-6","Bi-Weekly","A","CORE","rebuilt"
"Plain paper","PAPER","NAME MATCH ONLY - SPECIFICATION REQUIRED","physical_inventory","Lessons/Bi-Weekly/Grades_5-6_YearA/Session11_Lenten_Engineering.md","5-6","Bi-Weekly","A","RECOMMENDED","rebuilt"
"Plain paper","PAPER","NAME MATCH ONLY - SPECIFICATION REQUIRED","physical_inventory","Lessons/Bi-Weekly/Grades_5-6_YearA/Session12_Life_Science.md","5-6","Bi-Weekly","A","CORE","rebuilt"
"Plain paper","PAPER","NAME MATCH ONLY - SPECIFICATION REQUIRED","physical_inventory","Lessons/Bi-Weekly/Grades_5-6_YearA/Session13_Easter_Tech.md","5-6","Bi-Weekly","A","OPTIONAL","rebuilt"
"Plain paper","PAPER","NAME MATCH ONLY - SPECIFICATION REQUIRED","physical_inventory","Lessons/Bi-Weekly/Grades_5-6_YearA/Session14_Sphero_Challenge.md","5-6","Bi-Weekly","A","RECOMMENDED","rebuilt"
"Plain paper","PAPER","NAME MATCH ONLY - SPECIFICATION REQUIRED","physical_inventory","Lessons/Bi-Weekly/Grades_5-6_YearA/Session15_Physics_Motion.md","5-6","Bi-Weekly","A","CORE","rebuilt"
"Plain paper","PAPER","NAME MATCH ONLY - SPECIFICATION REQUIRED","physical_inventory","Lessons/Bi-Weekly/Grades_5-6_YearA/Session16_Advanced_Invention.md","5-6","Bi-Weekly","A","CORE","rebuilt"
"Plain paper","PAPER","NAME MATCH ONLY - SPECIFICATION REQUIRED","physical_inventory","Lessons/Bi-Weekly/Grades_5-6_YearA/Session17_Exhibition.md","5-6","Bi-Weekly","A","CORE","rebuilt"
"Plain paper","PAPER","NAME MATCH ONLY - SPECIFICATION REQUIRED","physical_inventory","Lessons/Bi-Weekly/Grades_5-6_YearB/Session01_Engineering_Thinking.md","5-6","Bi-Weekly","B","CORE","rebuilt"
"Plain paper","PAPER","NAME MATCH ONLY - SPECIFICATION REQUIRED","physical_inventory","Lessons/Bi-Weekly/Grades_5-6_YearB/Session02_Sphero_Sensors.md","5-6","Bi-Weekly","B","CORE","rebuilt"
"Plain paper","PAPER","NAME MATCH ONLY - SPECIFICATION REQUIRED","physical_inventory","Lessons/Bi-Weekly/Grades_5-6_YearB/Session03_Architecture.md","5-6","Bi-Weekly","B","CORE","rebuilt"
"Plain paper","PAPER","NAME MATCH ONLY - SPECIFICATION REQUIRED","physical_inventory","Lessons/Bi-Weekly/Grades_5-6_YearB/Session04_Forensic_Science.md","5-6","Bi-Weekly","B","CORE","rebuilt"
"Plain paper","PAPER","NAME MATCH ONLY - SPECIFICATION REQUIRED","physical_inventory","Lessons/Bi-Weekly/Grades_5-6_YearB/Session05_Scratch_Games.md","5-6","Bi-Weekly","B","CORE","rebuilt"
"Plain paper","PAPER","NAME MATCH ONLY - SPECIFICATION REQUIRED","physical_inventory","Lessons/Bi-Weekly/Grades_5-6_YearB/Session06_Gratitude_Design.md","5-6","Bi-Weekly","B","RECOMMENDED","rebuilt"
"Plain paper","PAPER","NAME MATCH ONLY - SPECIFICATION REQUIRED","physical_inventory","Lessons/Bi-Weekly/Grades_5-6_YearB/Session07_Advent_Coding.md","5-6","Bi-Weekly","B","RECOMMENDED","rebuilt"
"Plain paper","PAPER","NAME MATCH ONLY - SPECIFICATION REQUIRED","physical_inventory","Lessons/Bi-Weekly/Grades_5-6_YearB/Session08_App_Design.md","5-6","Bi-Weekly","B","RECOMMENDED","rebuilt"
"Plain paper","PAPER","NAME MATCH ONLY - SPECIFICATION REQUIRED","physical_inventory","Lessons/Bi-Weekly/Grades_5-6_YearB/Session09_Science_Faith.md","5-6","Bi-Weekly","B","RECOMMENDED","rebuilt"
"Plain paper","PAPER","NAME MATCH ONLY - SPECIFICATION REQUIRED","physical_inventory","Lessons/Bi-Weekly/Grades_5-6_YearB/Session10_Space_Science.md","5-6","Bi-Weekly","B","CORE","rebuilt"
"Plain paper","PAPER","NAME MATCH ONLY - SPECIFICATION REQUIRED","physical_inventory","Lessons/Bi-Weekly/Grades_5-6_YearB/Session11_Mercy_Engineering.md","5-6","Bi-Weekly","B","RECOMMENDED","rebuilt"
"Plain paper","PAPER","NAME MATCH ONLY - SPECIFICATION REQUIRED","physical_inventory","Lessons/Bi-Weekly/Grades_5-6_YearB/Session12_Ecosystems.md","5-6","Bi-Weekly","B","CORE","rebuilt"
"Plain paper","PAPER","NAME MATCH ONLY - SPECIFICATION REQUIRED","physical_inventory","Lessons/Bi-Weekly/Grades_5-6_YearB/Session13_New_Life_Tech.md","5-6","Bi-Weekly","B","OPTIONAL","rebuilt"
"Plain paper","PAPER","NAME MATCH ONLY - SPECIFICATION REQUIRED","physical_inventory","Lessons/Bi-Weekly/Grades_5-6_YearB/Session14_Robot_Olympics.md","5-6","Bi-Weekly","B","RECOMMENDED","rebuilt"
"Plain paper","PAPER","NAME MATCH ONLY - SPECIFICATION REQUIRED","physical_inventory","Lessons/Bi-Weekly/Grades_5-6_YearB/Session15_Energy_Science.md","5-6","Bi-Weekly","B","CORE","rebuilt"
"Plain paper","PAPER","NAME MATCH ONLY - SPECIFICATION REQUIRED","physical_inventory","Lessons/Bi-Weekly/Grades_5-6_YearB/Session16_Innovation_Lab.md","5-6","Bi-Weekly","B","CORE","rebuilt"
"Plain paper","PAPER","NAME MATCH ONLY - SPECIFICATION REQUIRED","physical_inventory","Lessons/Bi-Weekly/Grades_5-6_YearB/Session17_Celebration.md","5-6","Bi-Weekly","B","CORE","rebuilt"
"Plain paper","PAPER","NAME MATCH ONLY - SPECIFICATION REQUIRED","physical_inventory","Lessons/Grades_5-6_YearA/Week01_Welcome_to_CSTREAM.md","5-6","Weekly","A","CORE","rebuilt"
"Plain paper","PAPER","NAME MATCH ONLY - SPECIFICATION REQUIRED","physical_inventory","Lessons/Grades_5-6_YearA/Week02-03_Sphero_Mastery.md","5-6","Weekly","A","CORE","rebuilt"
"Plain paper","PAPER","NAME MATCH ONLY - SPECIFICATION REQUIRED","physical_inventory","Lessons/Grades_5-6_YearA/Week04_Experimental_Design.md","5-6","Weekly","A","CORE","rebuilt"
"Plain paper","PAPER","NAME MATCH ONLY - SPECIFICATION REQUIRED","physical_inventory","Lessons/Grades_5-6_YearA/Week05-06_Structural_Engineering.md","5-6","Weekly","A","CORE","rebuilt"
"Plain paper","PAPER","NAME MATCH ONLY - SPECIFICATION REQUIRED","physical_inventory","Lessons/Grades_5-6_YearA/Week07-09_Social_Innovation.md","5-6","Weekly","A","CORE","rebuilt"
"Plain paper","PAPER","NAME MATCH ONLY - SPECIFICATION REQUIRED","physical_inventory","Lessons/Grades_5-6_YearA/Week10_Advanced_Bridges.md","5-6","Weekly","A","RECOMMENDED","rebuilt"
"Plain paper","PAPER","NAME MATCH ONLY - SPECIFICATION REQUIRED","physical_inventory","Lessons/Grades_5-6_YearA/Week11_Gratitude_Coding.md","5-6","Weekly","A","RECOMMENDED","rebuilt"
"Plain paper","PAPER","NAME MATCH ONLY - SPECIFICATION REQUIRED","physical_inventory","Lessons/Grades_5-6_YearA/Week12_Giving_Making.md","5-6","Weekly","A","RECOMMENDED","rebuilt"
"Plain paper","PAPER","NAME MATCH ONLY - SPECIFICATION REQUIRED","physical_inventory","Lessons/Grades_5-6_YearA/Week13_Fall_Showcase.md","5-6","Weekly","A","OPTIONAL","rebuilt"
"Plain paper","PAPER","NAME MATCH ONLY - SPECIFICATION REQUIRED","physical_inventory","Lessons/Grades_5-6_YearA/Week14-15_Optics_Light.md","5-6","Weekly","A","CORE","rebuilt"
"Plain paper","PAPER","NAME MATCH ONLY - SPECIFICATION REQUIRED","physical_inventory","Lessons/Grades_5-6_YearA/Week16_Astronomy.md","5-6","Weekly","A","CORE","rebuilt"
"Plain paper","PAPER","NAME MATCH ONLY - SPECIFICATION REQUIRED","physical_inventory","Lessons/Grades_5-6_YearA/Week18_Goal_Engineering.md","5-6","Weekly","A","RECOMMENDED","rebuilt"
"Plain paper","PAPER","NAME MATCH ONLY - SPECIFICATION REQUIRED","physical_inventory","Lessons/Grades_5-6_YearA/Week19-22_Passion_Projects.md","5-6","Weekly","A","CORE","rebuilt"
"Plain paper","PAPER","NAME MATCH ONLY - SPECIFICATION REQUIRED","physical_inventory","Lessons/Grades_5-6_YearA/Week23_Catholic_Schools_Week.md","5-6","Weekly","A","OPTIONAL","rebuilt"
"Plain paper","PAPER","NAME MATCH ONLY - SPECIFICATION REQUIRED","physical_inventory","Lessons/Grades_5-6_YearA/Week24-25_Advanced_Scratch.md","5-6","Weekly","A","RECOMMENDED","rebuilt"
"Plain paper","PAPER","NAME MATCH ONLY - SPECIFICATION REQUIRED","physical_inventory","Lessons/Grades_5-6_YearA/Week26-27_Little_Bits.md","5-6","Weekly","A","CORE","rebuilt"
"Plain paper","PAPER","NAME MATCH ONLY - SPECIFICATION REQUIRED","physical_inventory","Lessons/Grades_5-6_YearA/Week28_Pi_Day.md","5-6","Weekly","A","RECOMMENDED","rebuilt"
"Plain paper","PAPER","NAME MATCH ONLY - SPECIFICATION REQUIRED","physical_inventory","Lessons/Grades_5-6_YearA/Week29-31_Environmental_Science.md","5-6","Weekly","A","CORE","rebuilt"
"Plain paper","PAPER","NAME MATCH ONLY - SPECIFICATION REQUIRED","physical_inventory","Lessons/Grades_5-6_YearA/Week33_Easter_Engineering.md","5-6","Weekly","A","RECOMMENDED","rebuilt"
"Plain paper","PAPER","NAME MATCH ONLY - SPECIFICATION REQUIRED","physical_inventory","Lessons/Grades_5-6_YearA/Week34_STREAM_Expo.md","5-6","Weekly","A","CORE","rebuilt"
"Plain paper","PAPER","NAME MATCH ONLY - SPECIFICATION REQUIRED","physical_inventory","Lessons/Grades_5-6_YearB/Week01_Welcome_Innovators.md","5-6","Weekly","B","CORE","rebuilt"
"Plain paper","PAPER","NAME MATCH ONLY - SPECIFICATION REQUIRED","physical_inventory","Lessons/Grades_5-6_YearB/Week02-04_Biotechnology.md","5-6","Weekly","B","CORE","rebuilt"
"Plain paper","PAPER","NAME MATCH ONLY - SPECIFICATION REQUIRED","physical_inventory","Lessons/Grades_5-6_YearB/Week05-07_Renewable_Energy.md","5-6","Weekly","B","CORE","rebuilt"
"Plain paper","PAPER","NAME MATCH ONLY - SPECIFICATION REQUIRED","physical_inventory","Lessons/Grades_5-6_YearB/Week08-10_Biomimicry.md","5-6","Weekly","B","CORE","rebuilt"
"Plain paper","PAPER","NAME MATCH ONLY - SPECIFICATION REQUIRED","physical_inventory","Lessons/Grades_5-6_YearB/Week11_Thanksgiving_Data.md","5-6","Weekly","B","RECOMMENDED","rebuilt"
"Plain paper","PAPER","NAME MATCH ONLY - SPECIFICATION REQUIRED","physical_inventory","Lessons/Grades_5-6_YearB/Week12_Gifts_Service.md","5-6","Weekly","B","RECOMMENDED","rebuilt"
"Plain paper","PAPER","NAME MATCH ONLY - SPECIFICATION REQUIRED","physical_inventory","Lessons/Grades_5-6_YearB/Week13_Advent_Technology.md","5-6","Weekly","B","OPTIONAL","rebuilt"
"Plain paper","PAPER","NAME MATCH ONLY - SPECIFICATION REQUIRED","physical_inventory","Lessons/Grades_5-6_YearB/Week14-18_App_Development.md","5-6","Weekly","B","CORE","rebuilt"
"Plain paper","PAPER","NAME MATCH ONLY - SPECIFICATION REQUIRED","physical_inventory","Lessons/Grades_5-6_YearB/Week19_New_Year_Vision.md","5-6","Weekly","B","RECOMMENDED","rebuilt"
"Plain paper","PAPER","NAME MATCH ONLY - SPECIFICATION REQUIRED","physical_inventory","Lessons/Grades_5-6_YearB/Week20-23_Social_Entrepreneurship.md","5-6","Weekly","B","CORE","rebuilt"
"Plain paper","PAPER","NAME MATCH ONLY - SPECIFICATION REQUIRED","physical_inventory","Lessons/Grades_5-6_YearB/Week24_Catholic_Schools.md","5-6","Weekly","B","OPTIONAL","rebuilt"
"Plain paper","PAPER","NAME MATCH ONLY - SPECIFICATION REQUIRED","physical_inventory","Lessons/Grades_5-6_YearB/Week25-28_Health_Technology.md","5-6","Weekly","B","CORE","rebuilt"
"Plain paper","PAPER","NAME MATCH ONLY - SPECIFICATION REQUIRED","physical_inventory","Lessons/Grades_5-6_YearB/Week29-31_Environmental_Monitoring.md","5-6","Weekly","B","CORE","rebuilt"
"Plain paper","PAPER","NAME MATCH ONLY - SPECIFICATION REQUIRED","physical_inventory","Lessons/Grades_5-6_YearB/Week33_Easter_Hope.md","5-6","Weekly","B","RECOMMENDED","rebuilt"
"Plain paper","PAPER","NAME MATCH ONLY - SPECIFICATION REQUIRED","physical_inventory","Lessons/Grades_5-6_YearB/Week34_Exhibition.md","5-6","Weekly","B","CORE","rebuilt"
"Plastic graduated measuring cup","MEASURECUP","NAME MATCH ONLY - SPECIFICATION REQUIRED","physical_inventory","Lessons/Grades_5-6_YearA/Week14-15_Optics_Light.md","5-6","Weekly","A","CORE","rebuilt"
"Plastic magnifier","MAGNIFIER","NAME MATCH ONLY - SPECIFICATION REQUIRED","physical_inventory","Lessons/Bi-Weekly/Grades_5-6_YearB/Session04_Forensic_Science.md","5-6","Bi-Weekly","B","CORE","rebuilt"
"Prepared resource: approved source text","RESOURCE:APPROVEDSOURCE","DECLARED RESOURCE - LOCAL ACCESS REQUIRED","source_text","Lessons/Bi-Weekly/Grades_5-6_YearA/Session09_Catholic_Scientists.md","5-6","Bi-Weekly","A","RECOMMENDED","rebuilt"
"Prepared resource: approved source text","RESOURCE:APPROVEDSOURCE","DECLARED RESOURCE - LOCAL ACCESS REQUIRED","source_text","Lessons/Bi-Weekly/Grades_5-6_YearB/Session09_Science_Faith.md","5-6","Bi-Weekly","B","RECOMMENDED","rebuilt"
"Prepared resource: dated learning records","RESOURCE:PORTFOLIO","DECLARED RESOURCE - LOCAL ACCESS REQUIRED","documentation_format","Lessons/Bi-Weekly/Grades_5-6_YearA/Session01_Design_Process.md","5-6","Bi-Weekly","A","CORE","rebuilt"
"Prepared resource: dated learning records","RESOURCE:PORTFOLIO","DECLARED RESOURCE - LOCAL ACCESS REQUIRED","documentation_format","Lessons/Bi-Weekly/Grades_5-6_YearA/Session05_Scratch_Advanced.md","5-6","Bi-Weekly","A","CORE","rebuilt"
"Prepared resource: dated learning records","RESOURCE:PORTFOLIO","DECLARED RESOURCE - LOCAL ACCESS REQUIRED","documentation_format","Lessons/Bi-Weekly/Grades_5-6_YearA/Session07_Christmas_Electronics.md","5-6","Bi-Weekly","A","CORE","rebuilt"
"Prepared resource: dated learning records","RESOURCE:PORTFOLIO","DECLARED RESOURCE - LOCAL ACCESS REQUIRED","documentation_format","Lessons/Bi-Weekly/Grades_5-6_YearA/Session17_Exhibition.md","5-6","Bi-Weekly","A","CORE","rebuilt"
"Prepared resource: dated learning records","RESOURCE:PORTFOLIO","DECLARED RESOURCE - LOCAL ACCESS REQUIRED","documentation_format","Lessons/Bi-Weekly/Grades_5-6_YearB/Session01_Engineering_Thinking.md","5-6","Bi-Weekly","B","CORE","rebuilt"
"Prepared resource: dated learning records","RESOURCE:PORTFOLIO","DECLARED RESOURCE - LOCAL ACCESS REQUIRED","documentation_format","Lessons/Bi-Weekly/Grades_5-6_YearB/Session02_Sphero_Sensors.md","5-6","Bi-Weekly","B","CORE","rebuilt"
"Prepared resource: dated learning records","RESOURCE:PORTFOLIO","DECLARED RESOURCE - LOCAL ACCESS REQUIRED","documentation_format","Lessons/Bi-Weekly/Grades_5-6_YearB/Session04_Forensic_Science.md","5-6","Bi-Weekly","B","CORE","rebuilt"
"Prepared resource: dated learning records","RESOURCE:PORTFOLIO","DECLARED RESOURCE - LOCAL ACCESS REQUIRED","documentation_format","Lessons/Bi-Weekly/Grades_5-6_YearB/Session17_Celebration.md","5-6","Bi-Weekly","B","CORE","rebuilt"
"Prepared resource: dated learning records","RESOURCE:PORTFOLIO","DECLARED RESOURCE - LOCAL ACCESS REQUIRED","documentation_format","Lessons/Grades_5-6_YearA/Week01_Welcome_to_CSTREAM.md","5-6","Weekly","A","CORE","rebuilt"
"Prepared resource: dated learning records","RESOURCE:PORTFOLIO","DECLARED RESOURCE - LOCAL ACCESS REQUIRED","documentation_format","Lessons/Grades_5-6_YearA/Week02-03_Sphero_Mastery.md","5-6","Weekly","A","CORE","rebuilt"
"Prepared resource: dated learning records","RESOURCE:PORTFOLIO","DECLARED RESOURCE - LOCAL ACCESS REQUIRED","documentation_format","Lessons/Grades_5-6_YearA/Week13_Fall_Showcase.md","5-6","Weekly","A","OPTIONAL","rebuilt"
"Prepared resource: dated learning records","RESOURCE:PORTFOLIO","DECLARED RESOURCE - LOCAL ACCESS REQUIRED","documentation_format","Lessons/Grades_5-6_YearA/Week18_Goal_Engineering.md","5-6","Weekly","A","RECOMMENDED","rebuilt"
"Prepared resource: dated learning records","RESOURCE:PORTFOLIO","DECLARED RESOURCE - LOCAL ACCESS REQUIRED","documentation_format","Lessons/Grades_5-6_YearA/Week29-31_Environmental_Science.md","5-6","Weekly","A","CORE","rebuilt"
"Prepared resource: dated learning records","RESOURCE:PORTFOLIO","DECLARED RESOURCE - LOCAL ACCESS REQUIRED","documentation_format","Lessons/Grades_5-6_YearA/Week34_STREAM_Expo.md","5-6","Weekly","A","CORE","rebuilt"
"Prepared resource: dated learning records","RESOURCE:PORTFOLIO","DECLARED RESOURCE - LOCAL ACCESS REQUIRED","documentation_format","Lessons/Grades_5-6_YearB/Week01_Welcome_Innovators.md","5-6","Weekly","B","CORE","rebuilt"
"Prepared resource: dated learning records","RESOURCE:PORTFOLIO","DECLARED RESOURCE - LOCAL ACCESS REQUIRED","documentation_format","Lessons/Grades_5-6_YearB/Week02-04_Biotechnology.md","5-6","Weekly","B","CORE","rebuilt"
"Prepared resource: dated learning records","RESOURCE:PORTFOLIO","DECLARED RESOURCE - LOCAL ACCESS REQUIRED","documentation_format","Lessons/Grades_5-6_YearB/Week05-07_Renewable_Energy.md","5-6","Weekly","B","CORE","rebuilt"
"Prepared resource: dated learning records","RESOURCE:PORTFOLIO","DECLARED RESOURCE - LOCAL ACCESS REQUIRED","documentation_format","Lessons/Grades_5-6_YearB/Week08-10_Biomimicry.md","5-6","Weekly","B","CORE","rebuilt"
"Prepared resource: dated learning records","RESOURCE:PORTFOLIO","DECLARED RESOURCE - LOCAL ACCESS REQUIRED","documentation_format","Lessons/Grades_5-6_YearB/Week14-18_App_Development.md","5-6","Weekly","B","CORE","rebuilt"
"Prepared resource: dated learning records","RESOURCE:PORTFOLIO","DECLARED RESOURCE - LOCAL ACCESS REQUIRED","documentation_format","Lessons/Grades_5-6_YearB/Week19_New_Year_Vision.md","5-6","Weekly","B","RECOMMENDED","rebuilt"
"Prepared resource: dated learning records","RESOURCE:PORTFOLIO","DECLARED RESOURCE - LOCAL ACCESS REQUIRED","documentation_format","Lessons/Grades_5-6_YearB/Week34_Exhibition.md","5-6","Weekly","B","CORE","rebuilt"
"Prepared resource: lesson-specific cards","RESOURCE:CLASSCARDS","DECLARED RESOURCE - LOCAL ACCESS REQUIRED","teacher_prepared","Lessons/Bi-Weekly/Grades_5-6_YearA/Session09_Catholic_Scientists.md","5-6","Bi-Weekly","A","RECOMMENDED","rebuilt"
"Prepared resource: lesson-specific cards","RESOURCE:CLASSCARDS","DECLARED RESOURCE - LOCAL ACCESS REQUIRED","teacher_prepared","Lessons/Bi-Weekly/Grades_5-6_YearB/Session09_Science_Faith.md","5-6","Bi-Weekly","B","RECOMMENDED","rebuilt"
"Protected switched 2-AA circuit pack","PACK","NAME MATCH ONLY - SPECIFICATION REQUIRED","physical_inventory","Lessons/Bi-Weekly/Grades_5-6_YearA/Session07_Christmas_Electronics.md","5-6","Bi-Weekly","A","CORE","rebuilt"
"Removable floor-marking tape","FLOORTAPE","NAME MATCH ONLY - SPECIFICATION REQUIRED","physical_inventory","Lessons/Bi-Weekly/Grades_5-6_YearA/Session14_Sphero_Challenge.md","5-6","Bi-Weekly","A","RECOMMENDED","rebuilt"
"Removable floor-marking tape","FLOORTAPE","NAME MATCH ONLY - SPECIFICATION REQUIRED","physical_inventory","Lessons/Bi-Weekly/Grades_5-6_YearB/Session14_Robot_Olympics.md","5-6","Bi-Weekly","B","RECOMMENDED","rebuilt"
"Rigid circular plastic lid","UPPERLID","NAME MATCH ONLY - SPECIFICATION REQUIRED","physical_inventory","Lessons/Grades_5-6_YearA/Week28_Pi_Day.md","5-6","Weekly","A","RECOMMENDED","rebuilt"
"School pencil","PENCIL","NAME MATCH ONLY - SPECIFICATION REQUIRED","physical_inventory","Lessons/Bi-Weekly/Grades_5-6_YearA/Session01_Design_Process.md","5-6","Bi-Weekly","A","CORE","rebuilt"
"School pencil","PENCIL","NAME MATCH ONLY - SPECIFICATION REQUIRED","physical_inventory","Lessons/Bi-Weekly/Grades_5-6_YearA/Session02_Sphero_Advanced.md","5-6","Bi-Weekly","A","CORE","rebuilt"
"School pencil","PENCIL","NAME MATCH ONLY - SPECIFICATION REQUIRED","physical_inventory","Lessons/Bi-Weekly/Grades_5-6_YearA/Session03_Structural_Engineering.md","5-6","Bi-Weekly","A","CORE","rebuilt"
"School pencil","PENCIL","NAME MATCH ONLY - SPECIFICATION REQUIRED","physical_inventory","Lessons/Bi-Weekly/Grades_5-6_YearA/Session04_Body_Systems.md","5-6","Bi-Weekly","A","CORE","rebuilt"
"School pencil","PENCIL","NAME MATCH ONLY - SPECIFICATION REQUIRED","physical_inventory","Lessons/Bi-Weekly/Grades_5-6_YearA/Session05_Scratch_Advanced.md","5-6","Bi-Weekly","A","CORE","rebuilt"
"School pencil","PENCIL","NAME MATCH ONLY - SPECIFICATION REQUIRED","physical_inventory","Lessons/Bi-Weekly/Grades_5-6_YearA/Session06_Thanksgiving_Innovation.md","5-6","Bi-Weekly","A","RECOMMENDED","rebuilt"
"School pencil","PENCIL","NAME MATCH ONLY - SPECIFICATION REQUIRED","physical_inventory","Lessons/Bi-Weekly/Grades_5-6_YearA/Session07_Christmas_Electronics.md","5-6","Bi-Weekly","A","CORE","rebuilt"
"School pencil","PENCIL","NAME MATCH ONLY - SPECIFICATION REQUIRED","physical_inventory","Lessons/Bi-Weekly/Grades_5-6_YearA/Session08_App_Inventor.md","5-6","Bi-Weekly","A","RECOMMENDED","rebuilt"
"School pencil","PENCIL","NAME MATCH ONLY - SPECIFICATION REQUIRED","physical_inventory","Lessons/Bi-Weekly/Grades_5-6_YearA/Session09_Catholic_Scientists.md","5-6","Bi-Weekly","A","RECOMMENDED","rebuilt"
"School pencil","PENCIL","NAME MATCH ONLY - SPECIFICATION REQUIRED","physical_inventory","Lessons/Bi-Weekly/Grades_5-6_YearA/Session10_Environmental_Science.md","5-6","Bi-Weekly","A","CORE","rebuilt"
"School pencil","PENCIL","NAME MATCH ONLY - SPECIFICATION REQUIRED","physical_inventory","Lessons/Bi-Weekly/Grades_5-6_YearA/Session11_Lenten_Engineering.md","5-6","Bi-Weekly","A","RECOMMENDED","rebuilt"
"School pencil","PENCIL","NAME MATCH ONLY - SPECIFICATION REQUIRED","physical_inventory","Lessons/Bi-Weekly/Grades_5-6_YearA/Session12_Life_Science.md","5-6","Bi-Weekly","A","CORE","rebuilt"
"School pencil","PENCIL","NAME MATCH ONLY - SPECIFICATION REQUIRED","physical_inventory","Lessons/Bi-Weekly/Grades_5-6_YearA/Session13_Easter_Tech.md","5-6","Bi-Weekly","A","OPTIONAL","rebuilt"
"School pencil","PENCIL","NAME MATCH ONLY - SPECIFICATION REQUIRED","physical_inventory","Lessons/Bi-Weekly/Grades_5-6_YearA/Session14_Sphero_Challenge.md","5-6","Bi-Weekly","A","RECOMMENDED","rebuilt"
"School pencil","PENCIL","NAME MATCH ONLY - SPECIFICATION REQUIRED","physical_inventory","Lessons/Bi-Weekly/Grades_5-6_YearA/Session15_Physics_Motion.md","5-6","Bi-Weekly","A","CORE","rebuilt"
"School pencil","PENCIL","NAME MATCH ONLY - SPECIFICATION REQUIRED","physical_inventory","Lessons/Bi-Weekly/Grades_5-6_YearA/Session16_Advanced_Invention.md","5-6","Bi-Weekly","A","CORE","rebuilt"
"School pencil","PENCIL","NAME MATCH ONLY - SPECIFICATION REQUIRED","physical_inventory","Lessons/Bi-Weekly/Grades_5-6_YearA/Session17_Exhibition.md","5-6","Bi-Weekly","A","CORE","rebuilt"
"School pencil","PENCIL","NAME MATCH ONLY - SPECIFICATION REQUIRED","physical_inventory","Lessons/Bi-Weekly/Grades_5-6_YearB/Session01_Engineering_Thinking.md","5-6","Bi-Weekly","B","CORE","rebuilt"
"School pencil","PENCIL","NAME MATCH ONLY - SPECIFICATION REQUIRED","physical_inventory","Lessons/Bi-Weekly/Grades_5-6_YearB/Session02_Sphero_Sensors.md","5-6","Bi-Weekly","B","CORE","rebuilt"
"School pencil","PENCIL","NAME MATCH ONLY - SPECIFICATION REQUIRED","physical_inventory","Lessons/Bi-Weekly/Grades_5-6_YearB/Session03_Architecture.md","5-6","Bi-Weekly","B","CORE","rebuilt"
"School pencil","PENCIL","NAME MATCH ONLY - SPECIFICATION REQUIRED","physical_inventory","Lessons/Bi-Weekly/Grades_5-6_YearB/Session04_Forensic_Science.md","5-6","Bi-Weekly","B","CORE","rebuilt"
"School pencil","PENCIL","NAME MATCH ONLY - SPECIFICATION REQUIRED","physical_inventory","Lessons/Bi-Weekly/Grades_5-6_YearB/Session05_Scratch_Games.md","5-6","Bi-Weekly","B","CORE","rebuilt"
"School pencil","PENCIL","NAME MATCH ONLY - SPECIFICATION REQUIRED","physical_inventory","Lessons/Bi-Weekly/Grades_5-6_YearB/Session06_Gratitude_Design.md","5-6","Bi-Weekly","B","RECOMMENDED","rebuilt"
"School pencil","PENCIL","NAME MATCH ONLY - SPECIFICATION REQUIRED","physical_inventory","Lessons/Bi-Weekly/Grades_5-6_YearB/Session07_Advent_Coding.md","5-6","Bi-Weekly","B","RECOMMENDED","rebuilt"
"School pencil","PENCIL","NAME MATCH ONLY - SPECIFICATION REQUIRED","physical_inventory","Lessons/Bi-Weekly/Grades_5-6_YearB/Session08_App_Design.md","5-6","Bi-Weekly","B","RECOMMENDED","rebuilt"
"School pencil","PENCIL","NAME MATCH ONLY - SPECIFICATION REQUIRED","physical_inventory","Lessons/Bi-Weekly/Grades_5-6_YearB/Session09_Science_Faith.md","5-6","Bi-Weekly","B","RECOMMENDED","rebuilt"
"School pencil","PENCIL","NAME MATCH ONLY - SPECIFICATION REQUIRED","physical_inventory","Lessons/Bi-Weekly/Grades_5-6_YearB/Session10_Space_Science.md","5-6","Bi-Weekly","B","CORE","rebuilt"
"School pencil","PENCIL","NAME MATCH ONLY - SPECIFICATION REQUIRED","physical_inventory","Lessons/Bi-Weekly/Grades_5-6_YearB/Session11_Mercy_Engineering.md","5-6","Bi-Weekly","B","RECOMMENDED","rebuilt"
"School pencil","PENCIL","NAME MATCH ONLY - SPECIFICATION REQUIRED","physical_inventory","Lessons/Bi-Weekly/Grades_5-6_YearB/Session12_Ecosystems.md","5-6","Bi-Weekly","B","CORE","rebuilt"
"School pencil","PENCIL","NAME MATCH ONLY - SPECIFICATION REQUIRED","physical_inventory","Lessons/Bi-Weekly/Grades_5-6_YearB/Session13_New_Life_Tech.md","5-6","Bi-Weekly","B","OPTIONAL","rebuilt"
"School pencil","PENCIL","NAME MATCH ONLY - SPECIFICATION REQUIRED","physical_inventory","Lessons/Bi-Weekly/Grades_5-6_YearB/Session14_Robot_Olympics.md","5-6","Bi-Weekly","B","RECOMMENDED","rebuilt"
"School pencil","PENCIL","NAME MATCH ONLY - SPECIFICATION REQUIRED","physical_inventory","Lessons/Bi-Weekly/Grades_5-6_YearB/Session15_Energy_Science.md","5-6","Bi-Weekly","B","CORE","rebuilt"
"School pencil","PENCIL","NAME MATCH ONLY - SPECIFICATION REQUIRED","physical_inventory","Lessons/Bi-Weekly/Grades_5-6_YearB/Session16_Innovation_Lab.md","5-6","Bi-Weekly","B","CORE","rebuilt"
"School pencil","PENCIL","NAME MATCH ONLY - SPECIFICATION REQUIRED","physical_inventory","Lessons/Bi-Weekly/Grades_5-6_YearB/Session17_Celebration.md","5-6","Bi-Weekly","B","CORE","rebuilt"
"School pencil","PENCIL","NAME MATCH ONLY - SPECIFICATION REQUIRED","physical_inventory","Lessons/Grades_5-6_YearA/Week01_Welcome_to_CSTREAM.md","5-6","Weekly","A","CORE","rebuilt"
"School pencil","PENCIL","NAME MATCH ONLY - SPECIFICATION REQUIRED","physical_inventory","Lessons/Grades_5-6_YearA/Week02-03_Sphero_Mastery.md","5-6","Weekly","A","CORE","rebuilt"
"School pencil","PENCIL","NAME MATCH ONLY - SPECIFICATION REQUIRED","physical_inventory","Lessons/Grades_5-6_YearA/Week04_Experimental_Design.md","5-6","Weekly","A","CORE","rebuilt"
"School pencil","PENCIL","NAME MATCH ONLY - SPECIFICATION REQUIRED","physical_inventory","Lessons/Grades_5-6_YearA/Week05-06_Structural_Engineering.md","5-6","Weekly","A","CORE","rebuilt"
"School pencil","PENCIL","NAME MATCH ONLY - SPECIFICATION REQUIRED","physical_inventory","Lessons/Grades_5-6_YearA/Week07-09_Social_Innovation.md","5-6","Weekly","A","CORE","rebuilt"
"School pencil","PENCIL","NAME MATCH ONLY - SPECIFICATION REQUIRED","physical_inventory","Lessons/Grades_5-6_YearA/Week10_Advanced_Bridges.md","5-6","Weekly","A","RECOMMENDED","rebuilt"
"School pencil","PENCIL","NAME MATCH ONLY - SPECIFICATION REQUIRED","physical_inventory","Lessons/Grades_5-6_YearA/Week11_Gratitude_Coding.md","5-6","Weekly","A","RECOMMENDED","rebuilt"
"School pencil","PENCIL","NAME MATCH ONLY - SPECIFICATION REQUIRED","physical_inventory","Lessons/Grades_5-6_YearA/Week12_Giving_Making.md","5-6","Weekly","A","RECOMMENDED","rebuilt"
"School pencil","PENCIL","NAME MATCH ONLY - SPECIFICATION REQUIRED","physical_inventory","Lessons/Grades_5-6_YearA/Week13_Fall_Showcase.md","5-6","Weekly","A","OPTIONAL","rebuilt"
"School pencil","PENCIL","NAME MATCH ONLY - SPECIFICATION REQUIRED","physical_inventory","Lessons/Grades_5-6_YearA/Week14-15_Optics_Light.md","5-6","Weekly","A","CORE","rebuilt"
"School pencil","PENCIL","NAME MATCH ONLY - SPECIFICATION REQUIRED","physical_inventory","Lessons/Grades_5-6_YearA/Week16_Astronomy.md","5-6","Weekly","A","CORE","rebuilt"
"School pencil","PENCIL","NAME MATCH ONLY - SPECIFICATION REQUIRED","physical_inventory","Lessons/Grades_5-6_YearA/Week18_Goal_Engineering.md","5-6","Weekly","A","RECOMMENDED","rebuilt"
"School pencil","PENCIL","NAME MATCH ONLY - SPECIFICATION REQUIRED","physical_inventory","Lessons/Grades_5-6_YearA/Week19-22_Passion_Projects.md","5-6","Weekly","A","CORE","rebuilt"
"School pencil","PENCIL","NAME MATCH ONLY - SPECIFICATION REQUIRED","physical_inventory","Lessons/Grades_5-6_YearA/Week23_Catholic_Schools_Week.md","5-6","Weekly","A","OPTIONAL","rebuilt"
"School pencil","PENCIL","NAME MATCH ONLY - SPECIFICATION REQUIRED","physical_inventory","Lessons/Grades_5-6_YearA/Week24-25_Advanced_Scratch.md","5-6","Weekly","A","RECOMMENDED","rebuilt"
"School pencil","PENCIL","NAME MATCH ONLY - SPECIFICATION REQUIRED","physical_inventory","Lessons/Grades_5-6_YearA/Week26-27_Little_Bits.md","5-6","Weekly","A","CORE","rebuilt"
"School pencil","PENCIL","NAME MATCH ONLY - SPECIFICATION REQUIRED","physical_inventory","Lessons/Grades_5-6_YearA/Week28_Pi_Day.md","5-6","Weekly","A","RECOMMENDED","rebuilt"
"School pencil","PENCIL","NAME MATCH ONLY - SPECIFICATION REQUIRED","physical_inventory","Lessons/Grades_5-6_YearA/Week29-31_Environmental_Science.md","5-6","Weekly","A","CORE","rebuilt"
"School pencil","PENCIL","NAME MATCH ONLY - SPECIFICATION REQUIRED","physical_inventory","Lessons/Grades_5-6_YearA/Week33_Easter_Engineering.md","5-6","Weekly","A","RECOMMENDED","rebuilt"
"School pencil","PENCIL","NAME MATCH ONLY - SPECIFICATION REQUIRED","physical_inventory","Lessons/Grades_5-6_YearA/Week34_STREAM_Expo.md","5-6","Weekly","A","CORE","rebuilt"
"School pencil","PENCIL","NAME MATCH ONLY - SPECIFICATION REQUIRED","physical_inventory","Lessons/Grades_5-6_YearB/Week01_Welcome_Innovators.md","5-6","Weekly","B","CORE","rebuilt"
"School pencil","PENCIL","NAME MATCH ONLY - SPECIFICATION REQUIRED","physical_inventory","Lessons/Grades_5-6_YearB/Week02-04_Biotechnology.md","5-6","Weekly","B","CORE","rebuilt"
"School pencil","PENCIL","NAME MATCH ONLY - SPECIFICATION REQUIRED","physical_inventory","Lessons/Grades_5-6_YearB/Week05-07_Renewable_Energy.md","5-6","Weekly","B","CORE","rebuilt"
"School pencil","PENCIL","NAME MATCH ONLY - SPECIFICATION REQUIRED","physical_inventory","Lessons/Grades_5-6_YearB/Week08-10_Biomimicry.md","5-6","Weekly","B","CORE","rebuilt"
"School pencil","PENCIL","NAME MATCH ONLY - SPECIFICATION REQUIRED","physical_inventory","Lessons/Grades_5-6_YearB/Week11_Thanksgiving_Data.md","5-6","Weekly","B","RECOMMENDED","rebuilt"
"School pencil","PENCIL","NAME MATCH ONLY - SPECIFICATION REQUIRED","physical_inventory","Lessons/Grades_5-6_YearB/Week12_Gifts_Service.md","5-6","Weekly","B","RECOMMENDED","rebuilt"
"School pencil","PENCIL","NAME MATCH ONLY - SPECIFICATION REQUIRED","physical_inventory","Lessons/Grades_5-6_YearB/Week13_Advent_Technology.md","5-6","Weekly","B","OPTIONAL","rebuilt"
"School pencil","PENCIL","NAME MATCH ONLY - SPECIFICATION REQUIRED","physical_inventory","Lessons/Grades_5-6_YearB/Week14-18_App_Development.md","5-6","Weekly","B","CORE","rebuilt"
"School pencil","PENCIL","NAME MATCH ONLY - SPECIFICATION REQUIRED","physical_inventory","Lessons/Grades_5-6_YearB/Week19_New_Year_Vision.md","5-6","Weekly","B","RECOMMENDED","rebuilt"
"School pencil","PENCIL","NAME MATCH ONLY - SPECIFICATION REQUIRED","physical_inventory","Lessons/Grades_5-6_YearB/Week20-23_Social_Entrepreneurship.md","5-6","Weekly","B","CORE","rebuilt"
"School pencil","PENCIL","NAME MATCH ONLY - SPECIFICATION REQUIRED","physical_inventory","Lessons/Grades_5-6_YearB/Week24_Catholic_Schools.md","5-6","Weekly","B","OPTIONAL","rebuilt"
"School pencil","PENCIL","NAME MATCH ONLY - SPECIFICATION REQUIRED","physical_inventory","Lessons/Grades_5-6_YearB/Week25-28_Health_Technology.md","5-6","Weekly","B","CORE","rebuilt"
"School pencil","PENCIL","NAME MATCH ONLY - SPECIFICATION REQUIRED","physical_inventory","Lessons/Grades_5-6_YearB/Week29-31_Environmental_Monitoring.md","5-6","Weekly","B","CORE","rebuilt"
"School pencil","PENCIL","NAME MATCH ONLY - SPECIFICATION REQUIRED","physical_inventory","Lessons/Grades_5-6_YearB/Week33_Easter_Hope.md","5-6","Weekly","B","RECOMMENDED","rebuilt"
"School pencil","PENCIL","NAME MATCH ONLY - SPECIFICATION REQUIRED","physical_inventory","Lessons/Grades_5-6_YearB/Week34_Exhibition.md","5-6","Weekly","B","CORE","rebuilt"
"School-approved marker","MARKER","NAME MATCH ONLY - SPECIFICATION REQUIRED","physical_inventory","Lessons/Bi-Weekly/Grades_5-6_YearA/Session01_Design_Process.md","5-6","Bi-Weekly","A","CORE","rebuilt"
"School-approved marker","MARKER","NAME MATCH ONLY - SPECIFICATION REQUIRED","physical_inventory","Lessons/Bi-Weekly/Grades_5-6_YearA/Session04_Body_Systems.md","5-6","Bi-Weekly","A","CORE","rebuilt"
"School-approved marker","MARKER","NAME MATCH ONLY - SPECIFICATION REQUIRED","physical_inventory","Lessons/Bi-Weekly/Grades_5-6_YearA/Session05_Scratch_Advanced.md","5-6","Bi-Weekly","A","CORE","rebuilt"
"School-approved marker","MARKER","NAME MATCH ONLY - SPECIFICATION REQUIRED","physical_inventory","Lessons/Bi-Weekly/Grades_5-6_YearA/Session06_Thanksgiving_Innovation.md","5-6","Bi-Weekly","A","RECOMMENDED","rebuilt"
"School-approved marker","MARKER","NAME MATCH ONLY - SPECIFICATION REQUIRED","physical_inventory","Lessons/Bi-Weekly/Grades_5-6_YearA/Session07_Christmas_Electronics.md","5-6","Bi-Weekly","A","CORE","rebuilt"
"School-approved marker","MARKER","NAME MATCH ONLY - SPECIFICATION REQUIRED","physical_inventory","Lessons/Bi-Weekly/Grades_5-6_YearA/Session09_Catholic_Scientists.md","5-6","Bi-Weekly","A","RECOMMENDED","rebuilt"
"School-approved marker","MARKER","NAME MATCH ONLY - SPECIFICATION REQUIRED","physical_inventory","Lessons/Bi-Weekly/Grades_5-6_YearA/Session10_Environmental_Science.md","5-6","Bi-Weekly","A","CORE","rebuilt"
"School-approved marker","MARKER","NAME MATCH ONLY - SPECIFICATION REQUIRED","physical_inventory","Lessons/Bi-Weekly/Grades_5-6_YearA/Session11_Lenten_Engineering.md","5-6","Bi-Weekly","A","RECOMMENDED","rebuilt"
"School-approved marker","MARKER","NAME MATCH ONLY - SPECIFICATION REQUIRED","physical_inventory","Lessons/Bi-Weekly/Grades_5-6_YearA/Session12_Life_Science.md","5-6","Bi-Weekly","A","CORE","rebuilt"
"School-approved marker","MARKER","NAME MATCH ONLY - SPECIFICATION REQUIRED","physical_inventory","Lessons/Bi-Weekly/Grades_5-6_YearA/Session13_Easter_Tech.md","5-6","Bi-Weekly","A","OPTIONAL","rebuilt"
"School-approved marker","MARKER","NAME MATCH ONLY - SPECIFICATION REQUIRED","physical_inventory","Lessons/Bi-Weekly/Grades_5-6_YearA/Session16_Advanced_Invention.md","5-6","Bi-Weekly","A","CORE","rebuilt"
"School-approved marker","MARKER","NAME MATCH ONLY - SPECIFICATION REQUIRED","physical_inventory","Lessons/Bi-Weekly/Grades_5-6_YearA/Session17_Exhibition.md","5-6","Bi-Weekly","A","CORE","rebuilt"
"School-approved marker","MARKER","NAME MATCH ONLY - SPECIFICATION REQUIRED","physical_inventory","Lessons/Bi-Weekly/Grades_5-6_YearB/Session02_Sphero_Sensors.md","5-6","Bi-Weekly","B","CORE","rebuilt"
"School-approved marker","MARKER","NAME MATCH ONLY - SPECIFICATION REQUIRED","physical_inventory","Lessons/Bi-Weekly/Grades_5-6_YearB/Session03_Architecture.md","5-6","Bi-Weekly","B","CORE","rebuilt"
"School-approved marker","MARKER","NAME MATCH ONLY - SPECIFICATION REQUIRED","physical_inventory","Lessons/Bi-Weekly/Grades_5-6_YearB/Session06_Gratitude_Design.md","5-6","Bi-Weekly","B","RECOMMENDED","rebuilt"
"School-approved marker","MARKER","NAME MATCH ONLY - SPECIFICATION REQUIRED","physical_inventory","Lessons/Bi-Weekly/Grades_5-6_YearB/Session09_Science_Faith.md","5-6","Bi-Weekly","B","RECOMMENDED","rebuilt"
"School-approved marker","MARKER","NAME MATCH ONLY - SPECIFICATION REQUIRED","physical_inventory","Lessons/Bi-Weekly/Grades_5-6_YearB/Session10_Space_Science.md","5-6","Bi-Weekly","B","CORE","rebuilt"
"School-approved marker","MARKER","NAME MATCH ONLY - SPECIFICATION REQUIRED","physical_inventory","Lessons/Bi-Weekly/Grades_5-6_YearB/Session11_Mercy_Engineering.md","5-6","Bi-Weekly","B","RECOMMENDED","rebuilt"
"School-approved marker","MARKER","NAME MATCH ONLY - SPECIFICATION REQUIRED","physical_inventory","Lessons/Bi-Weekly/Grades_5-6_YearB/Session12_Ecosystems.md","5-6","Bi-Weekly","B","CORE","rebuilt"
"School-approved marker","MARKER","NAME MATCH ONLY - SPECIFICATION REQUIRED","physical_inventory","Lessons/Bi-Weekly/Grades_5-6_YearB/Session13_New_Life_Tech.md","5-6","Bi-Weekly","B","OPTIONAL","rebuilt"
"School-approved marker","MARKER","NAME MATCH ONLY - SPECIFICATION REQUIRED","physical_inventory","Lessons/Bi-Weekly/Grades_5-6_YearB/Session16_Innovation_Lab.md","5-6","Bi-Weekly","B","CORE","rebuilt"
"School-approved marker","MARKER","NAME MATCH ONLY - SPECIFICATION REQUIRED","physical_inventory","Lessons/Bi-Weekly/Grades_5-6_YearB/Session17_Celebration.md","5-6","Bi-Weekly","B","CORE","rebuilt"
"School-approved marker","MARKER","NAME MATCH ONLY - SPECIFICATION REQUIRED","physical_inventory","Lessons/Grades_5-6_YearA/Week01_Welcome_to_CSTREAM.md","5-6","Weekly","A","CORE","rebuilt"
"School-approved marker","MARKER","NAME MATCH ONLY - SPECIFICATION REQUIRED","physical_inventory","Lessons/Grades_5-6_YearA/Week07-09_Social_Innovation.md","5-6","Weekly","A","CORE","rebuilt"
"School-approved marker","MARKER","NAME MATCH ONLY - SPECIFICATION REQUIRED","physical_inventory","Lessons/Grades_5-6_YearA/Week12_Giving_Making.md","5-6","Weekly","A","RECOMMENDED","rebuilt"
"School-approved marker","MARKER","NAME MATCH ONLY - SPECIFICATION REQUIRED","physical_inventory","Lessons/Grades_5-6_YearA/Week13_Fall_Showcase.md","5-6","Weekly","A","OPTIONAL","rebuilt"
"School-approved marker","MARKER","NAME MATCH ONLY - SPECIFICATION REQUIRED","physical_inventory","Lessons/Grades_5-6_YearA/Week19-22_Passion_Projects.md","5-6","Weekly","A","CORE","rebuilt"
"School-approved marker","MARKER","NAME MATCH ONLY - SPECIFICATION REQUIRED","physical_inventory","Lessons/Grades_5-6_YearA/Week26-27_Little_Bits.md","5-6","Weekly","A","CORE","rebuilt"
"School-approved marker","MARKER","NAME MATCH ONLY - SPECIFICATION REQUIRED","physical_inventory","Lessons/Grades_5-6_YearA/Week29-31_Environmental_Science.md","5-6","Weekly","A","CORE","rebuilt"
"School-approved marker","MARKER","NAME MATCH ONLY - SPECIFICATION REQUIRED","physical_inventory","Lessons/Grades_5-6_YearA/Week33_Easter_Engineering.md","5-6","Weekly","A","RECOMMENDED","rebuilt"
"School-approved marker","MARKER","NAME MATCH ONLY - SPECIFICATION REQUIRED","physical_inventory","Lessons/Grades_5-6_YearA/Week34_STREAM_Expo.md","5-6","Weekly","A","CORE","rebuilt"
"School-approved marker","MARKER","NAME MATCH ONLY - SPECIFICATION REQUIRED","physical_inventory","Lessons/Grades_5-6_YearB/Week01_Welcome_Innovators.md","5-6","Weekly","B","CORE","rebuilt"
"School-approved marker","MARKER","NAME MATCH ONLY - SPECIFICATION REQUIRED","physical_inventory","Lessons/Grades_5-6_YearB/Week02-04_Biotechnology.md","5-6","Weekly","B","CORE","rebuilt"
"School-approved marker","MARKER","NAME MATCH ONLY - SPECIFICATION REQUIRED","physical_inventory","Lessons/Grades_5-6_YearB/Week05-07_Renewable_Energy.md","5-6","Weekly","B","CORE","rebuilt"
"School-approved marker","MARKER","NAME MATCH ONLY - SPECIFICATION REQUIRED","physical_inventory","Lessons/Grades_5-6_YearB/Week08-10_Biomimicry.md","5-6","Weekly","B","CORE","rebuilt"
"School-approved marker","MARKER","NAME MATCH ONLY - SPECIFICATION REQUIRED","physical_inventory","Lessons/Grades_5-6_YearB/Week11_Thanksgiving_Data.md","5-6","Weekly","B","RECOMMENDED","rebuilt"
"School-approved marker","MARKER","NAME MATCH ONLY - SPECIFICATION REQUIRED","physical_inventory","Lessons/Grades_5-6_YearB/Week12_Gifts_Service.md","5-6","Weekly","B","RECOMMENDED","rebuilt"
"School-approved marker","MARKER","NAME MATCH ONLY - SPECIFICATION REQUIRED","physical_inventory","Lessons/Grades_5-6_YearB/Week13_Advent_Technology.md","5-6","Weekly","B","OPTIONAL","rebuilt"
"School-approved marker","MARKER","NAME MATCH ONLY - SPECIFICATION REQUIRED","physical_inventory","Lessons/Grades_5-6_YearB/Week14-18_App_Development.md","5-6","Weekly","B","CORE","rebuilt"
"School-approved marker","MARKER","NAME MATCH ONLY - SPECIFICATION REQUIRED","physical_inventory","Lessons/Grades_5-6_YearB/Week20-23_Social_Entrepreneurship.md","5-6","Weekly","B","CORE","rebuilt"
"School-approved marker","MARKER","NAME MATCH ONLY - SPECIFICATION REQUIRED","physical_inventory","Lessons/Grades_5-6_YearB/Week25-28_Health_Technology.md","5-6","Weekly","B","CORE","rebuilt"
"School-approved marker","MARKER","NAME MATCH ONLY - SPECIFICATION REQUIRED","physical_inventory","Lessons/Grades_5-6_YearB/Week29-31_Environmental_Monitoring.md","5-6","Weekly","B","CORE","rebuilt"
"School-approved marker","MARKER","NAME MATCH ONLY - SPECIFICATION REQUIRED","physical_inventory","Lessons/Grades_5-6_YearB/Week33_Easter_Hope.md","5-6","Weekly","B","RECOMMENDED","rebuilt"
"School-approved marker","MARKER","NAME MATCH ONLY - SPECIFICATION REQUIRED","physical_inventory","Lessons/Grades_5-6_YearB/Week34_Exhibition.md","5-6","Weekly","B","CORE","rebuilt"
"Sealed clear plastic bag","SEALEDPLASTIC","NAME MATCH ONLY - SPECIFICATION REQUIRED","physical_inventory","Lessons/Grades_5-6_YearA/Week33_Easter_Engineering.md","5-6","Weekly","A","RECOMMENDED","rebuilt"
"Sealed load packet","MASSLOAD","NAME MATCH ONLY - SPECIFICATION REQUIRED","physical_inventory","Lessons/Bi-Weekly/Grades_5-6_YearA/Session03_Structural_Engineering.md","5-6","Bi-Weekly","A","CORE","rebuilt"
"Sealed load packet","MASSLOAD","NAME MATCH ONLY - SPECIFICATION REQUIRED","physical_inventory","Lessons/Bi-Weekly/Grades_5-6_YearB/Session15_Energy_Science.md","5-6","Bi-Weekly","B","CORE","rebuilt"
"Sealed load packet","MASSLOAD","NAME MATCH ONLY - SPECIFICATION REQUIRED","physical_inventory","Lessons/Grades_5-6_YearA/Week05-06_Structural_Engineering.md","5-6","Weekly","A","CORE","rebuilt"
"Sealed load packet","MASSLOAD","NAME MATCH ONLY - SPECIFICATION REQUIRED","physical_inventory","Lessons/Grades_5-6_YearA/Week10_Advanced_Bridges.md","5-6","Weekly","A","RECOMMENDED","rebuilt"
"Sealed load packet","MASSLOAD","NAME MATCH ONLY - SPECIFICATION REQUIRED","physical_inventory","Lessons/Grades_5-6_YearB/Week08-10_Biomimicry.md","5-6","Weekly","B","CORE","rebuilt"
"Snap Circuits STEM Classroom Activity Kit","STOCK:OHM-135","REPORTED HOLDING - PREFLIGHT REQUIRED","reported_stock","Lessons/Grades_5-6_YearA/Week26-27_Little_Bits.md","5-6","Weekly","A","CORE","rebuilt"
"Tablet","HOST","NAME MATCH ONLY - SPECIFICATION REQUIRED","physical_inventory","Lessons/Bi-Weekly/Grades_5-6_YearA/Session02_Sphero_Advanced.md","5-6","Bi-Weekly","A","CORE","rebuilt"
"Tablet","HOST","NAME MATCH ONLY - SPECIFICATION REQUIRED","physical_inventory","Lessons/Bi-Weekly/Grades_5-6_YearA/Session08_App_Inventor.md","5-6","Bi-Weekly","A","RECOMMENDED","rebuilt"
"Tablet","HOST","NAME MATCH ONLY - SPECIFICATION REQUIRED","physical_inventory","Lessons/Bi-Weekly/Grades_5-6_YearA/Session14_Sphero_Challenge.md","5-6","Bi-Weekly","A","RECOMMENDED","rebuilt"
"Tablet","HOST","NAME MATCH ONLY - SPECIFICATION REQUIRED","physical_inventory","Lessons/Bi-Weekly/Grades_5-6_YearB/Session02_Sphero_Sensors.md","5-6","Bi-Weekly","B","CORE","rebuilt"
"Tablet","HOST","NAME MATCH ONLY - SPECIFICATION REQUIRED","physical_inventory","Lessons/Bi-Weekly/Grades_5-6_YearB/Session08_App_Design.md","5-6","Bi-Weekly","B","RECOMMENDED","rebuilt"
"Tablet","HOST","NAME MATCH ONLY - SPECIFICATION REQUIRED","physical_inventory","Lessons/Bi-Weekly/Grades_5-6_YearB/Session14_Robot_Olympics.md","5-6","Bi-Weekly","B","RECOMMENDED","rebuilt"
"Tablet","HOST","NAME MATCH ONLY - SPECIFICATION REQUIRED","physical_inventory","Lessons/Grades_5-6_YearA/Week02-03_Sphero_Mastery.md","5-6","Weekly","A","CORE","rebuilt"
"Tablet","HOST","NAME MATCH ONLY - SPECIFICATION REQUIRED","physical_inventory","Lessons/Grades_5-6_YearB/Week14-18_App_Development.md","5-6","Weekly","B","CORE","rebuilt"
"Teacher timer","TEACHERTIMER","NAME MATCH ONLY - SPECIFICATION REQUIRED","physical_inventory","Lessons/Bi-Weekly/Grades_5-6_YearA/Session01_Design_Process.md","5-6","Bi-Weekly","A","CORE","rebuilt"
"Teacher timer","TEACHERTIMER","NAME MATCH ONLY - SPECIFICATION REQUIRED","physical_inventory","Lessons/Bi-Weekly/Grades_5-6_YearA/Session02_Sphero_Advanced.md","5-6","Bi-Weekly","A","CORE","rebuilt"
"Teacher timer","TEACHERTIMER","NAME MATCH ONLY - SPECIFICATION REQUIRED","physical_inventory","Lessons/Bi-Weekly/Grades_5-6_YearA/Session03_Structural_Engineering.md","5-6","Bi-Weekly","A","CORE","rebuilt"
"Teacher timer","TEACHERTIMER","NAME MATCH ONLY - SPECIFICATION REQUIRED","physical_inventory","Lessons/Bi-Weekly/Grades_5-6_YearA/Session04_Body_Systems.md","5-6","Bi-Weekly","A","CORE","rebuilt"
"Teacher timer","TEACHERTIMER","NAME MATCH ONLY - SPECIFICATION REQUIRED","physical_inventory","Lessons/Bi-Weekly/Grades_5-6_YearA/Session06_Thanksgiving_Innovation.md","5-6","Bi-Weekly","A","RECOMMENDED","rebuilt"
"Teacher timer","TEACHERTIMER","NAME MATCH ONLY - SPECIFICATION REQUIRED","physical_inventory","Lessons/Bi-Weekly/Grades_5-6_YearA/Session08_App_Inventor.md","5-6","Bi-Weekly","A","RECOMMENDED","rebuilt"
"Teacher timer","TEACHERTIMER","NAME MATCH ONLY - SPECIFICATION REQUIRED","physical_inventory","Lessons/Bi-Weekly/Grades_5-6_YearA/Session09_Catholic_Scientists.md","5-6","Bi-Weekly","A","RECOMMENDED","rebuilt"
"Teacher timer","TEACHERTIMER","NAME MATCH ONLY - SPECIFICATION REQUIRED","physical_inventory","Lessons/Bi-Weekly/Grades_5-6_YearA/Session10_Environmental_Science.md","5-6","Bi-Weekly","A","CORE","rebuilt"
"Teacher timer","TEACHERTIMER","NAME MATCH ONLY - SPECIFICATION REQUIRED","physical_inventory","Lessons/Bi-Weekly/Grades_5-6_YearA/Session11_Lenten_Engineering.md","5-6","Bi-Weekly","A","RECOMMENDED","rebuilt"
"Teacher timer","TEACHERTIMER","NAME MATCH ONLY - SPECIFICATION REQUIRED","physical_inventory","Lessons/Bi-Weekly/Grades_5-6_YearA/Session12_Life_Science.md","5-6","Bi-Weekly","A","CORE","rebuilt"
"Teacher timer","TEACHERTIMER","NAME MATCH ONLY - SPECIFICATION REQUIRED","physical_inventory","Lessons/Bi-Weekly/Grades_5-6_YearA/Session13_Easter_Tech.md","5-6","Bi-Weekly","A","OPTIONAL","rebuilt"
"Teacher timer","TEACHERTIMER","NAME MATCH ONLY - SPECIFICATION REQUIRED","physical_inventory","Lessons/Bi-Weekly/Grades_5-6_YearA/Session14_Sphero_Challenge.md","5-6","Bi-Weekly","A","RECOMMENDED","rebuilt"
"Teacher timer","TEACHERTIMER","NAME MATCH ONLY - SPECIFICATION REQUIRED","physical_inventory","Lessons/Bi-Weekly/Grades_5-6_YearA/Session15_Physics_Motion.md","5-6","Bi-Weekly","A","CORE","rebuilt"
"Teacher timer","TEACHERTIMER","NAME MATCH ONLY - SPECIFICATION REQUIRED","physical_inventory","Lessons/Bi-Weekly/Grades_5-6_YearA/Session16_Advanced_Invention.md","5-6","Bi-Weekly","A","CORE","rebuilt"
"Teacher timer","TEACHERTIMER","NAME MATCH ONLY - SPECIFICATION REQUIRED","physical_inventory","Lessons/Bi-Weekly/Grades_5-6_YearA/Session17_Exhibition.md","5-6","Bi-Weekly","A","CORE","rebuilt"
"Teacher timer","TEACHERTIMER","NAME MATCH ONLY - SPECIFICATION REQUIRED","physical_inventory","Lessons/Bi-Weekly/Grades_5-6_YearB/Session01_Engineering_Thinking.md","5-6","Bi-Weekly","B","CORE","rebuilt"
"Teacher timer","TEACHERTIMER","NAME MATCH ONLY - SPECIFICATION REQUIRED","physical_inventory","Lessons/Bi-Weekly/Grades_5-6_YearB/Session03_Architecture.md","5-6","Bi-Weekly","B","CORE","rebuilt"
"Teacher timer","TEACHERTIMER","NAME MATCH ONLY - SPECIFICATION REQUIRED","physical_inventory","Lessons/Bi-Weekly/Grades_5-6_YearB/Session05_Scratch_Games.md","5-6","Bi-Weekly","B","CORE","rebuilt"
"Teacher timer","TEACHERTIMER","NAME MATCH ONLY - SPECIFICATION REQUIRED","physical_inventory","Lessons/Bi-Weekly/Grades_5-6_YearB/Session06_Gratitude_Design.md","5-6","Bi-Weekly","B","RECOMMENDED","rebuilt"
"Teacher timer","TEACHERTIMER","NAME MATCH ONLY - SPECIFICATION REQUIRED","physical_inventory","Lessons/Bi-Weekly/Grades_5-6_YearB/Session07_Advent_Coding.md","5-6","Bi-Weekly","B","RECOMMENDED","rebuilt"
"Teacher timer","TEACHERTIMER","NAME MATCH ONLY - SPECIFICATION REQUIRED","physical_inventory","Lessons/Bi-Weekly/Grades_5-6_YearB/Session08_App_Design.md","5-6","Bi-Weekly","B","RECOMMENDED","rebuilt"
"Teacher timer","TEACHERTIMER","NAME MATCH ONLY - SPECIFICATION REQUIRED","physical_inventory","Lessons/Bi-Weekly/Grades_5-6_YearB/Session09_Science_Faith.md","5-6","Bi-Weekly","B","RECOMMENDED","rebuilt"
"Teacher timer","TEACHERTIMER","NAME MATCH ONLY - SPECIFICATION REQUIRED","physical_inventory","Lessons/Bi-Weekly/Grades_5-6_YearB/Session10_Space_Science.md","5-6","Bi-Weekly","B","CORE","rebuilt"
"Teacher timer","TEACHERTIMER","NAME MATCH ONLY - SPECIFICATION REQUIRED","physical_inventory","Lessons/Bi-Weekly/Grades_5-6_YearB/Session11_Mercy_Engineering.md","5-6","Bi-Weekly","B","RECOMMENDED","rebuilt"
"Teacher timer","TEACHERTIMER","NAME MATCH ONLY - SPECIFICATION REQUIRED","physical_inventory","Lessons/Bi-Weekly/Grades_5-6_YearB/Session12_Ecosystems.md","5-6","Bi-Weekly","B","CORE","rebuilt"
"Teacher timer","TEACHERTIMER","NAME MATCH ONLY - SPECIFICATION REQUIRED","physical_inventory","Lessons/Bi-Weekly/Grades_5-6_YearB/Session13_New_Life_Tech.md","5-6","Bi-Weekly","B","OPTIONAL","rebuilt"
"Teacher timer","TEACHERTIMER","NAME MATCH ONLY - SPECIFICATION REQUIRED","physical_inventory","Lessons/Bi-Weekly/Grades_5-6_YearB/Session14_Robot_Olympics.md","5-6","Bi-Weekly","B","RECOMMENDED","rebuilt"
"Teacher timer","TEACHERTIMER","NAME MATCH ONLY - SPECIFICATION REQUIRED","physical_inventory","Lessons/Bi-Weekly/Grades_5-6_YearB/Session15_Energy_Science.md","5-6","Bi-Weekly","B","CORE","rebuilt"
"Teacher timer","TEACHERTIMER","NAME MATCH ONLY - SPECIFICATION REQUIRED","physical_inventory","Lessons/Bi-Weekly/Grades_5-6_YearB/Session16_Innovation_Lab.md","5-6","Bi-Weekly","B","CORE","rebuilt"
"Teacher timer","TEACHERTIMER","NAME MATCH ONLY - SPECIFICATION REQUIRED","physical_inventory","Lessons/Bi-Weekly/Grades_5-6_YearB/Session17_Celebration.md","5-6","Bi-Weekly","B","CORE","rebuilt"
"Teacher timer","TEACHERTIMER","NAME MATCH ONLY - SPECIFICATION REQUIRED","physical_inventory","Lessons/Grades_5-6_YearA/Week01_Welcome_to_CSTREAM.md","5-6","Weekly","A","CORE","rebuilt"
"Teacher timer","TEACHERTIMER","NAME MATCH ONLY - SPECIFICATION REQUIRED","physical_inventory","Lessons/Grades_5-6_YearA/Week04_Experimental_Design.md","5-6","Weekly","A","CORE","rebuilt"
"Teacher timer","TEACHERTIMER","NAME MATCH ONLY - SPECIFICATION REQUIRED","physical_inventory","Lessons/Grades_5-6_YearA/Week05-06_Structural_Engineering.md","5-6","Weekly","A","CORE","rebuilt"
"Teacher timer","TEACHERTIMER","NAME MATCH ONLY - SPECIFICATION REQUIRED","physical_inventory","Lessons/Grades_5-6_YearA/Week07-09_Social_Innovation.md","5-6","Weekly","A","CORE","rebuilt"
"Teacher timer","TEACHERTIMER","NAME MATCH ONLY - SPECIFICATION REQUIRED","physical_inventory","Lessons/Grades_5-6_YearA/Week10_Advanced_Bridges.md","5-6","Weekly","A","RECOMMENDED","rebuilt"
"Teacher timer","TEACHERTIMER","NAME MATCH ONLY - SPECIFICATION REQUIRED","physical_inventory","Lessons/Grades_5-6_YearA/Week11_Gratitude_Coding.md","5-6","Weekly","A","RECOMMENDED","rebuilt"
"Teacher timer","TEACHERTIMER","NAME MATCH ONLY - SPECIFICATION REQUIRED","physical_inventory","Lessons/Grades_5-6_YearA/Week12_Giving_Making.md","5-6","Weekly","A","RECOMMENDED","rebuilt"
"Teacher timer","TEACHERTIMER","NAME MATCH ONLY - SPECIFICATION REQUIRED","physical_inventory","Lessons/Grades_5-6_YearA/Week13_Fall_Showcase.md","5-6","Weekly","A","OPTIONAL","rebuilt"
"Teacher timer","TEACHERTIMER","NAME MATCH ONLY - SPECIFICATION REQUIRED","physical_inventory","Lessons/Grades_5-6_YearA/Week14-15_Optics_Light.md","5-6","Weekly","A","CORE","rebuilt"
"Teacher timer","TEACHERTIMER","NAME MATCH ONLY - SPECIFICATION REQUIRED","physical_inventory","Lessons/Grades_5-6_YearA/Week16_Astronomy.md","5-6","Weekly","A","CORE","rebuilt"
"Teacher timer","TEACHERTIMER","NAME MATCH ONLY - SPECIFICATION REQUIRED","physical_inventory","Lessons/Grades_5-6_YearA/Week18_Goal_Engineering.md","5-6","Weekly","A","RECOMMENDED","rebuilt"
"Teacher timer","TEACHERTIMER","NAME MATCH ONLY - SPECIFICATION REQUIRED","physical_inventory","Lessons/Grades_5-6_YearA/Week19-22_Passion_Projects.md","5-6","Weekly","A","CORE","rebuilt"
"Teacher timer","TEACHERTIMER","NAME MATCH ONLY - SPECIFICATION REQUIRED","physical_inventory","Lessons/Grades_5-6_YearA/Week23_Catholic_Schools_Week.md","5-6","Weekly","A","OPTIONAL","rebuilt"
"Teacher timer","TEACHERTIMER","NAME MATCH ONLY - SPECIFICATION REQUIRED","physical_inventory","Lessons/Grades_5-6_YearA/Week24-25_Advanced_Scratch.md","5-6","Weekly","A","RECOMMENDED","rebuilt"
"Teacher timer","TEACHERTIMER","NAME MATCH ONLY - SPECIFICATION REQUIRED","physical_inventory","Lessons/Grades_5-6_YearA/Week28_Pi_Day.md","5-6","Weekly","A","RECOMMENDED","rebuilt"
"Teacher timer","TEACHERTIMER","NAME MATCH ONLY - SPECIFICATION REQUIRED","physical_inventory","Lessons/Grades_5-6_YearA/Week33_Easter_Engineering.md","5-6","Weekly","A","RECOMMENDED","rebuilt"
"Teacher timer","TEACHERTIMER","NAME MATCH ONLY - SPECIFICATION REQUIRED","physical_inventory","Lessons/Grades_5-6_YearA/Week34_STREAM_Expo.md","5-6","Weekly","A","CORE","rebuilt"
"Teacher timer","TEACHERTIMER","NAME MATCH ONLY - SPECIFICATION REQUIRED","physical_inventory","Lessons/Grades_5-6_YearB/Week01_Welcome_Innovators.md","5-6","Weekly","B","CORE","rebuilt"
"Teacher timer","TEACHERTIMER","NAME MATCH ONLY - SPECIFICATION REQUIRED","physical_inventory","Lessons/Grades_5-6_YearB/Week11_Thanksgiving_Data.md","5-6","Weekly","B","RECOMMENDED","rebuilt"
"Teacher timer","TEACHERTIMER","NAME MATCH ONLY - SPECIFICATION REQUIRED","physical_inventory","Lessons/Grades_5-6_YearB/Week12_Gifts_Service.md","5-6","Weekly","B","RECOMMENDED","rebuilt"
"Teacher timer","TEACHERTIMER","NAME MATCH ONLY - SPECIFICATION REQUIRED","physical_inventory","Lessons/Grades_5-6_YearB/Week13_Advent_Technology.md","5-6","Weekly","B","OPTIONAL","rebuilt"
"Teacher timer","TEACHERTIMER","NAME MATCH ONLY - SPECIFICATION REQUIRED","physical_inventory","Lessons/Grades_5-6_YearB/Week19_New_Year_Vision.md","5-6","Weekly","B","RECOMMENDED","rebuilt"
"Teacher timer","TEACHERTIMER","NAME MATCH ONLY - SPECIFICATION REQUIRED","physical_inventory","Lessons/Grades_5-6_YearB/Week20-23_Social_Entrepreneurship.md","5-6","Weekly","B","CORE","rebuilt"
"Teacher timer","TEACHERTIMER","NAME MATCH ONLY - SPECIFICATION REQUIRED","physical_inventory","Lessons/Grades_5-6_YearB/Week24_Catholic_Schools.md","5-6","Weekly","B","OPTIONAL","rebuilt"
"Teacher timer","TEACHERTIMER","NAME MATCH ONLY - SPECIFICATION REQUIRED","physical_inventory","Lessons/Grades_5-6_YearB/Week25-28_Health_Technology.md","5-6","Weekly","B","CORE","rebuilt"
"Teacher timer","TEACHERTIMER","NAME MATCH ONLY - SPECIFICATION REQUIRED","physical_inventory","Lessons/Grades_5-6_YearB/Week29-31_Environmental_Monitoring.md","5-6","Weekly","B","CORE","rebuilt"
"Teacher timer","TEACHERTIMER","NAME MATCH ONLY - SPECIFICATION REQUIRED","physical_inventory","Lessons/Grades_5-6_YearB/Week33_Easter_Hope.md","5-6","Weekly","B","RECOMMENDED","rebuilt"
"Teacher timer","TEACHERTIMER","NAME MATCH ONLY - SPECIFICATION REQUIRED","physical_inventory","Lessons/Grades_5-6_YearB/Week34_Exhibition.md","5-6","Weekly","B","CORE","rebuilt"
"Team sorting tray","TRAY","NAME MATCH ONLY - SPECIFICATION REQUIRED","physical_inventory","Lessons/Bi-Weekly/Grades_5-6_YearA/Session02_Sphero_Advanced.md","5-6","Bi-Weekly","A","CORE","rebuilt"
"Team sorting tray","TRAY","NAME MATCH ONLY - SPECIFICATION REQUIRED","physical_inventory","Lessons/Bi-Weekly/Grades_5-6_YearA/Session03_Structural_Engineering.md","5-6","Bi-Weekly","A","CORE","rebuilt"
"Team sorting tray","TRAY","NAME MATCH ONLY - SPECIFICATION REQUIRED","physical_inventory","Lessons/Bi-Weekly/Grades_5-6_YearA/Session15_Physics_Motion.md","5-6","Bi-Weekly","A","CORE","rebuilt"
"Team sorting tray","TRAY","NAME MATCH ONLY - SPECIFICATION REQUIRED","physical_inventory","Lessons/Bi-Weekly/Grades_5-6_YearB/Session02_Sphero_Sensors.md","5-6","Bi-Weekly","B","CORE","rebuilt"
"Team sorting tray","TRAY","NAME MATCH ONLY - SPECIFICATION REQUIRED","physical_inventory","Lessons/Bi-Weekly/Grades_5-6_YearB/Session15_Energy_Science.md","5-6","Bi-Weekly","B","CORE","rebuilt"
"Team sorting tray","TRAY","NAME MATCH ONLY - SPECIFICATION REQUIRED","physical_inventory","Lessons/Grades_5-6_YearA/Week04_Experimental_Design.md","5-6","Weekly","A","CORE","rebuilt"
"Team sorting tray","TRAY","NAME MATCH ONLY - SPECIFICATION REQUIRED","physical_inventory","Lessons/Grades_5-6_YearA/Week05-06_Structural_Engineering.md","5-6","Weekly","A","CORE","rebuilt"
"Team sorting tray","TRAY","NAME MATCH ONLY - SPECIFICATION REQUIRED","physical_inventory","Lessons/Grades_5-6_YearA/Week10_Advanced_Bridges.md","5-6","Weekly","A","RECOMMENDED","rebuilt"
"Team sorting tray","TRAY","NAME MATCH ONLY - SPECIFICATION REQUIRED","physical_inventory","Lessons/Grades_5-6_YearA/Week14-15_Optics_Light.md","5-6","Weekly","A","CORE","rebuilt"
"Team sorting tray","TRAY","NAME MATCH ONLY - SPECIFICATION REQUIRED","physical_inventory","Lessons/Grades_5-6_YearA/Week19-22_Passion_Projects.md","5-6","Weekly","A","CORE","rebuilt"
"Team sorting tray","TRAY","NAME MATCH ONLY - SPECIFICATION REQUIRED","physical_inventory","Lessons/Grades_5-6_YearA/Week26-27_Little_Bits.md","5-6","Weekly","A","CORE","rebuilt"
"Team sorting tray","TRAY","NAME MATCH ONLY - SPECIFICATION REQUIRED","physical_inventory","Lessons/Grades_5-6_YearA/Week33_Easter_Engineering.md","5-6","Weekly","A","RECOMMENDED","rebuilt"
"Team sorting tray","TRAY","NAME MATCH ONLY - SPECIFICATION REQUIRED","physical_inventory","Lessons/Grades_5-6_YearB/Week08-10_Biomimicry.md","5-6","Weekly","B","CORE","rebuilt"
"Transparent plastic cup","OPTICSCUP","NAME MATCH ONLY - SPECIFICATION REQUIRED","physical_inventory","Lessons/Grades_5-6_YearA/Week14-15_Optics_Light.md","5-6","Weekly","A","CORE","rebuilt"
"Water","WATER","NAME MATCH ONLY - SPECIFICATION REQUIRED","physical_inventory","Lessons/Grades_5-6_YearA/Week14-15_Optics_Light.md","5-6","Weekly","A","CORE","rebuilt"
"Water","WATER","NAME MATCH ONLY - SPECIFICATION REQUIRED","physical_inventory","Lessons/Grades_5-6_YearA/Week33_Easter_Engineering.md","5-6","Weekly","A","RECOMMENDED","rebuilt"
"AA alkaline cell","AA","NAME MATCH ONLY - SPECIFICATION REQUIRED","physical_inventory","Lessons/Bi-Weekly/Kindergarten/Session04_Colors_Light.md","K","Bi-Weekly","Single","CORE","rebuilt"
"AA alkaline cell","AA","NAME MATCH ONLY - SPECIFICATION REQUIRED","physical_inventory","Lessons/Kindergarten/Week14-15_Light_All_Around.md","K","Weekly","Single","CORE","rebuilt"
"Aluminum foil","FOIL","NAME MATCH ONLY - SPECIFICATION REQUIRED","physical_inventory","Lessons/Bi-Weekly/Kindergarten/Session16_Water_Wonder.md","K","Bi-Weekly","Single","CORE","rebuilt"
"Blunt school scissors","SCISSOR","NAME MATCH ONLY - SPECIFICATION REQUIRED","physical_inventory","Lessons/Bi-Weekly/Kindergarten/Session05_Simple_Machines.md","K","Bi-Weekly","Single","CORE","rebuilt"
"Blunt school scissors","SCISSOR","NAME MATCH ONLY - SPECIFICATION REQUIRED","physical_inventory","Lessons/Kindergarten/Week07-09_Engineering_Helpers.md","K","Weekly","Single","CORE","rebuilt"
"Blunt school scissors","SCISSOR","NAME MATCH ONLY - SPECIFICATION REQUIRED","physical_inventory","Lessons/Kindergarten/Week12_Making_Gifts.md","K","Weekly","Single","RECOMMENDED","rebuilt"
"Blunt school scissors","SCISSOR","NAME MATCH ONLY - SPECIFICATION REQUIRED","physical_inventory","Lessons/Kindergarten/Week14-15_Light_All_Around.md","K","Weekly","Single","CORE","rebuilt"
"Blunt school scissors","SCISSOR","NAME MATCH ONLY - SPECIFICATION REQUIRED","physical_inventory","Lessons/Kindergarten/Week26-27_Helping_Hands.md","K","Weekly","Single","RECOMMENDED","rebuilt"
"Clean corrugated cardboard","CARDBOARD","NAME MATCH ONLY - SPECIFICATION REQUIRED","physical_inventory","Lessons/Bi-Weekly/Kindergarten/Session05_Simple_Machines.md","K","Bi-Weekly","Single","CORE","rebuilt"
"Clean corrugated cardboard","CARDBOARD","NAME MATCH ONLY - SPECIFICATION REQUIRED","physical_inventory","Lessons/Bi-Weekly/Kindergarten/Session12_Animal_Homes.md","K","Bi-Weekly","Single","CORE","rebuilt"
"Clean corrugated cardboard","CARDBOARD","NAME MATCH ONLY - SPECIFICATION REQUIRED","physical_inventory","Lessons/Kindergarten/Week07-09_Engineering_Helpers.md","K","Weekly","Single","CORE","rebuilt"
"Clean corrugated cardboard","CARDBOARD","NAME MATCH ONLY - SPECIFICATION REQUIRED","physical_inventory","Lessons/Kindergarten/Week10_Bridges_Connect_Us.md","K","Weekly","Single","CORE","rebuilt"
"Clean corrugated cardboard","CARDBOARD","NAME MATCH ONLY - SPECIFICATION REQUIRED","physical_inventory","Lessons/Kindergarten/Week14-15_Light_All_Around.md","K","Weekly","Single","CORE","rebuilt"
"Clean corrugated cardboard","CARDBOARD","NAME MATCH ONLY - SPECIFICATION REQUIRED","physical_inventory","Lessons/Kindergarten/Week26-27_Helping_Hands.md","K","Weekly","Single","RECOMMENDED","rebuilt"
"Enclosed 2-AA flashlight","FLASH","NAME MATCH ONLY - SPECIFICATION REQUIRED","physical_inventory","Lessons/Bi-Weekly/Kindergarten/Session04_Colors_Light.md","K","Bi-Weekly","Single","CORE","rebuilt"
"Enclosed 2-AA flashlight","FLASH","NAME MATCH ONLY - SPECIFICATION REQUIRED","physical_inventory","Lessons/Kindergarten/Week14-15_Light_All_Around.md","K","Weekly","Single","CORE","rebuilt"
"Large circular lid","LID","NAME MATCH ONLY - SPECIFICATION REQUIRED","physical_inventory","Lessons/Kindergarten/Week28_Circles_and_Pi.md","K","Weekly","Single","CORE","rebuilt"
"Large classroom ball","BALL","NAME MATCH ONLY - SPECIFICATION REQUIRED","physical_inventory","Lessons/Bi-Weekly/Kindergarten/Session05_Simple_Machines.md","K","Bi-Weekly","Single","CORE","rebuilt"
"Large classroom ball","BALL","NAME MATCH ONLY - SPECIFICATION REQUIRED","physical_inventory","Lessons/Kindergarten/Week28_Circles_and_Pi.md","K","Weekly","Single","CORE","rebuilt"
"Large command cards","COMMAND","NAME MATCH ONLY - SPECIFICATION REQUIRED","physical_inventory","Lessons/Bi-Weekly/Kindergarten/Session15_Helping_Others.md","K","Bi-Weekly","Single","CORE","rebuilt"
"Large command cards","COMMAND","NAME MATCH ONLY - SPECIFICATION REQUIRED","physical_inventory","Lessons/Bi-Weekly/Kindergarten/Session17_Celebration.md","K","Bi-Weekly","Single","CORE","rebuilt"
"Large command cards","COMMAND","NAME MATCH ONLY - SPECIFICATION REQUIRED","physical_inventory","Lessons/Kindergarten/Week02-03_Sphero_Movement.md","K","Weekly","Single","CORE","rebuilt"
"Large command cards","COMMAND","NAME MATCH ONLY - SPECIFICATION REQUIRED","physical_inventory","Lessons/Kindergarten/Week11_Coding_Thankfulness.md","K","Weekly","Single","CORE","rebuilt"
"Large command cards","COMMAND","NAME MATCH ONLY - SPECIFICATION REQUIRED","physical_inventory","Lessons/Kindergarten/Week13_Fall_Celebration.md","K","Weekly","Single","RECOMMENDED","rebuilt"
"Large command cards","COMMAND","NAME MATCH ONLY - SPECIFICATION REQUIRED","physical_inventory","Lessons/Kindergarten/Week19-22_Exploration_Stations.md","K","Weekly","Single","CORE","rebuilt"
"Large command cards","COMMAND","NAME MATCH ONLY - SPECIFICATION REQUIRED","physical_inventory","Lessons/Kindergarten/Week23_Catholic_Schools_Week.md","K","Weekly","Single","CORE","rebuilt"
"Large command cards","COMMAND","NAME MATCH ONLY - SPECIFICATION REQUIRED","physical_inventory","Lessons/Kindergarten/Week24-25_Dash_Robot_Friends.md","K","Weekly","Single","CORE","rebuilt"
"Large command cards","COMMAND","NAME MATCH ONLY - SPECIFICATION REQUIRED","physical_inventory","Lessons/Kindergarten/Week34_Year_Celebration.md","K","Weekly","Single","CORE","rebuilt"
"Large life-cycle picture cards","LIFECYCLE","NAME MATCH ONLY - SPECIFICATION REQUIRED","physical_inventory","Lessons/Bi-Weekly/Kindergarten/Session13_Easter_New_Life.md","K","Bi-Weekly","Single","CORE","rebuilt"
"Large life-cycle picture cards","LIFECYCLE","NAME MATCH ONLY - SPECIFICATION REQUIRED","physical_inventory","Lessons/Kindergarten/Week33_New_Life_Engineering.md","K","Weekly","Single","CORE","rebuilt"
"Large observation picture cards","PICTURE","NAME MATCH ONLY - SPECIFICATION REQUIRED","physical_inventory","Lessons/Bi-Weekly/Kindergarten/Session01_Welcome_Wonder.md","K","Bi-Weekly","Single","CORE","rebuilt"
"Large observation picture cards","PICTURE","NAME MATCH ONLY - SPECIFICATION REQUIRED","physical_inventory","Lessons/Bi-Weekly/Kindergarten/Session02_Gods_World.md","K","Bi-Weekly","Single","CORE","rebuilt"
"Large observation picture cards","PICTURE","NAME MATCH ONLY - SPECIFICATION REQUIRED","physical_inventory","Lessons/Bi-Weekly/Kindergarten/Session12_Animal_Homes.md","K","Bi-Weekly","Single","CORE","rebuilt"
"Large observation picture cards","PICTURE","NAME MATCH ONLY - SPECIFICATION REQUIRED","physical_inventory","Lessons/Kindergarten/Week01_Welcome_to_CSTREAM.md","K","Weekly","Single","CORE","rebuilt"
"Large observation picture cards","PICTURE","NAME MATCH ONLY - SPECIFICATION REQUIRED","physical_inventory","Lessons/Kindergarten/Week04_Wonder_Walk.md","K","Weekly","Single","CORE","rebuilt"
"Large observation picture cards","PICTURE","NAME MATCH ONLY - SPECIFICATION REQUIRED","physical_inventory","Lessons/Kindergarten/Week16_Star_of_Wonder.md","K","Weekly","Single","RECOMMENDED","rebuilt"
"Large paper shapes","SHAPE","NAME MATCH ONLY - SPECIFICATION REQUIRED","physical_inventory","Lessons/Bi-Weekly/Kindergarten/Session04_Colors_Light.md","K","Bi-Weekly","Single","CORE","rebuilt"
"Large paper shapes","SHAPE","NAME MATCH ONLY - SPECIFICATION REQUIRED","physical_inventory","Lessons/Bi-Weekly/Kindergarten/Session07_Advent_Light.md","K","Bi-Weekly","Single","RECOMMENDED","rebuilt"
"Large paper shapes","SHAPE","NAME MATCH ONLY - SPECIFICATION REQUIRED","physical_inventory","Lessons/Kindergarten/Week12_Making_Gifts.md","K","Weekly","Single","RECOMMENDED","rebuilt"
"Large paper shapes","SHAPE","NAME MATCH ONLY - SPECIFICATION REQUIRED","physical_inventory","Lessons/Kindergarten/Week19-22_Exploration_Stations.md","K","Weekly","Single","CORE","rebuilt"
"Large paper shapes","SHAPE","NAME MATCH ONLY - SPECIFICATION REQUIRED","physical_inventory","Lessons/Kindergarten/Week28_Circles_and_Pi.md","K","Weekly","Single","CORE","rebuilt"
"Large smooth metal spoon","SPOON","NAME MATCH ONLY - SPECIFICATION REQUIRED","physical_inventory","Lessons/Bi-Weekly/Kindergarten/Session16_Water_Wonder.md","K","Bi-Weekly","Single","CORE","rebuilt"
"Large teacher science tray","BIGTRAY","NAME MATCH ONLY - SPECIFICATION REQUIRED","physical_inventory","Lessons/Bi-Weekly/Kindergarten/Session11_Growing_Things.md","K","Bi-Weekly","Single","CORE","rebuilt"
"Large teacher science tray","BIGTRAY","NAME MATCH ONLY - SPECIFICATION REQUIRED","physical_inventory","Lessons/Kindergarten/Week29-31_Growing_Things.md","K","Weekly","Single","CORE","rebuilt"
"Large weather symbol cards","WEATHER","NAME MATCH ONLY - SPECIFICATION REQUIRED","physical_inventory","Lessons/Bi-Weekly/Kindergarten/Session10_Weather_Wonder.md","K","Bi-Weekly","Single","CORE","rebuilt"
"Large weather symbol cards","WEATHER","NAME MATCH ONLY - SPECIFICATION REQUIRED","physical_inventory","Lessons/Kindergarten/Week18_New_Year_Goals.md","K","Weekly","Single","OPTIONAL","rebuilt"
"Large weather symbol cards","WEATHER","NAME MATCH ONLY - SPECIFICATION REQUIRED","physical_inventory","Lessons/Kindergarten/Week19-22_Exploration_Stations.md","K","Weekly","Single","CORE","rebuilt"
"Large wooden building blocks","BLOCK","NAME MATCH ONLY - SPECIFICATION REQUIRED","physical_inventory","Lessons/Bi-Weekly/Kindergarten/Session03_Building_Basics.md","K","Bi-Weekly","Single","CORE","rebuilt"
"Large wooden building blocks","BLOCK","NAME MATCH ONLY - SPECIFICATION REQUIRED","physical_inventory","Lessons/Bi-Weekly/Kindergarten/Session05_Simple_Machines.md","K","Bi-Weekly","Single","CORE","rebuilt"
"Large wooden building blocks","BLOCK","NAME MATCH ONLY - SPECIFICATION REQUIRED","physical_inventory","Lessons/Bi-Weekly/Kindergarten/Session16_Water_Wonder.md","K","Bi-Weekly","Single","CORE","rebuilt"
"Large wooden building blocks","BLOCK","NAME MATCH ONLY - SPECIFICATION REQUIRED","physical_inventory","Lessons/Kindergarten/Week05-06_KEVA_Building.md","K","Weekly","Single","CORE","rebuilt"
"Large wooden building blocks","BLOCK","NAME MATCH ONLY - SPECIFICATION REQUIRED","physical_inventory","Lessons/Kindergarten/Week10_Bridges_Connect_Us.md","K","Weekly","Single","CORE","rebuilt"
"Large wooden building blocks","BLOCK","NAME MATCH ONLY - SPECIFICATION REQUIRED","physical_inventory","Lessons/Kindergarten/Week19-22_Exploration_Stations.md","K","Weekly","Single","CORE","rebuilt"
"Masking tape","TAPE","NAME MATCH ONLY - SPECIFICATION REQUIRED","physical_inventory","Lessons/Kindergarten/Week07-09_Engineering_Helpers.md","K","Weekly","Single","CORE","rebuilt"
"Masking tape","TAPE","NAME MATCH ONLY - SPECIFICATION REQUIRED","physical_inventory","Lessons/Kindergarten/Week14-15_Light_All_Around.md","K","Weekly","Single","CORE","rebuilt"
"Masking tape","TAPE","NAME MATCH ONLY - SPECIFICATION REQUIRED","physical_inventory","Lessons/Kindergarten/Week26-27_Helping_Hands.md","K","Weekly","Single","RECOMMENDED","rebuilt"
"Metric 5 mL measuring spoon","MEASPOON","NAME MATCH ONLY - SPECIFICATION REQUIRED","physical_inventory","Lessons/Bi-Weekly/Kindergarten/Session11_Growing_Things.md","K","Bi-Weekly","Single","CORE","rebuilt"
"Metric 5 mL measuring spoon","MEASPOON","NAME MATCH ONLY - SPECIFICATION REQUIRED","physical_inventory","Lessons/Kindergarten/Week29-31_Growing_Things.md","K","Weekly","Single","CORE","rebuilt"
"Metric ruler","RULER","NAME MATCH ONLY - SPECIFICATION REQUIRED","physical_inventory","Lessons/Bi-Weekly/Kindergarten/Session03_Building_Basics.md","K","Bi-Weekly","Single","CORE","rebuilt"
"Metric ruler","RULER","NAME MATCH ONLY - SPECIFICATION REQUIRED","physical_inventory","Lessons/Bi-Weekly/Kindergarten/Session04_Colors_Light.md","K","Bi-Weekly","Single","CORE","rebuilt"
"Metric ruler","RULER","NAME MATCH ONLY - SPECIFICATION REQUIRED","physical_inventory","Lessons/Bi-Weekly/Kindergarten/Session05_Simple_Machines.md","K","Bi-Weekly","Single","CORE","rebuilt"
"Metric ruler","RULER","NAME MATCH ONLY - SPECIFICATION REQUIRED","physical_inventory","Lessons/Bi-Weekly/Kindergarten/Session14_Sound_Music.md","K","Bi-Weekly","Single","CORE","rebuilt"
"Metric ruler","RULER","NAME MATCH ONLY - SPECIFICATION REQUIRED","physical_inventory","Lessons/Kindergarten/Week05-06_KEVA_Building.md","K","Weekly","Single","CORE","rebuilt"
"Metric ruler","RULER","NAME MATCH ONLY - SPECIFICATION REQUIRED","physical_inventory","Lessons/Kindergarten/Week07-09_Engineering_Helpers.md","K","Weekly","Single","CORE","rebuilt"
"Metric ruler","RULER","NAME MATCH ONLY - SPECIFICATION REQUIRED","physical_inventory","Lessons/Kindergarten/Week10_Bridges_Connect_Us.md","K","Weekly","Single","CORE","rebuilt"
"Metric ruler","RULER","NAME MATCH ONLY - SPECIFICATION REQUIRED","physical_inventory","Lessons/Kindergarten/Week14-15_Light_All_Around.md","K","Weekly","Single","CORE","rebuilt"
"Metric ruler","RULER","NAME MATCH ONLY - SPECIFICATION REQUIRED","physical_inventory","Lessons/Kindergarten/Week26-27_Helping_Hands.md","K","Weekly","Single","RECOMMENDED","rebuilt"
"Metric ruler","RULER","NAME MATCH ONLY - SPECIFICATION REQUIRED","physical_inventory","Lessons/Kindergarten/Week29-31_Growing_Things.md","K","Weekly","Single","CORE","rebuilt"
"Paper cups","CUP","NAME MATCH ONLY - SPECIFICATION REQUIRED","physical_inventory","Lessons/Bi-Weekly/Kindergarten/Session14_Sound_Music.md","K","Bi-Weekly","Single","CORE","rebuilt"
"Paper cups","CUP","NAME MATCH ONLY - SPECIFICATION REQUIRED","physical_inventory","Lessons/Kindergarten/Week07-09_Engineering_Helpers.md","K","Weekly","Single","CORE","rebuilt"
"Paper grid and token","GRID","NAME MATCH ONLY - SPECIFICATION REQUIRED","physical_inventory","Lessons/Bi-Weekly/Kindergarten/Session15_Helping_Others.md","K","Bi-Weekly","Single","CORE","rebuilt"
"Paper grid and token","GRID","NAME MATCH ONLY - SPECIFICATION REQUIRED","physical_inventory","Lessons/Bi-Weekly/Kindergarten/Session17_Celebration.md","K","Bi-Weekly","Single","CORE","rebuilt"
"Paper grid and token","GRID","NAME MATCH ONLY - SPECIFICATION REQUIRED","physical_inventory","Lessons/Kindergarten/Week02-03_Sphero_Movement.md","K","Weekly","Single","CORE","rebuilt"
"Paper grid and token","GRID","NAME MATCH ONLY - SPECIFICATION REQUIRED","physical_inventory","Lessons/Kindergarten/Week11_Coding_Thankfulness.md","K","Weekly","Single","CORE","rebuilt"
"Paper grid and token","GRID","NAME MATCH ONLY - SPECIFICATION REQUIRED","physical_inventory","Lessons/Kindergarten/Week13_Fall_Celebration.md","K","Weekly","Single","RECOMMENDED","rebuilt"
"Paper grid and token","GRID","NAME MATCH ONLY - SPECIFICATION REQUIRED","physical_inventory","Lessons/Kindergarten/Week19-22_Exploration_Stations.md","K","Weekly","Single","CORE","rebuilt"
"Paper grid and token","GRID","NAME MATCH ONLY - SPECIFICATION REQUIRED","physical_inventory","Lessons/Kindergarten/Week23_Catholic_Schools_Week.md","K","Weekly","Single","CORE","rebuilt"
"Paper grid and token","GRID","NAME MATCH ONLY - SPECIFICATION REQUIRED","physical_inventory","Lessons/Kindergarten/Week24-25_Dash_Robot_Friends.md","K","Weekly","Single","CORE","rebuilt"
"Paper grid and token","GRID","NAME MATCH ONLY - SPECIFICATION REQUIRED","physical_inventory","Lessons/Kindergarten/Week34_Year_Celebration.md","K","Weekly","Single","CORE","rebuilt"
"Paper strips","STRIP","NAME MATCH ONLY - SPECIFICATION REQUIRED","physical_inventory","Lessons/Bi-Weekly/Kindergarten/Session12_Animal_Homes.md","K","Bi-Weekly","Single","CORE","rebuilt"
"Paper strips","STRIP","NAME MATCH ONLY - SPECIFICATION REQUIRED","physical_inventory","Lessons/Kindergarten/Week28_Circles_and_Pi.md","K","Weekly","Single","CORE","rebuilt"
"Paper strips","STRIP","NAME MATCH ONLY - SPECIFICATION REQUIRED","physical_inventory","Lessons/Kindergarten/Week29-31_Growing_Things.md","K","Weekly","Single","CORE","rebuilt"
"Paper towel","TOWEL","NAME MATCH ONLY - SPECIFICATION REQUIRED","physical_inventory","Lessons/Bi-Weekly/Kindergarten/Session08_Winter_Science.md","K","Bi-Weekly","Single","CORE","rebuilt"
"Paper towel","TOWEL","NAME MATCH ONLY - SPECIFICATION REQUIRED","physical_inventory","Lessons/Bi-Weekly/Kindergarten/Session11_Growing_Things.md","K","Bi-Weekly","Single","CORE","rebuilt"
"Paper towel","TOWEL","NAME MATCH ONLY - SPECIFICATION REQUIRED","physical_inventory","Lessons/Bi-Weekly/Kindergarten/Session16_Water_Wonder.md","K","Bi-Weekly","Single","CORE","rebuilt"
"Paper towel","TOWEL","NAME MATCH ONLY - SPECIFICATION REQUIRED","physical_inventory","Lessons/Kindergarten/Week29-31_Growing_Things.md","K","Weekly","Single","CORE","rebuilt"
"Plain paper","PAPER","NAME MATCH ONLY - SPECIFICATION REQUIRED","physical_inventory","Lessons/Bi-Weekly/Kindergarten/Session01_Welcome_Wonder.md","K","Bi-Weekly","Single","CORE","rebuilt"
"Plain paper","PAPER","NAME MATCH ONLY - SPECIFICATION REQUIRED","physical_inventory","Lessons/Bi-Weekly/Kindergarten/Session02_Gods_World.md","K","Bi-Weekly","Single","CORE","rebuilt"
"Plain paper","PAPER","NAME MATCH ONLY - SPECIFICATION REQUIRED","physical_inventory","Lessons/Bi-Weekly/Kindergarten/Session03_Building_Basics.md","K","Bi-Weekly","Single","CORE","rebuilt"
"Plain paper","PAPER","NAME MATCH ONLY - SPECIFICATION REQUIRED","physical_inventory","Lessons/Bi-Weekly/Kindergarten/Session04_Colors_Light.md","K","Bi-Weekly","Single","CORE","rebuilt"
"Plain paper","PAPER","NAME MATCH ONLY - SPECIFICATION REQUIRED","physical_inventory","Lessons/Bi-Weekly/Kindergarten/Session05_Simple_Machines.md","K","Bi-Weekly","Single","CORE","rebuilt"
"Plain paper","PAPER","NAME MATCH ONLY - SPECIFICATION REQUIRED","physical_inventory","Lessons/Bi-Weekly/Kindergarten/Session06_Thanksgiving.md","K","Bi-Weekly","Single","RECOMMENDED","rebuilt"
"Plain paper","PAPER","NAME MATCH ONLY - SPECIFICATION REQUIRED","physical_inventory","Lessons/Bi-Weekly/Kindergarten/Session07_Advent_Light.md","K","Bi-Weekly","Single","RECOMMENDED","rebuilt"
"Plain paper","PAPER","NAME MATCH ONLY - SPECIFICATION REQUIRED","physical_inventory","Lessons/Bi-Weekly/Kindergarten/Session08_Winter_Science.md","K","Bi-Weekly","Single","CORE","rebuilt"
"Plain paper","PAPER","NAME MATCH ONLY - SPECIFICATION REQUIRED","physical_inventory","Lessons/Bi-Weekly/Kindergarten/Session09_Catholic_Schools.md","K","Bi-Weekly","Single","CORE","rebuilt"
"Plain paper","PAPER","NAME MATCH ONLY - SPECIFICATION REQUIRED","physical_inventory","Lessons/Bi-Weekly/Kindergarten/Session10_Weather_Wonder.md","K","Bi-Weekly","Single","CORE","rebuilt"
"Plain paper","PAPER","NAME MATCH ONLY - SPECIFICATION REQUIRED","physical_inventory","Lessons/Bi-Weekly/Kindergarten/Session11_Growing_Things.md","K","Bi-Weekly","Single","CORE","rebuilt"
"Plain paper","PAPER","NAME MATCH ONLY - SPECIFICATION REQUIRED","physical_inventory","Lessons/Bi-Weekly/Kindergarten/Session12_Animal_Homes.md","K","Bi-Weekly","Single","CORE","rebuilt"
"Plain paper","PAPER","NAME MATCH ONLY - SPECIFICATION REQUIRED","physical_inventory","Lessons/Bi-Weekly/Kindergarten/Session13_Easter_New_Life.md","K","Bi-Weekly","Single","CORE","rebuilt"
"Plain paper","PAPER","NAME MATCH ONLY - SPECIFICATION REQUIRED","physical_inventory","Lessons/Bi-Weekly/Kindergarten/Session14_Sound_Music.md","K","Bi-Weekly","Single","CORE","rebuilt"
"Plain paper","PAPER","NAME MATCH ONLY - SPECIFICATION REQUIRED","physical_inventory","Lessons/Bi-Weekly/Kindergarten/Session15_Helping_Others.md","K","Bi-Weekly","Single","CORE","rebuilt"
"Plain paper","PAPER","NAME MATCH ONLY - SPECIFICATION REQUIRED","physical_inventory","Lessons/Bi-Weekly/Kindergarten/Session16_Water_Wonder.md","K","Bi-Weekly","Single","CORE","rebuilt"
"Plain paper","PAPER","NAME MATCH ONLY - SPECIFICATION REQUIRED","physical_inventory","Lessons/Bi-Weekly/Kindergarten/Session17_Celebration.md","K","Bi-Weekly","Single","CORE","rebuilt"
"Plain paper","PAPER","NAME MATCH ONLY - SPECIFICATION REQUIRED","physical_inventory","Lessons/Kindergarten/Week01_Welcome_to_CSTREAM.md","K","Weekly","Single","CORE","rebuilt"
"Plain paper","PAPER","NAME MATCH ONLY - SPECIFICATION REQUIRED","physical_inventory","Lessons/Kindergarten/Week02-03_Sphero_Movement.md","K","Weekly","Single","CORE","rebuilt"
"Plain paper","PAPER","NAME MATCH ONLY - SPECIFICATION REQUIRED","physical_inventory","Lessons/Kindergarten/Week04_Wonder_Walk.md","K","Weekly","Single","CORE","rebuilt"
"Plain paper","PAPER","NAME MATCH ONLY - SPECIFICATION REQUIRED","physical_inventory","Lessons/Kindergarten/Week05-06_KEVA_Building.md","K","Weekly","Single","CORE","rebuilt"
"Plain paper","PAPER","NAME MATCH ONLY - SPECIFICATION REQUIRED","physical_inventory","Lessons/Kindergarten/Week07-09_Engineering_Helpers.md","K","Weekly","Single","CORE","rebuilt"
"Plain paper","PAPER","NAME MATCH ONLY - SPECIFICATION REQUIRED","physical_inventory","Lessons/Kindergarten/Week10_Bridges_Connect_Us.md","K","Weekly","Single","CORE","rebuilt"
"Plain paper","PAPER","NAME MATCH ONLY - SPECIFICATION REQUIRED","physical_inventory","Lessons/Kindergarten/Week11_Coding_Thankfulness.md","K","Weekly","Single","CORE","rebuilt"
"Plain paper","PAPER","NAME MATCH ONLY - SPECIFICATION REQUIRED","physical_inventory","Lessons/Kindergarten/Week12_Making_Gifts.md","K","Weekly","Single","RECOMMENDED","rebuilt"
"Plain paper","PAPER","NAME MATCH ONLY - SPECIFICATION REQUIRED","physical_inventory","Lessons/Kindergarten/Week13_Fall_Celebration.md","K","Weekly","Single","RECOMMENDED","rebuilt"
"Plain paper","PAPER","NAME MATCH ONLY - SPECIFICATION REQUIRED","physical_inventory","Lessons/Kindergarten/Week14-15_Light_All_Around.md","K","Weekly","Single","CORE","rebuilt"
"Plain paper","PAPER","NAME MATCH ONLY - SPECIFICATION REQUIRED","physical_inventory","Lessons/Kindergarten/Week16_Star_of_Wonder.md","K","Weekly","Single","RECOMMENDED","rebuilt"
"Plain paper","PAPER","NAME MATCH ONLY - SPECIFICATION REQUIRED","physical_inventory","Lessons/Kindergarten/Week18_New_Year_Goals.md","K","Weekly","Single","OPTIONAL","rebuilt"
"Plain paper","PAPER","NAME MATCH ONLY - SPECIFICATION REQUIRED","physical_inventory","Lessons/Kindergarten/Week19-22_Exploration_Stations.md","K","Weekly","Single","CORE","rebuilt"
"Plain paper","PAPER","NAME MATCH ONLY - SPECIFICATION REQUIRED","physical_inventory","Lessons/Kindergarten/Week23_Catholic_Schools_Week.md","K","Weekly","Single","CORE","rebuilt"
"Plain paper","PAPER","NAME MATCH ONLY - SPECIFICATION REQUIRED","physical_inventory","Lessons/Kindergarten/Week24-25_Dash_Robot_Friends.md","K","Weekly","Single","CORE","rebuilt"
"Plain paper","PAPER","NAME MATCH ONLY - SPECIFICATION REQUIRED","physical_inventory","Lessons/Kindergarten/Week26-27_Helping_Hands.md","K","Weekly","Single","RECOMMENDED","rebuilt"
"Plain paper","PAPER","NAME MATCH ONLY - SPECIFICATION REQUIRED","physical_inventory","Lessons/Kindergarten/Week29-31_Growing_Things.md","K","Weekly","Single","CORE","rebuilt"
"Plain paper","PAPER","NAME MATCH ONLY - SPECIFICATION REQUIRED","physical_inventory","Lessons/Kindergarten/Week33_New_Life_Engineering.md","K","Weekly","Single","CORE","rebuilt"
"Plain paper","PAPER","NAME MATCH ONLY - SPECIFICATION REQUIRED","physical_inventory","Lessons/Kindergarten/Week34_Year_Celebration.md","K","Weekly","Single","CORE","rebuilt"
"Plastic graduated measuring cup","MEASURECUP","NAME MATCH ONLY - SPECIFICATION REQUIRED","physical_inventory","Lessons/Bi-Weekly/Kindergarten/Session11_Growing_Things.md","K","Bi-Weekly","Single","CORE","rebuilt"
"Plastic graduated measuring cup","MEASURECUP","NAME MATCH ONLY - SPECIFICATION REQUIRED","physical_inventory","Lessons/Bi-Weekly/Kindergarten/Session16_Water_Wonder.md","K","Bi-Weekly","Single","CORE","rebuilt"
"Plastic graduated measuring cup","MEASURECUP","NAME MATCH ONLY - SPECIFICATION REQUIRED","physical_inventory","Lessons/Kindergarten/Week29-31_Growing_Things.md","K","Weekly","Single","CORE","rebuilt"
"Reusable clear plastic cup","CLEARCUP","NAME MATCH ONLY - SPECIFICATION REQUIRED","physical_inventory","Lessons/Bi-Weekly/Kindergarten/Session08_Winter_Science.md","K","Bi-Weekly","Single","CORE","rebuilt"
"Reusable surface cleanup cloth","CLOTH","NAME MATCH ONLY - SPECIFICATION REQUIRED","physical_inventory","Lessons/Bi-Weekly/Kindergarten/Session16_Water_Wonder.md","K","Bi-Weekly","Single","CORE","rebuilt"
"Rigid clear plastic sheet","CLEARPLASTIC","NAME MATCH ONLY - SPECIFICATION REQUIRED","physical_inventory","Lessons/Kindergarten/Week14-15_Light_All_Around.md","K","Weekly","Single","CORE","rebuilt"
"School glue stick","GLUE","NAME MATCH ONLY - SPECIFICATION REQUIRED","physical_inventory","Lessons/Bi-Weekly/Kindergarten/Session07_Advent_Light.md","K","Bi-Weekly","Single","RECOMMENDED","rebuilt"
"School glue stick","GLUE","NAME MATCH ONLY - SPECIFICATION REQUIRED","physical_inventory","Lessons/Bi-Weekly/Kindergarten/Session12_Animal_Homes.md","K","Bi-Weekly","Single","CORE","rebuilt"
"School glue stick","GLUE","NAME MATCH ONLY - SPECIFICATION REQUIRED","physical_inventory","Lessons/Kindergarten/Week12_Making_Gifts.md","K","Weekly","Single","RECOMMENDED","rebuilt"
"School pencil","PENCIL","NAME MATCH ONLY - SPECIFICATION REQUIRED","physical_inventory","Lessons/Bi-Weekly/Kindergarten/Session01_Welcome_Wonder.md","K","Bi-Weekly","Single","CORE","rebuilt"
"School pencil","PENCIL","NAME MATCH ONLY - SPECIFICATION REQUIRED","physical_inventory","Lessons/Bi-Weekly/Kindergarten/Session02_Gods_World.md","K","Bi-Weekly","Single","CORE","rebuilt"
"School pencil","PENCIL","NAME MATCH ONLY - SPECIFICATION REQUIRED","physical_inventory","Lessons/Bi-Weekly/Kindergarten/Session03_Building_Basics.md","K","Bi-Weekly","Single","CORE","rebuilt"
"School pencil","PENCIL","NAME MATCH ONLY - SPECIFICATION REQUIRED","physical_inventory","Lessons/Bi-Weekly/Kindergarten/Session04_Colors_Light.md","K","Bi-Weekly","Single","CORE","rebuilt"
"School pencil","PENCIL","NAME MATCH ONLY - SPECIFICATION REQUIRED","physical_inventory","Lessons/Bi-Weekly/Kindergarten/Session05_Simple_Machines.md","K","Bi-Weekly","Single","CORE","rebuilt"
"School pencil","PENCIL","NAME MATCH ONLY - SPECIFICATION REQUIRED","physical_inventory","Lessons/Bi-Weekly/Kindergarten/Session06_Thanksgiving.md","K","Bi-Weekly","Single","RECOMMENDED","rebuilt"
"School pencil","PENCIL","NAME MATCH ONLY - SPECIFICATION REQUIRED","physical_inventory","Lessons/Bi-Weekly/Kindergarten/Session07_Advent_Light.md","K","Bi-Weekly","Single","RECOMMENDED","rebuilt"
"School pencil","PENCIL","NAME MATCH ONLY - SPECIFICATION REQUIRED","physical_inventory","Lessons/Bi-Weekly/Kindergarten/Session08_Winter_Science.md","K","Bi-Weekly","Single","CORE","rebuilt"
"School pencil","PENCIL","NAME MATCH ONLY - SPECIFICATION REQUIRED","physical_inventory","Lessons/Bi-Weekly/Kindergarten/Session09_Catholic_Schools.md","K","Bi-Weekly","Single","CORE","rebuilt"
"School pencil","PENCIL","NAME MATCH ONLY - SPECIFICATION REQUIRED","physical_inventory","Lessons/Bi-Weekly/Kindergarten/Session10_Weather_Wonder.md","K","Bi-Weekly","Single","CORE","rebuilt"
"School pencil","PENCIL","NAME MATCH ONLY - SPECIFICATION REQUIRED","physical_inventory","Lessons/Bi-Weekly/Kindergarten/Session11_Growing_Things.md","K","Bi-Weekly","Single","CORE","rebuilt"
"School pencil","PENCIL","NAME MATCH ONLY - SPECIFICATION REQUIRED","physical_inventory","Lessons/Bi-Weekly/Kindergarten/Session12_Animal_Homes.md","K","Bi-Weekly","Single","CORE","rebuilt"
"School pencil","PENCIL","NAME MATCH ONLY - SPECIFICATION REQUIRED","physical_inventory","Lessons/Bi-Weekly/Kindergarten/Session13_Easter_New_Life.md","K","Bi-Weekly","Single","CORE","rebuilt"
"School pencil","PENCIL","NAME MATCH ONLY - SPECIFICATION REQUIRED","physical_inventory","Lessons/Bi-Weekly/Kindergarten/Session14_Sound_Music.md","K","Bi-Weekly","Single","CORE","rebuilt"
"School pencil","PENCIL","NAME MATCH ONLY - SPECIFICATION REQUIRED","physical_inventory","Lessons/Bi-Weekly/Kindergarten/Session15_Helping_Others.md","K","Bi-Weekly","Single","CORE","rebuilt"
"School pencil","PENCIL","NAME MATCH ONLY - SPECIFICATION REQUIRED","physical_inventory","Lessons/Bi-Weekly/Kindergarten/Session16_Water_Wonder.md","K","Bi-Weekly","Single","CORE","rebuilt"
"School pencil","PENCIL","NAME MATCH ONLY - SPECIFICATION REQUIRED","physical_inventory","Lessons/Bi-Weekly/Kindergarten/Session17_Celebration.md","K","Bi-Weekly","Single","CORE","rebuilt"
"School pencil","PENCIL","NAME MATCH ONLY - SPECIFICATION REQUIRED","physical_inventory","Lessons/Kindergarten/Week01_Welcome_to_CSTREAM.md","K","Weekly","Single","CORE","rebuilt"
"School pencil","PENCIL","NAME MATCH ONLY - SPECIFICATION REQUIRED","physical_inventory","Lessons/Kindergarten/Week02-03_Sphero_Movement.md","K","Weekly","Single","CORE","rebuilt"
"School pencil","PENCIL","NAME MATCH ONLY - SPECIFICATION REQUIRED","physical_inventory","Lessons/Kindergarten/Week04_Wonder_Walk.md","K","Weekly","Single","CORE","rebuilt"
"School pencil","PENCIL","NAME MATCH ONLY - SPECIFICATION REQUIRED","physical_inventory","Lessons/Kindergarten/Week05-06_KEVA_Building.md","K","Weekly","Single","CORE","rebuilt"
"School pencil","PENCIL","NAME MATCH ONLY - SPECIFICATION REQUIRED","physical_inventory","Lessons/Kindergarten/Week07-09_Engineering_Helpers.md","K","Weekly","Single","CORE","rebuilt"
"School pencil","PENCIL","NAME MATCH ONLY - SPECIFICATION REQUIRED","physical_inventory","Lessons/Kindergarten/Week10_Bridges_Connect_Us.md","K","Weekly","Single","CORE","rebuilt"
"School pencil","PENCIL","NAME MATCH ONLY - SPECIFICATION REQUIRED","physical_inventory","Lessons/Kindergarten/Week11_Coding_Thankfulness.md","K","Weekly","Single","CORE","rebuilt"
"School pencil","PENCIL","NAME MATCH ONLY - SPECIFICATION REQUIRED","physical_inventory","Lessons/Kindergarten/Week12_Making_Gifts.md","K","Weekly","Single","RECOMMENDED","rebuilt"
"School pencil","PENCIL","NAME MATCH ONLY - SPECIFICATION REQUIRED","physical_inventory","Lessons/Kindergarten/Week13_Fall_Celebration.md","K","Weekly","Single","RECOMMENDED","rebuilt"
"School pencil","PENCIL","NAME MATCH ONLY - SPECIFICATION REQUIRED","physical_inventory","Lessons/Kindergarten/Week14-15_Light_All_Around.md","K","Weekly","Single","CORE","rebuilt"
"School pencil","PENCIL","NAME MATCH ONLY - SPECIFICATION REQUIRED","physical_inventory","Lessons/Kindergarten/Week16_Star_of_Wonder.md","K","Weekly","Single","RECOMMENDED","rebuilt"
"School pencil","PENCIL","NAME MATCH ONLY - SPECIFICATION REQUIRED","physical_inventory","Lessons/Kindergarten/Week18_New_Year_Goals.md","K","Weekly","Single","OPTIONAL","rebuilt"
"School pencil","PENCIL","NAME MATCH ONLY - SPECIFICATION REQUIRED","physical_inventory","Lessons/Kindergarten/Week19-22_Exploration_Stations.md","K","Weekly","Single","CORE","rebuilt"
"School pencil","PENCIL","NAME MATCH ONLY - SPECIFICATION REQUIRED","physical_inventory","Lessons/Kindergarten/Week23_Catholic_Schools_Week.md","K","Weekly","Single","CORE","rebuilt"
"School pencil","PENCIL","NAME MATCH ONLY - SPECIFICATION REQUIRED","physical_inventory","Lessons/Kindergarten/Week24-25_Dash_Robot_Friends.md","K","Weekly","Single","CORE","rebuilt"
"School pencil","PENCIL","NAME MATCH ONLY - SPECIFICATION REQUIRED","physical_inventory","Lessons/Kindergarten/Week26-27_Helping_Hands.md","K","Weekly","Single","RECOMMENDED","rebuilt"
"School pencil","PENCIL","NAME MATCH ONLY - SPECIFICATION REQUIRED","physical_inventory","Lessons/Kindergarten/Week28_Circles_and_Pi.md","K","Weekly","Single","CORE","rebuilt"
"School pencil","PENCIL","NAME MATCH ONLY - SPECIFICATION REQUIRED","physical_inventory","Lessons/Kindergarten/Week29-31_Growing_Things.md","K","Weekly","Single","CORE","rebuilt"
"School pencil","PENCIL","NAME MATCH ONLY - SPECIFICATION REQUIRED","physical_inventory","Lessons/Kindergarten/Week33_New_Life_Engineering.md","K","Weekly","Single","CORE","rebuilt"
"School pencil","PENCIL","NAME MATCH ONLY - SPECIFICATION REQUIRED","physical_inventory","Lessons/Kindergarten/Week34_Year_Celebration.md","K","Weekly","Single","CORE","rebuilt"
"School-approved marker","MARKER","NAME MATCH ONLY - SPECIFICATION REQUIRED","physical_inventory","Lessons/Bi-Weekly/Kindergarten/Session08_Winter_Science.md","K","Bi-Weekly","Single","CORE","rebuilt"
"School-approved marker","MARKER","NAME MATCH ONLY - SPECIFICATION REQUIRED","physical_inventory","Lessons/Bi-Weekly/Kindergarten/Session11_Growing_Things.md","K","Bi-Weekly","Single","CORE","rebuilt"
"School-approved marker","MARKER","NAME MATCH ONLY - SPECIFICATION REQUIRED","physical_inventory","Lessons/Kindergarten/Week29-31_Growing_Things.md","K","Weekly","Single","CORE","rebuilt"
"School-approved room-temperature water","WATER","NAME MATCH ONLY - SPECIFICATION REQUIRED","physical_inventory","Lessons/Bi-Weekly/Kindergarten/Session11_Growing_Things.md","K","Bi-Weekly","Single","CORE","rebuilt"
"School-approved room-temperature water","WATER","NAME MATCH ONLY - SPECIFICATION REQUIRED","physical_inventory","Lessons/Bi-Weekly/Kindergarten/Session16_Water_Wonder.md","K","Bi-Weekly","Single","CORE","rebuilt"
"School-approved room-temperature water","WATER","NAME MATCH ONLY - SPECIFICATION REQUIRED","physical_inventory","Lessons/Kindergarten/Week29-31_Growing_Things.md","K","Weekly","Single","CORE","rebuilt"
"Shared school crayon set","CRAYON","NAME MATCH ONLY - SPECIFICATION REQUIRED","physical_inventory","Lessons/Bi-Weekly/Kindergarten/Session01_Welcome_Wonder.md","K","Bi-Weekly","Single","CORE","rebuilt"
"Shared school crayon set","CRAYON","NAME MATCH ONLY - SPECIFICATION REQUIRED","physical_inventory","Lessons/Bi-Weekly/Kindergarten/Session02_Gods_World.md","K","Bi-Weekly","Single","CORE","rebuilt"
"Shared school crayon set","CRAYON","NAME MATCH ONLY - SPECIFICATION REQUIRED","physical_inventory","Lessons/Bi-Weekly/Kindergarten/Session03_Building_Basics.md","K","Bi-Weekly","Single","CORE","rebuilt"
"Shared school crayon set","CRAYON","NAME MATCH ONLY - SPECIFICATION REQUIRED","physical_inventory","Lessons/Bi-Weekly/Kindergarten/Session04_Colors_Light.md","K","Bi-Weekly","Single","CORE","rebuilt"
"Shared school crayon set","CRAYON","NAME MATCH ONLY - SPECIFICATION REQUIRED","physical_inventory","Lessons/Bi-Weekly/Kindergarten/Session05_Simple_Machines.md","K","Bi-Weekly","Single","CORE","rebuilt"
"Shared school crayon set","CRAYON","NAME MATCH ONLY - SPECIFICATION REQUIRED","physical_inventory","Lessons/Bi-Weekly/Kindergarten/Session06_Thanksgiving.md","K","Bi-Weekly","Single","RECOMMENDED","rebuilt"
"Shared school crayon set","CRAYON","NAME MATCH ONLY - SPECIFICATION REQUIRED","physical_inventory","Lessons/Bi-Weekly/Kindergarten/Session07_Advent_Light.md","K","Bi-Weekly","Single","RECOMMENDED","rebuilt"
"Shared school crayon set","CRAYON","NAME MATCH ONLY - SPECIFICATION REQUIRED","physical_inventory","Lessons/Bi-Weekly/Kindergarten/Session08_Winter_Science.md","K","Bi-Weekly","Single","CORE","rebuilt"
"Shared school crayon set","CRAYON","NAME MATCH ONLY - SPECIFICATION REQUIRED","physical_inventory","Lessons/Bi-Weekly/Kindergarten/Session09_Catholic_Schools.md","K","Bi-Weekly","Single","CORE","rebuilt"
"Shared school crayon set","CRAYON","NAME MATCH ONLY - SPECIFICATION REQUIRED","physical_inventory","Lessons/Bi-Weekly/Kindergarten/Session10_Weather_Wonder.md","K","Bi-Weekly","Single","CORE","rebuilt"
"Shared school crayon set","CRAYON","NAME MATCH ONLY - SPECIFICATION REQUIRED","physical_inventory","Lessons/Bi-Weekly/Kindergarten/Session11_Growing_Things.md","K","Bi-Weekly","Single","CORE","rebuilt"
"Shared school crayon set","CRAYON","NAME MATCH ONLY - SPECIFICATION REQUIRED","physical_inventory","Lessons/Bi-Weekly/Kindergarten/Session12_Animal_Homes.md","K","Bi-Weekly","Single","CORE","rebuilt"
"Shared school crayon set","CRAYON","NAME MATCH ONLY - SPECIFICATION REQUIRED","physical_inventory","Lessons/Bi-Weekly/Kindergarten/Session13_Easter_New_Life.md","K","Bi-Weekly","Single","CORE","rebuilt"
"Shared school crayon set","CRAYON","NAME MATCH ONLY - SPECIFICATION REQUIRED","physical_inventory","Lessons/Bi-Weekly/Kindergarten/Session14_Sound_Music.md","K","Bi-Weekly","Single","CORE","rebuilt"
"Shared school crayon set","CRAYON","NAME MATCH ONLY - SPECIFICATION REQUIRED","physical_inventory","Lessons/Bi-Weekly/Kindergarten/Session15_Helping_Others.md","K","Bi-Weekly","Single","CORE","rebuilt"
"Shared school crayon set","CRAYON","NAME MATCH ONLY - SPECIFICATION REQUIRED","physical_inventory","Lessons/Bi-Weekly/Kindergarten/Session16_Water_Wonder.md","K","Bi-Weekly","Single","CORE","rebuilt"
"Shared school crayon set","CRAYON","NAME MATCH ONLY - SPECIFICATION REQUIRED","physical_inventory","Lessons/Bi-Weekly/Kindergarten/Session17_Celebration.md","K","Bi-Weekly","Single","CORE","rebuilt"
"Shared school crayon set","CRAYON","NAME MATCH ONLY - SPECIFICATION REQUIRED","physical_inventory","Lessons/Kindergarten/Week01_Welcome_to_CSTREAM.md","K","Weekly","Single","CORE","rebuilt"
"Shared school crayon set","CRAYON","NAME MATCH ONLY - SPECIFICATION REQUIRED","physical_inventory","Lessons/Kindergarten/Week02-03_Sphero_Movement.md","K","Weekly","Single","CORE","rebuilt"
"Shared school crayon set","CRAYON","NAME MATCH ONLY - SPECIFICATION REQUIRED","physical_inventory","Lessons/Kindergarten/Week04_Wonder_Walk.md","K","Weekly","Single","CORE","rebuilt"
"Shared school crayon set","CRAYON","NAME MATCH ONLY - SPECIFICATION REQUIRED","physical_inventory","Lessons/Kindergarten/Week05-06_KEVA_Building.md","K","Weekly","Single","CORE","rebuilt"
"Shared school crayon set","CRAYON","NAME MATCH ONLY - SPECIFICATION REQUIRED","physical_inventory","Lessons/Kindergarten/Week07-09_Engineering_Helpers.md","K","Weekly","Single","CORE","rebuilt"
"Shared school crayon set","CRAYON","NAME MATCH ONLY - SPECIFICATION REQUIRED","physical_inventory","Lessons/Kindergarten/Week10_Bridges_Connect_Us.md","K","Weekly","Single","CORE","rebuilt"
"Shared school crayon set","CRAYON","NAME MATCH ONLY - SPECIFICATION REQUIRED","physical_inventory","Lessons/Kindergarten/Week11_Coding_Thankfulness.md","K","Weekly","Single","CORE","rebuilt"
"Shared school crayon set","CRAYON","NAME MATCH ONLY - SPECIFICATION REQUIRED","physical_inventory","Lessons/Kindergarten/Week12_Making_Gifts.md","K","Weekly","Single","RECOMMENDED","rebuilt"
"Shared school crayon set","CRAYON","NAME MATCH ONLY - SPECIFICATION REQUIRED","physical_inventory","Lessons/Kindergarten/Week13_Fall_Celebration.md","K","Weekly","Single","RECOMMENDED","rebuilt"
"Shared school crayon set","CRAYON","NAME MATCH ONLY - SPECIFICATION REQUIRED","physical_inventory","Lessons/Kindergarten/Week14-15_Light_All_Around.md","K","Weekly","Single","CORE","rebuilt"
"Shared school crayon set","CRAYON","NAME MATCH ONLY - SPECIFICATION REQUIRED","physical_inventory","Lessons/Kindergarten/Week16_Star_of_Wonder.md","K","Weekly","Single","RECOMMENDED","rebuilt"
"Shared school crayon set","CRAYON","NAME MATCH ONLY - SPECIFICATION REQUIRED","physical_inventory","Lessons/Kindergarten/Week18_New_Year_Goals.md","K","Weekly","Single","OPTIONAL","rebuilt"
"Shared school crayon set","CRAYON","NAME MATCH ONLY - SPECIFICATION REQUIRED","physical_inventory","Lessons/Kindergarten/Week19-22_Exploration_Stations.md","K","Weekly","Single","CORE","rebuilt"
"Shared school crayon set","CRAYON","NAME MATCH ONLY - SPECIFICATION REQUIRED","physical_inventory","Lessons/Kindergarten/Week23_Catholic_Schools_Week.md","K","Weekly","Single","CORE","rebuilt"
"Shared school crayon set","CRAYON","NAME MATCH ONLY - SPECIFICATION REQUIRED","physical_inventory","Lessons/Kindergarten/Week24-25_Dash_Robot_Friends.md","K","Weekly","Single","CORE","rebuilt"
"Shared school crayon set","CRAYON","NAME MATCH ONLY - SPECIFICATION REQUIRED","physical_inventory","Lessons/Kindergarten/Week26-27_Helping_Hands.md","K","Weekly","Single","RECOMMENDED","rebuilt"
"Shared school crayon set","CRAYON","NAME MATCH ONLY - SPECIFICATION REQUIRED","physical_inventory","Lessons/Kindergarten/Week28_Circles_and_Pi.md","K","Weekly","Single","CORE","rebuilt"
"Shared school crayon set","CRAYON","NAME MATCH ONLY - SPECIFICATION REQUIRED","physical_inventory","Lessons/Kindergarten/Week33_New_Life_Engineering.md","K","Weekly","Single","CORE","rebuilt"
"Shared school crayon set","CRAYON","NAME MATCH ONLY - SPECIFICATION REQUIRED","physical_inventory","Lessons/Kindergarten/Week34_Year_Celebration.md","K","Weekly","Single","CORE","rebuilt"
"Stable school support book or block","SUPPORT","NAME MATCH ONLY - SPECIFICATION REQUIRED","physical_inventory","Lessons/Bi-Weekly/Kindergarten/Session05_Simple_Machines.md","K","Bi-Weekly","Single","CORE","rebuilt"
"Teacher ice-cube tray","ICETRAY","NAME MATCH ONLY - SPECIFICATION REQUIRED","physical_inventory","Lessons/Bi-Weekly/Kindergarten/Session08_Winter_Science.md","K","Bi-Weekly","Single","CORE","rebuilt"
"Teacher timer","TEACHERTIMER","NAME MATCH ONLY - SPECIFICATION REQUIRED","physical_inventory","Lessons/Bi-Weekly/Kindergarten/Session01_Welcome_Wonder.md","K","Bi-Weekly","Single","CORE","rebuilt"
"Teacher timer","TEACHERTIMER","NAME MATCH ONLY - SPECIFICATION REQUIRED","physical_inventory","Lessons/Bi-Weekly/Kindergarten/Session02_Gods_World.md","K","Bi-Weekly","Single","CORE","rebuilt"
"Teacher timer","TEACHERTIMER","NAME MATCH ONLY - SPECIFICATION REQUIRED","physical_inventory","Lessons/Bi-Weekly/Kindergarten/Session03_Building_Basics.md","K","Bi-Weekly","Single","CORE","rebuilt"
"Teacher timer","TEACHERTIMER","NAME MATCH ONLY - SPECIFICATION REQUIRED","physical_inventory","Lessons/Bi-Weekly/Kindergarten/Session04_Colors_Light.md","K","Bi-Weekly","Single","CORE","rebuilt"
"Teacher timer","TEACHERTIMER","NAME MATCH ONLY - SPECIFICATION REQUIRED","physical_inventory","Lessons/Bi-Weekly/Kindergarten/Session05_Simple_Machines.md","K","Bi-Weekly","Single","CORE","rebuilt"
"Teacher timer","TEACHERTIMER","NAME MATCH ONLY - SPECIFICATION REQUIRED","physical_inventory","Lessons/Bi-Weekly/Kindergarten/Session06_Thanksgiving.md","K","Bi-Weekly","Single","RECOMMENDED","rebuilt"
"Teacher timer","TEACHERTIMER","NAME MATCH ONLY - SPECIFICATION REQUIRED","physical_inventory","Lessons/Bi-Weekly/Kindergarten/Session07_Advent_Light.md","K","Bi-Weekly","Single","RECOMMENDED","rebuilt"
"Teacher timer","TEACHERTIMER","NAME MATCH ONLY - SPECIFICATION REQUIRED","physical_inventory","Lessons/Bi-Weekly/Kindergarten/Session08_Winter_Science.md","K","Bi-Weekly","Single","CORE","rebuilt"
"Teacher timer","TEACHERTIMER","NAME MATCH ONLY - SPECIFICATION REQUIRED","physical_inventory","Lessons/Bi-Weekly/Kindergarten/Session09_Catholic_Schools.md","K","Bi-Weekly","Single","CORE","rebuilt"
"Teacher timer","TEACHERTIMER","NAME MATCH ONLY - SPECIFICATION REQUIRED","physical_inventory","Lessons/Bi-Weekly/Kindergarten/Session10_Weather_Wonder.md","K","Bi-Weekly","Single","CORE","rebuilt"
"Teacher timer","TEACHERTIMER","NAME MATCH ONLY - SPECIFICATION REQUIRED","physical_inventory","Lessons/Bi-Weekly/Kindergarten/Session11_Growing_Things.md","K","Bi-Weekly","Single","CORE","rebuilt"
"Teacher timer","TEACHERTIMER","NAME MATCH ONLY - SPECIFICATION REQUIRED","physical_inventory","Lessons/Bi-Weekly/Kindergarten/Session12_Animal_Homes.md","K","Bi-Weekly","Single","CORE","rebuilt"
"Teacher timer","TEACHERTIMER","NAME MATCH ONLY - SPECIFICATION REQUIRED","physical_inventory","Lessons/Bi-Weekly/Kindergarten/Session13_Easter_New_Life.md","K","Bi-Weekly","Single","CORE","rebuilt"
"Teacher timer","TEACHERTIMER","NAME MATCH ONLY - SPECIFICATION REQUIRED","physical_inventory","Lessons/Bi-Weekly/Kindergarten/Session14_Sound_Music.md","K","Bi-Weekly","Single","CORE","rebuilt"
"Teacher timer","TEACHERTIMER","NAME MATCH ONLY - SPECIFICATION REQUIRED","physical_inventory","Lessons/Bi-Weekly/Kindergarten/Session15_Helping_Others.md","K","Bi-Weekly","Single","CORE","rebuilt"
"Teacher timer","TEACHERTIMER","NAME MATCH ONLY - SPECIFICATION REQUIRED","physical_inventory","Lessons/Bi-Weekly/Kindergarten/Session16_Water_Wonder.md","K","Bi-Weekly","Single","CORE","rebuilt"
"Teacher timer","TEACHERTIMER","NAME MATCH ONLY - SPECIFICATION REQUIRED","physical_inventory","Lessons/Bi-Weekly/Kindergarten/Session17_Celebration.md","K","Bi-Weekly","Single","CORE","rebuilt"
"Teacher timer","TEACHERTIMER","NAME MATCH ONLY - SPECIFICATION REQUIRED","physical_inventory","Lessons/Kindergarten/Week01_Welcome_to_CSTREAM.md","K","Weekly","Single","CORE","rebuilt"
"Teacher timer","TEACHERTIMER","NAME MATCH ONLY - SPECIFICATION REQUIRED","physical_inventory","Lessons/Kindergarten/Week02-03_Sphero_Movement.md","K","Weekly","Single","CORE","rebuilt"
"Teacher timer","TEACHERTIMER","NAME MATCH ONLY - SPECIFICATION REQUIRED","physical_inventory","Lessons/Kindergarten/Week04_Wonder_Walk.md","K","Weekly","Single","CORE","rebuilt"
"Teacher timer","TEACHERTIMER","NAME MATCH ONLY - SPECIFICATION REQUIRED","physical_inventory","Lessons/Kindergarten/Week05-06_KEVA_Building.md","K","Weekly","Single","CORE","rebuilt"
"Teacher timer","TEACHERTIMER","NAME MATCH ONLY - SPECIFICATION REQUIRED","physical_inventory","Lessons/Kindergarten/Week07-09_Engineering_Helpers.md","K","Weekly","Single","CORE","rebuilt"
"Teacher timer","TEACHERTIMER","NAME MATCH ONLY - SPECIFICATION REQUIRED","physical_inventory","Lessons/Kindergarten/Week10_Bridges_Connect_Us.md","K","Weekly","Single","CORE","rebuilt"
"Teacher timer","TEACHERTIMER","NAME MATCH ONLY - SPECIFICATION REQUIRED","physical_inventory","Lessons/Kindergarten/Week11_Coding_Thankfulness.md","K","Weekly","Single","CORE","rebuilt"
"Teacher timer","TEACHERTIMER","NAME MATCH ONLY - SPECIFICATION REQUIRED","physical_inventory","Lessons/Kindergarten/Week12_Making_Gifts.md","K","Weekly","Single","RECOMMENDED","rebuilt"
"Teacher timer","TEACHERTIMER","NAME MATCH ONLY - SPECIFICATION REQUIRED","physical_inventory","Lessons/Kindergarten/Week13_Fall_Celebration.md","K","Weekly","Single","RECOMMENDED","rebuilt"
"Teacher timer","TEACHERTIMER","NAME MATCH ONLY - SPECIFICATION REQUIRED","physical_inventory","Lessons/Kindergarten/Week14-15_Light_All_Around.md","K","Weekly","Single","CORE","rebuilt"
"Teacher timer","TEACHERTIMER","NAME MATCH ONLY - SPECIFICATION REQUIRED","physical_inventory","Lessons/Kindergarten/Week16_Star_of_Wonder.md","K","Weekly","Single","RECOMMENDED","rebuilt"
"Teacher timer","TEACHERTIMER","NAME MATCH ONLY - SPECIFICATION REQUIRED","physical_inventory","Lessons/Kindergarten/Week18_New_Year_Goals.md","K","Weekly","Single","OPTIONAL","rebuilt"
"Teacher timer","TEACHERTIMER","NAME MATCH ONLY - SPECIFICATION REQUIRED","physical_inventory","Lessons/Kindergarten/Week19-22_Exploration_Stations.md","K","Weekly","Single","CORE","rebuilt"
"Teacher timer","TEACHERTIMER","NAME MATCH ONLY - SPECIFICATION REQUIRED","physical_inventory","Lessons/Kindergarten/Week23_Catholic_Schools_Week.md","K","Weekly","Single","CORE","rebuilt"
"Teacher timer","TEACHERTIMER","NAME MATCH ONLY - SPECIFICATION REQUIRED","physical_inventory","Lessons/Kindergarten/Week24-25_Dash_Robot_Friends.md","K","Weekly","Single","CORE","rebuilt"
"Teacher timer","TEACHERTIMER","NAME MATCH ONLY - SPECIFICATION REQUIRED","physical_inventory","Lessons/Kindergarten/Week26-27_Helping_Hands.md","K","Weekly","Single","RECOMMENDED","rebuilt"
"Teacher timer","TEACHERTIMER","NAME MATCH ONLY - SPECIFICATION REQUIRED","physical_inventory","Lessons/Kindergarten/Week28_Circles_and_Pi.md","K","Weekly","Single","CORE","rebuilt"
"Teacher timer","TEACHERTIMER","NAME MATCH ONLY - SPECIFICATION REQUIRED","physical_inventory","Lessons/Kindergarten/Week29-31_Growing_Things.md","K","Weekly","Single","CORE","rebuilt"
"Teacher timer","TEACHERTIMER","NAME MATCH ONLY - SPECIFICATION REQUIRED","physical_inventory","Lessons/Kindergarten/Week33_New_Life_Engineering.md","K","Weekly","Single","CORE","rebuilt"
"Teacher timer","TEACHERTIMER","NAME MATCH ONLY - SPECIFICATION REQUIRED","physical_inventory","Lessons/Kindergarten/Week34_Year_Celebration.md","K","Weekly","Single","CORE","rebuilt"
"Teacher water collection container","COLLECT","NAME MATCH ONLY - SPECIFICATION REQUIRED","physical_inventory","Lessons/Bi-Weekly/Kindergarten/Session08_Winter_Science.md","K","Bi-Weekly","Single","CORE","rebuilt"
"Teacher water collection container","COLLECT","NAME MATCH ONLY - SPECIFICATION REQUIRED","physical_inventory","Lessons/Bi-Weekly/Kindergarten/Session16_Water_Wonder.md","K","Bi-Weekly","Single","CORE","rebuilt"
"Teacher-only sample tongs","TONG","NAME MATCH ONLY - SPECIFICATION REQUIRED","physical_inventory","Lessons/Bi-Weekly/Kindergarten/Session08_Winter_Science.md","K","Bi-Weekly","Single","CORE","rebuilt"
"Teacher-prepared ice sample","ICE","NAME MATCH ONLY - SPECIFICATION REQUIRED","physical_inventory","Lessons/Bi-Weekly/Kindergarten/Session08_Winter_Science.md","K","Bi-Weekly","Single","CORE","rebuilt"
"Team sorting tray","TRAY","NAME MATCH ONLY - SPECIFICATION REQUIRED","physical_inventory","Lessons/Bi-Weekly/Kindergarten/Session03_Building_Basics.md","K","Bi-Weekly","Single","CORE","rebuilt"
"Team sorting tray","TRAY","NAME MATCH ONLY - SPECIFICATION REQUIRED","physical_inventory","Lessons/Bi-Weekly/Kindergarten/Session05_Simple_Machines.md","K","Bi-Weekly","Single","CORE","rebuilt"
"Team sorting tray","TRAY","NAME MATCH ONLY - SPECIFICATION REQUIRED","physical_inventory","Lessons/Bi-Weekly/Kindergarten/Session08_Winter_Science.md","K","Bi-Weekly","Single","CORE","rebuilt"
"Team sorting tray","TRAY","NAME MATCH ONLY - SPECIFICATION REQUIRED","physical_inventory","Lessons/Bi-Weekly/Kindergarten/Session16_Water_Wonder.md","K","Bi-Weekly","Single","CORE","rebuilt"
"Team sorting tray","TRAY","NAME MATCH ONLY - SPECIFICATION REQUIRED","physical_inventory","Lessons/Kindergarten/Week04_Wonder_Walk.md","K","Weekly","Single","CORE","rebuilt"
"Team sorting tray","TRAY","NAME MATCH ONLY - SPECIFICATION REQUIRED","physical_inventory","Lessons/Kindergarten/Week05-06_KEVA_Building.md","K","Weekly","Single","CORE","rebuilt"
"Team sorting tray","TRAY","NAME MATCH ONLY - SPECIFICATION REQUIRED","physical_inventory","Lessons/Kindergarten/Week07-09_Engineering_Helpers.md","K","Weekly","Single","CORE","rebuilt"
"Team sorting tray","TRAY","NAME MATCH ONLY - SPECIFICATION REQUIRED","physical_inventory","Lessons/Kindergarten/Week10_Bridges_Connect_Us.md","K","Weekly","Single","CORE","rebuilt"
"Team sorting tray","TRAY","NAME MATCH ONLY - SPECIFICATION REQUIRED","physical_inventory","Lessons/Kindergarten/Week19-22_Exploration_Stations.md","K","Weekly","Single","CORE","rebuilt"
"Team sorting tray","TRAY","NAME MATCH ONLY - SPECIFICATION REQUIRED","physical_inventory","Lessons/Kindergarten/Week26-27_Helping_Hands.md","K","Weekly","Single","RECOMMENDED","rebuilt"
"Tissue paper","TISSUE","NAME MATCH ONLY - SPECIFICATION REQUIRED","physical_inventory","Lessons/Kindergarten/Week14-15_Light_All_Around.md","K","Weekly","Single","CORE","rebuilt"
"Transparent observation cup with lid","CUPLID","NAME MATCH ONLY - SPECIFICATION REQUIRED","physical_inventory","Lessons/Bi-Weekly/Kindergarten/Session11_Growing_Things.md","K","Bi-Weekly","Single","CORE","rebuilt"
"Transparent observation cup with lid","CUPLID","NAME MATCH ONLY - SPECIFICATION REQUIRED","physical_inventory","Lessons/Kindergarten/Week29-31_Growing_Things.md","K","Weekly","Single","CORE","rebuilt"
"Untreated bean seeds","SEED","NAME MATCH ONLY - SPECIFICATION REQUIRED","physical_inventory","Lessons/Bi-Weekly/Kindergarten/Session11_Growing_Things.md","K","Bi-Weekly","Single","CORE","rebuilt"
"Untreated bean seeds","SEED","NAME MATCH ONLY - SPECIFICATION REQUIRED","physical_inventory","Lessons/Kindergarten/Week29-31_Growing_Things.md","K","Weekly","Single","CORE","rebuilt"
"Wooden craft sticks","STICK","NAME MATCH ONLY - SPECIFICATION REQUIRED","physical_inventory","Lessons/Kindergarten/Week07-09_Engineering_Helpers.md","K","Weekly","Single","CORE","rebuilt"
"Wooden craft sticks","STICK","NAME MATCH ONLY - SPECIFICATION REQUIRED","physical_inventory","Lessons/Kindergarten/Week26-27_Helping_Hands.md","K","Weekly","Single","RECOMMENDED","rebuilt"
