"item_id","vendor_neutral_specification","example_item_or_vendor","price_estimate_usd","price_recorded","material_class","expected_replacement_cycle","estimated_annual_recurring_cost","typical_lead_time","batteries_required","charging_required","adult_setup_maintenance_calibration","substitution_rule","annual_rebudget","verification_status"
"PAPER","Plain paper; purpose: Observation data art algorithms and evidence; safety/power: No paper projectiles; None","No vendor endorsed; equivalent product allowed after school review.","0.01","2026-10","consumable","500 sheets per 25-student cohort","VERIFICATION REQUIRED after schedule, stock count, pack size, loss, and wear are known.","VERIFICATION REQUIRED with selected supplier before annual ordering.","None","No charging identified; verify selected equivalent.","DRY-PAPER bin; No paper projectiles","Match learning purpose, safety/age guidance, durability, working size/capacity, kit compatibility, and reasonable total cost; pretest before release.","YES","VERIFICATION REQUIRED"
"CARD","Cardstock; purpose: Pattern composition structures and models; safety/power: Teacher pre-cuts if needed; None","No vendor endorsed; equivalent product allowed after school review.","0.05","2026-10","consumable","100 sheets per cohort","VERIFICATION REQUIRED after schedule, stock count, pack size, loss, and wear are known.","VERIFICATION REQUIRED with selected supplier before annual ordering.","None","No charging identified; verify selected equivalent.","DRY-PAPER bin; Teacher pre-cuts if needed","Match learning purpose, safety/age guidance, durability, working size/capacity, kit compatibility, and reasonable total cost; pretest before release.","YES","VERIFICATION REQUIRED"
"INDEX","Index cards; purpose: Directions sorting rhythmic patterns and structure tests; safety/power: No small detachable tokens for K; None","No vendor endorsed; equivalent product allowed after school review.","0.02","2026-10","consumable","Up to 400 cards per cohort conservative","VERIFICATION REQUIRED after schedule, stock count, pack size, loss, and wear are known.","VERIFICATION REQUIRED with selected supplier before annual ordering.","None","No charging identified; verify selected equivalent.","UNPLUGGED envelope; No small detachable tokens for K","Match learning purpose, safety/age guidance, durability, working size/capacity, kit compatibility, and reasonable total cost; pretest before release.","YES","VERIFICATION REQUIRED"
"STICK","Wooden craft sticks; purpose: Structures lever models and design; safety/power: Inspect splinters; no catapults or projectiles; None","No vendor endorsed; equivalent product allowed after school review.","0.012","2026-10","durable","Up to 500 per cohort conservative","VERIFICATION REQUIRED after schedule, stock count, pack size, loss, and wear are known.","VERIFICATION REQUIRED with selected supplier before annual ordering.","None","No charging identified; verify selected equivalent.","STRUCTURES dry bin; Inspect splinters; no catapults or projectiles","Match learning purpose, safety/age guidance, durability, working size/capacity, kit compatibility, and reasonable total cost; pretest before release.","Inspect annually; budget only for verified loss, damage, or planned expansion.","VERIFICATION REQUIRED"
"TAPE","Masking tape; purpose: Assembly and floor or desk grids; safety/power: Keep off skin and hair; check surface removal; None","No vendor endorsed; equivalent product allowed after school review.","2.00","2026-10","consumable","6 rolls per cohort","VERIFICATION REQUIRED after schedule, stock count, pack size, loss, and wear are known.","VERIFICATION REQUIRED with selected supplier before annual ordering.","None","No charging identified; verify selected equivalent.","STRUCTURES dry bin; Keep off skin and hair; check surface removal","Match learning purpose, safety/age guidance, durability, working size/capacity, kit compatibility, and reasonable total cost; pretest before release.","YES","VERIFICATION REQUIRED"
"CUP","Paper cups; purpose: Structures dry sound models and comparisons; safety/power: Do not eat or drink from experiment cups; None","No vendor endorsed; equivalent product allowed after school review.","0.05","2026-10","consumable","100 cups per cohort","VERIFICATION REQUIRED after schedule, stock count, pack size, loss, and wear are known.","VERIFICATION REQUIRED with selected supplier before annual ordering.","None","No charging identified; verify selected equivalent.","STRUCTURES dry bin; Do not eat or drink from experiment cups","Match learning purpose, safety/age guidance, durability, working size/capacity, kit compatibility, and reasonable total cost; pretest before release.","YES","VERIFICATION REQUIRED"
"STRING","Cotton string; purpose: Lengths pulleys and sound transmission; safety/power: No loops around body or neck; no walking string lines; None","No vendor endorsed; equivalent product allowed after school review.","0.04","2026-10","durable","100 m per cohort conservative","VERIFICATION REQUIRED after schedule, stock count, pack size, loss, and wear are known.","VERIFICATION REQUIRED with selected supplier before annual ordering.","None","No charging identified; verify selected equivalent.","MEASURE sealed bag; No loops around body or neck; no walking string lines","Match learning purpose, safety/age guidance, durability, working size/capacity, kit compatibility, and reasonable total cost; pretest before release.","Inspect annually; budget only for verified loss, damage, or planned expansion.","VERIFICATION REQUIRED"
"FOIL","Aluminum foil; purpose: Form and reflectivity comparisons; not bare battery wiring; safety/power: Fold sharp edges; never short battery terminals; None","No vendor endorsed; equivalent product allowed after school review.","0.40","2026-10","consumable","10 m per cohort","VERIFICATION REQUIRED after schedule, stock count, pack size, loss, and wear are known.","VERIFICATION REQUIRED with selected supplier before annual ordering.","None","No charging identified; verify selected equivalent.","ART-LIGHT dry bin; Fold sharp edges; never short battery terminals","Match learning purpose, safety/age guidance, durability, working size/capacity, kit compatibility, and reasonable total cost; pretest before release.","YES","VERIFICATION REQUIRED"
"TRAY","Team sorting tray; purpose: Counted team supplies; safety/power: Stable flat rim and no cracks; None","No vendor endorsed; equivalent product allowed after school review.","1.00","2026-10","durable","Replace damaged trays from reserve","VERIFICATION REQUIRED after schedule, stock count, pack size, loss, and wear are known.","VERIFICATION REQUIRED with selected supplier before annual ordering.","None","No charging identified; verify selected equivalent.","Numbered classroom tray allocation; Stable flat rim and no cracks","Match learning purpose, safety/age guidance, durability, working size/capacity, kit compatibility, and reasonable total cost; pretest before release.","Inspect annually; budget only for verified loss, damage, or planned expansion.","VERIFICATION REQUIRED"
"BIN","Lidded storage bin; purpose: Dry sorted kits; safety/power: Do not store wet items; teacher stores electrical bin; None","No vendor endorsed; equivalent product allowed after school review.","4.00","2026-10","durable","Replace damaged bin from reserve","VERIFICATION REQUIRED after schedule, stock count, pack size, loss, and wear are known.","VERIFICATION REQUIRED with selected supplier before annual ordering.","None","No charging identified; verify selected equivalent.","Labeled shelf location school must fill; Do not store wet items; teacher stores electrical bin","Match learning purpose, safety/age guidance, durability, working size/capacity, kit compatibility, and reasonable total cost; pretest before release.","Inspect annually; budget only for verified loss, damage, or planned expansion.","VERIFICATION REQUIRED"
"RULER","Metric ruler; purpose: Length comparison measurement and drawing; safety/power: No flexible snapping or swinging; None","No vendor endorsed; equivalent product allowed after school review.","1.00","2026-10","durable","Replace unreadable or broken ruler from reserve","VERIFICATION REQUIRED after schedule, stock count, pack size, loss, and wear are known.","VERIFICATION REQUIRED with selected supplier before annual ordering.","None","No charging identified; verify selected equivalent.","MEASURE bin; No flexible snapping or swinging","Match learning purpose, safety/age guidance, durability, working size/capacity, kit compatibility, and reasonable total cost; pretest before release.","Inspect annually; budget only for verified loss, damage, or planned expansion.","VERIFICATION REQUIRED"
"PACK","Protected switched 2-AA circuit pack; purpose: Low-cost closed-path circuit investigations; safety/power: 3 V nominal; screw-closed cover and short-circuit protection must be verified; no student repairs; 2 AA per pack; cells separate","No vendor endorsed; equivalent product allowed after school review.","6.00","2026-10","durable","Inspect every use; damaged pack OUT OF SERVICE","VERIFICATION REQUIRED after schedule, stock count, pack size, loss, and wear are known.","VERIFICATION REQUIRED with selected supplier before annual ordering.","2 AA per pack; cells separate","No charging identified; verify selected equivalent.","CIRCUITS teacher-controlled compartment; 3 V nominal; screw-closed cover and short-circuit protection must be verified; no student repairs","Match learning purpose, safety/age guidance, durability, working size/capacity, kit compatibility, and reasonable total cost; pretest before release.","Inspect annually; budget only for verified loss, damage, or planned expansion.","VERIFICATION REQUIRED protection and compatibility"
"LED","Current-limited 3-V LED module; purpose: Visible circuit output; safety/power: Manufacturer-rated for pack; never bare LED straight to cells; Uses PACK; no internal cell","No vendor endorsed; equivalent product allowed after school review.","2.00","2026-10","durable","Replace failed module from reserve","VERIFICATION REQUIRED after schedule, stock count, pack size, loss, and wear are known.","VERIFICATION REQUIRED with selected supplier before annual ordering.","Uses PACK; no internal cell","No charging identified; verify selected equivalent.","CIRCUITS counted compartment; Manufacturer-rated for pack; never bare LED straight to cells","Match learning purpose, safety/age guidance, durability, working size/capacity, kit compatibility, and reasonable total cost; pretest before release.","Inspect annually; budget only for verified loss, damage, or planned expansion.","VERIFICATION REQUIRED electrical rating"
"LEAD","Insulated clip lead; purpose: Join protected pack to module; safety/power: No short circuits; clip jaws supervised; disconnect on warmth; Uses PACK","No vendor endorsed; equivalent product allowed after school review.","0.50","2026-10","durable","Inspect insulation and clips every use","VERIFICATION REQUIRED after schedule, stock count, pack size, loss, and wear are known.","VERIFICATION REQUIRED with selected supplier before annual ordering.","Uses PACK","No charging identified; verify selected equivalent.","CIRCUITS counted compartment; No short circuits; clip jaws supervised; disconnect on warmth","Match learning purpose, safety/age guidance, durability, working size/capacity, kit compatibility, and reasonable total cost; pretest before release.","Inspect annually; budget only for verified loss, damage, or planned expansion.","VERIFICATION REQUIRED"
"AA","AA alkaline cell; purpose: Power circuit packs and approved flashlights; safety/power: No button cells; do not mix types or new and used cells; no charging alkaline cells; AA only; remove for long storage","No vendor endorsed; equivalent product allowed after school review.","0.50","2026-10","consumable","18 replacement circuit cells per cohort; flashlight allocation separate","VERIFICATION REQUIRED after schedule, stock count, pack size, loss, and wear are known.","VERIFICATION REQUIRED with selected supplier before annual ordering.","AA only; remove for long storage","No charging identified; verify selected equivalent.","CIRCUITS terminal-protected adult storage; No button cells; do not mix types or new and used cells; no charging alkaline cells","Match learning purpose, safety/age guidance, durability, working size/capacity, kit compatibility, and reasonable total cost; pretest before release.","YES","VERIFICATION REQUIRED chemistry and runtime"
"LABEL","Kit label sheet; purpose: Contents count return check and out-of-service marking; safety/power: No student identifiers on public bins; None","No vendor endorsed; equivalent product allowed after school review.","3.00","2026-10","durable","Reprint damaged labels with school paper","VERIFICATION REQUIRED after schedule, stock count, pack size, loss, and wear are known.","VERIFICATION REQUIRED with selected supplier before annual ordering.","None","No charging identified; verify selected equivalent.","LABELS folder; No student identifiers on public bins","Match learning purpose, safety/age guidance, durability, working size/capacity, kit compatibility, and reasonable total cost; pretest before release.","Inspect annually; budget only for verified loss, damage, or planned expansion.","VERIFICATION REQUIRED"
"MAGNIFIER","Plastic magnifier; purpose: Observation and detail drawing; safety/power: Never focus sunlight or look at sun; None","No vendor endorsed; equivalent product allowed after school review.","2.00","2026-10","durable","Replace scratched lens from reserve","VERIFICATION REQUIRED after schedule, stock count, pack size, loss, and wear are known.","VERIFICATION REQUIRED with selected supplier before annual ordering.","None","No charging identified; verify selected equivalent.","OBSERVE bin; Never focus sunlight or look at sun","Match learning purpose, safety/age guidance, durability, working size/capacity, kit compatibility, and reasonable total cost; pretest before release.","Inspect annually; budget only for verified loss, damage, or planned expansion.","VERIFICATION REQUIRED"
"TIMER","Simple timer; purpose: Repeated timed tests; safety/power: Select captive non-button-cell battery design; do not procure if unspecified; AAA or sealed manufacturer rechargeable; included initially and verified before purchase","No vendor endorsed; equivalent product allowed after school review.","3.00","2026-10","durable","Verify battery condition annually","VERIFICATION REQUIRED after schedule, stock count, pack size, loss, and wear are known.","VERIFICATION REQUIRED with selected supplier before annual ordering.","AAA or sealed manufacturer rechargeable; included initially and verified before purchase","Yes - verify exact charger and capacity.","MEASURE bin; Select captive non-button-cell battery design; do not procure if unspecified","Match learning purpose, safety/age guidance, durability, working size/capacity, kit compatibility, and reasonable total cost; pretest before release.","Inspect annually; budget only for verified loss, damage, or planned expansion.","VERIFICATION REQUIRED battery design"
"THERM","Non-glass thermometer; purpose: Indoor temperature and insulation data; safety/power: No glass mercury or hot liquids; age-appropriate non-electronic model; None","No vendor endorsed; equivalent product allowed after school review.","4.00","2026-10","durable","Inspect annually","VERIFICATION REQUIRED after schedule, stock count, pack size, loss, and wear are known.","VERIFICATION REQUIRED with selected supplier before annual ordering.","None","No charging identified; verify selected equivalent.","MEASURE dry bin; No glass mercury or hot liquids; age-appropriate non-electronic model","Match learning purpose, safety/age guidance, durability, working size/capacity, kit compatibility, and reasonable total cost; pretest before release.","Inspect annually; budget only for verified loss, damage, or planned expansion.","VERIFICATION REQUIRED"
"MEASURECUP","Plastic graduated measuring cup; purpose: Volume comparisons; safety/power: Small room-temperature water volumes over trays; not drinking vessels; None","No vendor endorsed; equivalent product allowed after school review.","2.00","2026-10","durable","Replace cracked or unreadable cup","VERIFICATION REQUIRED after schedule, stock count, pack size, loss, and wear are known.","VERIFICATION REQUIRED with selected supplier before annual ordering.","None","No charging identified; verify selected equivalent.","WET-SCIENCE dry bin; Small room-temperature water volumes over trays; not drinking vessels","Match learning purpose, safety/age guidance, durability, working size/capacity, kit compatibility, and reasonable total cost; pretest before release.","Inspect annually; budget only for verified loss, damage, or planned expansion.","VERIFICATION REQUIRED"
"FLASH","Enclosed 2-AA flashlight; purpose: Shadow and light investigations; safety/power: Name match does not verify secure cover or cell type; never laser or Sun viewing; 2 AA each; separate AA line","No vendor endorsed; equivalent product allowed after school review.","3.00","2026-10","durable","Log actual cell replacement; basic core allocations are not full K consumption","VERIFICATION REQUIRED after schedule, stock count, pack size, loss, and wear are known.","VERIFICATION REQUIRED with selected supplier before annual ordering.","2 AA each; separate AA line","No charging identified; verify selected equivalent.","ART-LIGHT dry bin; Name match does not verify secure cover or cell type; never laser or Sun viewing","Match learning purpose, safety/age guidance, durability, working size/capacity, kit compatibility, and reasonable total cost; pretest before release.","Inspect annually; budget only for verified loss, damage, or planned expansion.","VERIFICATION REQUIRED battery cover"
"BLOCK","Large wooden building blocks; purpose: Reusable structures and area models; safety/power: Large non-choking pieces; floor or desk models only; no throwing; None","No vendor endorsed; equivalent product allowed after school review.","4.00","2026-10","durable","Replace splintered pieces from reserve","VERIFICATION REQUIRED after schedule, stock count, pack size, loss, and wear are known.","VERIFICATION REQUIRED with selected supplier before annual ordering.","None","No charging identified; verify selected equivalent.","STRUCTURES counted bag; Large non-choking pieces; floor or desk models only; no throwing","Match learning purpose, safety/age guidance, durability, working size/capacity, kit compatibility, and reasonable total cost; pretest before release.","Inspect annually; budget only for verified loss, damage, or planned expansion.","VERIFICATION REQUIRED size and finish"
"BALANCE","Plastic classroom balance; purpose: Mass comparisons in supervised rotations; safety/power: Use large safe objects; stable tabletop; None","No vendor endorsed; equivalent product allowed after school review.","15.00","2026-10","durable","Inspect annually","VERIFICATION REQUIRED after schedule, stock count, pack size, loss, and wear are known.","VERIFICATION REQUIRED with selected supplier before annual ordering.","None","No charging identified; verify selected equivalent.","MEASURE bin; Use large safe objects; stable tabletop","Match learning purpose, safety/age guidance, durability, working size/capacity, kit compatibility, and reasonable total cost; pretest before release.","Inspect annually; budget only for verified loss, damage, or planned expansion.","VERIFICATION REQUIRED"
"TAPEMEASURE","Soft metric measuring tape; purpose: Longer measurements and proportion; safety/power: No spring-retracting metal tape; no body loops; None","No vendor endorsed; equivalent product allowed after school review.","2.00","2026-10","durable","Replace unreadable tape from reserve","VERIFICATION REQUIRED after schedule, stock count, pack size, loss, and wear are known.","VERIFICATION REQUIRED with selected supplier before annual ordering.","None","No charging identified; verify selected equivalent.","MEASURE bag; No spring-retracting metal tape; no body loops","Match learning purpose, safety/age guidance, durability, working size/capacity, kit compatibility, and reasonable total cost; pretest before release.","Inspect annually; budget only for verified loss, damage, or planned expansion.","VERIFICATION REQUIRED"
"SEED","Untreated bean seeds; purpose: Indoor germination observation; safety/power: Check allergy; never eat; no chemically treated seed; None","No vendor endorsed; equivalent product allowed after school review.","2.50","2026-10","consumable","One packet per core cohort; record actual additional cohorts","VERIFICATION REQUIRED after schedule, stock count, pack size, loss, and wear are known.","VERIFICATION REQUIRED with selected supplier before annual ordering.","None","No charging identified; verify selected equivalent.","WET-SCIENCE cool dry storage; Check allergy; never eat; no chemically treated seed","Match learning purpose, safety/age guidance, durability, working size/capacity, kit compatibility, and reasonable total cost; pretest before release.","YES","VERIFICATION REQUIRED seed treatment"
"SOIL","Potting medium; purpose: Indoor plant observations; safety/power: Teacher portions; dust avoidance; wash hands; remove moldy growth; None","No vendor endorsed; equivalent product allowed after school review.","1.50","2026-10","consumable","5 L per cohort","VERIFICATION REQUIRED after schedule, stock count, pack size, loss, and wear are known.","VERIFICATION REQUIRED with selected supplier before annual ordering.","None","No charging identified; verify selected equivalent.","WET-SCIENCE sealed dry bag; Teacher portions; dust avoidance; wash hands; remove moldy growth","Match learning purpose, safety/age guidance, durability, working size/capacity, kit compatibility, and reasonable total cost; pretest before release.","YES","VERIFICATION REQUIRED ingredients"
"POT","Plant cup; purpose: Individual plant observation; safety/power: Teacher prepares drainage; tray contains water; None","No vendor endorsed; equivalent product allowed after school review.","0.20","2026-10","reusable but likely to wear out","25 cups per cohort","VERIFICATION REQUIRED after schedule, stock count, pack size, loss, and wear are known.","VERIFICATION REQUIRED with selected supplier before annual ordering.","None","No charging identified; verify selected equivalent.","WET-SCIENCE dry bin; Teacher prepares drainage; tray contains water","Match learning purpose, safety/age guidance, durability, working size/capacity, kit compatibility, and reasonable total cost; pretest before release.","YES","VERIFICATION REQUIRED"
"PULLEY","Enclosed small classroom pulley; purpose: Desk-level simple machine investigation; safety/power: No suspended overhead loads or body loops; teacher sets short cord; None","No vendor endorsed; equivalent product allowed after school review.","3.00","2026-10","durable","Inspect cord and wheel annually","VERIFICATION REQUIRED after schedule, stock count, pack size, loss, and wear are known.","VERIFICATION REQUIRED with selected supplier before annual ordering.","None","No charging identified; verify selected equivalent.","SIMPLE-MACHINES bin; No suspended overhead loads or body loops; teacher sets short cord","Match learning purpose, safety/age guidance, durability, working size/capacity, kit compatibility, and reasonable total cost; pretest before release.","Inspect annually; budget only for verified loss, damage, or planned expansion.","VERIFICATION REQUIRED pinch protection"
"MIRROR","Nonbreakable mirror; purpose: Reflection and visual composition; safety/power: No glass; no sun viewing; None","No vendor endorsed; equivalent product allowed after school review.","2.00","2026-10","durable","Replace damaged mirror from reserve","VERIFICATION REQUIRED after schedule, stock count, pack size, loss, and wear are known.","VERIFICATION REQUIRED with selected supplier before annual ordering.","None","No charging identified; verify selected equivalent.","ART-LIGHT padded sleeve; No glass; no sun viewing","Match learning purpose, safety/age guidance, durability, working size/capacity, kit compatibility, and reasonable total cost; pretest before release.","Inspect annually; budget only for verified loss, damage, or planned expansion.","VERIFICATION REQUIRED"
"CLAY","Unscented wheat-free modeling material; purpose: Habitats form and model design; safety/power: Verify ingredients and allergies; not food; remove contaminated material; None","No vendor endorsed; equivalent product allowed after school review.","2.00","2026-10","consumable","9 tubs annually for shared room estimated","VERIFICATION REQUIRED after schedule, stock count, pack size, loss, and wear are known.","VERIFICATION REQUIRED with selected supplier before annual ordering.","None","No charging identified; verify selected equivalent.","ART sealed container; Verify ingredients and allergies; not food; remove contaminated material","Match learning purpose, safety/age guidance, durability, working size/capacity, kit compatibility, and reasonable total cost; pretest before release.","YES","VERIFICATION REQUIRED ingredients"
"SPRING","Low-range spring scale; purpose: Force comparison; safety/power: No pulling toward faces; teacher controls loads; None","No vendor endorsed; equivalent product allowed after school review.","4.00","2026-10","durable","Inspect and zero annually","VERIFICATION REQUIRED after schedule, stock count, pack size, loss, and wear are known.","VERIFICATION REQUIRED with selected supplier before annual ordering.","None","No charging identified; verify selected equivalent.","SIMPLE-MACHINES bin; No pulling toward faces; teacher controls loads","Match learning purpose, safety/age guidance, durability, working size/capacity, kit compatibility, and reasonable total cost; pretest before release.","Inspect annually; budget only for verified loss, damage, or planned expansion.","VERIFICATION REQUIRED range and hooks"
"FERRITE","Large encapsulated ferrite magnet; purpose: Magnetic material investigations; safety/power: No neodymium magnets in K; no loose high-strength magnets; urgent escalation if missing and ingestion possible; None","No vendor endorsed; equivalent product allowed after school review.","4.00","2026-10","durable","Inspect enclosure every use; discard from service if cracked","VERIFICATION REQUIRED after schedule, stock count, pack size, loss, and wear are known.","VERIFICATION REQUIRED with selected supplier before annual ordering.","None","No charging identified; verify selected equivalent.","MAGNETS teacher-controlled bin; No neodymium magnets in K; no loose high-strength magnets; urgent escalation if missing and ingestion possible","Match learning purpose, safety/age guidance, durability, working size/capacity, kit compatibility, and reasonable total cost; pretest before release.","Inspect annually; budget only for verified loss, damage, or planned expansion.","VERIFICATION REQUIRED encapsulation"
"MUSIC","Small classroom metallophone; purpose: Rhythm phrase composition and sound comparison; safety/power: Volume and sensory limits; no swinging mallets; do not share mouth instruments; None","No vendor endorsed; equivalent product allowed after school review.","8.00","2026-10","durable","Inspect mallets and bars annually","VERIFICATION REQUIRED after schedule, stock count, pack size, loss, and wear are known.","VERIFICATION REQUIRED with selected supplier before annual ordering.","None","No charging identified; verify selected equivalent.","ART-SOUND counted sleeve; Volume and sensory limits; no swinging mallets; do not share mouth instruments","Match learning purpose, safety/age guidance, durability, working size/capacity, kit compatibility, and reasonable total cost; pretest before release.","Inspect annually; budget only for verified loss, damage, or planned expansion.","VERIFICATION REQUIRED age rating"
"DIGITALBALANCE","Compact digital balance; purpose: Repeat mass measurements at each team; safety/power: AAA or sealed rechargeable model only; no button-cell model; Manufacturer AAA or captive rechargeable; initial power included; verify","No vendor endorsed; equivalent product allowed after school review.","7.00","2026-10","durable","Annual calibration and battery check","VERIFICATION REQUIRED after schedule, stock count, pack size, loss, and wear are known.","VERIFICATION REQUIRED with selected supplier before annual ordering.","Manufacturer AAA or captive rechargeable; initial power included; verify","Yes - verify exact charger and capacity.","MEASURE padded sleeve; AAA or sealed rechargeable model only; no button-cell model","Match learning purpose, safety/age guidance, durability, working size/capacity, kit compatibility, and reasonable total cost; pretest before release.","Inspect annually; budget only for verified loss, damage, or planned expansion.","VERIFICATION REQUIRED battery and precision"
"PENCILSET","Colored pencil set; purpose: Observational art and visual coding; safety/power: School-approved age-appropriate materials; None","No vendor endorsed; equivalent product allowed after school review.","3.00","2026-10","durable","Replace used pencils from reserve","VERIFICATION REQUIRED after schedule, stock count, pack size, loss, and wear are known.","VERIFICATION REQUIRED with selected supplier before annual ordering.","None","No charging identified; verify selected equivalent.","ART dry bag; School-approved age-appropriate materials","Match learning purpose, safety/age guidance, durability, working size/capacity, kit compatibility, and reasonable total cost; pretest before release.","Inspect annually; budget only for verified loss, damage, or planned expansion.","VERIFICATION REQUIRED"
"ROBOT","Self-contained programmable floor robot; purpose: Execute stored sequences and debug real device; safety/power: Verify captive power and no projectile attachments; supervised bounded floor grid; Manufacturer rechargeable battery; no button cells; compatibility verification required","No vendor endorsed; equivalent product allowed after school review.","100.00","2026-10","optional enrichment","Annual battery condition firmware and repair reserve","VERIFICATION REQUIRED after schedule, stock count, pack size, loss, and wear are known.","VERIFICATION REQUIRED with selected supplier before annual ordering.","Manufacturer rechargeable battery; no button cells; compatibility verification required","Yes - verify exact charger and capacity.","ROBOTS adult-controlled charging shelf; Verify captive power and no projectile attachments; supervised bounded floor grid","Match learning purpose, safety/age guidance, durability, working size/capacity, kit compatibility, and reasonable total cost; pretest before release.","Inspect annually; budget only for verified loss, damage, or planned expansion.","VERIFICATION REQUIRED price age rating stored-program function"
"CHARGING","Compatible robot charging accessories; purpose: Charge enhanced robots before lessons; safety/power: Approved cables and power supply; no improvised charging; dry area; Mains only teacher-managed approved charger","No vendor endorsed; equivalent product allowed after school review.","40.00","2026-10","optional enrichment","Manufacturer-directed replacement from reserve","VERIFICATION REQUIRED after schedule, stock count, pack size, loss, and wear are known.","VERIFICATION REQUIRED with selected supplier before annual ordering.","Mains only teacher-managed approved charger","Yes - verify exact charger and capacity.","ROBOTS adult-controlled shelf; Approved cables and power supply; no improvised charging; dry area","Match learning purpose, safety/age guidance, durability, working size/capacity, kit compatibility, and reasonable total cost; pretest before release.","Inspect annually; budget only for verified loss, damage, or planned expansion.","VERIFICATION REQUIRED robot compatibility"
"HOST","Managed tablet or computer; purpose: Optional legacy apps research and programming; safety/power: Name match does not verify compatibility privacy accessibility filtering consent or accounts; Manufacturer rechargeable; secure cover and approved charger","No vendor endorsed; equivalent product allowed after school review.","250.00","2026-10","optional enrichment","IT-managed battery security and replacement lifecycle","VERIFICATION REQUIRED after schedule, stock count, pack size, loss, and wear are known.","VERIFICATION REQUIRED with selected supplier before annual ordering.","Manufacturer rechargeable; secure cover and approved charger","Yes - verify exact charger and capacity.","Actual school-approved secure cart; Name match does not verify compatibility privacy accessibility filtering consent or accounts","Match learning purpose, safety/age guidance, durability, working size/capacity, kit compatibility, and reasonable total cost; pretest before release.","Inspect annually; budget only for verified loss, damage, or planned expansion.","VERIFICATION REQUIRED school policy licenses and supplier"
"DASH","Dash-type app-controlled robot; purpose: Optional legacy robotics requiring compatible host; safety/power: No projectile attachments; controlled floor grid; compatibility test; Manufacturer rechargeable; approved charger","No vendor endorsed; equivalent product allowed after school review.","200.00","2026-10","optional enrichment","Manufacturer support and repair lifecycle","VERIFICATION REQUIRED after schedule, stock count, pack size, loss, and wear are known.","VERIFICATION REQUIRED with selected supplier before annual ordering.","Manufacturer rechargeable; approved charger","Yes - verify exact charger and capacity.","Actual confirmed robot bin; No projectile attachments; controlled floor grid; compatibility test","Match learning purpose, safety/age guidance, durability, working size/capacity, kit compatibility, and reasonable total cost; pretest before release.","Inspect annually; budget only for verified loss, damage, or planned expansion.","VERIFICATION REQUIRED loan stock app license and host"
"SPHERO","Sphero-type app-controlled robot; purpose: Optional legacy sensor and robot programming; safety/power: Keep speed low; bounded floor area; no ramps launching objects; Manufacturer rechargeable; approved charger","No vendor endorsed; equivalent product allowed after school review.","200.00","2026-10","optional enrichment","Manufacturer support and repair lifecycle","VERIFICATION REQUIRED after schedule, stock count, pack size, loss, and wear are known.","VERIFICATION REQUIRED with selected supplier before annual ordering.","Manufacturer rechargeable; approved charger","Yes - verify exact charger and capacity.","Actual confirmed robot bin; Keep speed low; bounded floor area; no ramps launching objects","Match learning purpose, safety/age guidance, durability, working size/capacity, kit compatibility, and reasonable total cost; pretest before release.","Inspect annually; budget only for verified loss, damage, or planned expansion.","VERIFICATION REQUIRED loan stock app license and host"
"MODULAR","Modular electronics kit; purpose: Optional legacy electronics beyond AA core; safety/power: Magnetic small components adult-controlled; verify power system; not K; Manufacturer-specific supply; NOT a bare battery fallback","No vendor endorsed; equivalent product allowed after school review.","100.00","2026-10","optional enrichment","Count and inspect all modules annually","VERIFICATION REQUIRED after schedule, stock count, pack size, loss, and wear are known.","VERIFICATION REQUIRED with selected supplier before annual ordering.","Manufacturer-specific supply; NOT a bare battery fallback","No charging identified; verify selected equivalent.","Actual confirmed electronics bin; Magnetic small components adult-controlled; verify power system; not K","Match learning purpose, safety/age guidance, durability, working size/capacity, kit compatibility, and reasonable total cost; pretest before release.","Inspect annually; budget only for verified loss, damage, or planned expansion.","VERIFICATION REQUIRED loan completeness and product safety"
"INPUT","USB input controller kit; purpose: Optional legacy programmable interactive input; safety/power: No mains experiments or unknown conductive substances; use approved host; Approved USB host power; no battery improvisation","No vendor endorsed; equivalent product allowed after school review.","50.00","2026-10","optional enrichment","Inspect cables and host support annually","VERIFICATION REQUIRED after schedule, stock count, pack size, loss, and wear are known.","VERIFICATION REQUIRED with selected supplier before annual ordering.","Approved USB host power; no battery improvisation","No charging identified; verify selected equivalent.","Actual confirmed electronics bin; No mains experiments or unknown conductive substances; use approved host","Match learning purpose, safety/age guidance, durability, working size/capacity, kit compatibility, and reasonable total cost; pretest before release.","Inspect annually; budget only for verified loss, damage, or planned expansion.","VERIFICATION REQUIRED product support and school policy"
"PENCIL","School pencil; purpose: Individual recording and observation drawings; safety/power: Age-appropriate point; no swinging or unsupervised sharpening; None","No vendor endorsed; equivalent product allowed after school review.","0.25","2026-10","consumable","Normal school replacement outside conditional core budget","VERIFICATION REQUIRED after schedule, stock count, pack size, loss, and wear are known.","VERIFICATION REQUIRED with selected supplier before annual ordering.","None","No charging identified; verify selected equivalent.","Actual school pencil storage; Age-appropriate point; no swinging or unsupervised sharpening","Match learning purpose, safety/age guidance, durability, working size/capacity, kit compatibility, and reasonable total cost; pretest before release.","YES","VERIFICATION REQUIRED"
"SCISSOR","Blunt school scissors; purpose: Cut paper for selected core projects; safety/power: Age-appropriate blunt blades; teacher pre-cuts for motor or safety needs; None","No vendor endorsed; equivalent product allowed after school review.","1.50","2026-10","durable","Normal school replacement outside conditional core budget","VERIFICATION REQUIRED after schedule, stock count, pack size, loss, and wear are known.","VERIFICATION REQUIRED with selected supplier before annual ordering.","None","No charging identified; verify selected equivalent.","Actual school tool storage; Age-appropriate blunt blades; teacher pre-cuts for motor or safety needs","Match learning purpose, safety/age guidance, durability, working size/capacity, kit compatibility, and reasonable total cost; pretest before release.","Inspect annually; budget only for verified loss, damage, or planned expansion.","VERIFICATION REQUIRED"
"CRAYON","Shared school crayon set; purpose: Visual communication patterns and observations; safety/power: School-approved nontoxic age-appropriate materials; None","No vendor endorsed; equivalent product allowed after school review.","2.00","2026-10","consumable","Normal school replenishment outside conditional core budget","VERIFICATION REQUIRED after schedule, stock count, pack size, loss, and wear are known.","VERIFICATION REQUIRED with selected supplier before annual ordering.","None","No charging identified; verify selected equivalent.","Actual school art storage; School-approved nontoxic age-appropriate materials","Match learning purpose, safety/age guidance, durability, working size/capacity, kit compatibility, and reasonable total cost; pretest before release.","YES","VERIFICATION REQUIRED"
"BOARD","Classroom board; purpose: Model directions vocabulary and evidence prompts; safety/power: Teacher models without climbing or obstructing exit; None","No vendor endorsed; equivalent product allowed after school review.","15.00","2026-10","durable","Normal school maintenance outside conditional core budget","VERIFICATION REQUIRED after schedule, stock count, pack size, loss, and wear are known.","VERIFICATION REQUIRED with selected supplier before annual ordering.","None","No charging identified; verify selected equivalent.","Actual classroom; Teacher models without climbing or obstructing exit","Match learning purpose, safety/age guidance, durability, working size/capacity, kit compatibility, and reasonable total cost; pretest before release.","Inspect annually; budget only for verified loss, damage, or planned expansion.","VERIFICATION REQUIRED"
"SUPPORT","Stable school support book or block; purpose: Stable equal-gap desk bridge tests; safety/power: Stable low equal supports; never books as uncontrolled falling loads; None","No vendor endorsed; equivalent product allowed after school review.","3.00","2026-10","durable","School-stock replacement or paper fallback","VERIFICATION REQUIRED after schedule, stock count, pack size, loss, and wear are known.","VERIFICATION REQUIRED with selected supplier before annual ordering.","None","No charging identified; verify selected equivalent.","Actual school storage; Stable low equal supports; never books as uncontrolled falling loads","Match learning purpose, safety/age guidance, durability, working size/capacity, kit compatibility, and reasonable total cost; pretest before release.","Inspect annually; budget only for verified loss, damage, or planned expansion.","VERIFICATION REQUIRED"
"TEACHERTIMER","Teacher timer; purpose: Native period and fair-test timing; safety/power: No accessible button-cell timer; approved clock or captive safe power; None for analog clock; otherwise verified captive non-button-cell power","No vendor endorsed; equivalent product allowed after school review.","3.00","2026-10","durable","School maintenance outside conditional core budget","VERIFICATION REQUIRED after schedule, stock count, pack size, loss, and wear are known.","VERIFICATION REQUIRED with selected supplier before annual ordering.","None for analog clock; otherwise verified captive non-button-cell power","No charging identified; verify selected equivalent.","Actual classroom teacher location; No accessible button-cell timer; approved clock or captive safe power","Match learning purpose, safety/age guidance, durability, working size/capacity, kit compatibility, and reasonable total cost; pretest before release.","Inspect annually; budget only for verified loss, damage, or planned expansion.","VERIFICATION REQUIRED"
"CARDBOARD","Clean corrugated cardboard; purpose: Low desk models; school cardstock is the named alternative; safety/power: School screens clean dry smooth material; no chemical or food-soiled packaging; None","No vendor endorsed; equivalent product allowed after school review.","0.10","2026-10","consumable","Actual consumption logged; no donation prerequisite","VERIFICATION REQUIRED after schedule, stock count, pack size, loss, and wear are known.","VERIFICATION REQUIRED with selected supplier before annual ordering.","None","No charging identified; verify selected equivalent.","STRUCTURES dry bin; School screens clean dry smooth material; no chemical or food-soiled packaging","Match learning purpose, safety/age guidance, durability, working size/capacity, kit compatibility, and reasonable total cost; pretest before release.","YES","VERIFICATION REQUIRED source and dimensions; price is a planning estimate"
"GLUE","School glue stick; purpose: Paper art assembly; drawing-only alternatives available; safety/power: School-approved nontoxic material; allergy check and caps counted; None","No vendor endorsed; equivalent product allowed after school review.","0.50","2026-10","consumable","Log actual consumption and check ingredients","VERIFICATION REQUIRED after schedule, stock count, pack size, loss, and wear are known.","VERIFICATION REQUIRED with selected supplier before annual ordering.","None","No charging identified; verify selected equivalent.","ART closed supply bin; School-approved nontoxic material; allergy check and caps counted","Match learning purpose, safety/age guidance, durability, working size/capacity, kit compatibility, and reasonable total cost; pretest before release.","YES","VERIFICATION REQUIRED ingredients and price estimate"
"PICTURE","Large observation picture cards; purpose: Teacher-prepared evidence pictures assembled from separately priced PAPER or CARD; safety/power: Large pieces; source and content verified before scientific or historical use; None","No vendor endorsed; equivalent product allowed after school review.","0","2026-10","durable","Replace from paper stock; teacher preparation not free","VERIFICATION REQUIRED after schedule, stock count, pack size, loss, and wear are known.","VERIFICATION REQUIRED with selected supplier before annual ordering.","None","No charging identified; verify selected equivalent.","OBSERVE envelope; Large pieces; source and content verified before scientific or historical use","Match learning purpose, safety/age guidance, durability, working size/capacity, kit compatibility, and reasonable total cost; pretest before release.","Inspect annually; budget only for verified loss, damage, or planned expansion.","School prepared; zero additional item purchase price excludes paper and teacher time"
"COMMAND","Large command cards; purpose: Drawn arrow and stop commands from separately priced PAPER or INDEX; safety/power: Large flat pieces; no body maze or tiny tokens; None","No vendor endorsed; equivalent product allowed after school review.","0","2026-10","durable","Replace worn cards from paper stock","VERIFICATION REQUIRED after schedule, stock count, pack size, loss, and wear are known.","VERIFICATION REQUIRED with selected supplier before annual ordering.","None","No charging identified; verify selected equivalent.","UNPLUGGED envelope; Large flat pieces; no body maze or tiny tokens","Match learning purpose, safety/age guidance, durability, working size/capacity, kit compatibility, and reasonable total cost; pretest before release.","Inspect annually; budget only for verified loss, damage, or planned expansion.","School prepared; paper and teacher time accounted separately"
"GRID","Paper grid and token; purpose: Teacher-drawn desk grid and large pointer from paper stock; safety/power: Token at least 8 cm; fixed page orientation and seated use; None","No vendor endorsed; equivalent product allowed after school review.","0","2026-10","durable","Replace from paper stock; no required printing","VERIFICATION REQUIRED after schedule, stock count, pack size, loss, and wear are known.","VERIFICATION REQUIRED with selected supplier before annual ordering.","None","No charging identified; verify selected equivalent.","UNPLUGGED envelope; Token at least 8 cm; fixed page orientation and seated use","Match learning purpose, safety/age guidance, durability, working size/capacity, kit compatibility, and reasonable total cost; pretest before release.","Inspect annually; budget only for verified loss, damage, or planned expansion.","School prepared; zero additional purchase price excludes paper and teacher time"
"SHAPE","Large paper shapes; purpose: Teacher-precut shapes from PAPER or CARD for pattern and art; safety/power: At least 5 cm; adults cut; no loose glitter or sequins; None","No vendor endorsed; equivalent product allowed after school review.","0","2026-10","durable","Replace from separately priced paper stock","VERIFICATION REQUIRED after schedule, stock count, pack size, loss, and wear are known.","VERIFICATION REQUIRED with selected supplier before annual ordering.","None","No charging identified; verify selected equivalent.","ART envelope; At least 5 cm; adults cut; no loose glitter or sequins","Match learning purpose, safety/age guidance, durability, working size/capacity, kit compatibility, and reasonable total cost; pretest before release.","Inspect annually; budget only for verified loss, damage, or planned expansion.","School prepared; zero additional purchase price excludes paper and teacher time"
"WEATHER","Large weather symbol cards; purpose: Drawn symbols for labeled actual or model-data records; safety/power: No Sun viewing or inference of temperature from a symbol; None","No vendor endorsed; equivalent product allowed after school review.","0","2026-10","durable","Replace from paper stock","VERIFICATION REQUIRED after schedule, stock count, pack size, loss, and wear are known.","VERIFICATION REQUIRED with selected supplier before annual ordering.","None","No charging identified; verify selected equivalent.","WEATHER envelope; No Sun viewing or inference of temperature from a symbol","Match learning purpose, safety/age guidance, durability, working size/capacity, kit compatibility, and reasonable total cost; pretest before release.","Inspect annually; budget only for verified loss, damage, or planned expansion.","School prepared; zero additional purchase price excludes paper and teacher time"
"LIFECYCLE","Large life-cycle picture cards; purpose: Four sourced biological-stage drawings per child plus teacher set; safety/power: Large paper pieces; no food or live insect release; use correct stage order; None","No vendor endorsed; equivalent product allowed after school review.","0","2026-10","durable","Replace from paper stock","VERIFICATION REQUIRED after schedule, stock count, pack size, loss, and wear are known.","VERIFICATION REQUIRED with selected supplier before annual ordering.","None","No charging identified; verify selected equivalent.","LIFE-SCIENCE envelope; Large paper pieces; no food or live insect release; use correct stage order","Match learning purpose, safety/age guidance, durability, working size/capacity, kit compatibility, and reasonable total cost; pretest before release.","Inspect annually; budget only for verified loss, damage, or planned expansion.","School prepared; source inspection required; paper and time separate"
"STRIP","Paper strips; purpose: Teacher-cut strips for model parts and marked comparisons; safety/power: Adult cutting; no body loops; marker is not a calibrated instrument; None","No vendor endorsed; equivalent product allowed after school review.","0","2026-10","durable","Replace from separately priced paper stock","VERIFICATION REQUIRED after schedule, stock count, pack size, loss, and wear are known.","VERIFICATION REQUIRED with selected supplier before annual ordering.","None","No charging identified; verify selected equivalent.","MEASURE or ART envelope; Adult cutting; no body loops; marker is not a calibrated instrument","Match learning purpose, safety/age guidance, durability, working size/capacity, kit compatibility, and reasonable total cost; pretest before release.","Inspect annually; budget only for verified loss, damage, or planned expansion.","School prepared; zero additional purchase price excludes paper and teacher time"
"CLEARPLASTIC","Rigid clear plastic sheet; purpose: Light transmission comparison; safety/power: No glass or loose wrap; no Sun viewing; size and edges verified; None","No vendor endorsed; equivalent product allowed after school review.","0.10","2026-10","durable","Replace damaged squares","VERIFICATION REQUIRED after schedule, stock count, pack size, loss, and wear are known.","VERIFICATION REQUIRED with selected supplier before annual ordering.","None","No charging identified; verify selected equivalent.","ART-LIGHT envelope; No glass or loose wrap; no Sun viewing; size and edges verified","Match learning purpose, safety/age guidance, durability, working size/capacity, kit compatibility, and reasonable total cost; pretest before release.","Inspect annually; budget only for verified loss, damage, or planned expansion.","VERIFICATION REQUIRED material and edge protection; planning price estimate"
"TISSUE","Tissue paper; purpose: Transmission tests and purposeful light art; safety/power: Not fully transparent; school-approved paper; no ingestion; None","No vendor endorsed; equivalent product allowed after school review.","0.02","2026-10","consumable","Log actual issue and unused returns","VERIFICATION REQUIRED after schedule, stock count, pack size, loss, and wear are known.","VERIFICATION REQUIRED with selected supplier before annual ordering.","None","No charging identified; verify selected equivalent.","ART dry envelope; Not fully transparent; school-approved paper; no ingestion","Match learning purpose, safety/age guidance, durability, working size/capacity, kit compatibility, and reasonable total cost; pretest before release.","YES","VERIFICATION REQUIRED ingredients and planning price"
"TOWEL","Paper towel; purpose: Teacher-controlled germination and contained wet cleanup; safety/power: No shared wet hand-contact item; school hygiene procedure required; None","No vendor endorsed; equivalent product allowed after school review.","0.02","2026-10","consumable","Replace after wet use; log actual consumption","VERIFICATION REQUIRED after schedule, stock count, pack size, loss, and wear are known.","VERIFICATION REQUIRED with selected supplier before annual ordering.","None","No charging identified; verify selected equivalent.","WET-SCIENCE dry supply; No shared wet hand-contact item; school hygiene procedure required","Match learning purpose, safety/age guidance, durability, working size/capacity, kit compatibility, and reasonable total cost; pretest before release.","YES","VERIFICATION REQUIRED materials and planning price"
"CUPLID","Transparent observation cup with lid; purpose: Sealed classroom germination observation; safety/power: Adult drainage and lid control; no mouthing; school allergy and mold checks; None","No vendor endorsed; equivalent product allowed after school review.","0.30","2026-10","durable","Inspect and clean or replace between cohorts","VERIFICATION REQUIRED after schedule, stock count, pack size, loss, and wear are known.","VERIFICATION REQUIRED with selected supplier before annual ordering.","None","No charging identified; verify selected equivalent.","WET-SCIENCE adult-controlled tray; Adult drainage and lid control; no mouthing; school allergy and mold checks","Match learning purpose, safety/age guidance, durability, working size/capacity, kit compatibility, and reasonable total cost; pretest before release.","Inspect annually; budget only for verified loss, damage, or planned expansion.","VERIFICATION REQUIRED size lid drainage and planning price"
"CLEARCUP","Reusable clear plastic cup; purpose: Contained indoor ice and water observations; safety/power: Room-temperature or ice water only; not drinking vessels; None","No vendor endorsed; equivalent product allowed after school review.","0.20","2026-10","durable","Inspect and replace damaged cups","VERIFICATION REQUIRED after schedule, stock count, pack size, loss, and wear are known.","VERIFICATION REQUIRED with selected supplier before annual ordering.","None","No charging identified; verify selected equivalent.","WET-SCIENCE dry bin; Room-temperature or ice water only; not drinking vessels","Match learning purpose, safety/age guidance, durability, working size/capacity, kit compatibility, and reasonable total cost; pretest before release.","Inspect annually; budget only for verified loss, damage, or planned expansion.","VERIFICATION REQUIRED size condition and planning price"
"BALL","Large classroom ball; purpose: Contained ramp tests and sphere comparison; safety/power: At least 5 cm; no loose parts; no throwing or projectiles; None","No vendor endorsed; equivalent product allowed after school review.","2.00","2026-10","durable","Inspect surface and parts before use","VERIFICATION REQUIRED after schedule, stock count, pack size, loss, and wear are known.","VERIFICATION REQUIRED with selected supplier before annual ordering.","None","No charging identified; verify selected equivalent.","STRUCTURES counted bin; At least 5 cm; no loose parts; no throwing or projectiles","Match learning purpose, safety/age guidance, durability, working size/capacity, kit compatibility, and reasonable total cost; pretest before release.","Inspect annually; budget only for verified loss, damage, or planned expansion.","VERIFICATION REQUIRED size and finish; planning price"
"LID","Large circular lid; purpose: Class example of flat circular form; safety/power: At least 10 cm; smooth clean edges; no food use or Sun optics; None","No vendor endorsed; equivalent product allowed after school review.","0.50","2026-10","durable","Inspect before use","VERIFICATION REQUIRED after schedule, stock count, pack size, loss, and wear are known.","VERIFICATION REQUIRED with selected supplier before annual ordering.","None","No charging identified; verify selected equivalent.","SHAPES class pouch; At least 10 cm; smooth clean edges; no food use or Sun optics","Match learning purpose, safety/age guidance, durability, working size/capacity, kit compatibility, and reasonable total cost; pretest before release.","Inspect annually; budget only for verified loss, damage, or planned expansion.","VERIFICATION REQUIRED size and planning price"
"WATER","School-approved room-temperature water; purpose: Contained observation water supplied by school facilities; safety/power: No tasting or hot water; spill hygiene and actual supply verification required; None","No vendor endorsed; equivalent product allowed after school review.","0","2026-10","consumable","Adult prepares per lesson and follows disposal policy","VERIFICATION REQUIRED after schedule, stock count, pack size, loss, and wear are known.","VERIFICATION REQUIRED with selected supplier before annual ordering.","None","No charging identified; verify selected equivalent.","WET-SCIENCE prepared only when needed; No tasting or hot water; spill hygiene and actual supply verification required","Match learning purpose, safety/age guidance, durability, working size/capacity, kit compatibility, and reasonable total cost; pretest before release.","YES","Existing facility assumption; zero procurement estimate excludes utility cost and staff time"
"ICE","Teacher-prepared ice sample; purpose: Indoor water-change observation; safety/power: No frozen small objects; no tasting; water hygiene and cold-contact limits; None","No vendor endorsed; equivalent product allowed after school review.","0","2026-10","durable","Prepare before lesson; freezer and adult access not assumed","VERIFICATION REQUIRED after schedule, stock count, pack size, loss, and wear are known.","VERIFICATION REQUIRED with selected supplier before annual ordering.","None","No charging identified; verify selected equivalent.","Prepared in school-approved freezer then adult tray; No frozen small objects; no tasting; water hygiene and cold-contact limits","Match learning purpose, safety/age guidance, durability, working size/capacity, kit compatibility, and reasonable total cost; pretest before release.","Inspect annually; budget only for verified loss, damage, or planned expansion.","Water and facility preparation separate; no vendor or free-resource claim"
"SPOON","Large smooth metal spoon; purpose: Contained water-object comparison; safety/power: At least 15 cm; no sharp edges or food use; hygiene required; None","No vendor endorsed; equivalent product allowed after school review.","0.50","2026-10","durable","Inspect before every use","VERIFICATION REQUIRED after schedule, stock count, pack size, loss, and wear are known.","VERIFICATION REQUIRED with selected supplier before annual ordering.","None","No charging identified; verify selected equivalent.","WET-SCIENCE dry bin; At least 15 cm; no sharp edges or food use; hygiene required","Match learning purpose, safety/age guidance, durability, working size/capacity, kit compatibility, and reasonable total cost; pretest before release.","Inspect annually; budget only for verified loss, damage, or planned expansion.","VERIFICATION REQUIRED dimensions condition and planning price"
"TONG","Teacher-only sample tongs; purpose: Transfer the prepared ice sample without pupil handling; safety/power: Adult use only; smooth ends and school hygiene checks; no food use; None","No vendor endorsed; equivalent product allowed after school review.","3.00","2026-10","durable","Inspect grip and clean after wet use","VERIFICATION REQUIRED after schedule, stock count, pack size, loss, and wear are known.","VERIFICATION REQUIRED with selected supplier before annual ordering.","None","No charging identified; verify selected equivalent.","WET-SCIENCE teacher compartment; Adult use only; smooth ends and school hygiene checks; no food use","Match learning purpose, safety/age guidance, durability, working size/capacity, kit compatibility, and reasonable total cost; pretest before release.","Inspect annually; budget only for verified loss, damage, or planned expansion.","VERIFICATION REQUIRED grip condition and planning price"
"MARKER","School-approved marker; purpose: Labels diagrams and evidence records; safety/power: Verify exact ink and surface compatibility; no ingestion or skin use; None","No vendor endorsed; equivalent product allowed after school review.","0.50","2026-10","consumable","School replenishment outside conditional purchase bill","VERIFICATION REQUIRED after schedule, stock count, pack size, loss, and wear are known.","VERIFICATION REQUIRED with selected supplier before annual ordering.","None","No charging identified; verify selected equivalent.","Actual school art storage; Verify exact ink and surface compatibility; no ingestion or skin use","Match learning purpose, safety/age guidance, durability, working size/capacity, kit compatibility, and reasonable total cost; pretest before release.","YES","VERIFICATION REQUIRED ink type ingredients surface and planning price"
"MEASPOON","Metric 5 mL measuring spoon; purpose: Measure the stated germination water dose; safety/power: Metric capacity verified; no tasting or food use; None","No vendor endorsed; equivalent product allowed after school review.","1.00","2026-10","durable","Inspect capacity marking and cleanliness","VERIFICATION REQUIRED after schedule, stock count, pack size, loss, and wear are known.","VERIFICATION REQUIRED with selected supplier before annual ordering.","None","No charging identified; verify selected equivalent.","WET-SCIENCE teacher compartment; Metric capacity verified; no tasting or food use","Match learning purpose, safety/age guidance, durability, working size/capacity, kit compatibility, and reasonable total cost; pretest before release.","Inspect annually; budget only for verified loss, damage, or planned expansion.","VERIFICATION REQUIRED marking material and planning price"
"COLLECT","Teacher water collection container; purpose: Collect the maximum 4.2 L K test water without overflow; safety/power: Stable clean container; adult emptying at approved sink; no carrying over pupils; None","No vendor endorsed; equivalent product allowed after school review.","5.00","2026-10","durable","Inspect and clean after wet use","VERIFICATION REQUIRED after schedule, stock count, pack size, loss, and wear are known.","VERIFICATION REQUIRED with selected supplier before annual ordering.","None","No charging identified; verify selected equivalent.","WET-SCIENCE adult storage; Stable clean container; adult emptying at approved sink; no carrying over pupils","Match learning purpose, safety/age guidance, durability, working size/capacity, kit compatibility, and reasonable total cost; pretest before release.","Inspect annually; budget only for verified loss, damage, or planned expansion.","VERIFICATION REQUIRED capacity base condition and planning price"
"CLOTH","Reusable surface cleanup cloth; purpose: Surface spill cleanup distinct from hand hygiene; safety/power: Not a communal hand towel; do not reuse contaminated cloth; None","No vendor endorsed; equivalent product allowed after school review.","1.00","2026-10","durable","Wash and dry or replace per school hygiene policy","VERIFICATION REQUIRED after schedule, stock count, pack size, loss, and wear are known.","VERIFICATION REQUIRED with selected supplier before annual ordering.","None","No charging identified; verify selected equivalent.","WET-SCIENCE clean dry supply; Not a communal hand towel; do not reuse contaminated cloth","Match learning purpose, safety/age guidance, durability, working size/capacity, kit compatibility, and reasonable total cost; pretest before release.","Inspect annually; budget only for verified loss, damage, or planned expansion.","VERIFICATION REQUIRED cleaning method and planning price"
"ICETRAY","Teacher ice-cube tray; purpose: Prepare up to sixteen measured 20 mL ice samples before class; safety/power: Adult setup; no frozen toys or unknown food containers; facility approval required; None","No vendor endorsed; equivalent product allowed after school review.","2.00","2026-10","durable","Inspect and clean before each preparation","VERIFICATION REQUIRED after schedule, stock count, pack size, loss, and wear are known.","VERIFICATION REQUIRED with selected supplier before annual ordering.","None","No charging identified; verify selected equivalent.","WET-SCIENCE or school-approved freezer; Adult setup; no frozen toys or unknown food containers; facility approval required","Match learning purpose, safety/age guidance, durability, working size/capacity, kit compatibility, and reasonable total cost; pretest before release.","Inspect annually; budget only for verified loss, damage, or planned expansion.","VERIFICATION REQUIRED cell capacity material and planning price"
"BIGTRAY","Large teacher science tray; purpose: Stable storage and spill containment for all germination cups; safety/power: Stable level tray; actual cup fit and room position checked; no standing water; None","No vendor endorsed; equivalent product allowed after school review.","6.00","2026-10","durable","Inspect stability and clean after use","VERIFICATION REQUIRED after schedule, stock count, pack size, loss, and wear are known.","VERIFICATION REQUIRED with selected supplier before annual ordering.","None","No charging identified; verify selected equivalent.","WET-SCIENCE adult-managed shelf; Stable level tray; actual cup fit and room position checked; no standing water","Match learning purpose, safety/age guidance, durability, working size/capacity, kit compatibility, and reasonable total cost; pretest before release.","Inspect annually; budget only for verified loss, damage, or planned expansion.","VERIFICATION REQUIRED cup fit base and planning price"
"COUNTER","Large identical plastic test counters; purpose: Same-load desk bridge comparison; safety/power: Supervised large non-choking pieces; no K loose counters or unlimited load contest; None","No vendor endorsed; equivalent product allowed after school review.","0.03","2026-10","durable","Count every issue and return; replace lost or damaged pieces","VERIFICATION REQUIRED after schedule, stock count, pack size, loss, and wear are known.","VERIFICATION REQUIRED with selected supplier before annual ordering.","None","No charging identified; verify selected equivalent.","STRUCTURES counted cup; Supervised large non-choking pieces; no K loose counters or unlimited load contest","Match learning purpose, safety/age guidance, durability, working size/capacity, kit compatibility, and reasonable total cost; pretest before release.","Inspect annually; budget only for verified loss, damage, or planned expansion.","VERIFICATION REQUIRED dimensions uniformity and planning price"
"GRAPH","Prepared resource: graph paper; purpose: Teacher-drawn or printed grid for measurement and data representation; safety/power: Label units and scale; no unsupported numerical precision; None","No vendor endorsed; equivalent product allowed after school review.","0","2026-10","consumable","Prepare from separately priced paper stock","VERIFICATION REQUIRED after schedule, stock count, pack size, loss, and wear are known.","VERIFICATION REQUIRED with selected supplier before annual ordering.","None","No charging identified; verify selected equivalent.","MEASURE envelope; Label units and scale; no unsupported numerical precision","Match learning purpose, safety/age guidance, durability, working size/capacity, kit compatibility, and reasonable total cost; pretest before release.","YES","Zero additional item purchase; paper printing and teacher preparation are not free"
"ENVELOPE","Classroom evidence envelope; purpose: Store dated evidence and reusable picture cards; safety/power: No public student identifiers; keep dry and away from wet materials; None","No vendor endorsed; equivalent product allowed after school review.","0.05","2026-10","durable","Replace worn envelopes from school stock","VERIFICATION REQUIRED after schedule, stock count, pack size, loss, and wear are known.","VERIFICATION REQUIRED with selected supplier before annual ordering.","None","No charging identified; verify selected equivalent.","Actual private classroom storage; No public student identifiers; keep dry and away from wet materials","Match learning purpose, safety/age guidance, durability, working size/capacity, kit compatibility, and reasonable total cost; pretest before release.","Inspect annually; budget only for verified loss, damage, or planned expansion.","VERIFICATION REQUIRED size and planning price"
"PUSHSWITCH","Low-voltage classroom push switch; purpose: Selected protected-AA input/output circuit alternative; safety/power: Matching protected low-voltage supply only; no Snap adaptation or mains wiring; Uses verified compatible PACK","No vendor endorsed; equivalent product allowed after school review.","1.00","2026-10","durable","Inspect connection and switch operation every use","VERIFICATION REQUIRED after schedule, stock count, pack size, loss, and wear are known.","VERIFICATION REQUIRED with selected supplier before annual ordering.","Uses verified compatible PACK","No charging identified; verify selected equivalent.","CIRCUITS teacher-controlled tray; Matching protected low-voltage supply only; no Snap adaptation or mains wiring","Match learning purpose, safety/age guidance, durability, working size/capacity, kit compatibility, and reasonable total cost; pretest before release.","Inspect annually; budget only for verified loss, damage, or planned expansion.","VERIFICATION REQUIRED rating connection protection and planning price"
"LEDASSEMBLY","Adult-prepared sleeved LED/resistor assembly; purpose: Original protected-AA alternative with the documented series path; safety/power: Specified red LED and 220-ohm 1/4-watt series resistor in the original protected 3 V path; no Snap or modular substitution; Matching protected supply; no independent cell","No vendor endorsed; equivalent product allowed after school review.","2.00","2026-10","durable","Qualified adult inspects polarity resistor joints and sleeves before every issue","VERIFICATION REQUIRED after schedule, stock count, pack size, loss, and wear are known.","VERIFICATION REQUIRED with selected supplier before annual ordering.","Matching protected supply; no independent cell","No charging identified; verify selected equivalent.","CIRCUITS teacher-controlled compartment; Specified red LED and 220-ohm 1/4-watt series resistor in the original protected 3 V path; no Snap or modular substitution","Match learning purpose, safety/age guidance, durability, working size/capacity, kit compatibility, and reasonable total cost; pretest before release.","Inspect annually; budget only for verified loss, damage, or planned expansion.","VERIFICATION REQUIRED component ratings assembly polarity protection and planning price"
"BOARDMARKER","School-approved whiteboard marker; purpose: Teacher models instructions on the actual compatible board; safety/power: Correct erasable ink and board compatibility; no skin or ingestion; None","No vendor endorsed; equivalent product allowed after school review.","1.00","2026-10","consumable","Replace depleted marker under school policy","VERIFICATION REQUIRED after schedule, stock count, pack size, loss, and wear are known.","VERIFICATION REQUIRED with selected supplier before annual ordering.","None","No charging identified; verify selected equivalent.","Actual classroom teacher storage; Correct erasable ink and board compatibility; no skin or ingestion","Match learning purpose, safety/age guidance, durability, working size/capacity, kit compatibility, and reasonable total cost; pretest before release.","YES","VERIFICATION REQUIRED ink compatibility and planning price"
"ADULTSCISSOR","Teacher preparation scissors; purpose: Advance cutting of paper or cardboard specified in the lesson; safety/power: School-approved cutting tool appropriate to actual material; no unsupervised pupil cutting or improvised sharp device; None","No vendor endorsed; equivalent product allowed after school review.","3.00","2026-10","durable","Inspect and store out of pupil access","VERIFICATION REQUIRED after schedule, stock count, pack size, loss, and wear are known.","VERIFICATION REQUIRED with selected supplier before annual ordering.","None","No charging identified; verify selected equivalent.","Teacher-controlled tool storage; School-approved cutting tool appropriate to actual material; no unsupervised pupil cutting or improvised sharp device","Match learning purpose, safety/age guidance, durability, working size/capacity, kit compatibility, and reasonable total cost; pretest before release.","Inspect annually; budget only for verified loss, damage, or planned expansion.","VERIFICATION REQUIRED school approval condition material fit and planning price"
"FLOORTAPE","Removable floor-marking tape; purpose: Temporary robot/test boundary markings on the approved surface; safety/power: School surface/removal check required; no automatic masking/painter adhesive equivalence; None","No vendor endorsed; equivalent product allowed after school review.","2.50","2026-10","consumable","Record lengths used and removal after each activity","VERIFICATION REQUIRED after schedule, stock count, pack size, loss, and wear are known.","VERIFICATION REQUIRED with selected supplier before annual ordering.","None","No charging identified; verify selected equivalent.","Teacher dry supply bin; School surface/removal check required; no automatic masking/painter adhesive equivalence","Match learning purpose, safety/age guidance, durability, working size/capacity, kit compatibility, and reasonable total cost; pretest before release.","YES","VERIFICATION REQUIRED adhesion removal surface and planning price"
"KEVA","Wooden building planks; purpose: Uniform plank model investigations distinct from arbitrary blocks; safety/power: Known safe finish and uniform geometry; classroom-block fallback must be labeled and used consistently; None","No vendor endorsed; equivalent product allowed after school review.","6.00","2026-10","durable","Inspect splinters and replace broken pieces","VERIFICATION REQUIRED after schedule, stock count, pack size, loss, and wear are known.","VERIFICATION REQUIRED with selected supplier before annual ordering.","None","No charging identified; verify selected equivalent.","STRUCTURES counted container; Known safe finish and uniform geometry; classroom-block fallback must be labeled and used consistently","Match learning purpose, safety/age guidance, durability, working size/capacity, kit compatibility, and reasonable total cost; pretest before release.","Inspect annually; budget only for verified loss, damage, or planned expansion.","VERIFICATION REQUIRED dimensions uniformity finish and planning price"
"OZOBOT","Matching Ozobot classroom robot; purpose: Selected verified color-code or model-compatible programmable route; safety/power: Actual model/chart/calibration and chargers checked; no Bit/Evo or generic robot equivalence; Actual manufacturer captive power and matching charger only","No vendor endorsed; equivalent product allowed after school review.","150.00","2026-10","optional enrichment","Manufacturer-approved charging and condition checks","VERIFICATION REQUIRED after schedule, stock count, pack size, loss, and wear are known.","VERIFICATION REQUIRED with selected supplier before annual ordering.","Actual manufacturer captive power and matching charger only","Yes - verify exact charger and capacity.","Actual school-approved robot storage; Actual model/chart/calibration and chargers checked; no Bit/Evo or generic robot equivalence","Match learning purpose, safety/age guidance, durability, working size/capacity, kit compatibility, and reasonable total cost; pretest before release.","Inspect annually; budget only for verified loss, damage, or planned expansion.","VERIFICATION REQUIRED model age chart compatibility and planning price"
"CIRCLEOBJ","Smooth plastic circle objects; purpose: Compare real circular lids/plates rather than oval shapes; safety/power: No sharp metal lids or eye/Sun optics; actual diameters must support the measurement tool; None","No vendor endorsed; equivalent product allowed after school review.","1.00","2026-10","durable","Inspect smooth edges and circular form","VERIFICATION REQUIRED after schedule, stock count, pack size, loss, and wear are known.","VERIFICATION REQUIRED with selected supplier before annual ordering.","None","No charging identified; verify selected equivalent.","SHAPES counted pouch; No sharp metal lids or eye/Sun optics; actual diameters must support the measurement tool","Match learning purpose, safety/age guidance, durability, working size/capacity, kit compatibility, and reasonable total cost; pretest before release.","Inspect annually; budget only for verified loss, damage, or planned expansion.","VERIFICATION REQUIRED shape dimensions edge condition and planning price"
"DISPENSE","Teacher water dispensing jug; purpose: Dispense the documented maximum500mL weather or100mL plant sample; safety/power: Adult handling only; not a calibrated measuring jug or the5Lcollection container; None","No vendor endorsed; equivalent product allowed after school review.","2.50","2026-10","durable","Inspect capacity cleanliness and safe handling","VERIFICATION REQUIRED after schedule, stock count, pack size, loss, and wear are known.","VERIFICATION REQUIRED with selected supplier before annual ordering.","None","No charging identified; verify selected equivalent.","WET-SCIENCE adult storage; Adult handling only; not a calibrated measuring jug or the5Lcollection container","Match learning purpose, safety/age guidance, durability, working size/capacity, kit compatibility, and reasonable total cost; pretest before release.","Inspect annually; budget only for verified loss, damage, or planned expansion.","VERIFICATION REQUIRED capacity stability material and planning price"
"ROCK","Teacher-inspected blunt rock samples; purpose: Observe or compare known safe rock properties without breaking samples; safety/power: No sharp obsidian acids tasting unknown collection or unsupported identification; size and mouthing needs checked; None","No vendor endorsed; equivalent product allowed after school review.","0.50","2026-10","durable","Inspect provenance edges and cleanliness before each issue","VERIFICATION REQUIRED after schedule, stock count, pack size, loss, and wear are known.","VERIFICATION REQUIRED with selected supplier before annual ordering.","None","No charging identified; verify selected equivalent.","OBSERVE counted tray; No sharp obsidian acids tasting unknown collection or unsupported identification; size and mouthing needs checked","Match learning purpose, safety/age guidance, durability, working size/capacity, kit compatibility, and reasonable total cost; pretest before release.","Inspect annually; budget only for verified loss, damage, or planned expansion.","VERIFICATION REQUIRED size provenance edges and planning price"
"PLASTICSPOON","Smooth plastic scoop spoon; purpose: Selected paper-debris pickup or classroom model task; safety/power: Not a calibrated5mLspoon or automatically equivalent metalspoon; no food use; None","No vendor endorsed; equivalent product allowed after school review.","0.20","2026-10","durable","Inspect condition and clean after wet use","VERIFICATION REQUIRED after schedule, stock count, pack size, loss, and wear are known.","VERIFICATION REQUIRED with selected supplier before annual ordering.","None","No charging identified; verify selected equivalent.","WET-SCIENCE dry storage; Not a calibrated5mLspoon or automatically equivalent metalspoon; no food use","Match learning purpose, safety/age guidance, durability, working size/capacity, kit compatibility, and reasonable total cost; pretest before release.","Inspect annually; budget only for verified loss, damage, or planned expansion.","VERIFICATION REQUIRED size condition pickup suitability and planning price"
"MASSLOAD","Sealed verified 10 g classroom load packet; purpose: Controlled bridge or lever model loading without loose weights; safety/power: Large permanently sealed loads; no loose filler or pupil opening; counters are not mass-equivalent; None","No vendor endorsed; equivalent product allowed after school review.","1.00","2026-10","durable","Recheck sealed condition and actual10gmass; replace damaged packets","VERIFICATION REQUIRED after schedule, stock count, pack size, loss, and wear are known.","VERIFICATION REQUIRED with selected supplier before annual ordering.","None","No charging identified; verify selected equivalent.","MEASURE teacher-controlled counted box; Large permanently sealed loads; no loose filler or pupil opening; counters are not mass-equivalent","Match learning purpose, safety/age guidance, durability, working size/capacity, kit compatibility, and reasonable total cost; pretest before release.","Inspect annually; budget only for verified loss, damage, or planned expansion.","VERIFICATION REQUIRED mass uniformity containment and planning price"
"CALCULATOR","Basic classroom calculator; purpose: Check grade-appropriate arithmetic including decimal division; safety/power: Verify actual school-approved battery/power design; no accessible button cells; no device-operation credit for handwritten arithmetic; Actual verified model power; no type assumed","No vendor endorsed; equivalent product allowed after school review.","4.00","2026-10","durable","Inspect power condition and readable display annually","VERIFICATION REQUIRED after schedule, stock count, pack size, loss, and wear are known.","VERIFICATION REQUIRED with selected supplier before annual ordering.","Actual verified model power; no type assumed","No charging identified; verify selected equivalent.","MEASURE teacher-controlled storage; Verify actual school-approved battery/power design; no accessible button cells; no device-operation credit for handwritten arithmetic","Match learning purpose, safety/age guidance, durability, working size/capacity, kit compatibility, and reasonable total cost; pretest before release.","Inspect annually; budget only for verified loss, damage, or planned expansion.","VERIFICATION REQUIRED operations accessibility power and planning price"
"FOLDER","Classroom paper folder; purpose: Counted service kit storage and evidence communication; safety/power: No public pupil identifiers; envelope not automatically equivalent for the required contents; None","No vendor endorsed; equivalent product allowed after school review.","0.30","2026-10","durable","Replace damaged folder and retain evidence under school policy","VERIFICATION REQUIRED after schedule, stock count, pack size, loss, and wear are known.","VERIFICATION REQUIRED with selected supplier before annual ordering.","None","No charging identified; verify selected equivalent.","Actual classroom private storage; No public pupil identifiers; envelope not automatically equivalent for the required contents","Match learning purpose, safety/age guidance, durability, working size/capacity, kit compatibility, and reasonable total cost; pretest before release.","Inspect annually; budget only for verified loss, damage, or planned expansion.","VERIFICATION REQUIRED fit durability and planning price"
"PINWHEEL","Commercial enclosed-axle classroom pinwheel; purpose: Contained rotor-model comparison without exposed pin assembly; safety/power: Commercial safe enclosed axle ends; no loose sharp pins projectiles or detachable small tips; None","No vendor endorsed; equivalent product allowed after school review.","3.00","2026-10","durable","Inspect axle enclosure and large parts before every issue","VERIFICATION REQUIRED after schedule, stock count, pack size, loss, and wear are known.","VERIFICATION REQUIRED with selected supplier before annual ordering.","None","No charging identified; verify selected equivalent.","SIMPLE-MACHINES teacher-controlled bin; Commercial safe enclosed axle ends; no loose sharp pins projectiles or detachable small tips","Match learning purpose, safety/age guidance, durability, working size/capacity, kit compatibility, and reasonable total cost; pretest before release.","Inspect annually; budget only for verified loss, damage, or planned expansion.","VERIFICATION REQUIRED age enclosure parts and planning price"
"FAN","Guarded tabletop classroom fan; purpose: Optional uniform-airflow rotor test under teacher control; safety/power: Stable fully guarded stand; no pupil access to blades; no mains experimentation or unsafe cord routes; Approved manufacturer power and school electrical inspection","No vendor endorsed; equivalent product allowed after school review.","15.00","2026-10","optional enrichment","Inspect guard stand cord and controls before use","VERIFICATION REQUIRED after schedule, stock count, pack size, loss, and wear are known.","VERIFICATION REQUIRED with selected supplier before annual ordering.","Approved manufacturer power and school electrical inspection","No charging identified; verify selected equivalent.","Actual approved adult-controlled location; Stable fully guarded stand; no pupil access to blades; no mains experimentation or unsafe cord routes","Match learning purpose, safety/age guidance, durability, working size/capacity, kit compatibility, and reasonable total cost; pretest before release.","Inspect annually; budget only for verified loss, damage, or planned expansion.","VERIFICATION REQUIRED guard stability power placement and planning price"
"SOFTBALL","Large soft contained-test ball; purpose: Same-object controlled ramp comparison; safety/power: Large soft one-piece ball; no hard-ball/toy-car equivalence; no throwing or launches; None","No vendor endorsed; equivalent product allowed after school review.","2.50","2026-10","durable","Inspect surface and containment before use","VERIFICATION REQUIRED after schedule, stock count, pack size, loss, and wear are known.","VERIFICATION REQUIRED with selected supplier before annual ordering.","None","No charging identified; verify selected equivalent.","STRUCTURES counted bin; Large soft one-piece ball; no hard-ball/toy-car equivalence; no throwing or launches","Match learning purpose, safety/age guidance, durability, working size/capacity, kit compatibility, and reasonable total cost; pretest before release.","Inspect annually; budget only for verified loss, damage, or planned expansion.","VERIFICATION REQUIRED size softness containment and planning price"
"UPPERLID","Rigid circular plastic classroom lid; purpose: Measure three flat circular examples per team; safety/power: Not bottle caps or sharp metal; no small removable pieces or eye/Sun optics; None","No vendor endorsed; equivalent product allowed after school review.","0.50","2026-10","durable","Inspect circular form and edge condition","VERIFICATION REQUIRED after schedule, stock count, pack size, loss, and wear are known.","VERIFICATION REQUIRED with selected supplier before annual ordering.","None","No charging identified; verify selected equivalent.","SHAPES counted box; Not bottle caps or sharp metal; no small removable pieces or eye/Sun optics","Match learning purpose, safety/age guidance, durability, working size/capacity, kit compatibility, and reasonable total cost; pretest before release.","Inspect annually; budget only for verified loss, damage, or planned expansion.","VERIFICATION REQUIRED diameter flatness edges and planning price"
"SEALEDPLASTIC","Teacher sealed clear plastic display bag; purpose: Contained ice/reference-water demonstration; safety/power: Adult handling only; no pupil bag-over-body use; no assumed capacity or drinking sample; None","No vendor endorsed; equivalent product allowed after school review.","0.20","2026-10","consumable","Inspect seal and leakage before display and dispose per school policy","VERIFICATION REQUIRED after schedule, stock count, pack size, loss, and wear are known.","VERIFICATION REQUIRED with selected supplier before annual ordering.","None","No charging identified; verify selected equivalent.","WET-SCIENCE adult-controlled tray; Adult handling only; no pupil bag-over-body use; no assumed capacity or drinking sample","Match learning purpose, safety/age guidance, durability, working size/capacity, kit compatibility, and reasonable total cost; pretest before release.","YES","VERIFICATION REQUIRED seal clarity sample fit and planning price"
"OPTICSCUP","Transparent plastic optics cup; purpose: Contained100mLroom-temperature optics sample in a tray; safety/power: Non-glass clear cup; transparency is not calibrated marking; no tasting or hot water; None","No vendor endorsed; equivalent product allowed after school review.","0.30","2026-10","durable","Inspect transparency cracks and approved hygiene","VERIFICATION REQUIRED after schedule, stock count, pack size, loss, and wear are known.","VERIFICATION REQUIRED with selected supplier before annual ordering.","None","No charging identified; verify selected equivalent.","WET-SCIENCE dry bin; Non-glass clear cup; transparency is not calibrated marking; no tasting or hot water","Match learning purpose, safety/age guidance, durability, working size/capacity, kit compatibility, and reasonable total cost; pretest before release.","Inspect annually; budget only for verified loss, damage, or planned expansion.","VERIFICATION REQUIRED capacity clarity condition and planning price"
"EARLYSUPPORT","Stable classroom support block; purpose: Two low bridge supports per team for the selected10cmor15cmgap; safety/power: No climbing or heavy suspended loads; actual setup pretested before pupil use; None","No vendor endorsed; equivalent product allowed after school review.","0.50","2026-10","durable","Inspect finish stability and equal heights when required","VERIFICATION REQUIRED after schedule, stock count, pack size, loss, and wear are known.","VERIFICATION REQUIRED with selected supplier before annual ordering.","None","No charging identified; verify selected equivalent.","STRUCTURES counted tray; No climbing or heavy suspended loads; actual setup pretested before pupil use","Match learning purpose, safety/age guidance, durability, working size/capacity, kit compatibility, and reasonable total cost; pretest before release.","Inspect annually; budget only for verified loss, damage, or planned expansion.","VERIFICATION REQUIRED geometry stability finish and planning price"
"EARLYBOOK","Classroom book; purpose: Physical bookmark page test or sound-ruler securing or closed equal-height bridge support; safety/power: Stable appropriate page/support and safe ruler securing pretested; no arbitrary reading-content requirement; None","No vendor endorsed; equivalent product allowed after school review.","3.00","2026-10","durable","Check condition and return school stock","VERIFICATION REQUIRED after schedule, stock count, pack size, loss, and wear are known.","VERIFICATION REQUIRED with selected supplier before annual ordering.","None","No charging identified; verify selected equivalent.","Actual school book storage; Stable appropriate page/support and safe ruler securing pretested; no arbitrary reading-content requirement","Match learning purpose, safety/age guidance, durability, working size/capacity, kit compatibility, and reasonable total cost; pretest before release.","Inspect annually; budget only for verified loss, damage, or planned expansion.","VERIFICATION REQUIRED condition selected role or geometry and planning price"
"EARLYBLOCK","Broad smooth wooden classroom block; purpose: Inspected observation or gentle chain/lift or equal-load model object; safety/power: No body weight throwing or unlimited loads; simple-machine lift about1cm; dimensions/mass/species otherwise unstated; None","No vendor endorsed; equivalent product allowed after school review.","0.50","2026-10","durable","Inspect splinters loose parts and equal size/mass when the test requires it","VERIFICATION REQUIRED after schedule, stock count, pack size, loss, and wear are known.","VERIFICATION REQUIRED with selected supplier before annual ordering.","None","No charging identified; verify selected equivalent.","STRUCTURES counted tray; No body weight throwing or unlimited loads; simple-machine lift about1cm; dimensions/mass/species otherwise unstated","Match learning purpose, safety/age guidance, durability, working size/capacity, kit compatibility, and reasonable total cost; pretest before release.","Inspect annually; budget only for verified loss, damage, or planned expansion.","VERIFICATION REQUIRED size finish uniformity selected test and planning price"
"EARLYPOT","Plastic classroom plant pot; purpose: School-managed growing observation with adult drainage and leakproof tray; safety/power: Adult setup and allergy/mold checks; actual pot fit/headroom verified; no home-growing prerequisite; None","No vendor endorsed; equivalent product allowed after school review.","0.40","2026-10","durable","Inspect clean or replace under school hygiene policy","VERIFICATION REQUIRED after schedule, stock count, pack size, loss, and wear are known.","VERIFICATION REQUIRED with selected supplier before annual ordering.","None","No charging identified; verify selected equivalent.","WET-SCIENCE dry storage; Adult setup and allergy/mold checks; actual pot fit/headroom verified; no home-growing prerequisite","Match learning purpose, safety/age guidance, durability, working size/capacity, kit compatibility, and reasonable total cost; pretest before release.","Inspect annually; budget only for verified loss, damage, or planned expansion.","VERIFICATION REQUIRED fit drainage material and planning price"
"CUBE","Equal classroom measuring cube; purpose: Consistent nonstandard-unit comparison with one unit system; safety/power: Do not mix block and paper units or assume other cubes are calibrated; small-part suitability checked; None","No vendor endorsed; equivalent product allowed after school review.","0.10","2026-10","durable","Inspect uniformity finish and age-suitable size","VERIFICATION REQUIRED after schedule, stock count, pack size, loss, and wear are known.","VERIFICATION REQUIRED with selected supplier before annual ordering.","None","No charging identified; verify selected equivalent.","MEASURE counted container; Do not mix block and paper units or assume other cubes are calibrated; small-part suitability checked","Match learning purpose, safety/age guidance, durability, working size/capacity, kit compatibility, and reasonable total cost; pretest before release.","Inspect annually; budget only for verified loss, damage, or planned expansion.","VERIFICATION REQUIRED size uniformity age unit system and planning price"
"EARLYLID","Smooth round classroom plastic lid; purpose: Two differently sized sensory examples or the specific Pi circular pair; safety/power: No sharp can lids small caps or importing Pi sizes into unrelated sensory tasks; pretest yarn/unit chain; None","No vendor endorsed; equivalent product allowed after school review.","0.50","2026-10","durable","Inspect smooth clean edges and round form","VERIFICATION REQUIRED after schedule, stock count, pack size, loss, and wear are known.","VERIFICATION REQUIRED with selected supplier before annual ordering.","None","No charging identified; verify selected equivalent.","SHAPES counted pouch; No sharp can lids small caps or importing Pi sizes into unrelated sensory tasks; pretest yarn/unit chain","Match learning purpose, safety/age guidance, durability, working size/capacity, kit compatibility, and reasonable total cost; pretest before release.","Inspect annually; budget only for verified loss, damage, or planned expansion.","VERIFICATION REQUIRED diameter form edges selected role and planning price"
"SAMPLEBOX","Rigid clear classroom sample box; purpose: Keep the selected inspected sample visible and contained; safety/power: No pupil opening unknown samples; no ingestion or exposure credit from a closed model; None","No vendor endorsed; equivalent product allowed after school review.","1.00","2026-10","durable","Adult inspects closure clarity and contained parts before and after","VERIFICATION REQUIRED after schedule, stock count, pack size, loss, and wear are known.","VERIFICATION REQUIRED with selected supplier before annual ordering.","None","No charging identified; verify selected equivalent.","WET-SCIENCE or OBSERVE teacher-controlled storage; No pupil opening unknown samples; no ingestion or exposure credit from a closed model","Match learning purpose, safety/age guidance, durability, working size/capacity, kit compatibility, and reasonable total cost; pretest before release.","Inspect annually; budget only for verified loss, damage, or planned expansion.","VERIFICATION REQUIRED contents fit closure material and planning price"
"SAFEMIRROR","Non-glass classroom safety mirror; purpose: Selected low-intensity light/reflection model; safety/power: Plastic non-glass smooth edges; never Sun laser eye beam or broken mirror; None","No vendor endorsed; equivalent product allowed after school review.","2.00","2026-10","durable","Inspect backing edges and surface before use","VERIFICATION REQUIRED after schedule, stock count, pack size, loss, and wear are known.","VERIFICATION REQUIRED with selected supplier before annual ordering.","None","No charging identified; verify selected equivalent.","ART-LIGHT protective pouch; Plastic non-glass smooth edges; never Sun laser eye beam or broken mirror","Match learning purpose, safety/age guidance, durability, working size/capacity, kit compatibility, and reasonable total cost; pretest before release.","Inspect annually; budget only for verified loss, damage, or planned expansion.","VERIFICATION REQUIRED material edges condition and planning price"
"BINDERCLIP","Adult-controlled steel binder clip; purpose: Selected contained magnetic sample or adult setup fastening; safety/power: Steel identity verified; no exposed tiny clips for pupils or automatic loose-magnetic-test substitution; None","No vendor endorsed; equivalent product allowed after school review.","0.20","2026-10","durable","Count before and after; inspect containment and replace unsafe clips","VERIFICATION REQUIRED after schedule, stock count, pack size, loss, and wear are known.","VERIFICATION REQUIRED with selected supplier before annual ordering.","None","No charging identified; verify selected equivalent.","OBSERVE teacher-controlled counted container; Steel identity verified; no exposed tiny clips for pupils or automatic loose-magnetic-test substitution","Match learning purpose, safety/age guidance, durability, working size/capacity, kit compatibility, and reasonable total cost; pretest before release.","Inspect annually; budget only for verified loss, damage, or planned expansion.","VERIFICATION REQUIRED size steel containment teacher control and planning price"
"EARLYSPOON","Large smooth classroom steel spoon; purpose: Selected observable material/property or contained test object; safety/power: Not calibrated measuring spoon or food vessel; no sharp edges or mouth contact; None","No vendor endorsed; equivalent product allowed after school review.","0.50","2026-10","durable","Inspect smooth edges and hygiene before issue","VERIFICATION REQUIRED after schedule, stock count, pack size, loss, and wear are known.","VERIFICATION REQUIRED with selected supplier before annual ordering.","None","No charging identified; verify selected equivalent.","OBSERVE counted dry tray; Not calibrated measuring spoon or food vessel; no sharp edges or mouth contact","Match learning purpose, safety/age guidance, durability, working size/capacity, kit compatibility, and reasonable total cost; pretest before release.","Inspect annually; budget only for verified loss, damage, or planned expansion.","VERIFICATION REQUIRED steel size condition selected role and planning price"
"EARLYMAGNET","Large fully encased classroom magnet; purpose: Selected counted magnetic-property investigation; safety/power: No neodymium loose high-strength or small magnets; no ingestion risk experiment; follow urgent school escalation if missing/possible ingestion; None","No vendor endorsed; equivalent product allowed after school review.","5.00","2026-10","durable","Count before and after; immediately stop missing or damaged equipment","VERIFICATION REQUIRED after schedule, stock count, pack size, loss, and wear are known.","VERIFICATION REQUIRED with selected supplier before annual ordering.","None","No charging identified; verify selected equivalent.","Teacher-controlled magnet compartment; No neodymium loose high-strength or small magnets; no ingestion risk experiment; follow urgent school escalation if missing/possible ingestion","Match learning purpose, safety/age guidance, durability, working size/capacity, kit compatibility, and reasonable total cost; pretest before release.","Inspect annually; budget only for verified loss, damage, or planned expansion.","VERIFICATION REQUIRED strength enclosure age model and planning price"
"TEXTUREOBJ","Large clean classroom texture object; purpose: Selected safe sensory observation with an accessible picture alternative; safety/power: No tasting close sniffing unknown specimens or forced sensory contact; use the named access alternative; None","No vendor endorsed; equivalent product allowed after school review.","1.00","2026-10","durable","Inspect allergy hygiene edges and detachable parts","VERIFICATION REQUIRED after schedule, stock count, pack size, loss, and wear are known.","VERIFICATION REQUIRED with selected supplier before annual ordering.","None","No charging identified; verify selected equivalent.","OBSERVE clean tray; No tasting close sniffing unknown specimens or forced sensory contact; use the named access alternative","Match learning purpose, safety/age guidance, durability, working size/capacity, kit compatibility, and reasonable total cost; pretest before release.","Inspect annually; budget only for verified loss, damage, or planned expansion.","VERIFICATION REQUIRED actual object size ingredients feature and planning price"
"FLEXRULER","Flexible smooth classroom plastic ruler; purpose: Secured sound-ruler test with free lengths8cmthen14cm; safety/power: No snapping launching sharp broken ends or peer-directed plucking; same controlled tool and safe layout; None","No vendor endorsed; equivalent product allowed after school review.","1.00","2026-10","durable","Inspect cracks securing and safe minimal pluck before issue","VERIFICATION REQUIRED after schedule, stock count, pack size, loss, and wear are known.","VERIFICATION REQUIRED with selected supplier before annual ordering.","None","No charging identified; verify selected equivalent.","MEASURE teacher-controlled storage; No snapping launching sharp broken ends or peer-directed plucking; same controlled tool and safe layout","Match learning purpose, safety/age guidance, durability, working size/capacity, kit compatibility, and reasonable total cost; pretest before release.","Inspect annually; budget only for verified loss, damage, or planned expansion.","VERIFICATION REQUIRED material safe flex securing and planning price"
"YARN","Classroom yarn for the specified nonstretch test; purpose: Two60cmyarnlengths/team for the selected circular/model comparison; safety/power: No body/neck loops walking lines or long trailing cords; fiber/diameter unspecified despite the cotton audit label; None","No vendor endorsed; equivalent product allowed after school review.","0.05","2026-10","durable","Adult precuts and checks equal lengths and test behavior","VERIFICATION REQUIRED after schedule, stock count, pack size, loss, and wear are known.","VERIFICATION REQUIRED with selected supplier before annual ordering.","None","No charging identified; verify selected equivalent.","ART-SOUND closed bag; No body/neck loops walking lines or long trailing cords; fiber/diameter unspecified despite the cotton audit label","Match learning purpose, safety/age guidance, durability, working size/capacity, kit compatibility, and reasonable total cost; pretest before release.","Inspect annually; budget only for verified loss, damage, or planned expansion.","VERIFICATION REQUIRED actual fiber behavior equal length condition and planning price"
"CATCHBOX","Low stable classroom catch box; purpose: Contain runout after the40-50cmramp with supportsatmost10cm; safety/power: No uncontained launches floor racing sharp box edges or unsafe tall stacks; None","No vendor endorsed; equivalent product allowed after school review.","1.00","2026-10","durable","Inspect stable base smooth edges and retained contents","VERIFICATION REQUIRED after schedule, stock count, pack size, loss, and wear are known.","VERIFICATION REQUIRED with selected supplier before annual ordering.","None","No charging identified; verify selected equivalent.","STRUCTURES dry storage; No uncontained launches floor racing sharp box edges or unsafe tall stacks","Match learning purpose, safety/age guidance, durability, working size/capacity, kit compatibility, and reasonable total cost; pretest before release.","Inspect annually; budget only for verified loss, damage, or planned expansion.","VERIFICATION REQUIRED size stability capture pretest and planning price"
"SHAKER","Permanently sealed teacher-prepared classroom shaker; purpose: Selected two-identical-rice-shaker class demonstration with explicit clap/visible-motion alternatives; safety/power: No loose rice/beans or pupil filling/opening; actual school containment/ingredient/age/sensory approval required; use named no-shaker alternative if unsafe; None","No vendor endorsed; equivalent product allowed after school review.","3.00","2026-10","durable","Teacher inspects closure/leakage and contents before use; never open in class","VERIFICATION REQUIRED after schedule, stock count, pack size, loss, and wear are known.","VERIFICATION REQUIRED with selected supplier before annual ordering.","None","No charging identified; verify selected equivalent.","ART-SOUND teacher-controlled bin; No loose rice/beans or pupil filling/opening; actual school containment/ingredient/age/sensory approval required; use named no-shaker alternative if unsafe","Match learning purpose, safety/age guidance, durability, working size/capacity, kit compatibility, and reasonable total cost; pretest before release.","Inspect annually; budget only for verified loss, damage, or planned expansion.","VERIFICATION REQUIRED permanent closure contents leakage age sensory approval and planning price"
"TOYCAR","Classroom rolling toy car; purpose: Same rolling car for both ramp heights with no-push release; safety/power: No detachable small parts racing launches or car/ball mass equivalence; unobserved handling is not a pass; None","No vendor endorsed; equivalent product allowed after school review.","2.00","2026-10","durable","Inspect wheels axles body age and contained runout before issue","VERIFICATION REQUIRED after schedule, stock count, pack size, loss, and wear are known.","VERIFICATION REQUIRED with selected supplier before annual ordering.","None","No charging identified; verify selected equivalent.","STRUCTURES counted container; No detachable small parts racing launches or car/ball mass equivalence; unobserved handling is not a pass","Match learning purpose, safety/age guidance, durability, working size/capacity, kit compatibility, and reasonable total cost; pretest before release.","Inspect annually; budget only for verified loss, damage, or planned expansion.","VERIFICATION REQUIRED size parts captive axles selected test and planning price"
