"local_standard","grade_band","schedule","rotation","unit","lesson_title","lesson_path","assessment_evidence","audit_status","revision","external_alignment"
"CST-A1","1-2","Bi-Weekly","A","Observation","Nature Exploration","Lessons/Bi-Weekly/Grades_1-2_YearA/Session05_Nature_Exploration.md","Two observed details one oral question and category reason indoors/outdoors; Grade 2 uncertain case","KEEP + IMPROVE","improved","VERIFICATION REQUIRED"
"CST-A1","1-2","Bi-Weekly","A","Life cycles","Life Cycles","Lessons/Bi-Weekly/Grades_1-2_YearA/Session12_Life_Cycles.md","Four ordered stages and living-change explanation; Grade 2 model limitation/new generation; faith image distinct from biology","KEEP + IMPROVE","improved","VERIFICATION REQUIRED"
"CST-A1","1-2","Bi-Weekly","B","Design","Design Detectives","Lessons/Bi-Weekly/Grades_1-2_YearB/Session01_Design_Detectives.md","Grade 1 object/purpose; Grade 2 natural versus manufactured distinction and drawn user improvement","KEEP + IMPROVE","improved","VERIFICATION REQUIRED"
"CST-A1","1-2","Bi-Weekly","B","Adaptations","Animal Adaptations","Lessons/Bi-Weekly/Grades_1-2_YearB/Session04_Animal_Adaptations.md","Observed feature/habitat need Grade 1; two justified features and fictional-model limitation Grade 2","KEEP + IMPROVE","improved","VERIFICATION REQUIRED"
"CST-A1","1-2","Bi-Weekly","B","Growth","Garden Engineers","Lessons/Bi-Weekly/Grades_1-2_YearB/Session05_Garden_Engineers.md","Individual two needs light/access constraints and layout test/revision; planting does not prove same-day growth","REBUILD","rebuilt","VERIFICATION REQUIRED"
"CST-A1","1-2","Bi-Weekly","B","Life cycles","Butterfly Wonder","Lessons/Bi-Weekly/Grades_1-2_YearB/Session12_Butterfly_Wonder.md","Four ordered stages orally Grade 1; stage change/new generation/model limitation Grade 2; no live care certification","KEEP + IMPROVE","improved","VERIFICATION REQUIRED"
"CST-A1","1-2","Weekly","A","Observation","Wonder Walk Scientists","Lessons/Grades_1-2_YearA/Week04_Wonder_Walk.md","Individual two details sketch one question category reason and protective action; no writing required for Grade 1","REBUILD","rebuilt","VERIFICATION REQUIRED"
"CST-A1","1-2","Weekly","A","Light","Star of Wonder","Lessons/Grades_1-2_YearA/Week16_Star_of_Wonder.md","Grade 1 counts/points pattern and star fact; Grade 2 describes flat constellation model limitation","KEEP + IMPROVE","improved","VERIFICATION REQUIRED"
"CST-A1","1-2","Weekly","B","Observation","Welcome Back Scientists","Lessons/Grades_1-2_YearB/Week01_Welcome_Scientists.md","Grade 1 draws/tells two details/question; Grade 2 sorts by two observed properties","KEEP + IMPROVE","improved","VERIFICATION REQUIRED"
"CST-A1","1-2","Weekly","B","Observation","Senses and Discovery","Lessons/Grades_1-2_YearB/Week04_Senses_Discovery.md","Individual two details sketch comparison/property sort and inclusive method; Grade 2 two rules","REBUILD","rebuilt","VERIFICATION REQUIRED"
"CST-A1","1-2","Weekly","B","Habitats","Animal Habitats","Lessons/Grades_1-2_YearB/Week07-09_Animal_Habitats.md","Species-specific needs shown in model; Grade 2 condition choice/model limitation; no live habitat certification","KEEP + IMPROVE","improved","VERIFICATION REQUIRED"
"CST-A1","1-2","Weekly","B","Light","Stars and Light","Lessons/Grades_1-2_YearB/Week14-15_Stars_Light.md","Count constellation dots and show blocking/reflecting beam; Grade 2 compares one changed position","KEEP + IMPROVE","improved","VERIFICATION REQUIRED"
"CST-A1","1-2","Weekly","B","Growth","Garden Engineering","Lessons/Grades_1-2_YearB/Week26-27_Garden_Engineering.md","Two needs and access path Grade 1; Grade 2 plan fits 30x40 cm tray with 10 cm access strip and revision","KEEP + IMPROVE","improved","VERIFICATION REQUIRED"
"CST-A1","1-2","Weekly","B","Life cycles","Butterfly Engineering","Lessons/Grades_1-2_YearB/Week29-31_Butterfly_Engineering.md","Four-stage ordered model symmetry art and model limitation; no engineering test or live release mastery","KEEP + IMPROVE","improved","VERIFICATION REQUIRED"
"CST-A1","3-4","Bi-Weekly","A","Life science","Animal Habitats","Lessons/Bi-Weekly/Grades_3-4_YearA/Session04_Animal_Habitats.md","Individual need/adaptation using source card; explanatory model not engineered live habitat; source prep not certified","KEEP + IMPROVE","improved","VERIFICATION REQUIRED"
"CST-A1","3-4","Bi-Weekly","A","Machines","Simple Machines","Lessons/Bi-Weekly/Grades_3-4_YearA/Session15_Simple_Machines.md","Individual lever labels/change; effort feeling qualitative not calibrated force; supply/station prep not certified","KEEP + IMPROVE","improved","VERIFICATION REQUIRED"
"CST-A1","3-4","Bi-Weekly","B","Foundations","Design Thinking","Lessons/Bi-Weekly/Grades_3-4_YearB/Session01_Design_Thinking.md","Actual user comment/revision required; rough concept not tested usefulness; supplies not certified","KEEP + IMPROVE","improved","VERIFICATION REQUIRED"
"CST-A1","3-4","Bi-Weekly","B","Life systems","Ecosystems","Lessons/Bi-Weekly/Grades_3-4_YearB/Session04_Ecosystems.md","Individual food-to-eater arrow and source-supported relationship; small web primary; source cards not certified","KEEP + IMPROVE","improved","VERIFICATION REQUIRED"
"CST-A1","3-4","Bi-Weekly","B","Earth systems","Geology Rocks","Lessons/Bi-Weekly/Grades_3-4_YearB/Session10_Geology_Rocks.md","Individual observed properties and tentative classification; source identification/quantity kit remaining P1","KEEP + IMPROVE","improved","VERIFICATION REQUIRED"
"CST-A1","3-4","Bi-Weekly","B","Life systems","Life Cycles","Lessons/Bi-Weekly/Grades_3-4_YearB/Session12_Life_Cycles.md","Individual living stages and pupa/no-pupa comparison; photo path no live care; quantity kit still needed","KEEP + IMPROVE","improved","VERIFICATION REQUIRED"
"CST-A1","3-4","Bi-Weekly","B","Machines","Compound Machines","Lessons/Bi-Weekly/Grades_3-4_YearB/Session15_Compound_Machines.md","Individual mechanism/tradeoff explanation; design concept not tested machine; kit not certified","KEEP + IMPROVE","improved","VERIFICATION REQUIRED"
"CST-A1","3-4","Weekly","A","Life science","Resurrection and New Life Science","Lessons/Grades_3-4_YearA/Week33_Resurrection_Science.md","Individual living-stage distinction and diagram; photo path viable; exact supply kit still needed","KEEP + IMPROVE","improved","VERIFICATION REQUIRED"
"CST-A1","3-4","Weekly","B","Structures","Architectural Marvels","Lessons/Grades_3-4_YearB/Week07-09_Architectural_Marvels.md","Unchanged: labeled model and presentation; no individual criteria-based critique; not certified","KEEP + IMPROVE","unchanged","VERIFICATION REQUIRED"
"CST-A1","3-4","Weekly","B","Stewardship design","Sustainable City","Lessons/Grades_3-4_YearB/Week24-27_Sustainable_City.md","Labeled systems and tradeoff; promised resource budget not specified; remaining P1 no certified savings","KEEP + IMPROVE","improved","VERIFICATION REQUIRED"
"CST-A1","5-6","Bi-Weekly","A","Life Science","Body Systems","Lessons/Bi-Weekly/Grades_5-6_YearA/Session04_Body_Systems.md","Individual accurate function/connection and model-limit diagram and dignity explanation","KEEP + IMPROVE","improved","VERIFICATION REQUIRED"
"CST-A1","5-6","Bi-Weekly","A","Life Science","Life Science","Lessons/Bi-Weekly/Grades_5-6_YearA/Session12_Life_Science.md","Individual accurate cell/DNA/web explanation and labeled model/limit and faith-symbol distinction","REBUILD","improved","VERIFICATION REQUIRED"
"CST-A1","5-6","Bi-Weekly","B","Life Science","Ecosystems","Lessons/Bi-Weekly/Grades_5-6_YearB/Session12_Ecosystems.md","Individual food-to-consumer arrows and perturbation and model limit and stewardship tradeoff","KEEP + IMPROVE","improved","VERIFICATION REQUIRED"
"CST-A1","5-6","Weekly","A","Physical Science","Optics and Light","Lessons/Grades_5-6_YearA/Week14-15_Optics_Light.md","Individual reflection/refraction explanation and safe tool use and labeled ray diagram","KEEP + IMPROVE","improved","VERIFICATION REQUIRED"
"CST-A1","5-6","Weekly","B","Life Science","Biotechnology","Lessons/Grades_5-6_YearB/Week02-04_Biotechnology.md","Individual five cell labels and 7 of 8 complementary letters and model limit and ethics safeguard","REBUILD","rebuilt","VERIFICATION REQUIRED"
"CST-A1","5-6","Weekly","B","Design","Biomimicry","Lessons/Grades_5-6_YearB/Week08-10_Biomimicry.md","Individual three sketch labels and two safe loads and model limit and peer-tested visual revision","KEEP + IMPROVE","rebuilt","VERIFICATION REQUIRED"
"CST-A1","K","Bi-Weekly","Single","Welcome","Welcome to Wonder","Lessons/Bi-Weekly/Kindergarten/Session01_Welcome_Wonder.md","Each child shows an observed detail and question through a representation and demonstrates shared-material care.","KEEP + IMPROVE","rebuilt","VERIFICATION REQUIRED"
"CST-A1","K","Bi-Weekly","Single","Light","Colors and Light","Lessons/Bi-Weekly/Kindergarten/Session04_Colors_Light.md","Each child predicts and reports an actual shadow comparison and changed or kept-same conditions with light input/output.","KEEP + IMPROVE","rebuilt","VERIFICATION REQUIRED"
"CST-A1","K","Bi-Weekly","Single","Water changes","Winter Science","Lessons/Bi-Weekly/Kindergarten/Session08_Winter_Science.md","Each child identifies solid/liquid and actual before/after change or no change using their cup or labeled earlier sample.","REBUILD","rebuilt","VERIFICATION REQUIRED"
"CST-A1","K","Bi-Weekly","Single","Plant observation","Growing Things","Lessons/Bi-Weekly/Kindergarten/Session11_Growing_Things.md","Each child identifies actual seed detail versus predicted change and chooses appropriate care; model-only evidence labeled if live seed unavailable.","REBUILD","rebuilt","VERIFICATION REQUIRED"
"CST-A1","K","Bi-Weekly","Single","Habitats","Animal Homes","Lessons/Bi-Weekly/Kindergarten/Session12_Animal_Homes.md","Each child identifies food and water and shelter and space with a model criterion and limitation and a care action.","KEEP + IMPROVE","rebuilt","VERIFICATION REQUIRED"
"CST-A1","K","Bi-Weekly","Single","Life cycles","Easter New Life","Lessons/Bi-Weekly/Kindergarten/Session13_Easter_New_Life.md","Each child orders four living stages and communicates a model limit; biology is distinct from Resurrection teaching.","REBUILD","rebuilt","VERIFICATION REQUIRED"
"CST-A1","K","Weekly","Single","Observation","Wonder Walk","Lessons/Kindergarten/Week04_Wonder_Walk.md","Each child shows two actual observed details and poses/selects one question; records stewardship action; no drawing-quality grade.","REBUILD","rebuilt","VERIFICATION REQUIRED"
"CST-A1","K","Weekly","Single","Service design","Engineering Helpers","Lessons/Kindergarten/Week07-09_Engineering_Helpers.md","Each child states the two-cup criterion and compares actual same-path results after one change with a plan drawing.","REBUILD","rebuilt","VERIFICATION REQUIRED"
"CST-A1","K","Weekly","Single","Stars","Star of Wonder","Lessons/Kindergarten/Week16_Star_of_Wonder.md","Each child counts three to five model dots and distinguishes the drawing from real light-producing stars.","KEEP + IMPROVE","rebuilt","VERIFICATION REQUIRED"
"CST-A1","K","Weekly","Single","Service design","Helping Hands Engineering","Lessons/Kindergarten/Week26-27_Helping_Hands.md","Each child states the requested book-standing and picture-visibility criteria and compares two tests with a plan and tradeoff reason.","KEEP + IMPROVE","rebuilt","VERIFICATION REQUIRED"
"CST-A1","K","Weekly","Single","Plant observation","Growing Things","Lessons/Kindergarten/Week29-31_Growing_Things.md","Each child records actual detail; compares dated views including no change; counts visible features and chooses justified care action; plant success not grade.","REBUILD","rebuilt","VERIFICATION REQUIRED"
"CST-A1","K","Weekly","Single","Life cycles","New Life Engineering","Lessons/Kindergarten/Week33_New_Life_Engineering.md","Each child orders four living-insect stages and explains a model limit without equating metamorphosis and Resurrection.","REBUILD","rebuilt","VERIFICATION REQUIRED"
"CST-A2","1-2","Bi-Weekly","A","Patterns","Gods Patterns","Lessons/Bi-Weekly/Grades_1-2_YearA/Session02_Gods_Patterns.md","AB next two items Grade 1; ABB/AAB rule/repair Grade 2; draw purposeful pattern and count observed features","KEEP + IMPROVE","improved","VERIFICATION REQUIRED"
"CST-A2","1-2","Bi-Weekly","B","Light","Star Makers","Lessons/Bi-Weekly/Grades_1-2_YearB/Session07_Star_Makers.md","Flashlight on/off reflection Grade 1; source/reflector distinction and intentional pattern revision Grade 2","KEEP + IMPROVE","improved","VERIFICATION REQUIRED"
"CST-A2","1-2","Weekly","A","Stations","STREAM Exploration Stations","Lessons/Grades_1-2_YearA/Week19-22_Exploration_Stations.md","Individual structure test/change symmetry check pattern repair and same-unit object comparison over four meetings","REBUILD","rebuilt","VERIFICATION REQUIRED"
"CST-A2","1-2","Weekly","A","Mathematics","Pi Day Circles","Lessons/Grades_1-2_YearA/Week28_Pi_Day_Circles.md","Individual same-endpoint boundary comparison two measured attempts pattern unit/next item and uncertainty","REBUILD","rebuilt","VERIFICATION REQUIRED"
"CST-A2","1-2","Weekly","B","Winter","Winter Wonders","Lessons/Grades_1-2_YearB/Week16_Winter_Wonders.md","Individual ice before/after record two matching features and model limitation; no-melt reported honestly","REBUILD","rebuilt","VERIFICATION REQUIRED"
"CST-A2","1-2","Weekly","B","Life cycles","Butterfly Engineering","Lessons/Grades_1-2_YearB/Week29-31_Butterfly_Engineering.md","Four-stage ordered model symmetry art and model limitation; no engineering test or live release mastery","KEEP + IMPROVE","improved","VERIFICATION REQUIRED"
"CST-A2","3-4","Bi-Weekly","B","Gratitude design","Thanksgiving Design","Lessons/Bi-Weekly/Grades_3-4_YearB/Session06_Thanksgiving_Design.md","Unchanged: gift plan/reason; no repeated user test or substitute certification","KEEP + IMPROVE","unchanged","VERIFICATION REQUIRED"
"CST-A2","3-4","Bi-Weekly","B","Faith communication","Easter Creation","Lessons/Bi-Weekly/Grades_3-4_YearB/Session13_Easter_Creation.md","Message/artifact not electrical mastery; kit quantities and individual revision threshold absent","KEEP + IMPROVE","improved","VERIFICATION REQUIRED"
"CST-A2","3-4","Weekly","A","Service design","Giving Through Making","Lessons/Grades_3-4_YearA/Week12_Giving_Through_Making.md","Unchanged: functional gift and card; subjective craftsmanship and no test threshold; not certified","KEEP + IMPROVE","unchanged","VERIFICATION REQUIRED"
"CST-A2","3-4","Weekly","A","Light","Light Science and Advent","Lessons/Grades_3-4_YearA/Week14-15_Light_Science_Advent.md","Station drawings and light art; individual threshold and exact station quantities still needed; not certified","KEEP + IMPROVE","improved","VERIFICATION REQUIRED"
"CST-A2","3-4","Weekly","B","Structures","Architectural Marvels","Lessons/Grades_3-4_YearB/Week07-09_Architectural_Marvels.md","Unchanged: labeled model and presentation; no individual criteria-based critique; not certified","KEEP + IMPROVE","unchanged","VERIFICATION REQUIRED"
"CST-A2","3-4","Weekly","B","Service design","Gifts for Others","Lessons/Grades_3-4_YearB/Week12_Gifts_Others.md","Individual user need/design choice; consented adult delivery; no measured user benefit certified","KEEP + IMPROVE","improved","VERIFICATION REQUIRED"
"CST-A2","3-4","Weekly","B","Light","Advent Preparation","Lessons/Grades_3-4_YearB/Week13_Advent_Preparation.md","Transmission/display and symbol explanation; recorded optical comparison still absent; not certified","KEEP + IMPROVE","improved","VERIFICATION REQUIRED"
"CST-A2","3-4","Weekly","B","Mathematics","Pi Day Activities","Lessons/Grades_3-4_YearB/Week28_Pi_Day.md","Individual lengths and three diameters plus remainder; optional decimal enrichment separate; not certified","KEEP + IMPROVE","improved","VERIFICATION REQUIRED"
"CST-A2","5-6","Bi-Weekly","A","Physical Computing","Christmas Electronics","Lessons/Bi-Weekly/Grades_5-6_YearA/Session07_Christmas_Electronics.md","Individual five-label circuit and four-state predictions and peer-tested visual choice","REBUILD","rebuilt","VERIFICATION REQUIRED"
"CST-A2","5-6","Bi-Weekly","B","Structures","Architecture","Lessons/Bi-Weekly/Grades_5-6_YearB/Session03_Architecture.md","Individual purposeful layout revision and criterion and doorway/path measurement and access choice","KEEP + IMPROVE","improved","VERIFICATION REQUIRED"
"CST-A2","5-6","Bi-Weekly","B","Computing","Scratch Games","Lessons/Bi-Weekly/Grades_5-6_YearB/Session05_Scratch_Games.md","Individual variable/condition trace and corrected bug and tested feedback choice and play ethics","REBUILD","improved","VERIFICATION REQUIRED"
"CST-A2","5-6","Weekly","A","Service","Giving and Making","Lessons/Grades_5-6_YearA/Week12_Giving_Making.md","Individual dignity/access decision and user criterion and purposeful layout with feedback","KEEP + IMPROVE","improved","VERIFICATION REQUIRED"
"CST-A2","5-6","Weekly","A","Computing","Advanced Scratch","Lessons/Grades_5-6_YearA/Week24-25_Advanced_Scratch.md","Individual custom-block/clone trace and corrected bug and purposeful feedback design","REBUILD","improved","VERIFICATION REQUIRED"
"CST-A2","5-6","Weekly","B","Design","Biomimicry","Lessons/Grades_5-6_YearB/Week08-10_Biomimicry.md","Individual three sketch labels and two safe loads and model limit and peer-tested visual revision","KEEP + IMPROVE","rebuilt","VERIFICATION REQUIRED"
"CST-A2","5-6","Weekly","B","Service","Gifts of Service","Lessons/Grades_5-6_YearB/Week12_Gifts_Service.md","Individual dignity/access choice and criterion and purposeful layout with feedback","KEEP + IMPROVE","improved","VERIFICATION REQUIRED"
"CST-A2","5-6","Weekly","B","Communication","Advent Technology","Lessons/Grades_5-6_YearB/Week13_Advent_Technology.md","Individual privacy/use decision and readable layout and time/resource explanation","KEEP + IMPROVE","improved","VERIFICATION REQUIRED"
"CST-A2","5-6","Weekly","B","Computing","App Development","Lessons/Grades_5-6_YearB/Week14-18_App_Development.md","Individual three-input trace and corrected bug and tested visual revision and privacy/access decision","REBUILD","rebuilt","VERIFICATION REQUIRED"
"CST-A2","5-6","Weekly","B","Design","Health Technology","Lessons/Grades_5-6_YearB/Week25-28_Health_Technology.md","Individual consent/access choice and criterion and test/revision and purposeful model","KEEP + IMPROVE","improved","VERIFICATION REQUIRED"
"CST-A2","K","Bi-Weekly","Single","Light art","Advent Light","Lessons/Bi-Weekly/Kindergarten/Session07_Advent_Light.md","Each child counts chosen symbol points and explains a purposeful placement and kind message; paper is not a light source.","KEEP + IMPROVE","rebuilt","VERIFICATION REQUIRED"
"CST-A2","K","Bi-Weekly","Single","Sound","Sound and Music","Lessons/Bi-Weekly/Kindergarten/Session14_Sound_Music.md","Each child indicates an observed vibration and communicates an intentional four-beat sound or silence phrase with accessible roles.","KEEP + IMPROVE","rebuilt","VERIFICATION REQUIRED"
"CST-A2","K","Bi-Weekly","Single","Service art and algorithms","Helping Others","Lessons/Bi-Weekly/Kindergarten/Session15_Helping_Others.md","Each child explains a respectful message choice and predicts the endpoint and tests a correction to two picture commands.","KEEP + IMPROVE","rebuilt","VERIFICATION REQUIRED"
"CST-A2","K","Weekly","Single","Service art","Making Gifts for Others","Lessons/Kindergarten/Week12_Making_Gifts.md","Each child identifies a recipient and purposeful visual choice and explains a revision that clarified meaning.","KEEP + IMPROVE","rebuilt","VERIFICATION REQUIRED"
"CST-A2","K","Weekly","Single","Light","Light All Around","Lessons/Kindergarten/Week14-15_Light_All_Around.md","Each child compares a material at fixed distances and identifies flashlight input/output and an evidence-informed tissue design choice.","REBUILD","rebuilt","VERIFICATION REQUIRED"
"CST-A2","K","Weekly","Single","Practice stations","Exploration Stations","Lessons/Kindergarten/Week19-22_Exploration_Stations.md","Each child compares a tower retest and two labeled weather records and explains a readable repeat and tested algorithm correction.","REBUILD","rebuilt","VERIFICATION REQUIRED"
"CST-A2","K","Weekly","Single","Shapes","Circles and Pi","Lessons/Kindergarten/Week28_Circles_and_Pi.md","Each child distinguishes circle/square/ball and extends AB pattern by two shapes; explains readable spacing/color choice.","REPLACE","rebuilt","VERIFICATION REQUIRED"
"CST-A3","1-2","Bi-Weekly","A","Service","Thanksgiving Service","Lessons/Bi-Weekly/Grades_1-2_YearA/Session06_Thanksgiving_Service.md","Recipient-focused oral/drawn message Grade 1; purposeful communication choice Grade 2; no engineering test","KEEP + IMPROVE","improved","VERIFICATION REQUIRED"
"CST-A3","1-2","Bi-Weekly","A","Light","Light in Darkness","Lessons/Bi-Weekly/Grades_1-2_YearA/Session07_Light_in_Darkness.md","Grade 1 blocked/transmitted beam; Grade 2 changed material/position explanation; drawn light-themed message","KEEP + IMPROVE","improved","VERIFICATION REQUIRED"
"CST-A3","1-2","Bi-Weekly","A","Faith and reason","Catholic Inventors","Lessons/Bi-Weekly/Grades_1-2_YearA/Session09_Catholic_Inventors.md","Vetted scientist fact/portrait OR sort large trait cards and distinguish observation from untested inheritance","KEEP + IMPROVE","improved","VERIFICATION REQUIRED"
"CST-A3","1-2","Bi-Weekly","A","Service","Lenten Engineers","Lessons/Bi-Weekly/Grades_1-2_YearA/Session11_Lenten_Engineers.md","Folder holds three paper coupons; Grade 1 tells user need; Grade 2 explains tested fold revision","KEEP + IMPROVE","improved","VERIFICATION REQUIRED"
"CST-A3","1-2","Bi-Weekly","A","New life","Easter Innovation","Lessons/Bi-Weekly/Grades_1-2_YearA/Session13_Easter_Innovation.md","Grade 1 explains symbol orally; Grade 2 revises a visual feature after partner interpretation; no science resurrection test","KEEP + IMPROVE","improved","VERIFICATION REQUIRED"
"CST-A3","1-2","Bi-Weekly","A","Sound","Sound Engineering","Lessons/Bi-Weekly/Grades_1-2_YearA/Session14_Sound_Engineering.md","Individual vibration and soft/loud demonstration; Grade 2 changed safe vibration feature; decoration-only not mastery","KEEP + IMPROVE","improved","VERIFICATION REQUIRED"
"CST-A3","1-2","Bi-Weekly","A","Service","Community Helpers","Lessons/Bi-Weekly/Grades_1-2_YearA/Session16_Community_Helpers.md","Grade 1 orally names user need; Grade 2 checks agreed criterion and revises communicated design","KEEP + IMPROVE","improved","VERIFICATION REQUIRED"
"CST-A3","1-2","Bi-Weekly","A","Reflection","Year Exhibition","Lessons/Bi-Weekly/Grades_1-2_YearA/Session17_Exhibition.md","Saved bridge/design criterion/test/change communicated and purposeful drawn reflection; no code mastery/C1 from certificates or gratitude","KEEP + IMPROVE","improved","VERIFICATION REQUIRED"
"CST-A3","1-2","Bi-Weekly","B","Service","Gratitude Gifts","Lessons/Bi-Weekly/Grades_1-2_YearB/Session06_Gratitude_Gifts.md","Recipient-focused message Grade 1; one design revision after feedback Grade 2; no expense/love ranking","KEEP + IMPROVE","improved","VERIFICATION REQUIRED"
"CST-A3","1-2","Bi-Weekly","B","Art","Digital Art","Lessons/Bi-Weekly/Grades_1-2_YearB/Session08_Digital_Art.md","Brush/color/undo input-output on device path plus intended message feedback/revision; paper assesses A3 not digital T1","KEEP + IMPROVE","improved","VERIFICATION REQUIRED"
"CST-A3","1-2","Bi-Weekly","B","Faith and reason","Faith Scientists","Lessons/Bi-Weekly/Grades_1-2_YearB/Session09_Faith_Scientists.md","Vetted scholar fact/portrait OR two plant details and a sourced-versus-observed distinction; no remedy experiment","KEEP + IMPROVE","improved","VERIFICATION REQUIRED"
"CST-A3","1-2","Bi-Weekly","B","Service","Lenten Love","Lessons/Bi-Weekly/Grades_1-2_YearB/Session11_Lenten_Love.md","Recipient-focused oral/drawn message and Grade 2 feedback revision; no engineering claim from card","KEEP + IMPROVE","improved","VERIFICATION REQUIRED"
"CST-A3","1-2","Bi-Weekly","B","New life","Easter Joy","Lessons/Bi-Weekly/Grades_1-2_YearB/Session13_Easter_Joy.md","Grade 1 explains chosen Easter symbol; Grade 2 revises visual communication after partner response","KEEP + IMPROVE","improved","VERIFICATION REQUIRED"
"CST-A3","1-2","Bi-Weekly","B","Stewardship","Earth Care","Lessons/Bi-Weekly/Grades_1-2_YearB/Session16_Earth_Care.md","Reuse choice Grade 1; five-crayon organizer test/revision and material tradeoff Grade 2; no invented savings claim","KEEP + IMPROVE","improved","VERIFICATION REQUIRED"
"CST-A3","1-2","Bi-Weekly","B","Reflection","Year Celebration","Lessons/Bi-Weekly/Grades_1-2_YearB/Session17_Celebration.md","Saved garden/tower criterion/test/change communicated and purposeful drawn reflection; awards or gratitude not C1/mastery","KEEP + IMPROVE","improved","VERIFICATION REQUIRED"
"CST-A3","1-2","Weekly","A","Welcome","Welcome to C-STREAM","Lessons/Grades_1-2_YearA/Week01_Welcome_to_CSTREAM.md","One wonder question and drawn goal communicated to partner; faith/science adult talk and acronym recall not meaningful C evidence","KEEP + IMPROVE","improved","VERIFICATION REQUIRED"
"CST-A3","1-2","Weekly","A","Coding","Thankful Coding","Lessons/Grades_1-2_YearA/Week11_Thankful_Coding.md","Individual predict/run two actions and explain change; purposeful message/visual choice; generic gratitude alone not C1 evidence; paper panels not executed app code","KEEP + IMPROVE","improved","VERIFICATION REQUIRED"
"CST-A3","1-2","Weekly","A","Service","Making Gifts","Lessons/Grades_1-2_YearA/Week12_Making_Gifts.md","Recipient purpose and bookmark test in closed book; Grade 2 explains a design choice; no love/resource ranking","KEEP + IMPROVE","improved","VERIFICATION REQUIRED"
"CST-A3","1-2","Weekly","A","Reflection","Fall STREAM Celebration","Lessons/Grades_1-2_YearA/Week13_Fall_Celebration.md","Purposeful thank-you card and supervised input/output explanation on replay; no stored-code mastery inferred; generic gratitude not C1 evidence","KEEP + IMPROVE","improved","VERIFICATION REQUIRED"
"CST-A3","1-2","Weekly","A","Faith and reason","Catholic Schools Week STREAM","Lessons/Grades_1-2_YearA/Week23_Catholic_Schools_Week.md","Vetted scientist fact/banner OR two plant observations with observation/belief distinction; routes must be recorded","KEEP + IMPROVE","improved","VERIFICATION REQUIRED"
"CST-A3","1-2","Weekly","A","New life","New Life Engineering","Lessons/Grades_1-2_YearA/Week33_New_Life_Engineering.md","Grade 1 shows opening/closing twice; Grade 2 explains one revision and chosen new-life symbol","KEEP + IMPROVE","improved","VERIFICATION REQUIRED"
"CST-A3","1-2","Weekly","A","Reflection","Year-End STREAM Celebration","Lessons/Grades_1-2_YearA/Week34_Year_Celebration.md","Child communicates saved design criterion/test/change and draws intentional memory message; certificates and gratitude not mastery/C1 evidence","KEEP + IMPROVE","improved","VERIFICATION REQUIRED"
"CST-A3","1-2","Weekly","B","Coding","Thanksgiving Coding","Lessons/Grades_1-2_YearB/Week11_Thanksgiving_Coding.md","Predict/run two ordered actions and explain changed output with purposeful dictated/recorded message; gratitude alone not C1 evidence","KEEP + IMPROVE","improved","VERIFICATION REQUIRED"
"CST-A3","1-2","Weekly","B","Service","Gifts for Others","Lessons/Grades_1-2_YearB/Week12_Gifts_Others.md","Recipient choice purposeful design and test in book; Grade 2 explains revision","KEEP + IMPROVE","improved","VERIFICATION REQUIRED"
"CST-A3","1-2","Weekly","B","Reflection","Fall Festival","Lessons/Grades_1-2_YearB/Week13_Fall_Festival.md","Purposeful memory drawing and supervised input/output explanation on replay; no stored-code mastery or C1 from station fun","KEEP + IMPROVE","improved","VERIFICATION REQUIRED"
"CST-A3","1-2","Weekly","B","New life","New Life Celebration","Lessons/Grades_1-2_YearB/Week33_New_Life.md","Grade 1 compares two spring details; Grade 2 distinguishes seasonal observation from religious symbolism","KEEP + IMPROVE","improved","VERIFICATION REQUIRED"
"CST-A3","1-2","Weekly","B","Reflection","Year B Showcase","Lessons/Grades_1-2_YearB/Week34_Showcase.md","Saved design criterion/test/change communicated and drawn memory message; before/after revision explained Grade 2; gratitude alone not C1 evidence","KEEP + IMPROVE","improved","VERIFICATION REQUIRED"
"CST-A3","3-4","Bi-Weekly","A","Gratitude communication","Gratitude Tech","Lessons/Bi-Weekly/Grades_3-4_YearA/Session06_Gratitude_Tech.md","Specific message and delivery plan; paper communication not digital operation; workflow not certified","KEEP + IMPROVE","improved","VERIFICATION REQUIRED"
"CST-A3","3-4","Bi-Weekly","A","Circuits","Light and Circuits","Lessons/Bi-Weekly/Grades_3-4_YearA/Session07_Light_Circuits.md","Individual return-path/state prediction and two-cycle physical turn and repair plus revised message; hardware preflight required; paper is reasoning/art only","REBUILD","rebuilt","VERIFICATION REQUIRED"
"CST-A3","3-4","Bi-Weekly","A","Computing art","Scratch Animation","Lessons/Bi-Weekly/Grades_3-4_YearA/Session08_Scratch_Animation.md","Individual event trace/revision; paper sequence not executed animation; complete starter remaining P1","KEEP + IMPROVE","improved","VERIFICATION REQUIRED"
"CST-A3","3-4","Bi-Weekly","A","Faith and evidence","Catholic Scientists","Lessons/Bi-Weekly/Grades_3-4_YearA/Session09_Catholic_Scientists.md","One supported claim and source; approved biography cards remaining P1; no certification","KEEP + IMPROVE","improved","VERIFICATION REQUIRED"
"CST-A3","3-4","Bi-Weekly","A","Faith communication","Easter Tech","Lessons/Bi-Weekly/Grades_3-4_YearA/Session13_Easter_Tech.md","Unchanged: Easter project/message; enthusiasm not mastery; no substitute certification","KEEP + IMPROVE","unchanged","VERIFICATION REQUIRED"
"CST-A3","3-4","Bi-Weekly","A","Portfolio","Year Exhibition","Lessons/Bi-Weekly/Grades_3-4_YearA/Session17_Exhibition.md","Portfolio reflection; individual mastery rubric and artifact selection still remaining P1","KEEP + IMPROVE","improved","VERIFICATION REQUIRED"
"CST-A3","3-4","Bi-Weekly","B","Circuits","Christmas Circuits","Lessons/Bi-Weekly/Grades_3-4_YearB/Session07_Christmas_Circuits.md","Individual return path/gap/repair and two-cycle physical turn and revised Nativity message; hardware preflight required; paper is reasoning/art only","REBUILD","rebuilt","VERIFICATION REQUIRED"
"CST-A3","3-4","Bi-Weekly","B","Communication art","Digital Stories","Lessons/Bi-Weekly/Grades_3-4_YearB/Session08_Digital_Stories.md","Individual three-panel narrative and revision; paper art not digital operation; workflow remaining P1","KEEP + IMPROVE","improved","VERIFICATION REQUIRED"
"CST-A3","3-4","Bi-Weekly","B","Faith and evidence","Faith and Science","Lessons/Bi-Weekly/Grades_3-4_YearB/Session09_Faith_Science.md","Child sourced fact versus reflection; verified biography cards remaining P1; not certified","KEEP + IMPROVE","improved","VERIFICATION REQUIRED"
"CST-A3","3-4","Bi-Weekly","B","Faith communication","Easter Creation","Lessons/Bi-Weekly/Grades_3-4_YearB/Session13_Easter_Creation.md","Message/artifact not electrical mastery; kit quantities and individual revision threshold absent","KEEP + IMPROVE","improved","VERIFICATION REQUIRED"
"CST-A3","3-4","Bi-Weekly","B","Portfolio","Year Celebration","Lessons/Bi-Weekly/Grades_3-4_YearB/Session17_Celebration.md","Portfolio reflection; individual artifact rubric and evidence selection remaining P1","KEEP + IMPROVE","improved","VERIFICATION REQUIRED"
"CST-A3","3-4","Weekly","A","Gratitude","Coding Gratitude","Lessons/Grades_3-4_YearA/Week11_Coding_Gratitude.md","Message sequence; advanced sprites optional; actual operation separate; starter and timing remain P1","KEEP + IMPROVE","improved","VERIFICATION REQUIRED"
"CST-A3","3-4","Weekly","A","Faith and evidence","Catholic Schools Week STREAM","Lessons/Grades_3-4_YearA/Week23_Catholic_Schools_Week.md","One sourced claim versus reflection required; verified profile cards still remaining P1; not certified","KEEP + IMPROVE","improved","VERIFICATION REQUIRED"
"CST-A3","3-4","Weekly","A","Portfolio","STREAM Expo","Lessons/Grades_3-4_YearA/Week34_STREAM_Expo.md","Unchanged: sharing and participation; certificate not evidence of all-domain mastery; not certified","KEEP + IMPROVE","unchanged","VERIFICATION REQUIRED"
"CST-A3","3-4","Weekly","B","Gratitude data","Thanksgiving Gratitude","Lessons/Grades_3-4_YearB/Week11_Thanksgiving_Gratitude.md","Voluntary/fictional list graph; no ranking gratitude; class aggregation and individual criterion remaining P1","KEEP + IMPROVE","improved","VERIFICATION REQUIRED"
"CST-A3","3-4","Weekly","B","Computing","Game Design Studio","Lessons/Grades_3-4_YearB/Week19-22_Game_Design.md","Individual 0-1-2-3-3 reset trace and test-backed revision; actual edits logged; desk simulation not live Scratch execution","REBUILD","rebuilt","VERIFICATION REQUIRED"
"CST-A3","3-4","Weekly","B","Community data","Catholic Schools Week","Lessons/Grades_3-4_YearB/Week23_Catholic_Schools.md","One-question survey and two-bar comparison; full quantities and source cards remaining P1","KEEP + IMPROVE","improved","VERIFICATION REQUIRED"
"CST-A3","3-4","Weekly","B","Easter design","Easter Engineering","Lessons/Grades_3-4_YearB/Week33_Easter_Engineering.md","Individual model criterion/test observation; one challenge not four rotations; kit quantities absent","KEEP + IMPROVE","improved","VERIFICATION REQUIRED"
"CST-A3","3-4","Weekly","B","Portfolio","Year B Showcase","Lessons/Grades_3-4_YearB/Week34_Showcase.md","Portfolio explanation and goals; blanket annual competency claims remain unsupported; not certified","KEEP + IMPROVE","improved","VERIFICATION REQUIRED"
"CST-A3","5-6","Bi-Weekly","A","Research","Catholic Scientists","Lessons/Bi-Weekly/Grades_5-6_YearA/Session09_Catholic_Scientists.md","Individual factual claim with original source/limit and revised caption","KEEP + IMPROVE","improved","VERIFICATION REQUIRED"
"CST-A3","5-6","Bi-Weekly","A","Communication","Easter Technology","Lessons/Bi-Weekly/Grades_5-6_YearA/Session13_Easter_Tech.md","Individual message revision and safe source/media decision and audience access choice","KEEP + IMPROVE","improved","VERIFICATION REQUIRED"
"CST-A3","5-6","Bi-Weekly","A","Communication","Year Exhibition","Lessons/Bi-Weekly/Grades_5-6_YearA/Session17_Exhibition.md","Individual technical result/limit and caption revision and resource example","KEEP + IMPROVE","improved","VERIFICATION REQUIRED"
"CST-A3","5-6","Bi-Weekly","B","Service","Gratitude Design","Lessons/Bi-Weekly/Grades_5-6_YearB/Session06_Gratitude_Design.md","Individual specific message revision and recipient consent/respect decision","KEEP + IMPROVE","improved","VERIFICATION REQUIRED"
"CST-A3","5-6","Bi-Weekly","B","Computing","Advent Coding","Lessons/Bi-Weekly/Grades_5-6_YearB/Session07_Advent_Coding.md","Individual event/reset trace and revised message and audience/access choice","KEEP + IMPROVE","improved","VERIFICATION REQUIRED"
"CST-A3","5-6","Bi-Weekly","B","Research","Science and Faith","Lessons/Bi-Weekly/Grades_5-6_YearB/Session09_Science_Faith.md","Individual verified claim/limit and source provenance and accurate presentation","KEEP + IMPROVE","improved","VERIFICATION REQUIRED"
"CST-A3","5-6","Bi-Weekly","B","Communication","New Life Technology","Lessons/Bi-Weekly/Grades_5-6_YearB/Session13_New_Life_Tech.md","Individual message revision and safe media/source choice and audience access decision","KEEP + IMPROVE","improved","VERIFICATION REQUIRED"
"CST-A3","5-6","Bi-Weekly","B","Communication","Celebration Exhibition","Lessons/Bi-Weekly/Grades_5-6_YearB/Session17_Celebration.md","Individual technical result/limit and caption revision and resource example","KEEP + IMPROVE","improved","VERIFICATION REQUIRED"
"CST-A3","5-6","Weekly","A","Communication","Fall Showcase","Lessons/Grades_5-6_YearA/Week13_Fall_Showcase.md","Individual supported decision and caption revision and respectful audience explanation","KEEP + IMPROVE","improved","VERIFICATION REQUIRED"
"CST-A3","5-6","Weekly","A","Environment","Environmental Science","Lessons/Grades_5-6_YearA/Week29-31_Environmental_Science.md","Individual controls/limit and 9 of 10 points and evidence-limited graph and revised message","REBUILD","rebuilt","VERIFICATION REQUIRED"
"CST-A3","5-6","Weekly","A","Physical Science","Easter Engineering","Lessons/Grades_5-6_YearA/Week33_Easter_Engineering.md","Individual transformation distinction and before/after communication and faith-symbol limit","KEEP + IMPROVE","improved","VERIFICATION REQUIRED"
"CST-A3","5-6","Weekly","A","Communication","STREAM Expo","Lessons/Grades_5-6_YearA/Week34_STREAM_Expo.md","Individual tested artifact explanation and caption revision and resource decision","KEEP + IMPROVE","improved","VERIFICATION REQUIRED"
"CST-A3","5-6","Weekly","B","Life Science","Easter Hope","Lessons/Grades_5-6_YearB/Week33_Easter_Hope.md","Individual correct germination/metamorphosis explanation and visual message and symbol distinction","KEEP + IMPROVE","improved","VERIFICATION REQUIRED"
"CST-A3","5-6","Weekly","B","Communication","Year B Exhibition","Lessons/Grades_5-6_YearB/Week34_Exhibition.md","Individual tested result/limit and revised caption and resource explanation","KEEP + IMPROVE","improved","VERIFICATION REQUIRED"
"CST-A3","K","Bi-Weekly","Single","Service art","Thanksgiving Wonder","Lessons/Bi-Weekly/Kindergarten/Session06_Thanksgiving.md","Each child explains a respectful gratitude idea and an actual communication revision after listener feedback.","KEEP + IMPROVE","rebuilt","VERIFICATION REQUIRED"
"CST-A3","K","Bi-Weekly","Single","Community art","Our Catholic School","Lessons/Bi-Weekly/Kindergarten/Session09_Catholic_Schools.md","Each child names a school contribution and explains a visual-message clarification and identifies hypothetical private information and an adult sharing permission.","KEEP + IMPROVE","rebuilt","VERIFICATION REQUIRED"
"CST-A3","K","Bi-Weekly","Single","Service art and algorithms","Helping Others","Lessons/Bi-Weekly/Kindergarten/Session15_Helping_Others.md","Each child explains a respectful message choice and predicts the endpoint and tests a correction to two picture commands.","KEEP + IMPROVE","rebuilt","VERIFICATION REQUIRED"
"CST-A3","K","Bi-Weekly","Single","Reflection","Year Celebration","Lessons/Bi-Weekly/Kindergarten/Session17_Celebration.md","Each child shows an actual dated result or fresh demonstration and communicates an honest next practice step without certifying grade readiness.","KEEP + IMPROVE","rebuilt","VERIFICATION REQUIRED"
"CST-A3","K","Weekly","Single","Welcome","Welcome to C-STREAM","Lessons/Kindergarten/Week01_Welcome_to_CSTREAM.md","Each child represents an actual detail and asks or selects one observation question.","KEEP + IMPROVE","rebuilt","VERIFICATION REQUIRED"
"CST-A3","K","Weekly","Single","Algorithms","Coding Thankfulness","Lessons/Kindergarten/Week11_Coding_Thankfulness.md","Each child predicts the two-command endpoint and tests a correction while explaining a respectful message; software execution is separate.","REBUILD","rebuilt","VERIFICATION REQUIRED"
"CST-A3","K","Weekly","Single","Service art","Making Gifts for Others","Lessons/Kindergarten/Week12_Making_Gifts.md","Each child identifies a recipient and purposeful visual choice and explains a revision that clarified meaning.","KEEP + IMPROVE","rebuilt","VERIFICATION REQUIRED"
"CST-A3","K","Weekly","Single","Reflection","Fall Celebration","Lessons/Kindergarten/Week13_Fall_Celebration.md","Each child communicates one actual dated result or fresh demonstration with an honest limit; enjoyment is separate.","KEEP + IMPROVE","rebuilt","VERIFICATION REQUIRED"
"CST-A3","K","Weekly","Single","Reflection","New Year Goals","Lessons/Kindergarten/Week18_New_Year_Goals.md","Each child records an actual or explicitly sourced sky observation and states a checkable comparison goal; predictions are separate.","KEEP + IMPROVE","rebuilt","VERIFICATION REQUIRED"
"CST-A3","K","Weekly","Single","Reflection","Catholic Schools Week","Lessons/Kindergarten/Week23_Catholic_Schools_Week.md","Each child links a display to actual evidence and revises the explanation and identifies hypothetical private information and an adult to ask before sharing.","KEEP + IMPROVE","rebuilt","VERIFICATION REQUIRED"
"CST-A3","K","Weekly","Single","Reflection","Year Celebration","Lessons/Kindergarten/Week34_Year_Celebration.md","Each child communicates actual dated evidence and support needed with a next practice step; missing growth evidence is recorded.","KEEP + IMPROVE","rebuilt","VERIFICATION REQUIRED"
"CST-C1","1-2","Bi-Weekly","A","Faith and reason","Catholic Inventors","Lessons/Bi-Weekly/Grades_1-2_YearA/Session09_Catholic_Inventors.md","Vetted scientist fact/portrait OR sort large trait cards and distinguish observation from untested inheritance","KEEP + IMPROVE","improved","VERIFICATION REQUIRED"
"CST-C1","1-2","Bi-Weekly","A","Life cycles","Life Cycles","Lessons/Bi-Weekly/Grades_1-2_YearA/Session12_Life_Cycles.md","Four ordered stages and living-change explanation; Grade 2 model limitation/new generation; faith image distinct from biology","KEEP + IMPROVE","improved","VERIFICATION REQUIRED"
"CST-C1","1-2","Bi-Weekly","A","New life","Easter Innovation","Lessons/Bi-Weekly/Grades_1-2_YearA/Session13_Easter_Innovation.md","Grade 1 explains symbol orally; Grade 2 revises a visual feature after partner interpretation; no science resurrection test","KEEP + IMPROVE","improved","VERIFICATION REQUIRED"
"CST-C1","1-2","Bi-Weekly","B","Light","Star Makers","Lessons/Bi-Weekly/Grades_1-2_YearB/Session07_Star_Makers.md","Flashlight on/off reflection Grade 1; source/reflector distinction and intentional pattern revision Grade 2","KEEP + IMPROVE","improved","VERIFICATION REQUIRED"
"CST-C1","1-2","Bi-Weekly","B","Faith and reason","Faith Scientists","Lessons/Bi-Weekly/Grades_1-2_YearB/Session09_Faith_Scientists.md","Vetted scholar fact/portrait OR two plant details and a sourced-versus-observed distinction; no remedy experiment","KEEP + IMPROVE","improved","VERIFICATION REQUIRED"
"CST-C1","1-2","Bi-Weekly","B","Life cycles","Butterfly Wonder","Lessons/Bi-Weekly/Grades_1-2_YearB/Session12_Butterfly_Wonder.md","Four ordered stages orally Grade 1; stage change/new generation/model limitation Grade 2; no live care certification","KEEP + IMPROVE","improved","VERIFICATION REQUIRED"
"CST-C1","1-2","Bi-Weekly","B","New life","Easter Joy","Lessons/Bi-Weekly/Grades_1-2_YearB/Session13_Easter_Joy.md","Grade 1 explains chosen Easter symbol; Grade 2 revises visual communication after partner response","KEEP + IMPROVE","improved","VERIFICATION REQUIRED"
"CST-C1","1-2","Weekly","A","Faith and reason","Catholic Schools Week STREAM","Lessons/Grades_1-2_YearA/Week23_Catholic_Schools_Week.md","Vetted scientist fact/banner OR two plant observations with observation/belief distinction; routes must be recorded","KEEP + IMPROVE","improved","VERIFICATION REQUIRED"
"CST-C1","1-2","Weekly","A","Mathematics","Pi Day Circles","Lessons/Grades_1-2_YearA/Week28_Pi_Day_Circles.md","Individual same-endpoint boundary comparison two measured attempts pattern unit/next item and uncertainty","REBUILD","rebuilt","VERIFICATION REQUIRED"
"CST-C1","1-2","Weekly","B","Motion","Ramp Races","Lessons/Grades_1-2_YearB/Week10_Ramp_Races.md","Individual no-push release same-reference measurement and low/high comparison; three trials/condition per team with honest uncertainty","REBUILD","rebuilt","VERIFICATION REQUIRED"
"CST-C1","1-2","Weekly","B","Winter","Winter Wonders","Lessons/Grades_1-2_YearB/Week16_Winter_Wonders.md","Individual ice before/after record two matching features and model limitation; no-melt reported honestly","REBUILD","rebuilt","VERIFICATION REQUIRED"
"CST-C1","1-2","Weekly","B","Faith and reason","Catholic Schools Celebration","Lessons/Grades_1-2_YearB/Week23_Catholic_Schools.md","Individual explanation of earlier test/design and welcoming choice; no new six-domain mastery","KEEP + IMPROVE","improved","VERIFICATION REQUIRED"
"CST-C1","1-2","Weekly","B","Life cycles","Butterfly Engineering","Lessons/Grades_1-2_YearB/Week29-31_Butterfly_Engineering.md","Four-stage ordered model symmetry art and model limitation; no engineering test or live release mastery","KEEP + IMPROVE","improved","VERIFICATION REQUIRED"
"CST-C1","3-4","Bi-Weekly","A","Faith and evidence","Catholic Scientists","Lessons/Bi-Weekly/Grades_3-4_YearA/Session09_Catholic_Scientists.md","One supported claim and source; approved biography cards remaining P1; no certification","KEEP + IMPROVE","improved","VERIFICATION REQUIRED"
"CST-C1","3-4","Bi-Weekly","A","Life inquiry","Plants and Growth","Lessons/Bi-Weekly/Grades_3-4_YearA/Session12_Plants_Growth.md","Individual observation/variable/two controls/mm comparison; simulated roots labeled; optional real care assigned or dry setup","REBUILD","rebuilt","VERIFICATION REQUIRED"
"CST-C1","3-4","Bi-Weekly","B","Computing","Ozobot Coding","Lessons/Bi-Weekly/Grades_3-4_YearB/Session02_Ozobot_Coding.md","Individual prediction/debug and source distinction; real command test only if chart/pretest passes; CT fallback not robotics","REBUILD","rebuilt","VERIFICATION REQUIRED"
"CST-C1","3-4","Bi-Weekly","B","Faith and evidence","Faith and Science","Lessons/Bi-Weekly/Grades_3-4_YearB/Session09_Faith_Science.md","Child sourced fact versus reflection; verified biography cards remaining P1; not certified","KEEP + IMPROVE","improved","VERIFICATION REQUIRED"
"CST-C1","3-4","Bi-Weekly","B","Life systems","Life Cycles","Lessons/Bi-Weekly/Grades_3-4_YearB/Session12_Life_Cycles.md","Individual living stages and pupa/no-pupa comparison; photo path no live care; quantity kit still needed","KEEP + IMPROVE","improved","VERIFICATION REQUIRED"
"CST-C1","3-4","Weekly","A","Foundations","Welcome to C-STREAM","Lessons/Grades_3-4_YearA/Week01_Welcome_to_CSTREAM.md","Unchanged: covenant and excitement exit; no individual competency threshold or substitute certification","KEEP + IMPROVE","unchanged","VERIFICATION REQUIRED"
"CST-C1","3-4","Weekly","A","Inquiry","Scientific Method","Lessons/Grades_3-4_YearA/Week04_Scientific_Method.md","Hypothesis and three trials per height; individual threshold and scalable kit still absent; not certified","KEEP + IMPROVE","improved","VERIFICATION REQUIRED"
"CST-C1","3-4","Weekly","A","Astronomy","Astronomy and the Star","Lessons/Grades_3-4_YearA/Week16_Astronomy_Star.md","Child distinguishes model claim and text interpretation; not-to-scale desk distances; source gates active; not certified","KEEP + IMPROVE","improved","VERIFICATION REQUIRED"
"CST-C1","3-4","Weekly","A","Faith and evidence","Catholic Schools Week STREAM","Lessons/Grades_3-4_YearA/Week23_Catholic_Schools_Week.md","One sourced claim versus reflection required; verified profile cards still remaining P1; not certified","KEEP + IMPROVE","improved","VERIFICATION REQUIRED"
"CST-C1","3-4","Weekly","A","Life science","Resurrection and New Life Science","Lessons/Grades_3-4_YearA/Week33_Resurrection_Science.md","Individual living-stage distinction and diagram; photo path viable; exact supply kit still needed","KEEP + IMPROVE","improved","VERIFICATION REQUIRED"
"CST-C1","3-4","Weekly","B","Foundations","Welcome Back Scientists","Lessons/Grades_3-4_YearB/Week01_Welcome_Scientists.md","Unchanged: mystery-object observation and journal; participation-heavy assessment; not certified","KEEP + IMPROVE","unchanged","VERIFICATION REQUIRED"
"CST-C1","3-4","Weekly","B","Flight","Flight Fundamentals","Lessons/Grades_3-4_YearB/Week02-03_Flight_Fundamentals.md","Individual force model and six whole-cm readings plus control/limitation; desk simulation only; approved lane required","REBUILD","rebuilt","VERIFICATION REQUIRED"
"CST-C1","5-6","Bi-Weekly","A","Research","Catholic Scientists","Lessons/Bi-Weekly/Grades_5-6_YearA/Session09_Catholic_Scientists.md","Individual factual claim with original source/limit and revised caption","KEEP + IMPROVE","improved","VERIFICATION REQUIRED"
"CST-C1","5-6","Bi-Weekly","A","Life Science","Life Science","Lessons/Bi-Weekly/Grades_5-6_YearA/Session12_Life_Science.md","Individual accurate cell/DNA/web explanation and labeled model/limit and faith-symbol distinction","REBUILD","improved","VERIFICATION REQUIRED"
"CST-C1","5-6","Bi-Weekly","A","Physical Science","Physics and Motion","Lessons/Bi-Weekly/Grades_5-6_YearA/Session15_Physics_Motion.md","Individual force-pair explanation and measured ramp outcome and faith/physics distinction","KEEP + IMPROVE","improved","VERIFICATION REQUIRED"
"CST-C1","5-6","Bi-Weekly","B","Investigation","Forensic Science","Lessons/Bi-Weekly/Grades_5-6_YearB/Session04_Forensic_Science.md","Individual three stripe counts and B-tab observation and dependent-source limit and no-accusation explanation","REBUILD","rebuilt","VERIFICATION REQUIRED"
"CST-C1","5-6","Bi-Weekly","B","Research","Science and Faith","Lessons/Bi-Weekly/Grades_5-6_YearB/Session09_Science_Faith.md","Individual verified claim/limit and source provenance and accurate presentation","KEEP + IMPROVE","improved","VERIFICATION REQUIRED"
"CST-C1","5-6","Bi-Weekly","B","Earth and Space","Space Science","Lessons/Bi-Weekly/Grades_5-6_YearB/Session10_Space_Science.md","Individual scale limit and mission criterion/constraint and evidence/reflection distinction","KEEP + IMPROVE","improved","VERIFICATION REQUIRED"
"CST-C1","5-6","Bi-Weekly","B","Physical Science","Energy Science","Lessons/Bi-Weekly/Grades_5-6_YearB/Session15_Energy_Science.md","Individual energy-transfer chain and before/after task test and religious/physical distinction","KEEP + IMPROVE","improved","VERIFICATION REQUIRED"
"CST-C1","5-6","Weekly","A","Foundations","Welcome to C-STREAM","Lessons/Grades_5-6_YearA/Week01_Welcome_to_CSTREAM.md","Individual sourced-versus-unverified claim and journal criterion; not classroom-validated","KEEP + IMPROVE","improved","VERIFICATION REQUIRED"
"CST-C1","5-6","Weekly","A","Investigation","Experimental Design","Lessons/Grades_5-6_YearA/Week04_Experimental_Design.md","Individual IV/DV/two controls and six trial values with one numerical comparison","REBUILD","improved","VERIFICATION REQUIRED"
"CST-C1","5-6","Weekly","A","Earth and Space","Astronomy","Lessons/Grades_5-6_YearA/Week16_Astronomy.md","Individual distance-versus-size limit and 1 AU/2 AU conversion and evidence/belief distinction","KEEP + IMPROVE","improved","VERIFICATION REQUIRED"
"CST-C1","5-6","Weekly","A","Mathematics","Pi Day","Lessons/Grades_5-6_YearA/Week28_Pi_Day.md","Individual three circumference/diameter measurements and uncertainty and philosophical distinction","KEEP + IMPROVE","improved","VERIFICATION REQUIRED"
"CST-C1","5-6","Weekly","A","Physical Science","Easter Engineering","Lessons/Grades_5-6_YearA/Week33_Easter_Engineering.md","Individual transformation distinction and before/after communication and faith-symbol limit","KEEP + IMPROVE","improved","VERIFICATION REQUIRED"
"CST-C1","5-6","Weekly","B","Foundations","Welcome Innovators","Lessons/Grades_5-6_YearB/Week01_Welcome_Innovators.md","Individual sourced-versus-unverified claim and journal criterion","KEEP + IMPROVE","improved","VERIFICATION REQUIRED"
"CST-C1","5-6","Weekly","B","Life Science","Biotechnology","Lessons/Grades_5-6_YearB/Week02-04_Biotechnology.md","Individual five cell labels and 7 of 8 complementary letters and model limit and ethics safeguard","REBUILD","rebuilt","VERIFICATION REQUIRED"
"CST-C1","5-6","Weekly","B","Life Science","Easter Hope","Lessons/Grades_5-6_YearB/Week33_Easter_Hope.md","Individual correct germination/metamorphosis explanation and visual message and symbol distinction","KEEP + IMPROVE","improved","VERIFICATION REQUIRED"
"CST-C1","K","Bi-Weekly","Single","Life cycles","Easter New Life","Lessons/Bi-Weekly/Kindergarten/Session13_Easter_New_Life.md","Each child orders four living stages and communicates a model limit; biology is distinct from Resurrection teaching.","REBUILD","rebuilt","VERIFICATION REQUIRED"
"CST-C1","K","Bi-Weekly","Single","Reflection","Year Celebration","Lessons/Bi-Weekly/Kindergarten/Session17_Celebration.md","Each child shows an actual dated result or fresh demonstration and communicates an honest next practice step without certifying grade readiness.","KEEP + IMPROVE","rebuilt","VERIFICATION REQUIRED"
"CST-C1","K","Weekly","Single","Reflection","Fall Celebration","Lessons/Kindergarten/Week13_Fall_Celebration.md","Each child communicates one actual dated result or fresh demonstration with an honest limit; enjoyment is separate.","KEEP + IMPROVE","rebuilt","VERIFICATION REQUIRED"
"CST-C1","K","Weekly","Single","Light","Light All Around","Lessons/Kindergarten/Week14-15_Light_All_Around.md","Each child compares a material at fixed distances and identifies flashlight input/output and an evidence-informed tissue design choice.","REBUILD","rebuilt","VERIFICATION REQUIRED"
"CST-C1","K","Weekly","Single","Reflection","New Year Goals","Lessons/Kindergarten/Week18_New_Year_Goals.md","Each child records an actual or explicitly sourced sky observation and states a checkable comparison goal; predictions are separate.","KEEP + IMPROVE","rebuilt","VERIFICATION REQUIRED"
"CST-C1","K","Weekly","Single","Reflection","Catholic Schools Week","Lessons/Kindergarten/Week23_Catholic_Schools_Week.md","Each child links a display to actual evidence and revises the explanation and identifies hypothetical private information and an adult to ask before sharing.","KEEP + IMPROVE","rebuilt","VERIFICATION REQUIRED"
"CST-C1","K","Weekly","Single","Shapes","Circles and Pi","Lessons/Kindergarten/Week28_Circles_and_Pi.md","Each child distinguishes circle/square/ball and extends AB pattern by two shapes; explains readable spacing/color choice.","REPLACE","rebuilt","VERIFICATION REQUIRED"
"CST-C1","K","Weekly","Single","Life cycles","New Life Engineering","Lessons/Kindergarten/Week33_New_Life_Engineering.md","Each child orders four living-insect stages and explains a model limit without equating metamorphosis and Resurrection.","REBUILD","rebuilt","VERIFICATION REQUIRED"
"CST-C1","K","Weekly","Single","Reflection","Year Celebration","Lessons/Kindergarten/Week34_Year_Celebration.md","Each child communicates actual dated evidence and support needed with a next practice step; missing growth evidence is recorded.","KEEP + IMPROVE","rebuilt","VERIFICATION REQUIRED"
"CST-C2","1-2","Bi-Weekly","A","Structures","Bridge Building","Lessons/Bi-Weekly/Grades_1-2_YearA/Session03_Bridge_Building.md","Each child compares flat/folded counts shows change identifies same span/load and who safe crossing serves","REBUILD","rebuilt","VERIFICATION REQUIRED"
"CST-C2","1-2","Bi-Weekly","A","Coding","Robot Friends","Lessons/Bi-Weekly/Grades_1-2_YearA/Session04_Robot_Friends.md","Each child predicts/runs two stored actions changes one and identifies responsible turn; token alternative not real robot mastery","REBUILD","rebuilt","VERIFICATION REQUIRED"
"CST-C2","1-2","Bi-Weekly","A","Service","Thanksgiving Service","Lessons/Bi-Weekly/Grades_1-2_YearA/Session06_Thanksgiving_Service.md","Recipient-focused oral/drawn message Grade 1; purposeful communication choice Grade 2; no engineering test","KEEP + IMPROVE","improved","VERIFICATION REQUIRED"
"CST-C2","1-2","Bi-Weekly","A","Service","Lenten Engineers","Lessons/Bi-Weekly/Grades_1-2_YearA/Session11_Lenten_Engineers.md","Folder holds three paper coupons; Grade 1 tells user need; Grade 2 explains tested fold revision","KEEP + IMPROVE","improved","VERIFICATION REQUIRED"
"CST-C2","1-2","Bi-Weekly","A","Coding","Robot Challenge","Lessons/Bi-Weekly/Grades_1-2_YearA/Session15_Robot_Challenge.md","Individual stored forward/turn/return then debug rerun; driving-only support not mastery; fair collaboration","KEEP + IMPROVE","improved","VERIFICATION REQUIRED"
"CST-C2","1-2","Bi-Weekly","A","Service","Community Helpers","Lessons/Bi-Weekly/Grades_1-2_YearA/Session16_Community_Helpers.md","Grade 1 orally names user need; Grade 2 checks agreed criterion and revises communicated design","KEEP + IMPROVE","improved","VERIFICATION REQUIRED"
"CST-C2","1-2","Bi-Weekly","B","Service","Gratitude Gifts","Lessons/Bi-Weekly/Grades_1-2_YearB/Session06_Gratitude_Gifts.md","Recipient-focused message Grade 1; one design revision after feedback Grade 2; no expense/love ranking","KEEP + IMPROVE","improved","VERIFICATION REQUIRED"
"CST-C2","1-2","Bi-Weekly","B","Service","Lenten Love","Lessons/Bi-Weekly/Grades_1-2_YearB/Session11_Lenten_Love.md","Recipient-focused oral/drawn message and Grade 2 feedback revision; no engineering claim from card","KEEP + IMPROVE","improved","VERIFICATION REQUIRED"
"CST-C2","1-2","Bi-Weekly","B","Coding","Sphero Challenge","Lessons/Bi-Weekly/Grades_1-2_YearB/Session14_Sphero_Challenge.md","Individual ordered stored run/stop and debug result; Grade 2 three-action explanation; cards not physical mastery","KEEP + IMPROVE","improved","VERIFICATION REQUIRED"
"CST-C2","1-2","Bi-Weekly","B","Machines","Simple Machines","Lessons/Bi-Weekly/Grades_1-2_YearB/Session15_Simple_Machines.md","Gentle lift/help explanation Grade 1; same-load pivot comparison with qualitative effort Grade 2; not measured force","KEEP + IMPROVE","improved","VERIFICATION REQUIRED"
"CST-C2","1-2","Weekly","A","Service","Engineering for Others","Lessons/Grades_1-2_YearA/Week07-09_Engineering_for_Others.md","Sketch prototype move paper ball 20 cm test improve and explain user need; no real assistive use","KEEP + IMPROVE","improved","VERIFICATION REQUIRED"
"CST-C2","1-2","Weekly","A","Service","Making Gifts","Lessons/Grades_1-2_YearA/Week12_Making_Gifts.md","Recipient purpose and bookmark test in closed book; Grade 2 explains a design choice; no love/resource ranking","KEEP + IMPROVE","improved","VERIFICATION REQUIRED"
"CST-C2","1-2","Weekly","A","Light","Light Explorations","Lessons/Grades_1-2_YearA/Week14-15_Light_Explorations.md","Shadow size comparison mirror beam redirection and named kind action; no religious brightness measurement","KEEP + IMPROVE","improved","VERIFICATION REQUIRED"
"CST-C2","1-2","Weekly","A","Reflection","New Year Goals","Lessons/Grades_1-2_YearA/Week18_New_Year_Goals.md","First-step kindness/learning action and visual tracker; spiritual worth not assessed","KEEP + IMPROVE","improved","VERIFICATION REQUIRED"
"CST-C2","1-2","Weekly","A","Coding","Dash Robot Adventures","Lessons/Grades_1-2_YearA/Week24-25_Dash_Robot_Adventures.md","Each child runs ordered actions and compares changed distance; loops require calibrated finite repeat not guaranteed square","KEEP + IMPROVE","improved","VERIFICATION REQUIRED"
"CST-C2","1-2","Weekly","A","Service","Helping Hands Design","Lessons/Grades_1-2_YearA/Week26-27_Helping_Hands_Design.md","Grade 1 shows feature/test; Grade 2 explains fold revision after five-second paper carry test; model not medical device","KEEP + IMPROVE","improved","VERIFICATION REQUIRED"
"CST-C2","1-2","Weekly","B","Coding","Dash Robot Adventures","Lessons/Grades_1-2_YearB/Week02-03_Dash_Adventures.md","Each child predicts/runs/stops changes one instruction compares target distance and fair turn; token alternative T2 only","REBUILD","rebuilt","VERIFICATION REQUIRED"
"CST-C2","1-2","Weekly","B","Observation","Senses and Discovery","Lessons/Grades_1-2_YearB/Week04_Senses_Discovery.md","Individual two details sketch comparison/property sort and inclusive method; Grade 2 two rules","REBUILD","rebuilt","VERIFICATION REQUIRED"
"CST-C2","1-2","Weekly","B","Service","Gifts for Others","Lessons/Grades_1-2_YearB/Week12_Gifts_Others.md","Recipient choice purposeful design and test in book; Grade 2 explains revision","KEEP + IMPROVE","improved","VERIFICATION REQUIRED"
"CST-C2","1-2","Weekly","B","Reflection","Growth Goals","Lessons/Grades_1-2_YearB/Week18_Growth_Goals.md","Object length and classroom action tracker; no rating bodies or spiritual worth","KEEP + IMPROVE","improved","VERIFICATION REQUIRED"
"CST-C2","1-2","Weekly","B","Invention","Invention Labs","Lessons/Grades_1-2_YearB/Week19-22_Invention_Labs.md","User-requested tray holds three paper balls five seconds; test/change/retest explained individually","KEEP + IMPROVE","improved","VERIFICATION REQUIRED"
"CST-C2","1-2","Weekly","B","Faith and reason","Catholic Schools Celebration","Lessons/Grades_1-2_YearB/Week23_Catholic_Schools.md","Individual explanation of earlier test/design and welcoming choice; no new six-domain mastery","KEEP + IMPROVE","improved","VERIFICATION REQUIRED"
"CST-C2","1-2","Weekly","B","Motion","Friendship Machines","Lessons/Grades_1-2_YearB/Week24-25_Friendship_Machines.md","Two oral cause steps Grade 1; three-step paper flag and failed-link revision Grade 2; kindness not mechanically guaranteed","KEEP + IMPROVE","improved","VERIFICATION REQUIRED"
"CST-C2","3-4","Bi-Weekly","A","Foundations","Engineering Design","Lessons/Bi-Weekly/Grades_3-4_YearA/Session01_Engineering_Design.md","Unchanged: sketch/height/redesign plus participation checklist; no substitute certification","KEEP + IMPROVE","unchanged","VERIFICATION REQUIRED"
"CST-C2","3-4","Bi-Weekly","A","Computing","Dash and Code","Lessons/Bi-Weekly/Grades_3-4_YearA/Session02_Dash_Code.md","Individual route/debug and measured result; paper CT versus logged real operation; model labels gated; desk simulation only","REBUILD","rebuilt","VERIFICATION REQUIRED"
"CST-C2","3-4","Bi-Weekly","A","Gratitude communication","Gratitude Tech","Lessons/Bi-Weekly/Grades_3-4_YearA/Session06_Gratitude_Tech.md","Specific message and delivery plan; paper communication not digital operation; workflow not certified","KEEP + IMPROVE","improved","VERIFICATION REQUIRED"
"CST-C2","3-4","Bi-Weekly","A","Circuits","Light and Circuits","Lessons/Bi-Weekly/Grades_3-4_YearA/Session07_Light_Circuits.md","Individual return-path/state prediction and two-cycle physical turn and repair plus revised message; hardware preflight required; paper is reasoning/art only","REBUILD","rebuilt","VERIFICATION REQUIRED"
"CST-C2","3-4","Bi-Weekly","A","Service design","Lenten Engineering","Lessons/Bi-Weekly/Grades_3-4_YearA/Session11_Lenten_Engineering.md","Unchanged: prototype/action plan; not completed service or substitute certification","KEEP + IMPROVE","unchanged","VERIFICATION REQUIRED"
"CST-C2","3-4","Bi-Weekly","A","Faith communication","Easter Tech","Lessons/Bi-Weekly/Grades_3-4_YearA/Session13_Easter_Tech.md","Unchanged: Easter project/message; enthusiasm not mastery; no substitute certification","KEEP + IMPROVE","unchanged","VERIFICATION REQUIRED"
"CST-C2","3-4","Bi-Weekly","B","Foundations","Design Thinking","Lessons/Bi-Weekly/Grades_3-4_YearB/Session01_Design_Thinking.md","Actual user comment/revision required; rough concept not tested usefulness; supplies not certified","KEEP + IMPROVE","improved","VERIFICATION REQUIRED"
"CST-C2","3-4","Bi-Weekly","B","Gratitude design","Thanksgiving Design","Lessons/Bi-Weekly/Grades_3-4_YearB/Session06_Thanksgiving_Design.md","Unchanged: gift plan/reason; no repeated user test or substitute certification","KEEP + IMPROVE","unchanged","VERIFICATION REQUIRED"
"CST-C2","3-4","Bi-Weekly","B","Circuits","Christmas Circuits","Lessons/Bi-Weekly/Grades_3-4_YearB/Session07_Christmas_Circuits.md","Individual return path/gap/repair and two-cycle physical turn and revised Nativity message; hardware preflight required; paper is reasoning/art only","REBUILD","rebuilt","VERIFICATION REQUIRED"
"CST-C2","3-4","Bi-Weekly","B","Communication art","Digital Stories","Lessons/Bi-Weekly/Grades_3-4_YearB/Session08_Digital_Stories.md","Individual three-panel narrative and revision; paper art not digital operation; workflow remaining P1","KEEP + IMPROVE","improved","VERIFICATION REQUIRED"
"CST-C2","3-4","Bi-Weekly","B","Service design","Lenten Service","Lessons/Bi-Weekly/Grades_3-4_YearB/Session11_Lenten_Service.md","Action plan not completed service; exact catechetical wording source blocked and gated; no certification","KEEP + IMPROVE","improved","VERIFICATION REQUIRED"
"CST-C2","3-4","Bi-Weekly","B","Faith communication","Easter Creation","Lessons/Bi-Weekly/Grades_3-4_YearB/Session13_Easter_Creation.md","Message/artifact not electrical mastery; kit quantities and individual revision threshold absent","KEEP + IMPROVE","improved","VERIFICATION REQUIRED"
"CST-C2","3-4","Weekly","A","Foundations","Welcome to C-STREAM","Lessons/Grades_3-4_YearA/Week01_Welcome_to_CSTREAM.md","Unchanged: covenant and excitement exit; no individual competency threshold or substitute certification","KEEP + IMPROVE","unchanged","VERIFICATION REQUIRED"
"CST-C2","3-4","Weekly","A","Computing","Sphero Advanced Coding","Lessons/Grades_3-4_YearA/Week02-03_Sphero_Advanced.md","Individual route and 8-roll trace plus debug; device edit/run logged separately; desk simulation only and model gate remains","REBUILD","rebuilt","VERIFICATION REQUIRED"
"CST-C2","3-4","Weekly","A","Service design","Community Helpers","Lessons/Grades_3-4_YearA/Week07-09_Community_Helpers.md","Prototype tests and paired presentations; scenario supplies and criterion-specific checks still P1; not certified","KEEP + IMPROVE","improved","VERIFICATION REQUIRED"
"CST-C2","3-4","Weekly","A","Structures","Bridge Engineering","Lessons/Grades_3-4_YearA/Week10_Bridge_Engineering.md","Two capped counts and whole-number difference plus kept-same condition; 20-minute-prep desk simulation not classroom certification","REBUILD","rebuilt","VERIFICATION REQUIRED"
"CST-C2","3-4","Weekly","A","Service design","Giving Through Making","Lessons/Grades_3-4_YearA/Week12_Giving_Through_Making.md","Unchanged: functional gift and card; subjective craftsmanship and no test threshold; not certified","KEEP + IMPROVE","unchanged","VERIFICATION REQUIRED"
"CST-C2","3-4","Weekly","A","Circuits","Snap Circuits - Build Test and Design","Lessons/Grades_3-4_YearA/Week26-27_Little_Bits_Circuits.md","Individual return-path/state prediction and two-cycle physical turn and repair evidence and before/after 1 m label test; paper is reasoning only; kit inspection and classroom timing remain gated","KEEP + IMPROVE","rebuilt","VERIFICATION REQUIRED"
"CST-C2","3-4","Weekly","B","Service design","Gifts for Others","Lessons/Grades_3-4_YearB/Week12_Gifts_Others.md","Individual user need/design choice; consented adult delivery; no measured user benefit certified","KEEP + IMPROVE","improved","VERIFICATION REQUIRED"
"CST-C2","3-4","Weekly","B","Computing","Game Design Studio","Lessons/Grades_3-4_YearB/Week19-22_Game_Design.md","Individual 0-1-2-3-3 reset trace and test-backed revision; actual edits logged; desk simulation not live Scratch execution","REBUILD","rebuilt","VERIFICATION REQUIRED"
"CST-C2","3-4","Weekly","B","Weather data","Weather Station","Lessons/Grades_3-4_YearB/Week29-31_Weather_Station.md","Individual units/source/graph comparison; simulated weather not actual forecast; three desk-simulated meetings only","REBUILD","rebuilt","VERIFICATION REQUIRED"
"CST-C2","5-6","Bi-Weekly","A","Foundations","Design Process","Lessons/Bi-Weekly/Grades_5-6_YearA/Session01_Design_Process.md","Individual stated-versus-assumed need and criterion/constraint and feedback revision","KEEP + IMPROVE","improved","VERIFICATION REQUIRED"
"CST-C2","5-6","Bi-Weekly","A","Computing","Sphero Advanced","Lessons/Bi-Weekly/Grades_5-6_YearA/Session02_Sphero_Advanced.md","Individual conditional/loop trace and input/output and safe role; paper not operation credit","REBUILD","improved","VERIFICATION REQUIRED"
"CST-C2","5-6","Bi-Weekly","A","Life Science","Body Systems","Lessons/Bi-Weekly/Grades_5-6_YearA/Session04_Body_Systems.md","Individual accurate function/connection and model-limit diagram and dignity explanation","KEEP + IMPROVE","improved","VERIFICATION REQUIRED"
"CST-C2","5-6","Bi-Weekly","A","Computing","Scratch Advanced","Lessons/Bi-Weekly/Grades_5-6_YearA/Session05_Scratch_Advanced.md","Individual 0/1/2/3/3 trace and loop count and corrected bug and access choice","REBUILD","rebuilt","VERIFICATION REQUIRED"
"CST-C2","5-6","Bi-Weekly","A","Service","Thanksgiving Innovation","Lessons/Bi-Weekly/Grades_5-6_YearA/Session06_Thanksgiving_Innovation.md","Individual dignity choice and criterion/constraint and limited evidence-based pitch","KEEP + IMPROVE","improved","VERIFICATION REQUIRED"
"CST-C2","5-6","Bi-Weekly","A","Computing","App Inventor","Lessons/Bi-Weekly/Grades_5-6_YearA/Session08_App_Inventor.md","Individual input/button/output trace and excluded-private-data explanation and access choice","REBUILD","improved","VERIFICATION REQUIRED"
"CST-C2","5-6","Bi-Weekly","A","Service","Lenten Engineering","Lessons/Bi-Weekly/Grades_5-6_YearA/Session11_Lenten_Engineering.md","Individual consent/dignity and criterion/constraint and plan with uncertain impact","KEEP + IMPROVE","improved","VERIFICATION REQUIRED"
"CST-C2","5-6","Bi-Weekly","A","Communication","Easter Technology","Lessons/Bi-Weekly/Grades_5-6_YearA/Session13_Easter_Tech.md","Individual message revision and safe source/media decision and audience access choice","KEEP + IMPROVE","improved","VERIFICATION REQUIRED"
"CST-C2","5-6","Bi-Weekly","A","Computing","Sphero Challenge","Lessons/Bi-Weekly/Grades_5-6_YearA/Session14_Sphero_Challenge.md","Individual route trace/debug and revision/retest and safe role explanation","REBUILD","improved","VERIFICATION REQUIRED"
"CST-C2","5-6","Bi-Weekly","A","Capstone","Advanced Invention","Lessons/Bi-Weekly/Grades_5-6_YearA/Session16_Advanced_Invention.md","Individual criterion/constraint and original/revised test and dignity/access choice","REBUILD","improved","VERIFICATION REQUIRED"
"CST-C2","5-6","Bi-Weekly","B","Foundations","Engineering Thinking","Lessons/Bi-Weekly/Grades_5-6_YearB/Session01_Engineering_Thinking.md","Individual stated need versus stereotype and criterion/constraint and test-linked revision","KEEP + IMPROVE","improved","VERIFICATION REQUIRED"
"CST-C2","5-6","Bi-Weekly","B","Computing","Sphero Sensors","Lessons/Bi-Weekly/Grades_5-6_YearB/Session02_Sphero_Sensors.md","Individual four-output table and exact-boundary trace and corrected comparison and limitation","REBUILD","rebuilt","VERIFICATION REQUIRED"
"CST-C2","5-6","Bi-Weekly","B","Structures","Architecture","Lessons/Bi-Weekly/Grades_5-6_YearB/Session03_Architecture.md","Individual purposeful layout revision and criterion and doorway/path measurement and access choice","KEEP + IMPROVE","improved","VERIFICATION REQUIRED"
"CST-C2","5-6","Bi-Weekly","B","Investigation","Forensic Science","Lessons/Bi-Weekly/Grades_5-6_YearB/Session04_Forensic_Science.md","Individual three stripe counts and B-tab observation and dependent-source limit and no-accusation explanation","REBUILD","rebuilt","VERIFICATION REQUIRED"
"CST-C2","5-6","Bi-Weekly","B","Computing","Scratch Games","Lessons/Bi-Weekly/Grades_5-6_YearB/Session05_Scratch_Games.md","Individual variable/condition trace and corrected bug and tested feedback choice and play ethics","REBUILD","improved","VERIFICATION REQUIRED"
"CST-C2","5-6","Bi-Weekly","B","Service","Gratitude Design","Lessons/Bi-Weekly/Grades_5-6_YearB/Session06_Gratitude_Design.md","Individual specific message revision and recipient consent/respect decision","KEEP + IMPROVE","improved","VERIFICATION REQUIRED"
"CST-C2","5-6","Bi-Weekly","B","Computing","Advent Coding","Lessons/Bi-Weekly/Grades_5-6_YearB/Session07_Advent_Coding.md","Individual event/reset trace and revised message and audience/access choice","KEEP + IMPROVE","improved","VERIFICATION REQUIRED"
"CST-C2","5-6","Bi-Weekly","B","Computing","App Design","Lessons/Bi-Weekly/Grades_5-6_YearB/Session08_App_Design.md","Individual event/condition trace and privacy boundary and accessible user decision","REBUILD","improved","VERIFICATION REQUIRED"
"CST-C2","5-6","Bi-Weekly","B","Service","Mercy Engineering","Lessons/Bi-Weekly/Grades_5-6_YearB/Session11_Mercy_Engineering.md","Individual consent/dignity safeguard and criterion/constraint and evidence-limited plan","KEEP + IMPROVE","improved","VERIFICATION REQUIRED"
"CST-C2","5-6","Bi-Weekly","B","Communication","New Life Technology","Lessons/Bi-Weekly/Grades_5-6_YearB/Session13_New_Life_Tech.md","Individual message revision and safe media/source choice and audience access decision","KEEP + IMPROVE","improved","VERIFICATION REQUIRED"
"CST-C2","5-6","Bi-Weekly","B","Computing","Robot Olympics","Lessons/Bi-Weekly/Grades_5-6_YearB/Session14_Robot_Olympics.md","Individual trace/debug and evidence-based retest and cooperative safety decision","REBUILD","improved","VERIFICATION REQUIRED"
"CST-C2","5-6","Bi-Weekly","B","Capstone","Innovation Lab","Lessons/Bi-Weekly/Grades_5-6_YearB/Session16_Innovation_Lab.md","Individual criterion/constraint and test/revision and respectful user decision","REBUILD","improved","VERIFICATION REQUIRED"
"CST-C2","5-6","Weekly","A","Computing","Sphero Mastery","Lessons/Grades_5-6_YearA/Week02-03_Sphero_Mastery.md","Individual four-turn trace and three endpoint measurements and safety/access explanation","REBUILD","rebuilt","VERIFICATION REQUIRED"
"CST-C2","5-6","Weekly","A","Service","Social Innovation","Lessons/Grades_5-6_YearA/Week07-09_Social_Innovation.md","Individual dignity decision and criterion/constraint and supported limited pitch","KEEP + IMPROVE","improved","VERIFICATION REQUIRED"
"CST-C2","5-6","Weekly","A","Computing","Gratitude Coding","Lessons/Grades_5-6_YearA/Week11_Gratitude_Coding.md","Individual add/retrieve trace and private-data exclusion and respectful opt-out explanation","KEEP + IMPROVE","improved","VERIFICATION REQUIRED"
"CST-C2","5-6","Weekly","A","Service","Giving and Making","Lessons/Grades_5-6_YearA/Week12_Giving_Making.md","Individual dignity/access decision and user criterion and purposeful layout with feedback","KEEP + IMPROVE","improved","VERIFICATION REQUIRED"
"CST-C2","5-6","Weekly","A","Communication","Fall Showcase","Lessons/Grades_5-6_YearA/Week13_Fall_Showcase.md","Individual supported decision and caption revision and respectful audience explanation","KEEP + IMPROVE","improved","VERIFICATION REQUIRED"
"CST-C2","5-6","Weekly","A","Service","Catholic Schools Week","Lessons/Grades_5-6_YearA/Week23_Catholic_Schools_Week.md","Individual access decision and teach/check peer during rehearsal; real teaching not assumed","KEEP + IMPROVE","improved","VERIFICATION REQUIRED"
"CST-C2","5-6","Weekly","A","Physical Computing","Snap Circuits - Accessible Indicators","Lessons/Grades_5-6_YearA/Week26-27_Little_Bits.md","Individual full path and two-state predictions/two cycles and physical turn and repair and before/after 1 m label test and access tradeoff; separate protected-AA route retains four states; preflight remains gated","REBUILD","rebuilt","VERIFICATION REQUIRED"
"CST-C2","5-6","Weekly","B","Life Science","Biotechnology","Lessons/Grades_5-6_YearB/Week02-04_Biotechnology.md","Individual five cell labels and 7 of 8 complementary letters and model limit and ethics safeguard","REBUILD","rebuilt","VERIFICATION REQUIRED"
"CST-C2","5-6","Weekly","B","Data","Thanksgiving Data","Lessons/Grades_5-6_YearB/Week11_Thanksgiving_Data.md","Individual labeled graph totaling 20 and comparison and private-data/opt-out explanation","KEEP + IMPROVE","improved","VERIFICATION REQUIRED"
"CST-C2","5-6","Weekly","B","Service","Gifts of Service","Lessons/Grades_5-6_YearB/Week12_Gifts_Service.md","Individual dignity/access choice and criterion and purposeful layout with feedback","KEEP + IMPROVE","improved","VERIFICATION REQUIRED"
"CST-C2","5-6","Weekly","B","Computing","App Development","Lessons/Grades_5-6_YearB/Week14-18_App_Development.md","Individual three-input trace and corrected bug and tested visual revision and privacy/access decision","REBUILD","rebuilt","VERIFICATION REQUIRED"
"CST-C2","5-6","Weekly","B","Service","Social Entrepreneurship","Lessons/Grades_5-6_YearB/Week20-23_Social_Entrepreneurship.md","Individual revenue-minus-cost example and supported pitch limit and fair-access choice","KEEP + IMPROVE","improved","VERIFICATION REQUIRED"
"CST-C2","5-6","Weekly","B","Service","Catholic Schools Week","Lessons/Grades_5-6_YearB/Week24_Catholic_Schools.md","Individual verified datum with source/date and peer-teaching check and dignity decision","KEEP + IMPROVE","improved","VERIFICATION REQUIRED"
"CST-C2","5-6","Weekly","B","Design","Health Technology","Lessons/Grades_5-6_YearB/Week25-28_Health_Technology.md","Individual consent/access choice and criterion and test/revision and purposeful model","KEEP + IMPROVE","improved","VERIFICATION REQUIRED"
"CST-C2","K","Bi-Weekly","Single","Ramps","Simple Machines","Lessons/Bi-Weekly/Kindergarten/Session05_Simple_Machines.md","Each child reports roll or slide or stay and compares marked ramp rise with the same object and release point; no speed inference.","KEEP + IMPROVE","rebuilt","VERIFICATION REQUIRED"
"CST-C2","K","Bi-Weekly","Single","Service art","Thanksgiving Wonder","Lessons/Bi-Weekly/Kindergarten/Session06_Thanksgiving.md","Each child explains a respectful gratitude idea and an actual communication revision after listener feedback.","KEEP + IMPROVE","rebuilt","VERIFICATION REQUIRED"
"CST-C2","K","Bi-Weekly","Single","Light art","Advent Light","Lessons/Bi-Weekly/Kindergarten/Session07_Advent_Light.md","Each child counts chosen symbol points and explains a purposeful placement and kind message; paper is not a light source.","KEEP + IMPROVE","rebuilt","VERIFICATION REQUIRED"
"CST-C2","K","Bi-Weekly","Single","Community art","Our Catholic School","Lessons/Bi-Weekly/Kindergarten/Session09_Catholic_Schools.md","Each child names a school contribution and explains a visual-message clarification and identifies hypothetical private information and an adult sharing permission.","KEEP + IMPROVE","rebuilt","VERIFICATION REQUIRED"
"CST-C2","K","Bi-Weekly","Single","Sound","Sound and Music","Lessons/Bi-Weekly/Kindergarten/Session14_Sound_Music.md","Each child indicates an observed vibration and communicates an intentional four-beat sound or silence phrase with accessible roles.","KEEP + IMPROVE","rebuilt","VERIFICATION REQUIRED"
"CST-C2","K","Bi-Weekly","Single","Service art and algorithms","Helping Others","Lessons/Bi-Weekly/Kindergarten/Session15_Helping_Others.md","Each child explains a respectful message choice and predicts the endpoint and tests a correction to two picture commands.","KEEP + IMPROVE","rebuilt","VERIFICATION REQUIRED"
"CST-C2","K","Weekly","Single","Movement","Exploring Movement with Sphero","Lessons/Kindergarten/Week02-03_Sphero_Movement.md","Each child predicts two moves and corrects a wrong card; identifies input/output; hardware drive recorded only if performed; programming not assessed.","REBUILD","rebuilt","VERIFICATION REQUIRED"
"CST-C2","K","Weekly","Single","Service design","Engineering Helpers","Lessons/Kindergarten/Week07-09_Engineering_Helpers.md","Each child states the two-cup criterion and compares actual same-path results after one change with a plan drawing.","REBUILD","rebuilt","VERIFICATION REQUIRED"
"CST-C2","K","Weekly","Single","Structures","Bridges Connect Us","Lessons/Kindergarten/Week10_Bridges_Connect_Us.md","Each child identifies deck and supports and counts two supports and one load while comparing actual same-load tests.","KEEP + IMPROVE","rebuilt","VERIFICATION REQUIRED"
"CST-C2","K","Weekly","Single","Algorithms","Coding Thankfulness","Lessons/Kindergarten/Week11_Coding_Thankfulness.md","Each child predicts the two-command endpoint and tests a correction while explaining a respectful message; software execution is separate.","REBUILD","rebuilt","VERIFICATION REQUIRED"
"CST-C2","K","Weekly","Single","Service art","Making Gifts for Others","Lessons/Kindergarten/Week12_Making_Gifts.md","Each child identifies a recipient and purposeful visual choice and explains a revision that clarified meaning.","KEEP + IMPROVE","rebuilt","VERIFICATION REQUIRED"
"CST-C2","K","Weekly","Single","Algorithms","Dash Robot Friends","Lessons/Kindergarten/Week24-25_Dash_Robot_Friends.md","Each child predicts three-command endpoint and fixes wrong card; input/output and count checked; actual block execution on Dash recorded only if performed.","REBUILD","rebuilt","VERIFICATION REQUIRED"
"CST-C2","K","Weekly","Single","Service design","Helping Hands Engineering","Lessons/Kindergarten/Week26-27_Helping_Hands.md","Each child states the requested book-standing and picture-visibility criteria and compares two tests with a plan and tradeoff reason.","KEEP + IMPROVE","rebuilt","VERIFICATION REQUIRED"
"CST-C3","1-2","Bi-Weekly","B","Coding","Meet Sphero","Lessons/Bi-Weekly/Grades_1-2_YearB/Session03_Sphero_Intro.md","Individual predicts/runs/stops stored color/roll changes one block and names equipment care; token algorithm only","REBUILD","rebuilt","VERIFICATION REQUIRED"
"CST-C3","1-2","Bi-Weekly","B","Growth","Garden Engineers","Lessons/Bi-Weekly/Grades_1-2_YearB/Session05_Garden_Engineers.md","Individual two needs light/access constraints and layout test/revision; planting does not prove same-day growth","REBUILD","rebuilt","VERIFICATION REQUIRED"
"CST-C3","1-2","Bi-Weekly","B","Stewardship","Earth Care","Lessons/Bi-Weekly/Grades_1-2_YearB/Session16_Earth_Care.md","Reuse choice Grade 1; five-crayon organizer test/revision and material tradeoff Grade 2; no invented savings claim","KEEP + IMPROVE","improved","VERIFICATION REQUIRED"
"CST-C3","1-2","Weekly","A","Coding","Sphero Coding Adventures","Lessons/Grades_1-2_YearA/Week02-03_Sphero_Coding.md","Each child predicts/runs/stops ordered actions changes one parameter compares travel and records care; token path has T2 only","REBUILD","rebuilt","VERIFICATION REQUIRED"
"CST-C3","1-2","Weekly","A","Observation","Wonder Walk Scientists","Lessons/Grades_1-2_YearA/Week04_Wonder_Walk.md","Individual two details sketch one question category reason and protective action; no writing required for Grade 1","REBUILD","rebuilt","VERIFICATION REQUIRED"
"CST-C3","1-2","Weekly","A","Stations","STREAM Exploration Stations","Lessons/Grades_1-2_YearA/Week19-22_Exploration_Stations.md","Individual structure test/change symmetry check pattern repair and same-unit object comparison over four meetings","REBUILD","rebuilt","VERIFICATION REQUIRED"
"CST-C3","1-2","Weekly","A","Growth","Growing Things","Lessons/Grades_1-2_YearA/Week29-31_Growing_Things.md","Each child two dated observations same-baseline measures comparison and care action; Grade 2 distinguishes untested cause","REBUILD","rebuilt","VERIFICATION REQUIRED"
"CST-C3","1-2","Weekly","B","Habitats","Animal Habitats","Lessons/Grades_1-2_YearB/Week07-09_Animal_Habitats.md","Species-specific needs shown in model; Grade 2 condition choice/model limitation; no live habitat certification","KEEP + IMPROVE","improved","VERIFICATION REQUIRED"
"CST-C3","1-2","Weekly","B","Growth","Garden Engineering","Lessons/Grades_1-2_YearB/Week26-27_Garden_Engineering.md","Two needs and access path Grade 1; Grade 2 plan fits 30x40 cm tray with 10 cm access strip and revision","KEEP + IMPROVE","improved","VERIFICATION REQUIRED"
"CST-C3","3-4","Bi-Weekly","A","Life science","Animal Habitats","Lessons/Bi-Weekly/Grades_3-4_YearA/Session04_Animal_Habitats.md","Individual need/adaptation using source card; explanatory model not engineered live habitat; source prep not certified","KEEP + IMPROVE","improved","VERIFICATION REQUIRED"
"CST-C3","3-4","Bi-Weekly","A","Portfolio","Year Exhibition","Lessons/Bi-Weekly/Grades_3-4_YearA/Session17_Exhibition.md","Portfolio reflection; individual mastery rubric and artifact selection still remaining P1","KEEP + IMPROVE","improved","VERIFICATION REQUIRED"
"CST-C3","3-4","Bi-Weekly","B","Life systems","Ecosystems","Lessons/Bi-Weekly/Grades_3-4_YearB/Session04_Ecosystems.md","Individual food-to-eater arrow and source-supported relationship; small web primary; source cards not certified","KEEP + IMPROVE","improved","VERIFICATION REQUIRED"
"CST-C3","3-4","Bi-Weekly","B","Portfolio","Year Celebration","Lessons/Bi-Weekly/Grades_3-4_YearB/Session17_Celebration.md","Portfolio reflection; individual artifact rubric and evidence selection remaining P1","KEEP + IMPROVE","improved","VERIFICATION REQUIRED"
"CST-C3","3-4","Weekly","A","Portfolio","Fall STREAM Celebration","Lessons/Grades_3-4_YearA/Week13_Fall_Celebration.md","Unchanged: reflection and participation not demonstrated mastery; station prep not certified","KEEP + IMPROVE","unchanged","VERIFICATION REQUIRED"
"CST-C3","3-4","Weekly","A","Reflection","SMART Goals","Lessons/Grades_3-4_YearA/Week18_SMART_Goals.md","Unchanged: tracker and actions; no observed follow-through; not certified","KEEP + IMPROVE","unchanged","VERIFICATION REQUIRED"
"CST-C3","3-4","Weekly","A","Choice inquiry","Choice Labs","Lessons/Grades_3-4_YearA/Week19-22_Choice_Labs.md","Passports and chosen project only; safe two-station restriction; full kits and individual checks remaining P1","REBUILD","improved","VERIFICATION REQUIRED"
"CST-C3","3-4","Weekly","A","Stewardship","Environmental STREAM","Lessons/Grades_3-4_YearA/Week29-31_Environmental_STREAM.md","Individual observation and predicted impact versus measurement; scenario quantities still needed; not certified","KEEP + IMPROVE","improved","VERIFICATION REQUIRED"
"CST-C3","3-4","Weekly","A","Portfolio","STREAM Expo","Lessons/Grades_3-4_YearA/Week34_STREAM_Expo.md","Unchanged: sharing and participation; certificate not evidence of all-domain mastery; not certified","KEEP + IMPROVE","unchanged","VERIFICATION REQUIRED"
"CST-C3","3-4","Weekly","B","Gratitude data","Thanksgiving Gratitude","Lessons/Grades_3-4_YearB/Week11_Thanksgiving_Gratitude.md","Voluntary/fictional list graph; no ranking gratitude; class aggregation and individual criterion remaining P1","KEEP + IMPROVE","improved","VERIFICATION REQUIRED"
"CST-C3","3-4","Weekly","B","Marine systems","Marine Science Lab","Lessons/Grades_3-4_YearB/Week14-17_Marine_Science.md","Child food-to-eater arrow and model limitation; current sourced cards and scalable cleanup kit remaining P1","KEEP + IMPROVE","improved","VERIFICATION REQUIRED"
"CST-C3","3-4","Weekly","B","Reflection","New Year Goals","Lessons/Grades_3-4_YearB/Week18_New_Year_Goals.md","Unchanged: SMART worksheet and tracker; no follow-through evidence; not certified","KEEP + IMPROVE","unchanged","VERIFICATION REQUIRED"
"CST-C3","3-4","Weekly","B","Community data","Catholic Schools Week","Lessons/Grades_3-4_YearB/Week23_Catholic_Schools.md","One-question survey and two-bar comparison; full quantities and source cards remaining P1","KEEP + IMPROVE","improved","VERIFICATION REQUIRED"
"CST-C3","3-4","Weekly","B","Stewardship design","Sustainable City","Lessons/Grades_3-4_YearB/Week24-27_Sustainable_City.md","Labeled systems and tradeoff; promised resource budget not specified; remaining P1 no certified savings","KEEP + IMPROVE","improved","VERIFICATION REQUIRED"
"CST-C3","3-4","Weekly","B","Portfolio","Year B Showcase","Lessons/Grades_3-4_YearB/Week34_Showcase.md","Portfolio explanation and goals; blanket annual competency claims remain unsupported; not certified","KEEP + IMPROVE","improved","VERIFICATION REQUIRED"
"CST-C3","5-6","Bi-Weekly","A","Physical Computing","Christmas Electronics","Lessons/Bi-Weekly/Grades_5-6_YearA/Session07_Christmas_Electronics.md","Individual five-label circuit and four-state predictions and peer-tested visual choice","REBUILD","rebuilt","VERIFICATION REQUIRED"
"CST-C3","5-6","Bi-Weekly","A","Environment","Environmental Science","Lessons/Bi-Weekly/Grades_5-6_YearA/Session10_Environmental_Science.md","Individual 36/30 count interpretation and limit and resource tradeoff and criterion","REBUILD","improved","VERIFICATION REQUIRED"
"CST-C3","5-6","Bi-Weekly","A","Communication","Year Exhibition","Lessons/Bi-Weekly/Grades_5-6_YearA/Session17_Exhibition.md","Individual technical result/limit and caption revision and resource example","KEEP + IMPROVE","improved","VERIFICATION REQUIRED"
"CST-C3","5-6","Bi-Weekly","B","Life Science","Ecosystems","Lessons/Bi-Weekly/Grades_5-6_YearB/Session12_Ecosystems.md","Individual food-to-consumer arrows and perturbation and model limit and stewardship tradeoff","KEEP + IMPROVE","improved","VERIFICATION REQUIRED"
"CST-C3","5-6","Bi-Weekly","B","Communication","Celebration Exhibition","Lessons/Bi-Weekly/Grades_5-6_YearB/Session17_Celebration.md","Individual technical result/limit and caption revision and resource example","KEEP + IMPROVE","improved","VERIFICATION REQUIRED"
"CST-C3","5-6","Weekly","A","Planning","Goal Engineering","Lessons/Grades_5-6_YearA/Week18_Goal_Engineering.md","Individual criterion/dependency and three milestones and resource constraint","KEEP + IMPROVE","improved","VERIFICATION REQUIRED"
"CST-C3","5-6","Weekly","A","Capstone","Passion Projects","Lessons/Grades_5-6_YearA/Week19-22_Passion_Projects.md","Individual dated proposal criterion and test/retest and supported limitation and resource choice","REBUILD","improved","VERIFICATION REQUIRED"
"CST-C3","5-6","Weekly","A","Environment","Environmental Science","Lessons/Grades_5-6_YearA/Week29-31_Environmental_Science.md","Individual controls/limit and 9 of 10 points and evidence-limited graph and revised message","REBUILD","rebuilt","VERIFICATION REQUIRED"
"CST-C3","5-6","Weekly","A","Communication","STREAM Expo","Lessons/Grades_5-6_YearA/Week34_STREAM_Expo.md","Individual tested artifact explanation and caption revision and resource decision","KEEP + IMPROVE","improved","VERIFICATION REQUIRED"
"CST-C3","5-6","Weekly","B","Energy","Renewable Energy","Lessons/Grades_5-6_YearB/Week05-07_Renewable_Energy.md","Individual two controls and six rotation counts and uncertainty and stewardship tradeoff","REBUILD","rebuilt","VERIFICATION REQUIRED"
"CST-C3","5-6","Weekly","B","Design","Biomimicry","Lessons/Grades_5-6_YearB/Week08-10_Biomimicry.md","Individual three sketch labels and two safe loads and model limit and peer-tested visual revision","KEEP + IMPROVE","rebuilt","VERIFICATION REQUIRED"
"CST-C3","5-6","Weekly","B","Communication","Advent Technology","Lessons/Grades_5-6_YearB/Week13_Advent_Technology.md","Individual privacy/use decision and readable layout and time/resource explanation","KEEP + IMPROVE","improved","VERIFICATION REQUIRED"
"CST-C3","5-6","Weekly","B","Planning","New Year Vision","Lessons/Grades_5-6_YearB/Week19_New_Year_Vision.md","Individual criterion/constraint and three milestones and time/material tradeoff","KEEP + IMPROVE","improved","VERIFICATION REQUIRED"
"CST-C3","5-6","Weekly","B","Environment","Environmental Monitoring","Lessons/Grades_5-6_YearB/Week29-31_Environmental_Monitoring.md","Individual invented-data graph and total and causal limit and raw-record explanation","REBUILD","improved","VERIFICATION REQUIRED"
"CST-C3","5-6","Weekly","B","Communication","Year B Exhibition","Lessons/Grades_5-6_YearB/Week34_Exhibition.md","Individual tested result/limit and revised caption and resource explanation","KEEP + IMPROVE","improved","VERIFICATION REQUIRED"
"CST-C3","K","Bi-Weekly","Single","Welcome","Welcome to Wonder","Lessons/Bi-Weekly/Kindergarten/Session01_Welcome_Wonder.md","Each child shows an observed detail and question through a representation and demonstrates shared-material care.","KEEP + IMPROVE","rebuilt","VERIFICATION REQUIRED"
"CST-C3","K","Bi-Weekly","Single","Observation","God's Amazing World","Lessons/Bi-Weekly/Kindergarten/Session02_Gods_World.md","Each child sorts at least three pictures by a visible rule and represents the groups with a material-care action.","KEEP + IMPROVE","rebuilt","VERIFICATION REQUIRED"
"CST-C3","K","Bi-Weekly","Single","Structures","Building Basics","Lessons/Bi-Weekly/Kindergarten/Session03_Building_Basics.md","Each child counts selected blocks and compares same-time tower tests and a common ten-centimeter reference after a base change.","KEEP + IMPROVE","rebuilt","VERIFICATION REQUIRED"
"CST-C3","K","Bi-Weekly","Single","Water changes","Winter Science","Lessons/Bi-Weekly/Kindergarten/Session08_Winter_Science.md","Each child identifies solid/liquid and actual before/after change or no change using their cup or labeled earlier sample.","REBUILD","rebuilt","VERIFICATION REQUIRED"
"CST-C3","K","Bi-Weekly","Single","Plant observation","Growing Things","Lessons/Bi-Weekly/Kindergarten/Session11_Growing_Things.md","Each child identifies actual seed detail versus predicted change and chooses appropriate care; model-only evidence labeled if live seed unavailable.","REBUILD","rebuilt","VERIFICATION REQUIRED"
"CST-C3","K","Bi-Weekly","Single","Habitats","Animal Homes","Lessons/Bi-Weekly/Kindergarten/Session12_Animal_Homes.md","Each child identifies food and water and shelter and space with a model criterion and limitation and a care action.","KEEP + IMPROVE","rebuilt","VERIFICATION REQUIRED"
"CST-C3","K","Bi-Weekly","Single","Buoyancy","Water Wonder","Lessons/Bi-Weekly/Kindergarten/Session16_Water_Wonder.md","Each child reports prediction versus actual result; records two-row comparison and identifies foil redesign/retest; floating success not required.","REBUILD","rebuilt","VERIFICATION REQUIRED"
"CST-C3","K","Weekly","Single","Observation","Wonder Walk","Lessons/Kindergarten/Week04_Wonder_Walk.md","Each child shows two actual observed details and poses/selects one question; records stewardship action; no drawing-quality grade.","REBUILD","rebuilt","VERIFICATION REQUIRED"
"CST-C3","K","Weekly","Single","Structures","Building with KEVA Planks","Lessons/Kindergarten/Week05-06_KEVA_Building.md","Each child counts the selected blocks and compares actual ten-second tests before and after a base change.","KEEP + IMPROVE","rebuilt","VERIFICATION REQUIRED"
"CST-C3","K","Weekly","Single","Plant observation","Growing Things","Lessons/Kindergarten/Week29-31_Growing_Things.md","Each child records actual detail; compares dated views including no change; counts visible features and chooses justified care action; plant success not grade.","REBUILD","rebuilt","VERIFICATION REQUIRED"
"CST-E1","1-2","Bi-Weekly","A","Structures","Wonder Engineers","Lessons/Bi-Weekly/Grades_1-2_YearA/Session01_Wonder_Engineers.md","Tower/pencil comparison standing test and evidence-based redesign; each child explains base/test","KEEP + IMPROVE","improved","VERIFICATION REQUIRED"
"CST-E1","1-2","Bi-Weekly","A","Structures","Bridge Building","Lessons/Bi-Weekly/Grades_1-2_YearA/Session03_Bridge_Building.md","Each child compares flat/folded counts shows change identifies same span/load and who safe crossing serves","REBUILD","rebuilt","VERIFICATION REQUIRED"
"CST-E1","1-2","Bi-Weekly","A","Service","Lenten Engineers","Lessons/Bi-Weekly/Grades_1-2_YearA/Session11_Lenten_Engineers.md","Folder holds three paper coupons; Grade 1 tells user need; Grade 2 explains tested fold revision","KEEP + IMPROVE","improved","VERIFICATION REQUIRED"
"CST-E1","1-2","Bi-Weekly","A","Service","Community Helpers","Lessons/Bi-Weekly/Grades_1-2_YearA/Session16_Community_Helpers.md","Grade 1 orally names user need; Grade 2 checks agreed criterion and revises communicated design","KEEP + IMPROVE","improved","VERIFICATION REQUIRED"
"CST-E1","1-2","Bi-Weekly","B","Design","Design Detectives","Lessons/Bi-Weekly/Grades_1-2_YearB/Session01_Design_Detectives.md","Grade 1 object/purpose; Grade 2 natural versus manufactured distinction and drawn user improvement","KEEP + IMPROVE","improved","VERIFICATION REQUIRED"
"CST-E1","1-2","Bi-Weekly","B","Structures","Tower Power","Lessons/Bi-Weekly/Grades_1-2_YearB/Session02_Tower_Power.md","Ten-second tower test with same-unit height before/after change; Grade 1 oral base/comparison","KEEP + IMPROVE","improved","VERIFICATION REQUIRED"
"CST-E1","1-2","Bi-Weekly","B","Adaptations","Animal Adaptations","Lessons/Bi-Weekly/Grades_1-2_YearB/Session04_Animal_Adaptations.md","Observed feature/habitat need Grade 1; two justified features and fictional-model limitation Grade 2","KEEP + IMPROVE","improved","VERIFICATION REQUIRED"
"CST-E1","1-2","Bi-Weekly","B","Growth","Garden Engineers","Lessons/Bi-Weekly/Grades_1-2_YearB/Session05_Garden_Engineers.md","Individual two needs light/access constraints and layout test/revision; planting does not prove same-day growth","REBUILD","rebuilt","VERIFICATION REQUIRED"
"CST-E1","1-2","Bi-Weekly","B","Stewardship","Earth Care","Lessons/Bi-Weekly/Grades_1-2_YearB/Session16_Earth_Care.md","Reuse choice Grade 1; five-crayon organizer test/revision and material tradeoff Grade 2; no invented savings claim","KEEP + IMPROVE","improved","VERIFICATION REQUIRED"
"CST-E1","1-2","Weekly","A","Structures","KEVA Engineering Challenge","Lessons/Grades_1-2_YearA/Week05-06_KEVA_Engineering.md","5 second tower and 6 inch bridge toy tests with redesign; partner reflection not yet individual threshold","KEEP + IMPROVE","improved","VERIFICATION REQUIRED"
"CST-E1","1-2","Weekly","A","Service","Engineering for Others","Lessons/Grades_1-2_YearA/Week07-09_Engineering_for_Others.md","Sketch prototype move paper ball 20 cm test improve and explain user need; no real assistive use","KEEP + IMPROVE","improved","VERIFICATION REQUIRED"
"CST-E1","1-2","Weekly","A","Structures","Strong Bridges","Lessons/Grades_1-2_YearA/Week10_Strong_Bridges.md","8 inch span count supported equal blocks and chart comparison; one changed support feature compared to earlier bridge","KEEP + IMPROVE","improved","VERIFICATION REQUIRED"
"CST-E1","1-2","Weekly","A","Service","Making Gifts","Lessons/Grades_1-2_YearA/Week12_Making_Gifts.md","Recipient purpose and bookmark test in closed book; Grade 2 explains a design choice; no love/resource ranking","KEEP + IMPROVE","improved","VERIFICATION REQUIRED"
"CST-E1","1-2","Weekly","A","Service","Helping Hands Design","Lessons/Grades_1-2_YearA/Week26-27_Helping_Hands_Design.md","Grade 1 shows feature/test; Grade 2 explains fold revision after five-second paper carry test; model not medical device","KEEP + IMPROVE","improved","VERIFICATION REQUIRED"
"CST-E1","1-2","Weekly","A","New life","New Life Engineering","Lessons/Grades_1-2_YearA/Week33_New_Life_Engineering.md","Grade 1 shows opening/closing twice; Grade 2 explains one revision and chosen new-life symbol","KEEP + IMPROVE","improved","VERIFICATION REQUIRED"
"CST-E1","1-2","Weekly","B","Structures","Tower Engineering","Lessons/Grades_1-2_YearB/Week05-06_Tower_Engineering.md","Ten-second soft-loaded test same-unit heights and before/after redesign; Grade 1 oral comparison","KEEP + IMPROVE","improved","VERIFICATION REQUIRED"
"CST-E1","1-2","Weekly","B","Habitats","Animal Habitats","Lessons/Grades_1-2_YearB/Week07-09_Animal_Habitats.md","Species-specific needs shown in model; Grade 2 condition choice/model limitation; no live habitat certification","KEEP + IMPROVE","improved","VERIFICATION REQUIRED"
"CST-E1","1-2","Weekly","B","Service","Gifts for Others","Lessons/Grades_1-2_YearB/Week12_Gifts_Others.md","Recipient choice purposeful design and test in book; Grade 2 explains revision","KEEP + IMPROVE","improved","VERIFICATION REQUIRED"
"CST-E1","1-2","Weekly","B","Invention","Invention Labs","Lessons/Grades_1-2_YearB/Week19-22_Invention_Labs.md","User-requested tray holds three paper balls five seconds; test/change/retest explained individually","KEEP + IMPROVE","improved","VERIFICATION REQUIRED"
"CST-E1","1-2","Weekly","B","Motion","Friendship Machines","Lessons/Grades_1-2_YearB/Week24-25_Friendship_Machines.md","Two oral cause steps Grade 1; three-step paper flag and failed-link revision Grade 2; kindness not mechanically guaranteed","KEEP + IMPROVE","improved","VERIFICATION REQUIRED"
"CST-E1","1-2","Weekly","B","Growth","Garden Engineering","Lessons/Grades_1-2_YearB/Week26-27_Garden_Engineering.md","Two needs and access path Grade 1; Grade 2 plan fits 30x40 cm tray with 10 cm access strip and revision","KEEP + IMPROVE","improved","VERIFICATION REQUIRED"
"CST-E1","3-4","Bi-Weekly","A","Foundations","Engineering Design","Lessons/Bi-Weekly/Grades_3-4_YearA/Session01_Engineering_Design.md","Unchanged: sketch/height/redesign plus participation checklist; no substitute certification","KEEP + IMPROVE","unchanged","VERIFICATION REQUIRED"
"CST-E1","3-4","Bi-Weekly","A","Structures","Bridge Engineering","Lessons/Bi-Weekly/Grades_3-4_YearA/Session03_Bridge_Engineering.md","Capped load and individual kept-same condition; kit and redesign pacing remaining P1","KEEP + IMPROVE","improved","VERIFICATION REQUIRED"
"CST-E1","3-4","Bi-Weekly","A","Service design","Lenten Engineering","Lessons/Bi-Weekly/Grades_3-4_YearA/Session11_Lenten_Engineering.md","Unchanged: prototype/action plan; not completed service or substitute certification","KEEP + IMPROVE","unchanged","VERIFICATION REQUIRED"
"CST-E1","3-4","Bi-Weekly","A","Circuits","Little Bits","Lessons/Bi-Weekly/Grades_3-4_YearA/Session16_Little_Bits.md","Individual input/output and observed test; exact module inventory and scaling remaining P1","KEEP + IMPROVE","improved","VERIFICATION REQUIRED"
"CST-E1","3-4","Bi-Weekly","B","Foundations","Design Thinking","Lessons/Bi-Weekly/Grades_3-4_YearB/Session01_Design_Thinking.md","Actual user comment/revision required; rough concept not tested usefulness; supplies not certified","KEEP + IMPROVE","improved","VERIFICATION REQUIRED"
"CST-E1","3-4","Bi-Weekly","B","Structures","Tower Challenge","Lessons/Bi-Weekly/Grades_3-4_YearB/Session03_Tower_Challenge.md","Standing height and child test-driven change; exact plank kit/pacing remaining P1","KEEP + IMPROVE","improved","VERIFICATION REQUIRED"
"CST-E1","3-4","Bi-Weekly","B","Gratitude design","Thanksgiving Design","Lessons/Bi-Weekly/Grades_3-4_YearB/Session06_Thanksgiving_Design.md","Unchanged: gift plan/reason; no repeated user test or substitute certification","KEEP + IMPROVE","unchanged","VERIFICATION REQUIRED"
"CST-E1","3-4","Bi-Weekly","B","Service design","Lenten Service","Lessons/Bi-Weekly/Grades_3-4_YearB/Session11_Lenten_Service.md","Action plan not completed service; exact catechetical wording source blocked and gated; no certification","KEEP + IMPROVE","improved","VERIFICATION REQUIRED"
"CST-E1","3-4","Bi-Weekly","B","Machines","Compound Machines","Lessons/Bi-Weekly/Grades_3-4_YearB/Session15_Compound_Machines.md","Individual mechanism/tradeoff explanation; design concept not tested machine; kit not certified","KEEP + IMPROVE","improved","VERIFICATION REQUIRED"
"CST-E1","3-4","Bi-Weekly","B","Interactive tools","Makey Makey","Lessons/Bi-Weekly/Grades_3-4_YearB/Session16_Makey_Makey.md","Individual input-key-output trace; paper not conductivity/device evidence; model setup and quantities remaining P1","KEEP + IMPROVE","improved","VERIFICATION REQUIRED"
"CST-E1","3-4","Weekly","A","Structures","KEVA Engineering Challenges","Lessons/Grades_3-4_YearA/Week05-06_KEVA_Challenges.md","Tower height and capped bridge counts; no individual rubric or scalable kit; remaining P1","KEEP + IMPROVE","improved","VERIFICATION REQUIRED"
"CST-E1","3-4","Weekly","A","Service design","Community Helpers","Lessons/Grades_3-4_YearA/Week07-09_Community_Helpers.md","Prototype tests and paired presentations; scenario supplies and criterion-specific checks still P1; not certified","KEEP + IMPROVE","improved","VERIFICATION REQUIRED"
"CST-E1","3-4","Weekly","A","Structures","Bridge Engineering","Lessons/Grades_3-4_YearA/Week10_Bridge_Engineering.md","Two capped counts and whole-number difference plus kept-same condition; 20-minute-prep desk simulation not classroom certification","REBUILD","rebuilt","VERIFICATION REQUIRED"
"CST-E1","3-4","Weekly","A","Service design","Giving Through Making","Lessons/Grades_3-4_YearA/Week12_Giving_Through_Making.md","Unchanged: functional gift and card; subjective craftsmanship and no test threshold; not certified","KEEP + IMPROVE","unchanged","VERIFICATION REQUIRED"
"CST-E1","3-4","Weekly","A","Circuits","Snap Circuits - Build Test and Design","Lessons/Grades_3-4_YearA/Week26-27_Little_Bits_Circuits.md","Individual return-path/state prediction and two-cycle physical turn and repair evidence and before/after 1 m label test; paper is reasoning only; kit inspection and classroom timing remain gated","KEEP + IMPROVE","rebuilt","VERIFICATION REQUIRED"
"CST-E1","3-4","Weekly","A","Stewardship","Environmental STREAM","Lessons/Grades_3-4_YearA/Week29-31_Environmental_STREAM.md","Individual observation and predicted impact versus measurement; scenario quantities still needed; not certified","KEEP + IMPROVE","improved","VERIFICATION REQUIRED"
"CST-E1","3-4","Weekly","B","Flight","Paper Airplane Challenge","Lessons/Grades_3-4_YearB/Week04-06_Paper_Airplane.md","Individual comparison/retest required; Grade 3 range not mean; complete quantity/pacing kit remaining P1","KEEP + IMPROVE","improved","VERIFICATION REQUIRED"
"CST-E1","3-4","Weekly","B","Structures","Architectural Marvels","Lessons/Grades_3-4_YearB/Week07-09_Architectural_Marvels.md","Unchanged: labeled model and presentation; no individual criteria-based critique; not certified","KEEP + IMPROVE","unchanged","VERIFICATION REQUIRED"
"CST-E1","3-4","Weekly","B","Applied design","Fall Festival Engineering","Lessons/Grades_3-4_YearB/Week10_Fall_Festival.md","Criterion and test/change required; single challenge kit still unspecified; no substitute certification","KEEP + IMPROVE","improved","VERIFICATION REQUIRED"
"CST-E1","3-4","Weekly","B","Service design","Gifts for Others","Lessons/Grades_3-4_YearB/Week12_Gifts_Others.md","Individual user need/design choice; consented adult delivery; no measured user benefit certified","KEEP + IMPROVE","improved","VERIFICATION REQUIRED"
"CST-E1","3-4","Weekly","B","Marine systems","Marine Science Lab","Lessons/Grades_3-4_YearB/Week14-17_Marine_Science.md","Child food-to-eater arrow and model limitation; current sourced cards and scalable cleanup kit remaining P1","KEEP + IMPROVE","improved","VERIFICATION REQUIRED"
"CST-E1","3-4","Weekly","B","Stewardship design","Sustainable City","Lessons/Grades_3-4_YearB/Week24-27_Sustainable_City.md","Labeled systems and tradeoff; promised resource budget not specified; remaining P1 no certified savings","KEEP + IMPROVE","improved","VERIFICATION REQUIRED"
"CST-E1","3-4","Weekly","B","Easter design","Easter Engineering","Lessons/Grades_3-4_YearB/Week33_Easter_Engineering.md","Individual model criterion/test observation; one challenge not four rotations; kit quantities absent","KEEP + IMPROVE","improved","VERIFICATION REQUIRED"
"CST-E1","5-6","Bi-Weekly","A","Foundations","Design Process","Lessons/Bi-Weekly/Grades_5-6_YearA/Session01_Design_Process.md","Individual stated-versus-assumed need and criterion/constraint and feedback revision","KEEP + IMPROVE","improved","VERIFICATION REQUIRED"
"CST-E1","5-6","Bi-Weekly","A","Service","Thanksgiving Innovation","Lessons/Bi-Weekly/Grades_5-6_YearA/Session06_Thanksgiving_Innovation.md","Individual dignity choice and criterion/constraint and limited evidence-based pitch","KEEP + IMPROVE","improved","VERIFICATION REQUIRED"
"CST-E1","5-6","Bi-Weekly","A","Environment","Environmental Science","Lessons/Bi-Weekly/Grades_5-6_YearA/Session10_Environmental_Science.md","Individual 36/30 count interpretation and limit and resource tradeoff and criterion","REBUILD","improved","VERIFICATION REQUIRED"
"CST-E1","5-6","Bi-Weekly","A","Service","Lenten Engineering","Lessons/Bi-Weekly/Grades_5-6_YearA/Session11_Lenten_Engineering.md","Individual consent/dignity and criterion/constraint and plan with uncertain impact","KEEP + IMPROVE","improved","VERIFICATION REQUIRED"
"CST-E1","5-6","Bi-Weekly","A","Capstone","Advanced Invention","Lessons/Bi-Weekly/Grades_5-6_YearA/Session16_Advanced_Invention.md","Individual criterion/constraint and original/revised test and dignity/access choice","REBUILD","improved","VERIFICATION REQUIRED"
"CST-E1","5-6","Bi-Weekly","B","Foundations","Engineering Thinking","Lessons/Bi-Weekly/Grades_5-6_YearB/Session01_Engineering_Thinking.md","Individual stated need versus stereotype and criterion/constraint and test-linked revision","KEEP + IMPROVE","improved","VERIFICATION REQUIRED"
"CST-E1","5-6","Bi-Weekly","B","Structures","Architecture","Lessons/Bi-Weekly/Grades_5-6_YearB/Session03_Architecture.md","Individual purposeful layout revision and criterion and doorway/path measurement and access choice","KEEP + IMPROVE","improved","VERIFICATION REQUIRED"
"CST-E1","5-6","Bi-Weekly","B","Earth and Space","Space Science","Lessons/Bi-Weekly/Grades_5-6_YearB/Session10_Space_Science.md","Individual scale limit and mission criterion/constraint and evidence/reflection distinction","KEEP + IMPROVE","improved","VERIFICATION REQUIRED"
"CST-E1","5-6","Bi-Weekly","B","Service","Mercy Engineering","Lessons/Bi-Weekly/Grades_5-6_YearB/Session11_Mercy_Engineering.md","Individual consent/dignity safeguard and criterion/constraint and evidence-limited plan","KEEP + IMPROVE","improved","VERIFICATION REQUIRED"
"CST-E1","5-6","Bi-Weekly","B","Capstone","Innovation Lab","Lessons/Bi-Weekly/Grades_5-6_YearB/Session16_Innovation_Lab.md","Individual criterion/constraint and test/revision and respectful user decision","REBUILD","improved","VERIFICATION REQUIRED"
"CST-E1","5-6","Weekly","A","Foundations","Welcome to C-STREAM","Lessons/Grades_5-6_YearA/Week01_Welcome_to_CSTREAM.md","Individual sourced-versus-unverified claim and journal criterion; not classroom-validated","KEEP + IMPROVE","improved","VERIFICATION REQUIRED"
"CST-E1","5-6","Weekly","A","Service","Social Innovation","Lessons/Grades_5-6_YearA/Week07-09_Social_Innovation.md","Individual dignity decision and criterion/constraint and supported limited pitch","KEEP + IMPROVE","improved","VERIFICATION REQUIRED"
"CST-E1","5-6","Weekly","A","Service","Giving and Making","Lessons/Grades_5-6_YearA/Week12_Giving_Making.md","Individual dignity/access decision and user criterion and purposeful layout with feedback","KEEP + IMPROVE","improved","VERIFICATION REQUIRED"
"CST-E1","5-6","Weekly","A","Planning","Goal Engineering","Lessons/Grades_5-6_YearA/Week18_Goal_Engineering.md","Individual criterion/dependency and three milestones and resource constraint","KEEP + IMPROVE","improved","VERIFICATION REQUIRED"
"CST-E1","5-6","Weekly","A","Capstone","Passion Projects","Lessons/Grades_5-6_YearA/Week19-22_Passion_Projects.md","Individual dated proposal criterion and test/retest and supported limitation and resource choice","REBUILD","improved","VERIFICATION REQUIRED"
"CST-E1","5-6","Weekly","B","Foundations","Welcome Innovators","Lessons/Grades_5-6_YearB/Week01_Welcome_Innovators.md","Individual sourced-versus-unverified claim and journal criterion","KEEP + IMPROVE","improved","VERIFICATION REQUIRED"
"CST-E1","5-6","Weekly","B","Service","Gifts of Service","Lessons/Grades_5-6_YearB/Week12_Gifts_Service.md","Individual dignity/access choice and criterion and purposeful layout with feedback","KEEP + IMPROVE","improved","VERIFICATION REQUIRED"
"CST-E1","5-6","Weekly","B","Planning","New Year Vision","Lessons/Grades_5-6_YearB/Week19_New_Year_Vision.md","Individual criterion/constraint and three milestones and time/material tradeoff","KEEP + IMPROVE","improved","VERIFICATION REQUIRED"
"CST-E1","5-6","Weekly","B","Design","Health Technology","Lessons/Grades_5-6_YearB/Week25-28_Health_Technology.md","Individual consent/access choice and criterion and test/revision and purposeful model","KEEP + IMPROVE","improved","VERIFICATION REQUIRED"
"CST-E1","K","Bi-Weekly","Single","Ramps","Simple Machines","Lessons/Bi-Weekly/Kindergarten/Session05_Simple_Machines.md","Each child reports roll or slide or stay and compares marked ramp rise with the same object and release point; no speed inference.","KEEP + IMPROVE","rebuilt","VERIFICATION REQUIRED"
"CST-E1","K","Bi-Weekly","Single","Habitats","Animal Homes","Lessons/Bi-Weekly/Kindergarten/Session12_Animal_Homes.md","Each child identifies food and water and shelter and space with a model criterion and limitation and a care action.","KEEP + IMPROVE","rebuilt","VERIFICATION REQUIRED"
"CST-E1","K","Weekly","Single","Service design","Engineering Helpers","Lessons/Kindergarten/Week07-09_Engineering_Helpers.md","Each child states the two-cup criterion and compares actual same-path results after one change with a plan drawing.","REBUILD","rebuilt","VERIFICATION REQUIRED"
"CST-E1","K","Weekly","Single","Structures","Bridges Connect Us","Lessons/Kindergarten/Week10_Bridges_Connect_Us.md","Each child identifies deck and supports and counts two supports and one load while comparing actual same-load tests.","KEEP + IMPROVE","rebuilt","VERIFICATION REQUIRED"
"CST-E1","K","Weekly","Single","Service design","Helping Hands Engineering","Lessons/Kindergarten/Week26-27_Helping_Hands.md","Each child states the requested book-standing and picture-visibility criteria and compares two tests with a plan and tradeoff reason.","KEEP + IMPROVE","rebuilt","VERIFICATION REQUIRED"
"CST-E2","1-2","Bi-Weekly","A","Structures","Wonder Engineers","Lessons/Bi-Weekly/Grades_1-2_YearA/Session01_Wonder_Engineers.md","Tower/pencil comparison standing test and evidence-based redesign; each child explains base/test","KEEP + IMPROVE","improved","VERIFICATION REQUIRED"
"CST-E2","1-2","Bi-Weekly","A","Structures","Bridge Building","Lessons/Bi-Weekly/Grades_1-2_YearA/Session03_Bridge_Building.md","Each child compares flat/folded counts shows change identifies same span/load and who safe crossing serves","REBUILD","rebuilt","VERIFICATION REQUIRED"
"CST-E2","1-2","Bi-Weekly","A","Service","Lenten Engineers","Lessons/Bi-Weekly/Grades_1-2_YearA/Session11_Lenten_Engineers.md","Folder holds three paper coupons; Grade 1 tells user need; Grade 2 explains tested fold revision","KEEP + IMPROVE","improved","VERIFICATION REQUIRED"
"CST-E2","1-2","Bi-Weekly","A","Sound","Sound Engineering","Lessons/Bi-Weekly/Grades_1-2_YearA/Session14_Sound_Engineering.md","Individual vibration and soft/loud demonstration; Grade 2 changed safe vibration feature; decoration-only not mastery","KEEP + IMPROVE","improved","VERIFICATION REQUIRED"
"CST-E2","1-2","Bi-Weekly","B","Structures","Tower Power","Lessons/Bi-Weekly/Grades_1-2_YearB/Session02_Tower_Power.md","Ten-second tower test with same-unit height before/after change; Grade 1 oral base/comparison","KEEP + IMPROVE","improved","VERIFICATION REQUIRED"
"CST-E2","1-2","Bi-Weekly","B","Growth","Garden Engineers","Lessons/Bi-Weekly/Grades_1-2_YearB/Session05_Garden_Engineers.md","Individual two needs light/access constraints and layout test/revision; planting does not prove same-day growth","REBUILD","rebuilt","VERIFICATION REQUIRED"
"CST-E2","1-2","Bi-Weekly","B","Stewardship","Earth Care","Lessons/Bi-Weekly/Grades_1-2_YearB/Session16_Earth_Care.md","Reuse choice Grade 1; five-crayon organizer test/revision and material tradeoff Grade 2; no invented savings claim","KEEP + IMPROVE","improved","VERIFICATION REQUIRED"
"CST-E2","1-2","Weekly","A","Structures","KEVA Engineering Challenge","Lessons/Grades_1-2_YearA/Week05-06_KEVA_Engineering.md","5 second tower and 6 inch bridge toy tests with redesign; partner reflection not yet individual threshold","KEEP + IMPROVE","improved","VERIFICATION REQUIRED"
"CST-E2","1-2","Weekly","A","Service","Engineering for Others","Lessons/Grades_1-2_YearA/Week07-09_Engineering_for_Others.md","Sketch prototype move paper ball 20 cm test improve and explain user need; no real assistive use","KEEP + IMPROVE","improved","VERIFICATION REQUIRED"
"CST-E2","1-2","Weekly","A","Structures","Strong Bridges","Lessons/Grades_1-2_YearA/Week10_Strong_Bridges.md","8 inch span count supported equal blocks and chart comparison; one changed support feature compared to earlier bridge","KEEP + IMPROVE","improved","VERIFICATION REQUIRED"
"CST-E2","1-2","Weekly","A","Stations","STREAM Exploration Stations","Lessons/Grades_1-2_YearA/Week19-22_Exploration_Stations.md","Individual structure test/change symmetry check pattern repair and same-unit object comparison over four meetings","REBUILD","rebuilt","VERIFICATION REQUIRED"
"CST-E2","1-2","Weekly","A","Service","Helping Hands Design","Lessons/Grades_1-2_YearA/Week26-27_Helping_Hands_Design.md","Grade 1 shows feature/test; Grade 2 explains fold revision after five-second paper carry test; model not medical device","KEEP + IMPROVE","improved","VERIFICATION REQUIRED"
"CST-E2","1-2","Weekly","A","New life","New Life Engineering","Lessons/Grades_1-2_YearA/Week33_New_Life_Engineering.md","Grade 1 shows opening/closing twice; Grade 2 explains one revision and chosen new-life symbol","KEEP + IMPROVE","improved","VERIFICATION REQUIRED"
"CST-E2","1-2","Weekly","B","Structures","Tower Engineering","Lessons/Grades_1-2_YearB/Week05-06_Tower_Engineering.md","Ten-second soft-loaded test same-unit heights and before/after redesign; Grade 1 oral comparison","KEEP + IMPROVE","improved","VERIFICATION REQUIRED"
"CST-E2","1-2","Weekly","B","Invention","Invention Labs","Lessons/Grades_1-2_YearB/Week19-22_Invention_Labs.md","User-requested tray holds three paper balls five seconds; test/change/retest explained individually","KEEP + IMPROVE","improved","VERIFICATION REQUIRED"
"CST-E2","1-2","Weekly","B","Motion","Friendship Machines","Lessons/Grades_1-2_YearB/Week24-25_Friendship_Machines.md","Two oral cause steps Grade 1; three-step paper flag and failed-link revision Grade 2; kindness not mechanically guaranteed","KEEP + IMPROVE","improved","VERIFICATION REQUIRED"
"CST-E2","3-4","Bi-Weekly","A","Foundations","Engineering Design","Lessons/Bi-Weekly/Grades_3-4_YearA/Session01_Engineering_Design.md","Unchanged: sketch/height/redesign plus participation checklist; no substitute certification","KEEP + IMPROVE","unchanged","VERIFICATION REQUIRED"
"CST-E2","3-4","Bi-Weekly","A","Structures","Bridge Engineering","Lessons/Bi-Weekly/Grades_3-4_YearA/Session03_Bridge_Engineering.md","Capped load and individual kept-same condition; kit and redesign pacing remaining P1","KEEP + IMPROVE","improved","VERIFICATION REQUIRED"
"CST-E2","3-4","Bi-Weekly","A","Circuits","Little Bits","Lessons/Bi-Weekly/Grades_3-4_YearA/Session16_Little_Bits.md","Individual input/output and observed test; exact module inventory and scaling remaining P1","KEEP + IMPROVE","improved","VERIFICATION REQUIRED"
"CST-E2","3-4","Bi-Weekly","B","Structures","Tower Challenge","Lessons/Bi-Weekly/Grades_3-4_YearB/Session03_Tower_Challenge.md","Standing height and child test-driven change; exact plank kit/pacing remaining P1","KEEP + IMPROVE","improved","VERIFICATION REQUIRED"
"CST-E2","3-4","Bi-Weekly","B","Interactive tools","Makey Makey","Lessons/Bi-Weekly/Grades_3-4_YearB/Session16_Makey_Makey.md","Individual input-key-output trace; paper not conductivity/device evidence; model setup and quantities remaining P1","KEEP + IMPROVE","improved","VERIFICATION REQUIRED"
"CST-E2","3-4","Weekly","A","Structures","KEVA Engineering Challenges","Lessons/Grades_3-4_YearA/Week05-06_KEVA_Challenges.md","Tower height and capped bridge counts; no individual rubric or scalable kit; remaining P1","KEEP + IMPROVE","improved","VERIFICATION REQUIRED"
"CST-E2","3-4","Weekly","A","Service design","Community Helpers","Lessons/Grades_3-4_YearA/Week07-09_Community_Helpers.md","Prototype tests and paired presentations; scenario supplies and criterion-specific checks still P1; not certified","KEEP + IMPROVE","improved","VERIFICATION REQUIRED"
"CST-E2","3-4","Weekly","A","Structures","Bridge Engineering","Lessons/Grades_3-4_YearA/Week10_Bridge_Engineering.md","Two capped counts and whole-number difference plus kept-same condition; 20-minute-prep desk simulation not classroom certification","REBUILD","rebuilt","VERIFICATION REQUIRED"
"CST-E2","3-4","Weekly","A","Circuits","Snap Circuits - Build Test and Design","Lessons/Grades_3-4_YearA/Week26-27_Little_Bits_Circuits.md","Individual return-path/state prediction and two-cycle physical turn and repair evidence and before/after 1 m label test; paper is reasoning only; kit inspection and classroom timing remain gated","KEEP + IMPROVE","rebuilt","VERIFICATION REQUIRED"
"CST-E2","3-4","Weekly","B","Flight","Paper Airplane Challenge","Lessons/Grades_3-4_YearB/Week04-06_Paper_Airplane.md","Individual comparison/retest required; Grade 3 range not mean; complete quantity/pacing kit remaining P1","KEEP + IMPROVE","improved","VERIFICATION REQUIRED"
"CST-E2","3-4","Weekly","B","Structures","Architectural Marvels","Lessons/Grades_3-4_YearB/Week07-09_Architectural_Marvels.md","Unchanged: labeled model and presentation; no individual criteria-based critique; not certified","KEEP + IMPROVE","unchanged","VERIFICATION REQUIRED"
"CST-E2","3-4","Weekly","B","Applied design","Fall Festival Engineering","Lessons/Grades_3-4_YearB/Week10_Fall_Festival.md","Criterion and test/change required; single challenge kit still unspecified; no substitute certification","KEEP + IMPROVE","improved","VERIFICATION REQUIRED"
"CST-E2","3-4","Weekly","B","Marine systems","Marine Science Lab","Lessons/Grades_3-4_YearB/Week14-17_Marine_Science.md","Child food-to-eater arrow and model limitation; current sourced cards and scalable cleanup kit remaining P1","KEEP + IMPROVE","improved","VERIFICATION REQUIRED"
"CST-E2","3-4","Weekly","B","Easter design","Easter Engineering","Lessons/Grades_3-4_YearB/Week33_Easter_Engineering.md","Individual model criterion/test observation; one challenge not four rotations; kit quantities absent","KEEP + IMPROVE","improved","VERIFICATION REQUIRED"
"CST-E2","5-6","Bi-Weekly","A","Foundations","Design Process","Lessons/Bi-Weekly/Grades_5-6_YearA/Session01_Design_Process.md","Individual stated-versus-assumed need and criterion/constraint and feedback revision","KEEP + IMPROVE","improved","VERIFICATION REQUIRED"
"CST-E2","5-6","Bi-Weekly","A","Structures","Structural Engineering","Lessons/Bi-Weekly/Grades_5-6_YearA/Session03_Structural_Engineering.md","Individual force labels and test-linked redesign and safe load in g","KEEP + IMPROVE","improved","VERIFICATION REQUIRED"
"CST-E2","5-6","Bi-Weekly","A","Computing","Sphero Challenge","Lessons/Bi-Weekly/Grades_5-6_YearA/Session14_Sphero_Challenge.md","Individual route trace/debug and revision/retest and safe role explanation","REBUILD","improved","VERIFICATION REQUIRED"
"CST-E2","5-6","Bi-Weekly","A","Capstone","Advanced Invention","Lessons/Bi-Weekly/Grades_5-6_YearA/Session16_Advanced_Invention.md","Individual criterion/constraint and original/revised test and dignity/access choice","REBUILD","improved","VERIFICATION REQUIRED"
"CST-E2","5-6","Bi-Weekly","B","Foundations","Engineering Thinking","Lessons/Bi-Weekly/Grades_5-6_YearB/Session01_Engineering_Thinking.md","Individual stated need versus stereotype and criterion/constraint and test-linked revision","KEEP + IMPROVE","improved","VERIFICATION REQUIRED"
"CST-E2","5-6","Bi-Weekly","B","Computing","Robot Olympics","Lessons/Bi-Weekly/Grades_5-6_YearB/Session14_Robot_Olympics.md","Individual trace/debug and evidence-based retest and cooperative safety decision","REBUILD","improved","VERIFICATION REQUIRED"
"CST-E2","5-6","Bi-Weekly","B","Physical Science","Energy Science","Lessons/Bi-Weekly/Grades_5-6_YearB/Session15_Energy_Science.md","Individual energy-transfer chain and before/after task test and religious/physical distinction","KEEP + IMPROVE","improved","VERIFICATION REQUIRED"
"CST-E2","5-6","Bi-Weekly","B","Capstone","Innovation Lab","Lessons/Bi-Weekly/Grades_5-6_YearB/Session16_Innovation_Lab.md","Individual criterion/constraint and test/revision and respectful user decision","REBUILD","improved","VERIFICATION REQUIRED"
"CST-E2","5-6","Weekly","A","Structures","Structural Engineering","Lessons/Grades_5-6_YearA/Week05-06_Structural_Engineering.md","Individual force path and redesign and like-unit mass ratio; shared load test retained","KEEP + IMPROVE","improved","VERIFICATION REQUIRED"
"CST-E2","5-6","Weekly","A","Structures","Advanced Bridges","Lessons/Grades_5-6_YearA/Week10_Advanced_Bridges.md","Individual redesign and equal-unit load/mass calculation and support-force explanation","KEEP + IMPROVE","improved","VERIFICATION REQUIRED"
"CST-E2","5-6","Weekly","A","Capstone","Passion Projects","Lessons/Grades_5-6_YearA/Week19-22_Passion_Projects.md","Individual dated proposal criterion and test/retest and supported limitation and resource choice","REBUILD","improved","VERIFICATION REQUIRED"
"CST-E2","5-6","Weekly","A","Physical Computing","Snap Circuits - Accessible Indicators","Lessons/Grades_5-6_YearA/Week26-27_Little_Bits.md","Individual full path and two-state predictions/two cycles and physical turn and repair and before/after 1 m label test and access tradeoff; separate protected-AA route retains four states; preflight remains gated","REBUILD","rebuilt","VERIFICATION REQUIRED"
"CST-E2","5-6","Weekly","B","Energy","Renewable Energy","Lessons/Grades_5-6_YearB/Week05-07_Renewable_Energy.md","Individual two controls and six rotation counts and uncertainty and stewardship tradeoff","REBUILD","rebuilt","VERIFICATION REQUIRED"
"CST-E2","5-6","Weekly","B","Design","Biomimicry","Lessons/Grades_5-6_YearB/Week08-10_Biomimicry.md","Individual three sketch labels and two safe loads and model limit and peer-tested visual revision","KEEP + IMPROVE","rebuilt","VERIFICATION REQUIRED"
"CST-E2","5-6","Weekly","B","Design","Health Technology","Lessons/Grades_5-6_YearB/Week25-28_Health_Technology.md","Individual consent/access choice and criterion and test/revision and purposeful model","KEEP + IMPROVE","improved","VERIFICATION REQUIRED"
"CST-E2","K","Bi-Weekly","Single","Structures","Building Basics","Lessons/Bi-Weekly/Kindergarten/Session03_Building_Basics.md","Each child counts selected blocks and compares same-time tower tests and a common ten-centimeter reference after a base change.","KEEP + IMPROVE","rebuilt","VERIFICATION REQUIRED"
"CST-E2","K","Bi-Weekly","Single","Buoyancy","Water Wonder","Lessons/Bi-Weekly/Kindergarten/Session16_Water_Wonder.md","Each child reports prediction versus actual result; records two-row comparison and identifies foil redesign/retest; floating success not required.","REBUILD","rebuilt","VERIFICATION REQUIRED"
"CST-E2","K","Weekly","Single","Structures","Building with KEVA Planks","Lessons/Kindergarten/Week05-06_KEVA_Building.md","Each child counts the selected blocks and compares actual ten-second tests before and after a base change.","KEEP + IMPROVE","rebuilt","VERIFICATION REQUIRED"
"CST-E2","K","Weekly","Single","Service design","Engineering Helpers","Lessons/Kindergarten/Week07-09_Engineering_Helpers.md","Each child states the two-cup criterion and compares actual same-path results after one change with a plan drawing.","REBUILD","rebuilt","VERIFICATION REQUIRED"
"CST-E2","K","Weekly","Single","Structures","Bridges Connect Us","Lessons/Kindergarten/Week10_Bridges_Connect_Us.md","Each child identifies deck and supports and counts two supports and one load while comparing actual same-load tests.","KEEP + IMPROVE","rebuilt","VERIFICATION REQUIRED"
"CST-E2","K","Weekly","Single","Practice stations","Exploration Stations","Lessons/Kindergarten/Week19-22_Exploration_Stations.md","Each child compares a tower retest and two labeled weather records and explains a readable repeat and tested algorithm correction.","REBUILD","rebuilt","VERIFICATION REQUIRED"
"CST-E2","K","Weekly","Single","Service design","Helping Hands Engineering","Lessons/Kindergarten/Week26-27_Helping_Hands.md","Each child states the requested book-standing and picture-visibility criteria and compares two tests with a plan and tradeoff reason.","KEEP + IMPROVE","rebuilt","VERIFICATION REQUIRED"
"CST-E3","1-2","Bi-Weekly","A","Reflection","Year Exhibition","Lessons/Bi-Weekly/Grades_1-2_YearA/Session17_Exhibition.md","Saved bridge/design criterion/test/change communicated and purposeful drawn reflection; no code mastery/C1 from certificates or gratitude","KEEP + IMPROVE","improved","VERIFICATION REQUIRED"
"CST-E3","1-2","Bi-Weekly","B","Reflection","Year Celebration","Lessons/Bi-Weekly/Grades_1-2_YearB/Session17_Celebration.md","Saved garden/tower criterion/test/change communicated and purposeful drawn reflection; awards or gratitude not C1/mastery","KEEP + IMPROVE","improved","VERIFICATION REQUIRED"
"CST-E3","1-2","Weekly","A","Service","Engineering for Others","Lessons/Grades_1-2_YearA/Week07-09_Engineering_for_Others.md","Sketch prototype move paper ball 20 cm test improve and explain user need; no real assistive use","KEEP + IMPROVE","improved","VERIFICATION REQUIRED"
"CST-E3","1-2","Weekly","A","Service","Helping Hands Design","Lessons/Grades_1-2_YearA/Week26-27_Helping_Hands_Design.md","Grade 1 shows feature/test; Grade 2 explains fold revision after five-second paper carry test; model not medical device","KEEP + IMPROVE","improved","VERIFICATION REQUIRED"
"CST-E3","1-2","Weekly","A","Reflection","Year-End STREAM Celebration","Lessons/Grades_1-2_YearA/Week34_Year_Celebration.md","Child communicates saved design criterion/test/change and draws intentional memory message; certificates and gratitude not mastery/C1 evidence","KEEP + IMPROVE","improved","VERIFICATION REQUIRED"
"CST-E3","1-2","Weekly","B","Invention","Invention Labs","Lessons/Grades_1-2_YearB/Week19-22_Invention_Labs.md","User-requested tray holds three paper balls five seconds; test/change/retest explained individually","KEEP + IMPROVE","improved","VERIFICATION REQUIRED"
"CST-E3","1-2","Weekly","B","Faith and reason","Catholic Schools Celebration","Lessons/Grades_1-2_YearB/Week23_Catholic_Schools.md","Individual explanation of earlier test/design and welcoming choice; no new six-domain mastery","KEEP + IMPROVE","improved","VERIFICATION REQUIRED"
"CST-E3","1-2","Weekly","B","Reflection","Year B Showcase","Lessons/Grades_1-2_YearB/Week34_Showcase.md","Saved design criterion/test/change communicated and drawn memory message; before/after revision explained Grade 2; gratitude alone not C1 evidence","KEEP + IMPROVE","improved","VERIFICATION REQUIRED"
"CST-E3","3-4","Bi-Weekly","A","Service design","Lenten Engineering","Lessons/Bi-Weekly/Grades_3-4_YearA/Session11_Lenten_Engineering.md","Unchanged: prototype/action plan; not completed service or substitute certification","KEEP + IMPROVE","unchanged","VERIFICATION REQUIRED"
"CST-E3","3-4","Bi-Weekly","A","Portfolio","Year Exhibition","Lessons/Bi-Weekly/Grades_3-4_YearA/Session17_Exhibition.md","Portfolio reflection; individual mastery rubric and artifact selection still remaining P1","KEEP + IMPROVE","improved","VERIFICATION REQUIRED"
"CST-E3","3-4","Bi-Weekly","B","Service design","Lenten Service","Lessons/Bi-Weekly/Grades_3-4_YearB/Session11_Lenten_Service.md","Action plan not completed service; exact catechetical wording source blocked and gated; no certification","KEEP + IMPROVE","improved","VERIFICATION REQUIRED"
"CST-E3","3-4","Bi-Weekly","B","Portfolio","Year Celebration","Lessons/Bi-Weekly/Grades_3-4_YearB/Session17_Celebration.md","Portfolio reflection; individual artifact rubric and evidence selection remaining P1","KEEP + IMPROVE","improved","VERIFICATION REQUIRED"
"CST-E3","3-4","Weekly","A","Service design","Community Helpers","Lessons/Grades_3-4_YearA/Week07-09_Community_Helpers.md","Prototype tests and paired presentations; scenario supplies and criterion-specific checks still P1; not certified","KEEP + IMPROVE","improved","VERIFICATION REQUIRED"
"CST-E3","3-4","Weekly","A","Portfolio","Fall STREAM Celebration","Lessons/Grades_3-4_YearA/Week13_Fall_Celebration.md","Unchanged: reflection and participation not demonstrated mastery; station prep not certified","KEEP + IMPROVE","unchanged","VERIFICATION REQUIRED"
"CST-E3","3-4","Weekly","A","Choice inquiry","Choice Labs","Lessons/Grades_3-4_YearA/Week19-22_Choice_Labs.md","Passports and chosen project only; safe two-station restriction; full kits and individual checks remaining P1","REBUILD","improved","VERIFICATION REQUIRED"
"CST-E3","3-4","Weekly","A","Stewardship","Environmental STREAM","Lessons/Grades_3-4_YearA/Week29-31_Environmental_STREAM.md","Individual observation and predicted impact versus measurement; scenario quantities still needed; not certified","KEEP + IMPROVE","improved","VERIFICATION REQUIRED"
"CST-E3","3-4","Weekly","A","Portfolio","STREAM Expo","Lessons/Grades_3-4_YearA/Week34_STREAM_Expo.md","Unchanged: sharing and participation; certificate not evidence of all-domain mastery; not certified","KEEP + IMPROVE","unchanged","VERIFICATION REQUIRED"
"CST-E3","3-4","Weekly","B","Stewardship design","Sustainable City","Lessons/Grades_3-4_YearB/Week24-27_Sustainable_City.md","Labeled systems and tradeoff; promised resource budget not specified; remaining P1 no certified savings","KEEP + IMPROVE","improved","VERIFICATION REQUIRED"
"CST-E3","3-4","Weekly","B","Portfolio","Year B Showcase","Lessons/Grades_3-4_YearB/Week34_Showcase.md","Portfolio explanation and goals; blanket annual competency claims remain unsupported; not certified","KEEP + IMPROVE","improved","VERIFICATION REQUIRED"
"CST-E3","5-6","Bi-Weekly","A","Service","Thanksgiving Innovation","Lessons/Bi-Weekly/Grades_5-6_YearA/Session06_Thanksgiving_Innovation.md","Individual dignity choice and criterion/constraint and limited evidence-based pitch","KEEP + IMPROVE","improved","VERIFICATION REQUIRED"
"CST-E3","5-6","Bi-Weekly","A","Service","Lenten Engineering","Lessons/Bi-Weekly/Grades_5-6_YearA/Session11_Lenten_Engineering.md","Individual consent/dignity and criterion/constraint and plan with uncertain impact","KEEP + IMPROVE","improved","VERIFICATION REQUIRED"
"CST-E3","5-6","Bi-Weekly","A","Communication","Year Exhibition","Lessons/Bi-Weekly/Grades_5-6_YearA/Session17_Exhibition.md","Individual technical result/limit and caption revision and resource example","KEEP + IMPROVE","improved","VERIFICATION REQUIRED"
"CST-E3","5-6","Bi-Weekly","B","Service","Mercy Engineering","Lessons/Bi-Weekly/Grades_5-6_YearB/Session11_Mercy_Engineering.md","Individual consent/dignity safeguard and criterion/constraint and evidence-limited plan","KEEP + IMPROVE","improved","VERIFICATION REQUIRED"
"CST-E3","5-6","Bi-Weekly","B","Communication","Celebration Exhibition","Lessons/Bi-Weekly/Grades_5-6_YearB/Session17_Celebration.md","Individual technical result/limit and caption revision and resource example","KEEP + IMPROVE","improved","VERIFICATION REQUIRED"
"CST-E3","5-6","Weekly","A","Service","Social Innovation","Lessons/Grades_5-6_YearA/Week07-09_Social_Innovation.md","Individual dignity decision and criterion/constraint and supported limited pitch","KEEP + IMPROVE","improved","VERIFICATION REQUIRED"
"CST-E3","5-6","Weekly","A","Communication","Fall Showcase","Lessons/Grades_5-6_YearA/Week13_Fall_Showcase.md","Individual supported decision and caption revision and respectful audience explanation","KEEP + IMPROVE","improved","VERIFICATION REQUIRED"
"CST-E3","5-6","Weekly","A","Capstone","Passion Projects","Lessons/Grades_5-6_YearA/Week19-22_Passion_Projects.md","Individual dated proposal criterion and test/retest and supported limitation and resource choice","REBUILD","improved","VERIFICATION REQUIRED"
"CST-E3","5-6","Weekly","A","Service","Catholic Schools Week","Lessons/Grades_5-6_YearA/Week23_Catholic_Schools_Week.md","Individual access decision and teach/check peer during rehearsal; real teaching not assumed","KEEP + IMPROVE","improved","VERIFICATION REQUIRED"
"CST-E3","5-6","Weekly","A","Communication","STREAM Expo","Lessons/Grades_5-6_YearA/Week34_STREAM_Expo.md","Individual tested artifact explanation and caption revision and resource decision","KEEP + IMPROVE","improved","VERIFICATION REQUIRED"
"CST-E3","5-6","Weekly","B","Service","Social Entrepreneurship","Lessons/Grades_5-6_YearB/Week20-23_Social_Entrepreneurship.md","Individual revenue-minus-cost example and supported pitch limit and fair-access choice","KEEP + IMPROVE","improved","VERIFICATION REQUIRED"
"CST-E3","5-6","Weekly","B","Service","Catholic Schools Week","Lessons/Grades_5-6_YearB/Week24_Catholic_Schools.md","Individual verified datum with source/date and peer-teaching check and dignity decision","KEEP + IMPROVE","improved","VERIFICATION REQUIRED"
"CST-E3","5-6","Weekly","B","Communication","Year B Exhibition","Lessons/Grades_5-6_YearB/Week34_Exhibition.md","Individual tested result/limit and revised caption and resource explanation","KEEP + IMPROVE","improved","VERIFICATION REQUIRED"
"CST-E3","K","Weekly","Single","Service design","Helping Hands Engineering","Lessons/Kindergarten/Week26-27_Helping_Hands.md","Each child states the requested book-standing and picture-visibility criteria and compares two tests with a plan and tradeoff reason.","KEEP + IMPROVE","rebuilt","VERIFICATION REQUIRED"
"CST-M1","1-2","Bi-Weekly","A","Structures","Wonder Engineers","Lessons/Bi-Weekly/Grades_1-2_YearA/Session01_Wonder_Engineers.md","Tower/pencil comparison standing test and evidence-based redesign; each child explains base/test","KEEP + IMPROVE","improved","VERIFICATION REQUIRED"
"CST-M1","1-2","Bi-Weekly","A","Patterns","Gods Patterns","Lessons/Bi-Weekly/Grades_1-2_YearA/Session02_Gods_Patterns.md","AB next two items Grade 1; ABB/AAB rule/repair Grade 2; draw purposeful pattern and count observed features","KEEP + IMPROVE","improved","VERIFICATION REQUIRED"
"CST-M1","1-2","Bi-Weekly","A","Structures","Bridge Building","Lessons/Bi-Weekly/Grades_1-2_YearA/Session03_Bridge_Building.md","Each child compares flat/folded counts shows change identifies same span/load and who safe crossing serves","REBUILD","rebuilt","VERIFICATION REQUIRED"
"CST-M1","1-2","Bi-Weekly","B","Structures","Tower Power","Lessons/Bi-Weekly/Grades_1-2_YearB/Session02_Tower_Power.md","Ten-second tower test with same-unit height before/after change; Grade 1 oral base/comparison","KEEP + IMPROVE","improved","VERIFICATION REQUIRED"
"CST-M1","1-2","Weekly","A","Coding","Sphero Coding Adventures","Lessons/Grades_1-2_YearA/Week02-03_Sphero_Coding.md","Each child predicts/runs/stops ordered actions changes one parameter compares travel and records care; token path has T2 only","REBUILD","rebuilt","VERIFICATION REQUIRED"
"CST-M1","1-2","Weekly","A","Structures","KEVA Engineering Challenge","Lessons/Grades_1-2_YearA/Week05-06_KEVA_Engineering.md","5 second tower and 6 inch bridge toy tests with redesign; partner reflection not yet individual threshold","KEEP + IMPROVE","improved","VERIFICATION REQUIRED"
"CST-M1","1-2","Weekly","A","Structures","Strong Bridges","Lessons/Grades_1-2_YearA/Week10_Strong_Bridges.md","8 inch span count supported equal blocks and chart comparison; one changed support feature compared to earlier bridge","KEEP + IMPROVE","improved","VERIFICATION REQUIRED"
"CST-M1","1-2","Weekly","A","Stations","STREAM Exploration Stations","Lessons/Grades_1-2_YearA/Week19-22_Exploration_Stations.md","Individual structure test/change symmetry check pattern repair and same-unit object comparison over four meetings","REBUILD","rebuilt","VERIFICATION REQUIRED"
"CST-M1","1-2","Weekly","A","Coding","Dash Robot Adventures","Lessons/Grades_1-2_YearA/Week24-25_Dash_Robot_Adventures.md","Each child runs ordered actions and compares changed distance; loops require calibrated finite repeat not guaranteed square","KEEP + IMPROVE","improved","VERIFICATION REQUIRED"
"CST-M1","1-2","Weekly","A","Mathematics","Pi Day Circles","Lessons/Grades_1-2_YearA/Week28_Pi_Day_Circles.md","Individual same-endpoint boundary comparison two measured attempts pattern unit/next item and uncertainty","REBUILD","rebuilt","VERIFICATION REQUIRED"
"CST-M1","1-2","Weekly","A","Growth","Growing Things","Lessons/Grades_1-2_YearA/Week29-31_Growing_Things.md","Each child two dated observations same-baseline measures comparison and care action; Grade 2 distinguishes untested cause","REBUILD","rebuilt","VERIFICATION REQUIRED"
"CST-M1","1-2","Weekly","B","Coding","Dash Robot Adventures","Lessons/Grades_1-2_YearB/Week02-03_Dash_Adventures.md","Each child predicts/runs/stops changes one instruction compares target distance and fair turn; token alternative T2 only","REBUILD","rebuilt","VERIFICATION REQUIRED"
"CST-M1","1-2","Weekly","B","Structures","Tower Engineering","Lessons/Grades_1-2_YearB/Week05-06_Tower_Engineering.md","Ten-second soft-loaded test same-unit heights and before/after redesign; Grade 1 oral comparison","KEEP + IMPROVE","improved","VERIFICATION REQUIRED"
"CST-M1","1-2","Weekly","B","Motion","Ramp Races","Lessons/Grades_1-2_YearB/Week10_Ramp_Races.md","Individual no-push release same-reference measurement and low/high comparison; three trials/condition per team with honest uncertainty","REBUILD","rebuilt","VERIFICATION REQUIRED"
"CST-M1","1-2","Weekly","B","Light","Stars and Light","Lessons/Grades_1-2_YearB/Week14-15_Stars_Light.md","Count constellation dots and show blocking/reflecting beam; Grade 2 compares one changed position","KEEP + IMPROVE","improved","VERIFICATION REQUIRED"
"CST-M1","1-2","Weekly","B","Reflection","Growth Goals","Lessons/Grades_1-2_YearB/Week18_Growth_Goals.md","Object length and classroom action tracker; no rating bodies or spiritual worth","KEEP + IMPROVE","improved","VERIFICATION REQUIRED"
"CST-M1","1-2","Weekly","B","Mathematics","Math Day Games","Lessons/Grades_1-2_YearB/Week28_Math_Games.md","Grade 1 extends AB and acts sum within 10; Grade 2 explains ABB/AAB and sum within 20; no speed scoring","KEEP + IMPROVE","improved","VERIFICATION REQUIRED"
"CST-M1","3-4","Bi-Weekly","A","Foundations","Engineering Design","Lessons/Bi-Weekly/Grades_3-4_YearA/Session01_Engineering_Design.md","Unchanged: sketch/height/redesign plus participation checklist; no substitute certification","KEEP + IMPROVE","unchanged","VERIFICATION REQUIRED"
"CST-M1","3-4","Bi-Weekly","A","Computing","Dash and Code","Lessons/Bi-Weekly/Grades_3-4_YearA/Session02_Dash_Code.md","Individual route/debug and measured result; paper CT versus logged real operation; model labels gated; desk simulation only","REBUILD","rebuilt","VERIFICATION REQUIRED"
"CST-M1","3-4","Bi-Weekly","A","Structures","Bridge Engineering","Lessons/Bi-Weekly/Grades_3-4_YearA/Session03_Bridge_Engineering.md","Capped load and individual kept-same condition; kit and redesign pacing remaining P1","KEEP + IMPROVE","improved","VERIFICATION REQUIRED"
"CST-M1","3-4","Bi-Weekly","A","Life inquiry","Plants and Growth","Lessons/Bi-Weekly/Grades_3-4_YearA/Session12_Plants_Growth.md","Individual observation/variable/two controls/mm comparison; simulated roots labeled; optional real care assigned or dry setup","REBUILD","rebuilt","VERIFICATION REQUIRED"
"CST-M1","3-4","Bi-Weekly","A","Computing","Dash Challenge","Lessons/Bi-Weekly/Grades_3-4_YearA/Session14_Dash_Challenge.md","Individual comparison trace and operation log; sensor/model mission still requires prepared kit; remaining P1","KEEP + IMPROVE","improved","VERIFICATION REQUIRED"
"CST-M1","3-4","Bi-Weekly","B","Structures","Tower Challenge","Lessons/Bi-Weekly/Grades_3-4_YearB/Session03_Tower_Challenge.md","Standing height and child test-driven change; exact plank kit/pacing remaining P1","KEEP + IMPROVE","improved","VERIFICATION REQUIRED"
"CST-M1","3-4","Weekly","A","Computing","Sphero Advanced Coding","Lessons/Grades_3-4_YearA/Week02-03_Sphero_Advanced.md","Individual route and 8-roll trace plus debug; device edit/run logged separately; desk simulation only and model gate remains","REBUILD","rebuilt","VERIFICATION REQUIRED"
"CST-M1","3-4","Weekly","A","Structures","KEVA Engineering Challenges","Lessons/Grades_3-4_YearA/Week05-06_KEVA_Challenges.md","Tower height and capped bridge counts; no individual rubric or scalable kit; remaining P1","KEEP + IMPROVE","improved","VERIFICATION REQUIRED"
"CST-M1","3-4","Weekly","A","Structures","Bridge Engineering","Lessons/Grades_3-4_YearA/Week10_Bridge_Engineering.md","Two capped counts and whole-number difference plus kept-same condition; 20-minute-prep desk simulation not classroom certification","REBUILD","rebuilt","VERIFICATION REQUIRED"
"CST-M1","3-4","Weekly","A","Astronomy","Astronomy and the Star","Lessons/Grades_3-4_YearA/Week16_Astronomy_Star.md","Child distinguishes model claim and text interpretation; not-to-scale desk distances; source gates active; not certified","KEEP + IMPROVE","improved","VERIFICATION REQUIRED"
"CST-M1","3-4","Weekly","A","Mathematics","Pi Day Circles","Lessons/Grades_3-4_YearA/Week28_Pi_Day_Circles.md","Three diameter strings plus remainder and whole lengths; decimal work optional; no device outcome claimed","KEEP + IMPROVE","improved","VERIFICATION REQUIRED"
"CST-M1","3-4","Weekly","B","Flight","Flight Fundamentals","Lessons/Grades_3-4_YearB/Week02-03_Flight_Fundamentals.md","Individual force model and six whole-cm readings plus control/limitation; desk simulation only; approved lane required","REBUILD","rebuilt","VERIFICATION REQUIRED"
"CST-M1","3-4","Weekly","B","Flight","Paper Airplane Challenge","Lessons/Grades_3-4_YearB/Week04-06_Paper_Airplane.md","Individual comparison/retest required; Grade 3 range not mean; complete quantity/pacing kit remaining P1","KEEP + IMPROVE","improved","VERIFICATION REQUIRED"
"CST-M1","3-4","Weekly","B","Mathematics","Pi Day Activities","Lessons/Grades_3-4_YearB/Week28_Pi_Day.md","Individual lengths and three diameters plus remainder; optional decimal enrichment separate; not certified","KEEP + IMPROVE","improved","VERIFICATION REQUIRED"
"CST-M1","5-6","Bi-Weekly","A","Structures","Structural Engineering","Lessons/Bi-Weekly/Grades_5-6_YearA/Session03_Structural_Engineering.md","Individual force labels and test-linked redesign and safe load in g","KEEP + IMPROVE","improved","VERIFICATION REQUIRED"
"CST-M1","5-6","Bi-Weekly","A","Computing","Scratch Advanced","Lessons/Bi-Weekly/Grades_5-6_YearA/Session05_Scratch_Advanced.md","Individual 0/1/2/3/3 trace and loop count and corrected bug and access choice","REBUILD","rebuilt","VERIFICATION REQUIRED"
"CST-M1","5-6","Bi-Weekly","A","Physical Science","Physics and Motion","Lessons/Bi-Weekly/Grades_5-6_YearA/Session15_Physics_Motion.md","Individual force-pair explanation and measured ramp outcome and faith/physics distinction","KEEP + IMPROVE","improved","VERIFICATION REQUIRED"
"CST-M1","5-6","Bi-Weekly","B","Structures","Architecture","Lessons/Bi-Weekly/Grades_5-6_YearB/Session03_Architecture.md","Individual purposeful layout revision and criterion and doorway/path measurement and access choice","KEEP + IMPROVE","improved","VERIFICATION REQUIRED"
"CST-M1","5-6","Bi-Weekly","B","Investigation","Forensic Science","Lessons/Bi-Weekly/Grades_5-6_YearB/Session04_Forensic_Science.md","Individual three stripe counts and B-tab observation and dependent-source limit and no-accusation explanation","REBUILD","rebuilt","VERIFICATION REQUIRED"
"CST-M1","5-6","Weekly","A","Computing","Sphero Mastery","Lessons/Grades_5-6_YearA/Week02-03_Sphero_Mastery.md","Individual four-turn trace and three endpoint measurements and safety/access explanation","REBUILD","rebuilt","VERIFICATION REQUIRED"
"CST-M1","K","Bi-Weekly","Single","Structures","Building Basics","Lessons/Bi-Weekly/Kindergarten/Session03_Building_Basics.md","Each child counts selected blocks and compares same-time tower tests and a common ten-centimeter reference after a base change.","KEEP + IMPROVE","rebuilt","VERIFICATION REQUIRED"
"CST-M1","K","Bi-Weekly","Single","Ramps","Simple Machines","Lessons/Bi-Weekly/Kindergarten/Session05_Simple_Machines.md","Each child reports roll or slide or stay and compares marked ramp rise with the same object and release point; no speed inference.","KEEP + IMPROVE","rebuilt","VERIFICATION REQUIRED"
"CST-M1","K","Bi-Weekly","Single","Light art","Advent Light","Lessons/Bi-Weekly/Kindergarten/Session07_Advent_Light.md","Each child counts chosen symbol points and explains a purposeful placement and kind message; paper is not a light source.","KEEP + IMPROVE","rebuilt","VERIFICATION REQUIRED"
"CST-M1","K","Weekly","Single","Movement","Exploring Movement with Sphero","Lessons/Kindergarten/Week02-03_Sphero_Movement.md","Each child predicts two moves and corrects a wrong card; identifies input/output; hardware drive recorded only if performed; programming not assessed.","REBUILD","rebuilt","VERIFICATION REQUIRED"
"CST-M1","K","Weekly","Single","Structures","Building with KEVA Planks","Lessons/Kindergarten/Week05-06_KEVA_Building.md","Each child counts the selected blocks and compares actual ten-second tests before and after a base change.","KEEP + IMPROVE","rebuilt","VERIFICATION REQUIRED"
"CST-M1","K","Weekly","Single","Service design","Engineering Helpers","Lessons/Kindergarten/Week07-09_Engineering_Helpers.md","Each child states the two-cup criterion and compares actual same-path results after one change with a plan drawing.","REBUILD","rebuilt","VERIFICATION REQUIRED"
"CST-M1","K","Weekly","Single","Structures","Bridges Connect Us","Lessons/Kindergarten/Week10_Bridges_Connect_Us.md","Each child identifies deck and supports and counts two supports and one load while comparing actual same-load tests.","KEEP + IMPROVE","rebuilt","VERIFICATION REQUIRED"
"CST-M1","K","Weekly","Single","Stars","Star of Wonder","Lessons/Kindergarten/Week16_Star_of_Wonder.md","Each child counts three to five model dots and distinguishes the drawing from real light-producing stars.","KEEP + IMPROVE","rebuilt","VERIFICATION REQUIRED"
"CST-M1","K","Weekly","Single","Algorithms","Dash Robot Friends","Lessons/Kindergarten/Week24-25_Dash_Robot_Friends.md","Each child predicts three-command endpoint and fixes wrong card; input/output and count checked; actual block execution on Dash recorded only if performed.","REBUILD","rebuilt","VERIFICATION REQUIRED"
"CST-M1","K","Weekly","Single","Shapes","Circles and Pi","Lessons/Kindergarten/Week28_Circles_and_Pi.md","Each child distinguishes circle/square/ball and extends AB pattern by two shapes; explains readable spacing/color choice.","REPLACE","rebuilt","VERIFICATION REQUIRED"
"CST-M1","K","Weekly","Single","Plant observation","Growing Things","Lessons/Kindergarten/Week29-31_Growing_Things.md","Each child records actual detail; compares dated views including no change; counts visible features and chooses justified care action; plant success not grade.","REBUILD","rebuilt","VERIFICATION REQUIRED"
"CST-M2","1-2","Bi-Weekly","A","Patterns","Gods Patterns","Lessons/Bi-Weekly/Grades_1-2_YearA/Session02_Gods_Patterns.md","AB next two items Grade 1; ABB/AAB rule/repair Grade 2; draw purposeful pattern and count observed features","KEEP + IMPROVE","improved","VERIFICATION REQUIRED"
"CST-M2","1-2","Bi-Weekly","A","Structures","Bridge Building","Lessons/Bi-Weekly/Grades_1-2_YearA/Session03_Bridge_Building.md","Each child compares flat/folded counts shows change identifies same span/load and who safe crossing serves","REBUILD","rebuilt","VERIFICATION REQUIRED"
"CST-M2","1-2","Bi-Weekly","A","Faith and reason","Catholic Inventors","Lessons/Bi-Weekly/Grades_1-2_YearA/Session09_Catholic_Inventors.md","Vetted scientist fact/portrait OR sort large trait cards and distinguish observation from untested inheritance","KEEP + IMPROVE","improved","VERIFICATION REQUIRED"
"CST-M2","1-2","Bi-Weekly","A","Weather","Weather Watchers","Lessons/Bi-Weekly/Grades_1-2_YearA/Session10_Weather_Watchers.md","Grade 1 two weather details; Grade 2 dated temperature/uncertainty; windsock output tested with gentle cardboard air","KEEP + IMPROVE","improved","VERIFICATION REQUIRED"
"CST-M2","1-2","Bi-Weekly","B","Structures","Tower Power","Lessons/Bi-Weekly/Grades_1-2_YearB/Session02_Tower_Power.md","Ten-second tower test with same-unit height before/after change; Grade 1 oral base/comparison","KEEP + IMPROVE","improved","VERIFICATION REQUIRED"
"CST-M2","1-2","Bi-Weekly","B","Forces","Magnets and Motion","Lessons/Bi-Weekly/Grades_1-2_YearB/Session10_Magnets_Motion.md","Predict/test three safe objects Grade 1; four-result record including nonmagnetic-metal counterexample Grade 2; attract/repel observed","KEEP + IMPROVE","improved","VERIFICATION REQUIRED"
"CST-M2","1-2","Weekly","A","Structures","Strong Bridges","Lessons/Grades_1-2_YearA/Week10_Strong_Bridges.md","8 inch span count supported equal blocks and chart comparison; one changed support feature compared to earlier bridge","KEEP + IMPROVE","improved","VERIFICATION REQUIRED"
"CST-M2","1-2","Weekly","A","Reflection","New Year Goals","Lessons/Grades_1-2_YearA/Week18_New_Year_Goals.md","First-step kindness/learning action and visual tracker; spiritual worth not assessed","KEEP + IMPROVE","improved","VERIFICATION REQUIRED"
"CST-M2","1-2","Weekly","A","Stations","STREAM Exploration Stations","Lessons/Grades_1-2_YearA/Week19-22_Exploration_Stations.md","Individual structure test/change symmetry check pattern repair and same-unit object comparison over four meetings","REBUILD","rebuilt","VERIFICATION REQUIRED"
"CST-M2","1-2","Weekly","A","Mathematics","Pi Day Circles","Lessons/Grades_1-2_YearA/Week28_Pi_Day_Circles.md","Individual same-endpoint boundary comparison two measured attempts pattern unit/next item and uncertainty","REBUILD","rebuilt","VERIFICATION REQUIRED"
"CST-M2","1-2","Weekly","A","Growth","Growing Things","Lessons/Grades_1-2_YearA/Week29-31_Growing_Things.md","Each child two dated observations same-baseline measures comparison and care action; Grade 2 distinguishes untested cause","REBUILD","rebuilt","VERIFICATION REQUIRED"
"CST-M2","1-2","Weekly","B","Observation","Welcome Back Scientists","Lessons/Grades_1-2_YearB/Week01_Welcome_Scientists.md","Grade 1 draws/tells two details/question; Grade 2 sorts by two observed properties","KEEP + IMPROVE","improved","VERIFICATION REQUIRED"
"CST-M2","1-2","Weekly","B","Observation","Senses and Discovery","Lessons/Grades_1-2_YearB/Week04_Senses_Discovery.md","Individual two details sketch comparison/property sort and inclusive method; Grade 2 two rules","REBUILD","rebuilt","VERIFICATION REQUIRED"
"CST-M2","1-2","Weekly","B","Structures","Tower Engineering","Lessons/Grades_1-2_YearB/Week05-06_Tower_Engineering.md","Ten-second soft-loaded test same-unit heights and before/after redesign; Grade 1 oral comparison","KEEP + IMPROVE","improved","VERIFICATION REQUIRED"
"CST-M2","1-2","Weekly","B","Motion","Ramp Races","Lessons/Grades_1-2_YearB/Week10_Ramp_Races.md","Individual no-push release same-reference measurement and low/high comparison; three trials/condition per team with honest uncertainty","REBUILD","rebuilt","VERIFICATION REQUIRED"
"CST-M2","1-2","Weekly","B","Winter","Winter Wonders","Lessons/Grades_1-2_YearB/Week16_Winter_Wonders.md","Individual ice before/after record two matching features and model limitation; no-melt reported honestly","REBUILD","rebuilt","VERIFICATION REQUIRED"
"CST-M2","1-2","Weekly","B","Reflection","Growth Goals","Lessons/Grades_1-2_YearB/Week18_Growth_Goals.md","Object length and classroom action tracker; no rating bodies or spiritual worth","KEEP + IMPROVE","improved","VERIFICATION REQUIRED"
"CST-M2","1-2","Weekly","B","Mathematics","Math Day Games","Lessons/Grades_1-2_YearB/Week28_Math_Games.md","Grade 1 extends AB and acts sum within 10; Grade 2 explains ABB/AAB and sum within 20; no speed scoring","KEEP + IMPROVE","improved","VERIFICATION REQUIRED"
"CST-M2","3-4","Weekly","A","Reflection","SMART Goals","Lessons/Grades_3-4_YearA/Week18_SMART_Goals.md","Unchanged: tracker and actions; no observed follow-through; not certified","KEEP + IMPROVE","unchanged","VERIFICATION REQUIRED"
"CST-M2","3-4","Weekly","A","Mathematics","Pi Day Circles","Lessons/Grades_3-4_YearA/Week28_Pi_Day_Circles.md","Three diameter strings plus remainder and whole lengths; decimal work optional; no device outcome claimed","KEEP + IMPROVE","improved","VERIFICATION REQUIRED"
"CST-M2","3-4","Weekly","B","Gratitude data","Thanksgiving Gratitude","Lessons/Grades_3-4_YearB/Week11_Thanksgiving_Gratitude.md","Voluntary/fictional list graph; no ranking gratitude; class aggregation and individual criterion remaining P1","KEEP + IMPROVE","improved","VERIFICATION REQUIRED"
"CST-M2","3-4","Weekly","B","Reflection","New Year Goals","Lessons/Grades_3-4_YearB/Week18_New_Year_Goals.md","Unchanged: SMART worksheet and tracker; no follow-through evidence; not certified","KEEP + IMPROVE","unchanged","VERIFICATION REQUIRED"
"CST-M2","3-4","Weekly","B","Community data","Catholic Schools Week","Lessons/Grades_3-4_YearB/Week23_Catholic_Schools.md","One-question survey and two-bar comparison; full quantities and source cards remaining P1","KEEP + IMPROVE","improved","VERIFICATION REQUIRED"
"CST-M2","3-4","Weekly","B","Mathematics","Pi Day Activities","Lessons/Grades_3-4_YearB/Week28_Pi_Day.md","Individual lengths and three diameters plus remainder; optional decimal enrichment separate; not certified","KEEP + IMPROVE","improved","VERIFICATION REQUIRED"
"CST-M2","3-4","Weekly","B","Weather data","Weather Station","Lessons/Grades_3-4_YearB/Week29-31_Weather_Station.md","Individual units/source/graph comparison; simulated weather not actual forecast; three desk-simulated meetings only","REBUILD","rebuilt","VERIFICATION REQUIRED"
"CST-M2","5-6","Bi-Weekly","A","Environment","Environmental Science","Lessons/Bi-Weekly/Grades_5-6_YearA/Session10_Environmental_Science.md","Individual 36/30 count interpretation and limit and resource tradeoff and criterion","REBUILD","improved","VERIFICATION REQUIRED"
"CST-M2","5-6","Bi-Weekly","B","Computing","Sphero Sensors","Lessons/Bi-Weekly/Grades_5-6_YearB/Session02_Sphero_Sensors.md","Individual four-output table and exact-boundary trace and corrected comparison and limitation","REBUILD","rebuilt","VERIFICATION REQUIRED"
"CST-M2","5-6","Weekly","A","Investigation","Experimental Design","Lessons/Grades_5-6_YearA/Week04_Experimental_Design.md","Individual IV/DV/two controls and six trial values with one numerical comparison","REBUILD","improved","VERIFICATION REQUIRED"
"CST-M2","5-6","Weekly","A","Planning","Goal Engineering","Lessons/Grades_5-6_YearA/Week18_Goal_Engineering.md","Individual criterion/dependency and three milestones and resource constraint","KEEP + IMPROVE","improved","VERIFICATION REQUIRED"
"CST-M2","5-6","Weekly","A","Environment","Environmental Science","Lessons/Grades_5-6_YearA/Week29-31_Environmental_Science.md","Individual controls/limit and 9 of 10 points and evidence-limited graph and revised message","REBUILD","rebuilt","VERIFICATION REQUIRED"
"CST-M2","5-6","Weekly","B","Energy","Renewable Energy","Lessons/Grades_5-6_YearB/Week05-07_Renewable_Energy.md","Individual two controls and six rotation counts and uncertainty and stewardship tradeoff","REBUILD","rebuilt","VERIFICATION REQUIRED"
"CST-M2","5-6","Weekly","B","Data","Thanksgiving Data","Lessons/Grades_5-6_YearB/Week11_Thanksgiving_Data.md","Individual labeled graph totaling 20 and comparison and private-data/opt-out explanation","KEEP + IMPROVE","improved","VERIFICATION REQUIRED"
"CST-M2","5-6","Weekly","B","Planning","New Year Vision","Lessons/Grades_5-6_YearB/Week19_New_Year_Vision.md","Individual criterion/constraint and three milestones and time/material tradeoff","KEEP + IMPROVE","improved","VERIFICATION REQUIRED"
"CST-M2","5-6","Weekly","B","Service","Catholic Schools Week","Lessons/Grades_5-6_YearB/Week24_Catholic_Schools.md","Individual verified datum with source/date and peer-teaching check and dignity decision","KEEP + IMPROVE","improved","VERIFICATION REQUIRED"
"CST-M2","5-6","Weekly","B","Environment","Environmental Monitoring","Lessons/Grades_5-6_YearB/Week29-31_Environmental_Monitoring.md","Individual invented-data graph and total and causal limit and raw-record explanation","REBUILD","improved","VERIFICATION REQUIRED"
"CST-M2","K","Bi-Weekly","Single","Observation","God's Amazing World","Lessons/Bi-Weekly/Kindergarten/Session02_Gods_World.md","Each child sorts at least three pictures by a visible rule and represents the groups with a material-care action.","KEEP + IMPROVE","rebuilt","VERIFICATION REQUIRED"
"CST-M2","K","Bi-Weekly","Single","Weather","Weather Wonder","Lessons/Bi-Weekly/Kindergarten/Session10_Weather_Wonder.md","Each child represents and compares two actual dated or explicitly sourced sky records and distinguishes observation from prediction.","KEEP + IMPROVE","rebuilt","VERIFICATION REQUIRED"
"CST-M2","K","Bi-Weekly","Single","Buoyancy","Water Wonder","Lessons/Bi-Weekly/Kindergarten/Session16_Water_Wonder.md","Each child reports prediction versus actual result; records two-row comparison and identifies foil redesign/retest; floating success not required.","REBUILD","rebuilt","VERIFICATION REQUIRED"
"CST-M2","K","Weekly","Single","Reflection","New Year Goals","Lessons/Kindergarten/Week18_New_Year_Goals.md","Each child records an actual or explicitly sourced sky observation and states a checkable comparison goal; predictions are separate.","KEEP + IMPROVE","rebuilt","VERIFICATION REQUIRED"
"CST-M2","K","Weekly","Single","Practice stations","Exploration Stations","Lessons/Kindergarten/Week19-22_Exploration_Stations.md","Each child compares a tower retest and two labeled weather records and explains a readable repeat and tested algorithm correction.","REBUILD","rebuilt","VERIFICATION REQUIRED"
"CST-M2","K","Weekly","Single","Shapes","Circles and Pi","Lessons/Kindergarten/Week28_Circles_and_Pi.md","Each child distinguishes circle/square/ball and extends AB pattern by two shapes; explains readable spacing/color choice.","REPLACE","rebuilt","VERIFICATION REQUIRED"
"CST-M3","1-2","Weekly","B","Mathematics","Math Day Games","Lessons/Grades_1-2_YearB/Week28_Math_Games.md","Grade 1 extends AB and acts sum within 10; Grade 2 explains ABB/AAB and sum within 20; no speed scoring","KEEP + IMPROVE","improved","VERIFICATION REQUIRED"
"CST-M3","3-4","Bi-Weekly","B","Computing","Scratch Games","Lessons/Bi-Weekly/Grades_3-4_YearB/Session05_Scratch_Games.md","Fourth-input/reset trace and operation log; complete forty-minute novice starter kit remaining P1","REBUILD","improved","VERIFICATION REQUIRED"
"CST-M3","3-4","Weekly","A","Structures","KEVA Engineering Challenges","Lessons/Grades_3-4_YearA/Week05-06_KEVA_Challenges.md","Tower height and capped bridge counts; no individual rubric or scalable kit; remaining P1","KEEP + IMPROVE","improved","VERIFICATION REQUIRED"
"CST-M3","3-4","Weekly","A","Structures","Bridge Engineering","Lessons/Grades_3-4_YearA/Week10_Bridge_Engineering.md","Two capped counts and whole-number difference plus kept-same condition; 20-minute-prep desk simulation not classroom certification","REBUILD","rebuilt","VERIFICATION REQUIRED"
"CST-M3","3-4","Weekly","A","Computing","Scratch Programming","Lessons/Grades_3-4_YearA/Week24-25_Scratch_Programming.md","Individual score trace required; group game not sufficient; complete novice starter still remaining P1","KEEP + IMPROVE","improved","VERIFICATION REQUIRED"
"CST-M3","3-4","Weekly","B","Computing","Game Design Studio","Lessons/Grades_3-4_YearB/Week19-22_Game_Design.md","Individual 0-1-2-3-3 reset trace and test-backed revision; actual edits logged; desk simulation not live Scratch execution","REBUILD","rebuilt","VERIFICATION REQUIRED"
"CST-M3","5-6","Weekly","A","Structures","Structural Engineering","Lessons/Grades_5-6_YearA/Week05-06_Structural_Engineering.md","Individual force path and redesign and like-unit mass ratio; shared load test retained","KEEP + IMPROVE","improved","VERIFICATION REQUIRED"
"CST-M3","5-6","Weekly","A","Structures","Advanced Bridges","Lessons/Grades_5-6_YearA/Week10_Advanced_Bridges.md","Individual redesign and equal-unit load/mass calculation and support-force explanation","KEEP + IMPROVE","improved","VERIFICATION REQUIRED"
"CST-M3","5-6","Weekly","A","Earth and Space","Astronomy","Lessons/Grades_5-6_YearA/Week16_Astronomy.md","Individual distance-versus-size limit and 1 AU/2 AU conversion and evidence/belief distinction","KEEP + IMPROVE","improved","VERIFICATION REQUIRED"
"CST-M3","5-6","Weekly","A","Mathematics","Pi Day","Lessons/Grades_5-6_YearA/Week28_Pi_Day.md","Individual three circumference/diameter measurements and uncertainty and philosophical distinction","KEEP + IMPROVE","improved","VERIFICATION REQUIRED"
"CST-M3","5-6","Weekly","B","Service","Social Entrepreneurship","Lessons/Grades_5-6_YearB/Week20-23_Social_Entrepreneurship.md","Individual revenue-minus-cost example and supported pitch limit and fair-access choice","KEEP + IMPROVE","improved","VERIFICATION REQUIRED"
"CST-S1","1-2","Bi-Weekly","A","Observation","Nature Exploration","Lessons/Bi-Weekly/Grades_1-2_YearA/Session05_Nature_Exploration.md","Two observed details one oral question and category reason indoors/outdoors; Grade 2 uncertain case","KEEP + IMPROVE","improved","VERIFICATION REQUIRED"
"CST-S1","1-2","Bi-Weekly","A","Light","Light in Darkness","Lessons/Bi-Weekly/Grades_1-2_YearA/Session07_Light_in_Darkness.md","Grade 1 blocked/transmitted beam; Grade 2 changed material/position explanation; drawn light-themed message","KEEP + IMPROVE","improved","VERIFICATION REQUIRED"
"CST-S1","1-2","Bi-Weekly","A","Weather","Weather Watchers","Lessons/Bi-Weekly/Grades_1-2_YearA/Session10_Weather_Watchers.md","Grade 1 two weather details; Grade 2 dated temperature/uncertainty; windsock output tested with gentle cardboard air","KEEP + IMPROVE","improved","VERIFICATION REQUIRED"
"CST-S1","1-2","Bi-Weekly","B","Light","Star Makers","Lessons/Bi-Weekly/Grades_1-2_YearB/Session07_Star_Makers.md","Flashlight on/off reflection Grade 1; source/reflector distinction and intentional pattern revision Grade 2","KEEP + IMPROVE","improved","VERIFICATION REQUIRED"
"CST-S1","1-2","Bi-Weekly","B","Faith and reason","Faith Scientists","Lessons/Bi-Weekly/Grades_1-2_YearB/Session09_Faith_Scientists.md","Vetted scholar fact/portrait OR two plant details and a sourced-versus-observed distinction; no remedy experiment","KEEP + IMPROVE","improved","VERIFICATION REQUIRED"
"CST-S1","1-2","Bi-Weekly","B","Forces","Magnets and Motion","Lessons/Bi-Weekly/Grades_1-2_YearB/Session10_Magnets_Motion.md","Predict/test three safe objects Grade 1; four-result record including nonmagnetic-metal counterexample Grade 2; attract/repel observed","KEEP + IMPROVE","improved","VERIFICATION REQUIRED"
"CST-S1","1-2","Weekly","A","Welcome","Welcome to C-STREAM","Lessons/Grades_1-2_YearA/Week01_Welcome_to_CSTREAM.md","One wonder question and drawn goal communicated to partner; faith/science adult talk and acronym recall not meaningful C evidence","KEEP + IMPROVE","improved","VERIFICATION REQUIRED"
"CST-S1","1-2","Weekly","A","Observation","Wonder Walk Scientists","Lessons/Grades_1-2_YearA/Week04_Wonder_Walk.md","Individual two details sketch one question category reason and protective action; no writing required for Grade 1","REBUILD","rebuilt","VERIFICATION REQUIRED"
"CST-S1","1-2","Weekly","A","Light","Light Explorations","Lessons/Grades_1-2_YearA/Week14-15_Light_Explorations.md","Shadow size comparison mirror beam redirection and named kind action; no religious brightness measurement","KEEP + IMPROVE","improved","VERIFICATION REQUIRED"
"CST-S1","1-2","Weekly","A","Faith and reason","Catholic Schools Week STREAM","Lessons/Grades_1-2_YearA/Week23_Catholic_Schools_Week.md","Vetted scientist fact/banner OR two plant observations with observation/belief distinction; routes must be recorded","KEEP + IMPROVE","improved","VERIFICATION REQUIRED"
"CST-S1","1-2","Weekly","A","Growth","Growing Things","Lessons/Grades_1-2_YearA/Week29-31_Growing_Things.md","Each child two dated observations same-baseline measures comparison and care action; Grade 2 distinguishes untested cause","REBUILD","rebuilt","VERIFICATION REQUIRED"
"CST-S1","1-2","Weekly","B","Observation","Welcome Back Scientists","Lessons/Grades_1-2_YearB/Week01_Welcome_Scientists.md","Grade 1 draws/tells two details/question; Grade 2 sorts by two observed properties","KEEP + IMPROVE","improved","VERIFICATION REQUIRED"
"CST-S1","1-2","Weekly","B","Observation","Senses and Discovery","Lessons/Grades_1-2_YearB/Week04_Senses_Discovery.md","Individual two details sketch comparison/property sort and inclusive method; Grade 2 two rules","REBUILD","rebuilt","VERIFICATION REQUIRED"
"CST-S1","1-2","Weekly","B","Light","Stars and Light","Lessons/Grades_1-2_YearB/Week14-15_Stars_Light.md","Count constellation dots and show blocking/reflecting beam; Grade 2 compares one changed position","KEEP + IMPROVE","improved","VERIFICATION REQUIRED"
"CST-S1","1-2","Weekly","B","Winter","Winter Wonders","Lessons/Grades_1-2_YearB/Week16_Winter_Wonders.md","Individual ice before/after record two matching features and model limitation; no-melt reported honestly","REBUILD","rebuilt","VERIFICATION REQUIRED"
"CST-S1","1-2","Weekly","B","New life","New Life Celebration","Lessons/Grades_1-2_YearB/Week33_New_Life.md","Grade 1 compares two spring details; Grade 2 distinguishes seasonal observation from religious symbolism","KEEP + IMPROVE","improved","VERIFICATION REQUIRED"
"CST-S1","3-4","Bi-Weekly","A","Weather","Weather Science","Lessons/Bi-Weekly/Grades_3-4_YearA/Session10_Weather_Science.md","Individual value/unit and model limit; photos for other tools; kit quantities and data still needed","KEEP + IMPROVE","improved","VERIFICATION REQUIRED"
"CST-S1","3-4","Bi-Weekly","A","Life inquiry","Plants and Growth","Lessons/Bi-Weekly/Grades_3-4_YearA/Session12_Plants_Growth.md","Individual observation/variable/two controls/mm comparison; simulated roots labeled; optional real care assigned or dry setup","REBUILD","rebuilt","VERIFICATION REQUIRED"
"CST-S1","3-4","Bi-Weekly","B","Earth systems","Geology Rocks","Lessons/Bi-Weekly/Grades_3-4_YearB/Session10_Geology_Rocks.md","Individual observed properties and tentative classification; source identification/quantity kit remaining P1","KEEP + IMPROVE","improved","VERIFICATION REQUIRED"
"CST-S1","3-4","Weekly","A","Inquiry","Scientific Method","Lessons/Grades_3-4_YearA/Week04_Scientific_Method.md","Hypothesis and three trials per height; individual threshold and scalable kit still absent; not certified","KEEP + IMPROVE","improved","VERIFICATION REQUIRED"
"CST-S1","3-4","Weekly","A","Light","Light Science and Advent","Lessons/Grades_3-4_YearA/Week14-15_Light_Science_Advent.md","Station drawings and light art; individual threshold and exact station quantities still needed; not certified","KEEP + IMPROVE","improved","VERIFICATION REQUIRED"
"CST-S1","3-4","Weekly","A","Stewardship","Environmental STREAM","Lessons/Grades_3-4_YearA/Week29-31_Environmental_STREAM.md","Individual observation and predicted impact versus measurement; scenario quantities still needed; not certified","KEEP + IMPROVE","improved","VERIFICATION REQUIRED"
"CST-S1","3-4","Weekly","A","Life science","Resurrection and New Life Science","Lessons/Grades_3-4_YearA/Week33_Resurrection_Science.md","Individual living-stage distinction and diagram; photo path viable; exact supply kit still needed","KEEP + IMPROVE","improved","VERIFICATION REQUIRED"
"CST-S1","3-4","Weekly","B","Foundations","Welcome Back Scientists","Lessons/Grades_3-4_YearB/Week01_Welcome_Scientists.md","Unchanged: mystery-object observation and journal; participation-heavy assessment; not certified","KEEP + IMPROVE","unchanged","VERIFICATION REQUIRED"
"CST-S1","3-4","Weekly","B","Light","Advent Preparation","Lessons/Grades_3-4_YearB/Week13_Advent_Preparation.md","Transmission/display and symbol explanation; recorded optical comparison still absent; not certified","KEEP + IMPROVE","improved","VERIFICATION REQUIRED"
"CST-S1","3-4","Weekly","B","Weather data","Weather Station","Lessons/Grades_3-4_YearB/Week29-31_Weather_Station.md","Individual units/source/graph comparison; simulated weather not actual forecast; three desk-simulated meetings only","REBUILD","rebuilt","VERIFICATION REQUIRED"
"CST-S1","5-6","Bi-Weekly","B","Investigation","Forensic Science","Lessons/Bi-Weekly/Grades_5-6_YearB/Session04_Forensic_Science.md","Individual three stripe counts and B-tab observation and dependent-source limit and no-accusation explanation","REBUILD","rebuilt","VERIFICATION REQUIRED"
"CST-S1","5-6","Weekly","B","Environment","Environmental Monitoring","Lessons/Grades_5-6_YearB/Week29-31_Environmental_Monitoring.md","Individual invented-data graph and total and causal limit and raw-record explanation","REBUILD","improved","VERIFICATION REQUIRED"
"CST-S1","K","Bi-Weekly","Single","Welcome","Welcome to Wonder","Lessons/Bi-Weekly/Kindergarten/Session01_Welcome_Wonder.md","Each child shows an observed detail and question through a representation and demonstrates shared-material care.","KEEP + IMPROVE","rebuilt","VERIFICATION REQUIRED"
"CST-S1","K","Bi-Weekly","Single","Observation","God's Amazing World","Lessons/Bi-Weekly/Kindergarten/Session02_Gods_World.md","Each child sorts at least three pictures by a visible rule and represents the groups with a material-care action.","KEEP + IMPROVE","rebuilt","VERIFICATION REQUIRED"
"CST-S1","K","Bi-Weekly","Single","Water changes","Winter Science","Lessons/Bi-Weekly/Kindergarten/Session08_Winter_Science.md","Each child identifies solid/liquid and actual before/after change or no change using their cup or labeled earlier sample.","REBUILD","rebuilt","VERIFICATION REQUIRED"
"CST-S1","K","Bi-Weekly","Single","Weather","Weather Wonder","Lessons/Bi-Weekly/Kindergarten/Session10_Weather_Wonder.md","Each child represents and compares two actual dated or explicitly sourced sky records and distinguishes observation from prediction.","KEEP + IMPROVE","rebuilt","VERIFICATION REQUIRED"
"CST-S1","K","Bi-Weekly","Single","Plant observation","Growing Things","Lessons/Bi-Weekly/Kindergarten/Session11_Growing_Things.md","Each child identifies actual seed detail versus predicted change and chooses appropriate care; model-only evidence labeled if live seed unavailable.","REBUILD","rebuilt","VERIFICATION REQUIRED"
"CST-S1","K","Bi-Weekly","Single","Sound","Sound and Music","Lessons/Bi-Weekly/Kindergarten/Session14_Sound_Music.md","Each child indicates an observed vibration and communicates an intentional four-beat sound or silence phrase with accessible roles.","KEEP + IMPROVE","rebuilt","VERIFICATION REQUIRED"
"CST-S1","K","Weekly","Single","Welcome","Welcome to C-STREAM","Lessons/Kindergarten/Week01_Welcome_to_CSTREAM.md","Each child represents an actual detail and asks or selects one observation question.","KEEP + IMPROVE","rebuilt","VERIFICATION REQUIRED"
"CST-S1","K","Weekly","Single","Observation","Wonder Walk","Lessons/Kindergarten/Week04_Wonder_Walk.md","Each child shows two actual observed details and poses/selects one question; records stewardship action; no drawing-quality grade.","REBUILD","rebuilt","VERIFICATION REQUIRED"
"CST-S1","K","Weekly","Single","Reflection","New Year Goals","Lessons/Kindergarten/Week18_New_Year_Goals.md","Each child records an actual or explicitly sourced sky observation and states a checkable comparison goal; predictions are separate.","KEEP + IMPROVE","rebuilt","VERIFICATION REQUIRED"
"CST-S1","K","Weekly","Single","Practice stations","Exploration Stations","Lessons/Kindergarten/Week19-22_Exploration_Stations.md","Each child compares a tower retest and two labeled weather records and explains a readable repeat and tested algorithm correction.","REBUILD","rebuilt","VERIFICATION REQUIRED"
"CST-S1","K","Weekly","Single","Plant observation","Growing Things","Lessons/Kindergarten/Week29-31_Growing_Things.md","Each child records actual detail; compares dated views including no change; counts visible features and chooses justified care action; plant success not grade.","REBUILD","rebuilt","VERIFICATION REQUIRED"
"CST-S2","1-2","Bi-Weekly","A","Sound","Sound Engineering","Lessons/Bi-Weekly/Grades_1-2_YearA/Session14_Sound_Engineering.md","Individual vibration and soft/loud demonstration; Grade 2 changed safe vibration feature; decoration-only not mastery","KEEP + IMPROVE","improved","VERIFICATION REQUIRED"
"CST-S2","1-2","Bi-Weekly","B","Forces","Magnets and Motion","Lessons/Bi-Weekly/Grades_1-2_YearB/Session10_Magnets_Motion.md","Predict/test three safe objects Grade 1; four-result record including nonmagnetic-metal counterexample Grade 2; attract/repel observed","KEEP + IMPROVE","improved","VERIFICATION REQUIRED"
"CST-S2","1-2","Bi-Weekly","B","Machines","Simple Machines","Lessons/Bi-Weekly/Grades_1-2_YearB/Session15_Simple_Machines.md","Gentle lift/help explanation Grade 1; same-load pivot comparison with qualitative effort Grade 2; not measured force","KEEP + IMPROVE","improved","VERIFICATION REQUIRED"
"CST-S2","1-2","Weekly","A","Light","Light Explorations","Lessons/Grades_1-2_YearA/Week14-15_Light_Explorations.md","Shadow size comparison mirror beam redirection and named kind action; no religious brightness measurement","KEEP + IMPROVE","improved","VERIFICATION REQUIRED"
"CST-S2","1-2","Weekly","B","Motion","Ramp Races","Lessons/Grades_1-2_YearB/Week10_Ramp_Races.md","Individual no-push release same-reference measurement and low/high comparison; three trials/condition per team with honest uncertainty","REBUILD","rebuilt","VERIFICATION REQUIRED"
"CST-S2","3-4","Bi-Weekly","A","Life inquiry","Plants and Growth","Lessons/Bi-Weekly/Grades_3-4_YearA/Session12_Plants_Growth.md","Individual observation/variable/two controls/mm comparison; simulated roots labeled; optional real care assigned or dry setup","REBUILD","rebuilt","VERIFICATION REQUIRED"
"CST-S2","3-4","Bi-Weekly","A","Machines","Simple Machines","Lessons/Bi-Weekly/Grades_3-4_YearA/Session15_Simple_Machines.md","Individual lever labels/change; effort feeling qualitative not calibrated force; supply/station prep not certified","KEEP + IMPROVE","improved","VERIFICATION REQUIRED"
"CST-S2","3-4","Weekly","A","Inquiry","Scientific Method","Lessons/Grades_3-4_YearA/Week04_Scientific_Method.md","Hypothesis and three trials per height; individual threshold and scalable kit still absent; not certified","KEEP + IMPROVE","improved","VERIFICATION REQUIRED"
"CST-S2","3-4","Weekly","B","Flight","Flight Fundamentals","Lessons/Grades_3-4_YearB/Week02-03_Flight_Fundamentals.md","Individual force model and six whole-cm readings plus control/limitation; desk simulation only; approved lane required","REBUILD","rebuilt","VERIFICATION REQUIRED"
"CST-S2","3-4","Weekly","B","Flight","Paper Airplane Challenge","Lessons/Grades_3-4_YearB/Week04-06_Paper_Airplane.md","Individual comparison/retest required; Grade 3 range not mean; complete quantity/pacing kit remaining P1","KEEP + IMPROVE","improved","VERIFICATION REQUIRED"
"CST-S2","3-4","Weekly","B","Weather data","Weather Station","Lessons/Grades_3-4_YearB/Week29-31_Weather_Station.md","Individual units/source/graph comparison; simulated weather not actual forecast; three desk-simulated meetings only","REBUILD","rebuilt","VERIFICATION REQUIRED"
"CST-S2","5-6","Weekly","A","Investigation","Experimental Design","Lessons/Grades_5-6_YearA/Week04_Experimental_Design.md","Individual IV/DV/two controls and six trial values with one numerical comparison","REBUILD","improved","VERIFICATION REQUIRED"
"CST-S2","5-6","Weekly","A","Mathematics","Pi Day","Lessons/Grades_5-6_YearA/Week28_Pi_Day.md","Individual three circumference/diameter measurements and uncertainty and philosophical distinction","KEEP + IMPROVE","improved","VERIFICATION REQUIRED"
"CST-S2","5-6","Weekly","A","Environment","Environmental Science","Lessons/Grades_5-6_YearA/Week29-31_Environmental_Science.md","Individual controls/limit and 9 of 10 points and evidence-limited graph and revised message","REBUILD","rebuilt","VERIFICATION REQUIRED"
"CST-S2","5-6","Weekly","B","Energy","Renewable Energy","Lessons/Grades_5-6_YearB/Week05-07_Renewable_Energy.md","Individual two controls and six rotation counts and uncertainty and stewardship tradeoff","REBUILD","rebuilt","VERIFICATION REQUIRED"
"CST-S2","K","Bi-Weekly","Single","Light","Colors and Light","Lessons/Bi-Weekly/Kindergarten/Session04_Colors_Light.md","Each child predicts and reports an actual shadow comparison and changed or kept-same conditions with light input/output.","KEEP + IMPROVE","rebuilt","VERIFICATION REQUIRED"
"CST-S2","K","Bi-Weekly","Single","Ramps","Simple Machines","Lessons/Bi-Weekly/Kindergarten/Session05_Simple_Machines.md","Each child reports roll or slide or stay and compares marked ramp rise with the same object and release point; no speed inference.","KEEP + IMPROVE","rebuilt","VERIFICATION REQUIRED"
"CST-S2","K","Bi-Weekly","Single","Buoyancy","Water Wonder","Lessons/Bi-Weekly/Kindergarten/Session16_Water_Wonder.md","Each child reports prediction versus actual result; records two-row comparison and identifies foil redesign/retest; floating success not required.","REBUILD","rebuilt","VERIFICATION REQUIRED"
"CST-S2","K","Weekly","Single","Light","Light All Around","Lessons/Kindergarten/Week14-15_Light_All_Around.md","Each child compares a material at fixed distances and identifies flashlight input/output and an evidence-informed tissue design choice.","REBUILD","rebuilt","VERIFICATION REQUIRED"
"CST-S3","1-2","Bi-Weekly","A","Observation","Nature Exploration","Lessons/Bi-Weekly/Grades_1-2_YearA/Session05_Nature_Exploration.md","Two observed details one oral question and category reason indoors/outdoors; Grade 2 uncertain case","KEEP + IMPROVE","improved","VERIFICATION REQUIRED"
"CST-S3","1-2","Bi-Weekly","A","Light","Light in Darkness","Lessons/Bi-Weekly/Grades_1-2_YearA/Session07_Light_in_Darkness.md","Grade 1 blocked/transmitted beam; Grade 2 changed material/position explanation; drawn light-themed message","KEEP + IMPROVE","improved","VERIFICATION REQUIRED"
"CST-S3","1-2","Bi-Weekly","A","Life cycles","Life Cycles","Lessons/Bi-Weekly/Grades_1-2_YearA/Session12_Life_Cycles.md","Four ordered stages and living-change explanation; Grade 2 model limitation/new generation; faith image distinct from biology","KEEP + IMPROVE","improved","VERIFICATION REQUIRED"
"CST-S3","1-2","Bi-Weekly","A","Sound","Sound Engineering","Lessons/Bi-Weekly/Grades_1-2_YearA/Session14_Sound_Engineering.md","Individual vibration and soft/loud demonstration; Grade 2 changed safe vibration feature; decoration-only not mastery","KEEP + IMPROVE","improved","VERIFICATION REQUIRED"
"CST-S3","1-2","Bi-Weekly","B","Adaptations","Animal Adaptations","Lessons/Bi-Weekly/Grades_1-2_YearB/Session04_Animal_Adaptations.md","Observed feature/habitat need Grade 1; two justified features and fictional-model limitation Grade 2","KEEP + IMPROVE","improved","VERIFICATION REQUIRED"
"CST-S3","1-2","Bi-Weekly","B","Growth","Garden Engineers","Lessons/Bi-Weekly/Grades_1-2_YearB/Session05_Garden_Engineers.md","Individual two needs light/access constraints and layout test/revision; planting does not prove same-day growth","REBUILD","rebuilt","VERIFICATION REQUIRED"
"CST-S3","1-2","Bi-Weekly","B","Forces","Magnets and Motion","Lessons/Bi-Weekly/Grades_1-2_YearB/Session10_Magnets_Motion.md","Predict/test three safe objects Grade 1; four-result record including nonmagnetic-metal counterexample Grade 2; attract/repel observed","KEEP + IMPROVE","improved","VERIFICATION REQUIRED"
"CST-S3","1-2","Bi-Weekly","B","Life cycles","Butterfly Wonder","Lessons/Bi-Weekly/Grades_1-2_YearB/Session12_Butterfly_Wonder.md","Four ordered stages orally Grade 1; stage change/new generation/model limitation Grade 2; no live care certification","KEEP + IMPROVE","improved","VERIFICATION REQUIRED"
"CST-S3","1-2","Bi-Weekly","B","Machines","Simple Machines","Lessons/Bi-Weekly/Grades_1-2_YearB/Session15_Simple_Machines.md","Gentle lift/help explanation Grade 1; same-load pivot comparison with qualitative effort Grade 2; not measured force","KEEP + IMPROVE","improved","VERIFICATION REQUIRED"
"CST-S3","1-2","Weekly","A","Observation","Wonder Walk Scientists","Lessons/Grades_1-2_YearA/Week04_Wonder_Walk.md","Individual two details sketch one question category reason and protective action; no writing required for Grade 1","REBUILD","rebuilt","VERIFICATION REQUIRED"
"CST-S3","1-2","Weekly","A","Light","Light Explorations","Lessons/Grades_1-2_YearA/Week14-15_Light_Explorations.md","Shadow size comparison mirror beam redirection and named kind action; no religious brightness measurement","KEEP + IMPROVE","improved","VERIFICATION REQUIRED"
"CST-S3","1-2","Weekly","A","Light","Star of Wonder","Lessons/Grades_1-2_YearA/Week16_Star_of_Wonder.md","Grade 1 counts/points pattern and star fact; Grade 2 describes flat constellation model limitation","KEEP + IMPROVE","improved","VERIFICATION REQUIRED"
"CST-S3","1-2","Weekly","A","Growth","Growing Things","Lessons/Grades_1-2_YearA/Week29-31_Growing_Things.md","Each child two dated observations same-baseline measures comparison and care action; Grade 2 distinguishes untested cause","REBUILD","rebuilt","VERIFICATION REQUIRED"
"CST-S3","1-2","Weekly","B","Habitats","Animal Habitats","Lessons/Grades_1-2_YearB/Week07-09_Animal_Habitats.md","Species-specific needs shown in model; Grade 2 condition choice/model limitation; no live habitat certification","KEEP + IMPROVE","improved","VERIFICATION REQUIRED"
"CST-S3","1-2","Weekly","B","Motion","Ramp Races","Lessons/Grades_1-2_YearB/Week10_Ramp_Races.md","Individual no-push release same-reference measurement and low/high comparison; three trials/condition per team with honest uncertainty","REBUILD","rebuilt","VERIFICATION REQUIRED"
"CST-S3","1-2","Weekly","B","Light","Stars and Light","Lessons/Grades_1-2_YearB/Week14-15_Stars_Light.md","Count constellation dots and show blocking/reflecting beam; Grade 2 compares one changed position","KEEP + IMPROVE","improved","VERIFICATION REQUIRED"
"CST-S3","1-2","Weekly","B","Winter","Winter Wonders","Lessons/Grades_1-2_YearB/Week16_Winter_Wonders.md","Individual ice before/after record two matching features and model limitation; no-melt reported honestly","REBUILD","rebuilt","VERIFICATION REQUIRED"
"CST-S3","1-2","Weekly","B","Motion","Friendship Machines","Lessons/Grades_1-2_YearB/Week24-25_Friendship_Machines.md","Two oral cause steps Grade 1; three-step paper flag and failed-link revision Grade 2; kindness not mechanically guaranteed","KEEP + IMPROVE","improved","VERIFICATION REQUIRED"
"CST-S3","1-2","Weekly","B","Growth","Garden Engineering","Lessons/Grades_1-2_YearB/Week26-27_Garden_Engineering.md","Two needs and access path Grade 1; Grade 2 plan fits 30x40 cm tray with 10 cm access strip and revision","KEEP + IMPROVE","improved","VERIFICATION REQUIRED"
"CST-S3","1-2","Weekly","B","Life cycles","Butterfly Engineering","Lessons/Grades_1-2_YearB/Week29-31_Butterfly_Engineering.md","Four-stage ordered model symmetry art and model limitation; no engineering test or live release mastery","KEEP + IMPROVE","improved","VERIFICATION REQUIRED"
"CST-S3","1-2","Weekly","B","New life","New Life Celebration","Lessons/Grades_1-2_YearB/Week33_New_Life.md","Grade 1 compares two spring details; Grade 2 distinguishes seasonal observation from religious symbolism","KEEP + IMPROVE","improved","VERIFICATION REQUIRED"
"CST-S3","3-4","Bi-Weekly","A","Life science","Animal Habitats","Lessons/Bi-Weekly/Grades_3-4_YearA/Session04_Animal_Habitats.md","Individual need/adaptation using source card; explanatory model not engineered live habitat; source prep not certified","KEEP + IMPROVE","improved","VERIFICATION REQUIRED"
"CST-S3","3-4","Bi-Weekly","A","Circuits","Light and Circuits","Lessons/Bi-Weekly/Grades_3-4_YearA/Session07_Light_Circuits.md","Individual return-path/state prediction and two-cycle physical turn and repair plus revised message; hardware preflight required; paper is reasoning/art only","REBUILD","rebuilt","VERIFICATION REQUIRED"
"CST-S3","3-4","Bi-Weekly","A","Weather","Weather Science","Lessons/Bi-Weekly/Grades_3-4_YearA/Session10_Weather_Science.md","Individual value/unit and model limit; photos for other tools; kit quantities and data still needed","KEEP + IMPROVE","improved","VERIFICATION REQUIRED"
"CST-S3","3-4","Bi-Weekly","A","Machines","Simple Machines","Lessons/Bi-Weekly/Grades_3-4_YearA/Session15_Simple_Machines.md","Individual lever labels/change; effort feeling qualitative not calibrated force; supply/station prep not certified","KEEP + IMPROVE","improved","VERIFICATION REQUIRED"
"CST-S3","3-4","Bi-Weekly","B","Life systems","Ecosystems","Lessons/Bi-Weekly/Grades_3-4_YearB/Session04_Ecosystems.md","Individual food-to-eater arrow and source-supported relationship; small web primary; source cards not certified","KEEP + IMPROVE","improved","VERIFICATION REQUIRED"
"CST-S3","3-4","Bi-Weekly","B","Circuits","Christmas Circuits","Lessons/Bi-Weekly/Grades_3-4_YearB/Session07_Christmas_Circuits.md","Individual return path/gap/repair and two-cycle physical turn and revised Nativity message; hardware preflight required; paper is reasoning/art only","REBUILD","rebuilt","VERIFICATION REQUIRED"
"CST-S3","3-4","Bi-Weekly","B","Earth systems","Geology Rocks","Lessons/Bi-Weekly/Grades_3-4_YearB/Session10_Geology_Rocks.md","Individual observed properties and tentative classification; source identification/quantity kit remaining P1","KEEP + IMPROVE","improved","VERIFICATION REQUIRED"
"CST-S3","3-4","Bi-Weekly","B","Life systems","Life Cycles","Lessons/Bi-Weekly/Grades_3-4_YearB/Session12_Life_Cycles.md","Individual living stages and pupa/no-pupa comparison; photo path no live care; quantity kit still needed","KEEP + IMPROVE","improved","VERIFICATION REQUIRED"
"CST-S3","3-4","Bi-Weekly","B","Machines","Compound Machines","Lessons/Bi-Weekly/Grades_3-4_YearB/Session15_Compound_Machines.md","Individual mechanism/tradeoff explanation; design concept not tested machine; kit not certified","KEEP + IMPROVE","improved","VERIFICATION REQUIRED"
"CST-S3","3-4","Weekly","A","Light","Light Science and Advent","Lessons/Grades_3-4_YearA/Week14-15_Light_Science_Advent.md","Station drawings and light art; individual threshold and exact station quantities still needed; not certified","KEEP + IMPROVE","improved","VERIFICATION REQUIRED"
"CST-S3","3-4","Weekly","A","Astronomy","Astronomy and the Star","Lessons/Grades_3-4_YearA/Week16_Astronomy_Star.md","Child distinguishes model claim and text interpretation; not-to-scale desk distances; source gates active; not certified","KEEP + IMPROVE","improved","VERIFICATION REQUIRED"
"CST-S3","3-4","Weekly","A","Circuits","Snap Circuits - Build Test and Design","Lessons/Grades_3-4_YearA/Week26-27_Little_Bits_Circuits.md","Individual return-path/state prediction and two-cycle physical turn and repair evidence and before/after 1 m label test; paper is reasoning only; kit inspection and classroom timing remain gated","KEEP + IMPROVE","rebuilt","VERIFICATION REQUIRED"
"CST-S3","3-4","Weekly","A","Life science","Resurrection and New Life Science","Lessons/Grades_3-4_YearA/Week33_Resurrection_Science.md","Individual living-stage distinction and diagram; photo path viable; exact supply kit still needed","KEEP + IMPROVE","improved","VERIFICATION REQUIRED"
"CST-S3","3-4","Weekly","B","Flight","Flight Fundamentals","Lessons/Grades_3-4_YearB/Week02-03_Flight_Fundamentals.md","Individual force model and six whole-cm readings plus control/limitation; desk simulation only; approved lane required","REBUILD","rebuilt","VERIFICATION REQUIRED"
"CST-S3","3-4","Weekly","B","Light","Advent Preparation","Lessons/Grades_3-4_YearB/Week13_Advent_Preparation.md","Transmission/display and symbol explanation; recorded optical comparison still absent; not certified","KEEP + IMPROVE","improved","VERIFICATION REQUIRED"
"CST-S3","3-4","Weekly","B","Marine systems","Marine Science Lab","Lessons/Grades_3-4_YearB/Week14-17_Marine_Science.md","Child food-to-eater arrow and model limitation; current sourced cards and scalable cleanup kit remaining P1","KEEP + IMPROVE","improved","VERIFICATION REQUIRED"
"CST-S3","5-6","Bi-Weekly","A","Structures","Structural Engineering","Lessons/Bi-Weekly/Grades_5-6_YearA/Session03_Structural_Engineering.md","Individual force labels and test-linked redesign and safe load in g","KEEP + IMPROVE","improved","VERIFICATION REQUIRED"
"CST-S3","5-6","Bi-Weekly","A","Life Science","Body Systems","Lessons/Bi-Weekly/Grades_5-6_YearA/Session04_Body_Systems.md","Individual accurate function/connection and model-limit diagram and dignity explanation","KEEP + IMPROVE","improved","VERIFICATION REQUIRED"
"CST-S3","5-6","Bi-Weekly","A","Physical Computing","Christmas Electronics","Lessons/Bi-Weekly/Grades_5-6_YearA/Session07_Christmas_Electronics.md","Individual five-label circuit and four-state predictions and peer-tested visual choice","REBUILD","rebuilt","VERIFICATION REQUIRED"
"CST-S3","5-6","Bi-Weekly","A","Life Science","Life Science","Lessons/Bi-Weekly/Grades_5-6_YearA/Session12_Life_Science.md","Individual accurate cell/DNA/web explanation and labeled model/limit and faith-symbol distinction","REBUILD","improved","VERIFICATION REQUIRED"
"CST-S3","5-6","Bi-Weekly","A","Physical Science","Physics and Motion","Lessons/Bi-Weekly/Grades_5-6_YearA/Session15_Physics_Motion.md","Individual force-pair explanation and measured ramp outcome and faith/physics distinction","KEEP + IMPROVE","improved","VERIFICATION REQUIRED"
"CST-S3","5-6","Bi-Weekly","B","Earth and Space","Space Science","Lessons/Bi-Weekly/Grades_5-6_YearB/Session10_Space_Science.md","Individual scale limit and mission criterion/constraint and evidence/reflection distinction","KEEP + IMPROVE","improved","VERIFICATION REQUIRED"
"CST-S3","5-6","Bi-Weekly","B","Life Science","Ecosystems","Lessons/Bi-Weekly/Grades_5-6_YearB/Session12_Ecosystems.md","Individual food-to-consumer arrows and perturbation and model limit and stewardship tradeoff","KEEP + IMPROVE","improved","VERIFICATION REQUIRED"
"CST-S3","5-6","Bi-Weekly","B","Physical Science","Energy Science","Lessons/Bi-Weekly/Grades_5-6_YearB/Session15_Energy_Science.md","Individual energy-transfer chain and before/after task test and religious/physical distinction","KEEP + IMPROVE","improved","VERIFICATION REQUIRED"
"CST-S3","5-6","Weekly","A","Structures","Structural Engineering","Lessons/Grades_5-6_YearA/Week05-06_Structural_Engineering.md","Individual force path and redesign and like-unit mass ratio; shared load test retained","KEEP + IMPROVE","improved","VERIFICATION REQUIRED"
"CST-S3","5-6","Weekly","A","Structures","Advanced Bridges","Lessons/Grades_5-6_YearA/Week10_Advanced_Bridges.md","Individual redesign and equal-unit load/mass calculation and support-force explanation","KEEP + IMPROVE","improved","VERIFICATION REQUIRED"
"CST-S3","5-6","Weekly","A","Physical Science","Optics and Light","Lessons/Grades_5-6_YearA/Week14-15_Optics_Light.md","Individual reflection/refraction explanation and safe tool use and labeled ray diagram","KEEP + IMPROVE","improved","VERIFICATION REQUIRED"
"CST-S3","5-6","Weekly","A","Earth and Space","Astronomy","Lessons/Grades_5-6_YearA/Week16_Astronomy.md","Individual distance-versus-size limit and 1 AU/2 AU conversion and evidence/belief distinction","KEEP + IMPROVE","improved","VERIFICATION REQUIRED"
"CST-S3","5-6","Weekly","A","Physical Computing","Snap Circuits - Accessible Indicators","Lessons/Grades_5-6_YearA/Week26-27_Little_Bits.md","Individual full path and two-state predictions/two cycles and physical turn and repair and before/after 1 m label test and access tradeoff; separate protected-AA route retains four states; preflight remains gated","REBUILD","rebuilt","VERIFICATION REQUIRED"
"CST-S3","5-6","Weekly","A","Physical Science","Easter Engineering","Lessons/Grades_5-6_YearA/Week33_Easter_Engineering.md","Individual transformation distinction and before/after communication and faith-symbol limit","KEEP + IMPROVE","improved","VERIFICATION REQUIRED"
"CST-S3","5-6","Weekly","B","Life Science","Biotechnology","Lessons/Grades_5-6_YearB/Week02-04_Biotechnology.md","Individual five cell labels and 7 of 8 complementary letters and model limit and ethics safeguard","REBUILD","rebuilt","VERIFICATION REQUIRED"
"CST-S3","5-6","Weekly","B","Design","Biomimicry","Lessons/Grades_5-6_YearB/Week08-10_Biomimicry.md","Individual three sketch labels and two safe loads and model limit and peer-tested visual revision","KEEP + IMPROVE","rebuilt","VERIFICATION REQUIRED"
"CST-S3","5-6","Weekly","B","Life Science","Easter Hope","Lessons/Grades_5-6_YearB/Week33_Easter_Hope.md","Individual correct germination/metamorphosis explanation and visual message and symbol distinction","KEEP + IMPROVE","improved","VERIFICATION REQUIRED"
"CST-S3","K","Bi-Weekly","Single","Water changes","Winter Science","Lessons/Bi-Weekly/Kindergarten/Session08_Winter_Science.md","Each child identifies solid/liquid and actual before/after change or no change using their cup or labeled earlier sample.","REBUILD","rebuilt","VERIFICATION REQUIRED"
"CST-S3","K","Bi-Weekly","Single","Weather","Weather Wonder","Lessons/Bi-Weekly/Kindergarten/Session10_Weather_Wonder.md","Each child represents and compares two actual dated or explicitly sourced sky records and distinguishes observation from prediction.","KEEP + IMPROVE","rebuilt","VERIFICATION REQUIRED"
"CST-S3","K","Bi-Weekly","Single","Plant observation","Growing Things","Lessons/Bi-Weekly/Kindergarten/Session11_Growing_Things.md","Each child identifies actual seed detail versus predicted change and chooses appropriate care; model-only evidence labeled if live seed unavailable.","REBUILD","rebuilt","VERIFICATION REQUIRED"
"CST-S3","K","Bi-Weekly","Single","Habitats","Animal Homes","Lessons/Bi-Weekly/Kindergarten/Session12_Animal_Homes.md","Each child identifies food and water and shelter and space with a model criterion and limitation and a care action.","KEEP + IMPROVE","rebuilt","VERIFICATION REQUIRED"
"CST-S3","K","Bi-Weekly","Single","Life cycles","Easter New Life","Lessons/Bi-Weekly/Kindergarten/Session13_Easter_New_Life.md","Each child orders four living stages and communicates a model limit; biology is distinct from Resurrection teaching.","REBUILD","rebuilt","VERIFICATION REQUIRED"
"CST-S3","K","Weekly","Single","Stars","Star of Wonder","Lessons/Kindergarten/Week16_Star_of_Wonder.md","Each child counts three to five model dots and distinguishes the drawing from real light-producing stars.","KEEP + IMPROVE","rebuilt","VERIFICATION REQUIRED"
"CST-S3","K","Weekly","Single","Reflection","New Year Goals","Lessons/Kindergarten/Week18_New_Year_Goals.md","Each child records an actual or explicitly sourced sky observation and states a checkable comparison goal; predictions are separate.","KEEP + IMPROVE","rebuilt","VERIFICATION REQUIRED"
"CST-S3","K","Weekly","Single","Plant observation","Growing Things","Lessons/Kindergarten/Week29-31_Growing_Things.md","Each child records actual detail; compares dated views including no change; counts visible features and chooses justified care action; plant success not grade.","REBUILD","rebuilt","VERIFICATION REQUIRED"
"CST-S3","K","Weekly","Single","Life cycles","New Life Engineering","Lessons/Kindergarten/Week33_New_Life_Engineering.md","Each child orders four living-insect stages and explains a model limit without equating metamorphosis and Resurrection.","REBUILD","rebuilt","VERIFICATION REQUIRED"
"CST-T1","1-2","Bi-Weekly","A","Coding","Robot Friends","Lessons/Bi-Weekly/Grades_1-2_YearA/Session04_Robot_Friends.md","Each child predicts/runs two stored actions changes one and identifies responsible turn; token alternative not real robot mastery","REBUILD","rebuilt","VERIFICATION REQUIRED"
"CST-T1","1-2","Bi-Weekly","A","Coding","Coding Basics","Lessons/Bi-Weekly/Grades_1-2_YearA/Session08_Coding_Basics.md","Individual orders green-flag/two moves runs and corrects wrong direction; cards assess conceptual sequence only","KEEP + IMPROVE","improved","VERIFICATION REQUIRED"
"CST-T1","1-2","Bi-Weekly","A","Weather","Weather Watchers","Lessons/Bi-Weekly/Grades_1-2_YearA/Session10_Weather_Watchers.md","Grade 1 two weather details; Grade 2 dated temperature/uncertainty; windsock output tested with gentle cardboard air","KEEP + IMPROVE","improved","VERIFICATION REQUIRED"
"CST-T1","1-2","Bi-Weekly","A","Coding","Robot Challenge","Lessons/Bi-Weekly/Grades_1-2_YearA/Session15_Robot_Challenge.md","Individual stored forward/turn/return then debug rerun; driving-only support not mastery; fair collaboration","KEEP + IMPROVE","improved","VERIFICATION REQUIRED"
"CST-T1","1-2","Bi-Weekly","B","Design","Design Detectives","Lessons/Bi-Weekly/Grades_1-2_YearB/Session01_Design_Detectives.md","Grade 1 object/purpose; Grade 2 natural versus manufactured distinction and drawn user improvement","KEEP + IMPROVE","improved","VERIFICATION REQUIRED"
"CST-T1","1-2","Bi-Weekly","B","Coding","Meet Sphero","Lessons/Bi-Weekly/Grades_1-2_YearB/Session03_Sphero_Intro.md","Individual predicts/runs/stops stored color/roll changes one block and names equipment care; token algorithm only","REBUILD","rebuilt","VERIFICATION REQUIRED"
"CST-T1","1-2","Bi-Weekly","B","Art","Digital Art","Lessons/Bi-Weekly/Grades_1-2_YearB/Session08_Digital_Art.md","Brush/color/undo input-output on device path plus intended message feedback/revision; paper assesses A3 not digital T1","KEEP + IMPROVE","improved","VERIFICATION REQUIRED"
"CST-T1","1-2","Bi-Weekly","B","Coding","Sphero Challenge","Lessons/Bi-Weekly/Grades_1-2_YearB/Session14_Sphero_Challenge.md","Individual ordered stored run/stop and debug result; Grade 2 three-action explanation; cards not physical mastery","KEEP + IMPROVE","improved","VERIFICATION REQUIRED"
"CST-T1","1-2","Bi-Weekly","B","Machines","Simple Machines","Lessons/Bi-Weekly/Grades_1-2_YearB/Session15_Simple_Machines.md","Gentle lift/help explanation Grade 1; same-load pivot comparison with qualitative effort Grade 2; not measured force","KEEP + IMPROVE","improved","VERIFICATION REQUIRED"
"CST-T1","1-2","Weekly","A","Coding","Sphero Coding Adventures","Lessons/Grades_1-2_YearA/Week02-03_Sphero_Coding.md","Each child predicts/runs/stops ordered actions changes one parameter compares travel and records care; token path has T2 only","REBUILD","rebuilt","VERIFICATION REQUIRED"
"CST-T1","1-2","Weekly","A","Reflection","Fall STREAM Celebration","Lessons/Grades_1-2_YearA/Week13_Fall_Celebration.md","Purposeful thank-you card and supervised input/output explanation on replay; no stored-code mastery inferred; generic gratitude not C1 evidence","KEEP + IMPROVE","improved","VERIFICATION REQUIRED"
"CST-T1","1-2","Weekly","A","Coding","Dash Robot Adventures","Lessons/Grades_1-2_YearA/Week24-25_Dash_Robot_Adventures.md","Each child runs ordered actions and compares changed distance; loops require calibrated finite repeat not guaranteed square","KEEP + IMPROVE","improved","VERIFICATION REQUIRED"
"CST-T1","1-2","Weekly","B","Coding","Dash Robot Adventures","Lessons/Grades_1-2_YearB/Week02-03_Dash_Adventures.md","Each child predicts/runs/stops changes one instruction compares target distance and fair turn; token alternative T2 only","REBUILD","rebuilt","VERIFICATION REQUIRED"
"CST-T1","1-2","Weekly","B","Reflection","Fall Festival","Lessons/Grades_1-2_YearB/Week13_Fall_Festival.md","Purposeful memory drawing and supervised input/output explanation on replay; no stored-code mastery or C1 from station fun","KEEP + IMPROVE","improved","VERIFICATION REQUIRED"
"CST-T1","3-4","Bi-Weekly","A","Computing","Dash and Code","Lessons/Bi-Weekly/Grades_3-4_YearA/Session02_Dash_Code.md","Individual route/debug and measured result; paper CT versus logged real operation; model labels gated; desk simulation only","REBUILD","rebuilt","VERIFICATION REQUIRED"
"CST-T1","3-4","Bi-Weekly","A","Computing","Scratch Intro","Lessons/Bi-Weekly/Grades_3-4_YearA/Session05_Scratch_Intro.md","Individual loop prediction and edit; operation logged separately; complete starter/scaling remains P1","KEEP + IMPROVE","improved","VERIFICATION REQUIRED"
"CST-T1","3-4","Bi-Weekly","A","Circuits","Light and Circuits","Lessons/Bi-Weekly/Grades_3-4_YearA/Session07_Light_Circuits.md","Individual return-path/state prediction and two-cycle physical turn and repair plus revised message; hardware preflight required; paper is reasoning/art only","REBUILD","rebuilt","VERIFICATION REQUIRED"
"CST-T1","3-4","Bi-Weekly","A","Weather","Weather Science","Lessons/Bi-Weekly/Grades_3-4_YearA/Session10_Weather_Science.md","Individual value/unit and model limit; photos for other tools; kit quantities and data still needed","KEEP + IMPROVE","improved","VERIFICATION REQUIRED"
"CST-T1","3-4","Bi-Weekly","A","Computing","Dash Challenge","Lessons/Bi-Weekly/Grades_3-4_YearA/Session14_Dash_Challenge.md","Individual comparison trace and operation log; sensor/model mission still requires prepared kit; remaining P1","KEEP + IMPROVE","improved","VERIFICATION REQUIRED"
"CST-T1","3-4","Bi-Weekly","A","Circuits","Little Bits","Lessons/Bi-Weekly/Grades_3-4_YearA/Session16_Little_Bits.md","Individual input/output and observed test; exact module inventory and scaling remaining P1","KEEP + IMPROVE","improved","VERIFICATION REQUIRED"
"CST-T1","3-4","Bi-Weekly","B","Computing","Ozobot Coding","Lessons/Bi-Weekly/Grades_3-4_YearB/Session02_Ozobot_Coding.md","Individual prediction/debug and source distinction; real command test only if chart/pretest passes; CT fallback not robotics","REBUILD","rebuilt","VERIFICATION REQUIRED"
"CST-T1","3-4","Bi-Weekly","B","Computing","Scratch Games","Lessons/Bi-Weekly/Grades_3-4_YearB/Session05_Scratch_Games.md","Fourth-input/reset trace and operation log; complete forty-minute novice starter kit remaining P1","REBUILD","improved","VERIFICATION REQUIRED"
"CST-T1","3-4","Bi-Weekly","B","Circuits","Christmas Circuits","Lessons/Bi-Weekly/Grades_3-4_YearB/Session07_Christmas_Circuits.md","Individual return path/gap/repair and two-cycle physical turn and revised Nativity message; hardware preflight required; paper is reasoning/art only","REBUILD","rebuilt","VERIFICATION REQUIRED"
"CST-T1","3-4","Bi-Weekly","B","Computing","Ozobot Challenge","Lessons/Bi-Weekly/Grades_3-4_YearB/Session14_Ozobot_Challenge.md","Individual predicted/actual comparison; exact chart/loading and mission kit remaining P1","KEEP + IMPROVE","improved","VERIFICATION REQUIRED"
"CST-T1","3-4","Bi-Weekly","B","Interactive tools","Makey Makey","Lessons/Bi-Weekly/Grades_3-4_YearB/Session16_Makey_Makey.md","Individual input-key-output trace; paper not conductivity/device evidence; model setup and quantities remaining P1","KEEP + IMPROVE","improved","VERIFICATION REQUIRED"
"CST-T1","3-4","Weekly","A","Computing","Sphero Advanced Coding","Lessons/Grades_3-4_YearA/Week02-03_Sphero_Advanced.md","Individual route and 8-roll trace plus debug; device edit/run logged separately; desk simulation only and model gate remains","REBUILD","rebuilt","VERIFICATION REQUIRED"
"CST-T1","3-4","Weekly","A","Circuits","Snap Circuits - Build Test and Design","Lessons/Grades_3-4_YearA/Week26-27_Little_Bits_Circuits.md","Individual return-path/state prediction and two-cycle physical turn and repair evidence and before/after 1 m label test; paper is reasoning only; kit inspection and classroom timing remain gated","KEEP + IMPROVE","rebuilt","VERIFICATION REQUIRED"
"CST-T1","3-4","Weekly","B","Computing","Game Design Studio","Lessons/Grades_3-4_YearB/Week19-22_Game_Design.md","Individual 0-1-2-3-3 reset trace and test-backed revision; actual edits logged; desk simulation not live Scratch execution","REBUILD","rebuilt","VERIFICATION REQUIRED"
"CST-T1","3-4","Weekly","B","Weather data","Weather Station","Lessons/Grades_3-4_YearB/Week29-31_Weather_Station.md","Individual units/source/graph comparison; simulated weather not actual forecast; three desk-simulated meetings only","REBUILD","rebuilt","VERIFICATION REQUIRED"
"CST-T1","5-6","Bi-Weekly","A","Computing","Sphero Advanced","Lessons/Bi-Weekly/Grades_5-6_YearA/Session02_Sphero_Advanced.md","Individual conditional/loop trace and input/output and safe role; paper not operation credit","REBUILD","improved","VERIFICATION REQUIRED"
"CST-T1","5-6","Bi-Weekly","A","Physical Computing","Christmas Electronics","Lessons/Bi-Weekly/Grades_5-6_YearA/Session07_Christmas_Electronics.md","Individual five-label circuit and four-state predictions and peer-tested visual choice","REBUILD","rebuilt","VERIFICATION REQUIRED"
"CST-T1","5-6","Bi-Weekly","B","Computing","Sphero Sensors","Lessons/Bi-Weekly/Grades_5-6_YearB/Session02_Sphero_Sensors.md","Individual four-output table and exact-boundary trace and corrected comparison and limitation","REBUILD","rebuilt","VERIFICATION REQUIRED"
"CST-T1","5-6","Weekly","A","Physical Science","Optics and Light","Lessons/Grades_5-6_YearA/Week14-15_Optics_Light.md","Individual reflection/refraction explanation and safe tool use and labeled ray diagram","KEEP + IMPROVE","improved","VERIFICATION REQUIRED"
"CST-T1","5-6","Weekly","A","Physical Computing","Snap Circuits - Accessible Indicators","Lessons/Grades_5-6_YearA/Week26-27_Little_Bits.md","Individual full path and two-state predictions/two cycles and physical turn and repair and before/after 1 m label test and access tradeoff; separate protected-AA route retains four states; preflight remains gated","REBUILD","rebuilt","VERIFICATION REQUIRED"
"CST-T1","K","Bi-Weekly","Single","Light","Colors and Light","Lessons/Bi-Weekly/Kindergarten/Session04_Colors_Light.md","Each child predicts and reports an actual shadow comparison and changed or kept-same conditions with light input/output.","KEEP + IMPROVE","rebuilt","VERIFICATION REQUIRED"
"CST-T1","K","Weekly","Single","Movement","Exploring Movement with Sphero","Lessons/Kindergarten/Week02-03_Sphero_Movement.md","Each child predicts two moves and corrects a wrong card; identifies input/output; hardware drive recorded only if performed; programming not assessed.","REBUILD","rebuilt","VERIFICATION REQUIRED"
"CST-T1","K","Weekly","Single","Light","Light All Around","Lessons/Kindergarten/Week14-15_Light_All_Around.md","Each child compares a material at fixed distances and identifies flashlight input/output and an evidence-informed tissue design choice.","REBUILD","rebuilt","VERIFICATION REQUIRED"
"CST-T1","K","Weekly","Single","Algorithms","Dash Robot Friends","Lessons/Kindergarten/Week24-25_Dash_Robot_Friends.md","Each child predicts three-command endpoint and fixes wrong card; input/output and count checked; actual block execution on Dash recorded only if performed.","REBUILD","rebuilt","VERIFICATION REQUIRED"
"CST-T2","1-2","Bi-Weekly","A","Coding","Robot Friends","Lessons/Bi-Weekly/Grades_1-2_YearA/Session04_Robot_Friends.md","Each child predicts/runs two stored actions changes one and identifies responsible turn; token alternative not real robot mastery","REBUILD","rebuilt","VERIFICATION REQUIRED"
"CST-T2","1-2","Bi-Weekly","A","Coding","Coding Basics","Lessons/Bi-Weekly/Grades_1-2_YearA/Session08_Coding_Basics.md","Individual orders green-flag/two moves runs and corrects wrong direction; cards assess conceptual sequence only","KEEP + IMPROVE","improved","VERIFICATION REQUIRED"
"CST-T2","1-2","Bi-Weekly","A","Coding","Robot Challenge","Lessons/Bi-Weekly/Grades_1-2_YearA/Session15_Robot_Challenge.md","Individual stored forward/turn/return then debug rerun; driving-only support not mastery; fair collaboration","KEEP + IMPROVE","improved","VERIFICATION REQUIRED"
"CST-T2","1-2","Bi-Weekly","B","Coding","Meet Sphero","Lessons/Bi-Weekly/Grades_1-2_YearB/Session03_Sphero_Intro.md","Individual predicts/runs/stops stored color/roll changes one block and names equipment care; token algorithm only","REBUILD","rebuilt","VERIFICATION REQUIRED"
"CST-T2","1-2","Bi-Weekly","B","Coding","Sphero Challenge","Lessons/Bi-Weekly/Grades_1-2_YearB/Session14_Sphero_Challenge.md","Individual ordered stored run/stop and debug result; Grade 2 three-action explanation; cards not physical mastery","KEEP + IMPROVE","improved","VERIFICATION REQUIRED"
"CST-T2","1-2","Weekly","A","Coding","Sphero Coding Adventures","Lessons/Grades_1-2_YearA/Week02-03_Sphero_Coding.md","Each child predicts/runs/stops ordered actions changes one parameter compares travel and records care; token path has T2 only","REBUILD","rebuilt","VERIFICATION REQUIRED"
"CST-T2","1-2","Weekly","A","Coding","Thankful Coding","Lessons/Grades_1-2_YearA/Week11_Thankful_Coding.md","Individual predict/run two actions and explain change; purposeful message/visual choice; generic gratitude alone not C1 evidence; paper panels not executed app code","KEEP + IMPROVE","improved","VERIFICATION REQUIRED"
"CST-T2","1-2","Weekly","A","Coding","Dash Robot Adventures","Lessons/Grades_1-2_YearA/Week24-25_Dash_Robot_Adventures.md","Each child runs ordered actions and compares changed distance; loops require calibrated finite repeat not guaranteed square","KEEP + IMPROVE","improved","VERIFICATION REQUIRED"
"CST-T2","1-2","Weekly","B","Coding","Dash Robot Adventures","Lessons/Grades_1-2_YearB/Week02-03_Dash_Adventures.md","Each child predicts/runs/stops changes one instruction compares target distance and fair turn; token alternative T2 only","REBUILD","rebuilt","VERIFICATION REQUIRED"
"CST-T2","1-2","Weekly","B","Coding","Thanksgiving Coding","Lessons/Grades_1-2_YearB/Week11_Thanksgiving_Coding.md","Predict/run two ordered actions and explain changed output with purposeful dictated/recorded message; gratitude alone not C1 evidence","KEEP + IMPROVE","improved","VERIFICATION REQUIRED"
"CST-T2","3-4","Bi-Weekly","A","Computing","Dash and Code","Lessons/Bi-Weekly/Grades_3-4_YearA/Session02_Dash_Code.md","Individual route/debug and measured result; paper CT versus logged real operation; model labels gated; desk simulation only","REBUILD","rebuilt","VERIFICATION REQUIRED"
"CST-T2","3-4","Bi-Weekly","A","Computing","Scratch Intro","Lessons/Bi-Weekly/Grades_3-4_YearA/Session05_Scratch_Intro.md","Individual loop prediction and edit; operation logged separately; complete starter/scaling remains P1","KEEP + IMPROVE","improved","VERIFICATION REQUIRED"
"CST-T2","3-4","Bi-Weekly","A","Computing art","Scratch Animation","Lessons/Bi-Weekly/Grades_3-4_YearA/Session08_Scratch_Animation.md","Individual event trace/revision; paper sequence not executed animation; complete starter remaining P1","KEEP + IMPROVE","improved","VERIFICATION REQUIRED"
"CST-T2","3-4","Bi-Weekly","A","Computing","Dash Challenge","Lessons/Bi-Weekly/Grades_3-4_YearA/Session14_Dash_Challenge.md","Individual comparison trace and operation log; sensor/model mission still requires prepared kit; remaining P1","KEEP + IMPROVE","improved","VERIFICATION REQUIRED"
"CST-T2","3-4","Bi-Weekly","B","Computing","Ozobot Coding","Lessons/Bi-Weekly/Grades_3-4_YearB/Session02_Ozobot_Coding.md","Individual prediction/debug and source distinction; real command test only if chart/pretest passes; CT fallback not robotics","REBUILD","rebuilt","VERIFICATION REQUIRED"
"CST-T2","3-4","Bi-Weekly","B","Computing","Scratch Games","Lessons/Bi-Weekly/Grades_3-4_YearB/Session05_Scratch_Games.md","Fourth-input/reset trace and operation log; complete forty-minute novice starter kit remaining P1","REBUILD","improved","VERIFICATION REQUIRED"
"CST-T2","3-4","Bi-Weekly","B","Computing","Ozobot Challenge","Lessons/Bi-Weekly/Grades_3-4_YearB/Session14_Ozobot_Challenge.md","Individual predicted/actual comparison; exact chart/loading and mission kit remaining P1","KEEP + IMPROVE","improved","VERIFICATION REQUIRED"
"CST-T2","3-4","Weekly","A","Computing","Sphero Advanced Coding","Lessons/Grades_3-4_YearA/Week02-03_Sphero_Advanced.md","Individual route and 8-roll trace plus debug; device edit/run logged separately; desk simulation only and model gate remains","REBUILD","rebuilt","VERIFICATION REQUIRED"
"CST-T2","3-4","Weekly","A","Gratitude","Coding Gratitude","Lessons/Grades_3-4_YearA/Week11_Coding_Gratitude.md","Message sequence; advanced sprites optional; actual operation separate; starter and timing remain P1","KEEP + IMPROVE","improved","VERIFICATION REQUIRED"
"CST-T2","3-4","Weekly","A","Computing","Scratch Programming","Lessons/Grades_3-4_YearA/Week24-25_Scratch_Programming.md","Individual score trace required; group game not sufficient; complete novice starter still remaining P1","KEEP + IMPROVE","improved","VERIFICATION REQUIRED"
"CST-T2","3-4","Weekly","B","Applied design","Fall Festival Engineering","Lessons/Grades_3-4_YearB/Week10_Fall_Festival.md","Criterion and test/change required; single challenge kit still unspecified; no substitute certification","KEEP + IMPROVE","improved","VERIFICATION REQUIRED"
"CST-T2","3-4","Weekly","B","Computing","Game Design Studio","Lessons/Grades_3-4_YearB/Week19-22_Game_Design.md","Individual 0-1-2-3-3 reset trace and test-backed revision; actual edits logged; desk simulation not live Scratch execution","REBUILD","rebuilt","VERIFICATION REQUIRED"
"CST-T2","5-6","Bi-Weekly","A","Computing","Sphero Advanced","Lessons/Bi-Weekly/Grades_5-6_YearA/Session02_Sphero_Advanced.md","Individual conditional/loop trace and input/output and safe role; paper not operation credit","REBUILD","improved","VERIFICATION REQUIRED"
"CST-T2","5-6","Bi-Weekly","A","Computing","Scratch Advanced","Lessons/Bi-Weekly/Grades_5-6_YearA/Session05_Scratch_Advanced.md","Individual 0/1/2/3/3 trace and loop count and corrected bug and access choice","REBUILD","rebuilt","VERIFICATION REQUIRED"
"CST-T2","5-6","Bi-Weekly","A","Computing","App Inventor","Lessons/Bi-Weekly/Grades_5-6_YearA/Session08_App_Inventor.md","Individual input/button/output trace and excluded-private-data explanation and access choice","REBUILD","improved","VERIFICATION REQUIRED"
"CST-T2","5-6","Bi-Weekly","A","Computing","Sphero Challenge","Lessons/Bi-Weekly/Grades_5-6_YearA/Session14_Sphero_Challenge.md","Individual route trace/debug and revision/retest and safe role explanation","REBUILD","improved","VERIFICATION REQUIRED"
"CST-T2","5-6","Bi-Weekly","B","Computing","Sphero Sensors","Lessons/Bi-Weekly/Grades_5-6_YearB/Session02_Sphero_Sensors.md","Individual four-output table and exact-boundary trace and corrected comparison and limitation","REBUILD","rebuilt","VERIFICATION REQUIRED"
"CST-T2","5-6","Bi-Weekly","B","Computing","Scratch Games","Lessons/Bi-Weekly/Grades_5-6_YearB/Session05_Scratch_Games.md","Individual variable/condition trace and corrected bug and tested feedback choice and play ethics","REBUILD","improved","VERIFICATION REQUIRED"
"CST-T2","5-6","Bi-Weekly","B","Computing","Advent Coding","Lessons/Bi-Weekly/Grades_5-6_YearB/Session07_Advent_Coding.md","Individual event/reset trace and revised message and audience/access choice","KEEP + IMPROVE","improved","VERIFICATION REQUIRED"
"CST-T2","5-6","Bi-Weekly","B","Computing","App Design","Lessons/Bi-Weekly/Grades_5-6_YearB/Session08_App_Design.md","Individual event/condition trace and privacy boundary and accessible user decision","REBUILD","improved","VERIFICATION REQUIRED"
"CST-T2","5-6","Bi-Weekly","B","Computing","Robot Olympics","Lessons/Bi-Weekly/Grades_5-6_YearB/Session14_Robot_Olympics.md","Individual trace/debug and evidence-based retest and cooperative safety decision","REBUILD","improved","VERIFICATION REQUIRED"
"CST-T2","5-6","Weekly","A","Computing","Sphero Mastery","Lessons/Grades_5-6_YearA/Week02-03_Sphero_Mastery.md","Individual four-turn trace and three endpoint measurements and safety/access explanation","REBUILD","rebuilt","VERIFICATION REQUIRED"
"CST-T2","5-6","Weekly","A","Computing","Gratitude Coding","Lessons/Grades_5-6_YearA/Week11_Gratitude_Coding.md","Individual add/retrieve trace and private-data exclusion and respectful opt-out explanation","KEEP + IMPROVE","improved","VERIFICATION REQUIRED"
"CST-T2","5-6","Weekly","A","Computing","Advanced Scratch","Lessons/Grades_5-6_YearA/Week24-25_Advanced_Scratch.md","Individual custom-block/clone trace and corrected bug and purposeful feedback design","REBUILD","improved","VERIFICATION REQUIRED"
"CST-T2","5-6","Weekly","B","Computing","App Development","Lessons/Grades_5-6_YearB/Week14-18_App_Development.md","Individual three-input trace and corrected bug and tested visual revision and privacy/access decision","REBUILD","rebuilt","VERIFICATION REQUIRED"
"CST-T2","K","Bi-Weekly","Single","Service art and algorithms","Helping Others","Lessons/Bi-Weekly/Kindergarten/Session15_Helping_Others.md","Each child explains a respectful message choice and predicts the endpoint and tests a correction to two picture commands.","KEEP + IMPROVE","rebuilt","VERIFICATION REQUIRED"
"CST-T2","K","Weekly","Single","Movement","Exploring Movement with Sphero","Lessons/Kindergarten/Week02-03_Sphero_Movement.md","Each child predicts two moves and corrects a wrong card; identifies input/output; hardware drive recorded only if performed; programming not assessed.","REBUILD","rebuilt","VERIFICATION REQUIRED"
"CST-T2","K","Weekly","Single","Algorithms","Coding Thankfulness","Lessons/Kindergarten/Week11_Coding_Thankfulness.md","Each child predicts the two-command endpoint and tests a correction while explaining a respectful message; software execution is separate.","REBUILD","rebuilt","VERIFICATION REQUIRED"
"CST-T2","K","Weekly","Single","Practice stations","Exploration Stations","Lessons/Kindergarten/Week19-22_Exploration_Stations.md","Each child compares a tower retest and two labeled weather records and explains a readable repeat and tested algorithm correction.","REBUILD","rebuilt","VERIFICATION REQUIRED"
"CST-T2","K","Weekly","Single","Algorithms","Dash Robot Friends","Lessons/Kindergarten/Week24-25_Dash_Robot_Friends.md","Each child predicts three-command endpoint and fixes wrong card; input/output and count checked; actual block execution on Dash recorded only if performed.","REBUILD","rebuilt","VERIFICATION REQUIRED"
"CST-T3","3-4","Bi-Weekly","A","Gratitude communication","Gratitude Tech","Lessons/Bi-Weekly/Grades_3-4_YearA/Session06_Gratitude_Tech.md","Specific message and delivery plan; paper communication not digital operation; workflow not certified","KEEP + IMPROVE","improved","VERIFICATION REQUIRED"
"CST-T3","3-4","Bi-Weekly","A","Faith and evidence","Catholic Scientists","Lessons/Bi-Weekly/Grades_3-4_YearA/Session09_Catholic_Scientists.md","One supported claim and source; approved biography cards remaining P1; no certification","KEEP + IMPROVE","improved","VERIFICATION REQUIRED"
"CST-T3","3-4","Bi-Weekly","A","Faith communication","Easter Tech","Lessons/Bi-Weekly/Grades_3-4_YearA/Session13_Easter_Tech.md","Unchanged: Easter project/message; enthusiasm not mastery; no substitute certification","KEEP + IMPROVE","unchanged","VERIFICATION REQUIRED"
"CST-T3","3-4","Bi-Weekly","B","Communication art","Digital Stories","Lessons/Bi-Weekly/Grades_3-4_YearB/Session08_Digital_Stories.md","Individual three-panel narrative and revision; paper art not digital operation; workflow remaining P1","KEEP + IMPROVE","improved","VERIFICATION REQUIRED"
"CST-T3","3-4","Bi-Weekly","B","Faith and evidence","Faith and Science","Lessons/Bi-Weekly/Grades_3-4_YearB/Session09_Faith_Science.md","Child sourced fact versus reflection; verified biography cards remaining P1; not certified","KEEP + IMPROVE","improved","VERIFICATION REQUIRED"
"CST-T3","3-4","Weekly","A","Faith and evidence","Catholic Schools Week STREAM","Lessons/Grades_3-4_YearA/Week23_Catholic_Schools_Week.md","One sourced claim versus reflection required; verified profile cards still remaining P1; not certified","KEEP + IMPROVE","improved","VERIFICATION REQUIRED"
"CST-T3","5-6","Bi-Weekly","A","Computing","App Inventor","Lessons/Bi-Weekly/Grades_5-6_YearA/Session08_App_Inventor.md","Individual input/button/output trace and excluded-private-data explanation and access choice","REBUILD","improved","VERIFICATION REQUIRED"
"CST-T3","5-6","Bi-Weekly","A","Research","Catholic Scientists","Lessons/Bi-Weekly/Grades_5-6_YearA/Session09_Catholic_Scientists.md","Individual factual claim with original source/limit and revised caption","KEEP + IMPROVE","improved","VERIFICATION REQUIRED"
"CST-T3","5-6","Bi-Weekly","A","Communication","Easter Technology","Lessons/Bi-Weekly/Grades_5-6_YearA/Session13_Easter_Tech.md","Individual message revision and safe source/media decision and audience access choice","KEEP + IMPROVE","improved","VERIFICATION REQUIRED"
"CST-T3","5-6","Bi-Weekly","B","Computing","App Design","Lessons/Bi-Weekly/Grades_5-6_YearB/Session08_App_Design.md","Individual event/condition trace and privacy boundary and accessible user decision","REBUILD","improved","VERIFICATION REQUIRED"
"CST-T3","5-6","Bi-Weekly","B","Research","Science and Faith","Lessons/Bi-Weekly/Grades_5-6_YearB/Session09_Science_Faith.md","Individual verified claim/limit and source provenance and accurate presentation","KEEP + IMPROVE","improved","VERIFICATION REQUIRED"
"CST-T3","5-6","Bi-Weekly","B","Communication","New Life Technology","Lessons/Bi-Weekly/Grades_5-6_YearB/Session13_New_Life_Tech.md","Individual message revision and safe media/source choice and audience access decision","KEEP + IMPROVE","improved","VERIFICATION REQUIRED"
"CST-T3","5-6","Weekly","A","Computing","Gratitude Coding","Lessons/Grades_5-6_YearA/Week11_Gratitude_Coding.md","Individual add/retrieve trace and private-data exclusion and respectful opt-out explanation","KEEP + IMPROVE","improved","VERIFICATION REQUIRED"
"CST-T3","5-6","Weekly","A","Computing","Advanced Scratch","Lessons/Grades_5-6_YearA/Week24-25_Advanced_Scratch.md","Individual custom-block/clone trace and corrected bug and purposeful feedback design","REBUILD","improved","VERIFICATION REQUIRED"
"CST-T3","5-6","Weekly","B","Data","Thanksgiving Data","Lessons/Grades_5-6_YearB/Week11_Thanksgiving_Data.md","Individual labeled graph totaling 20 and comparison and private-data/opt-out explanation","KEEP + IMPROVE","improved","VERIFICATION REQUIRED"
"CST-T3","5-6","Weekly","B","Communication","Advent Technology","Lessons/Grades_5-6_YearB/Week13_Advent_Technology.md","Individual privacy/use decision and readable layout and time/resource explanation","KEEP + IMPROVE","improved","VERIFICATION REQUIRED"
"CST-T3","5-6","Weekly","B","Computing","App Development","Lessons/Grades_5-6_YearB/Week14-18_App_Development.md","Individual three-input trace and corrected bug and tested visual revision and privacy/access decision","REBUILD","rebuilt","VERIFICATION REQUIRED"
"CST-T3","5-6","Weekly","B","Environment","Environmental Monitoring","Lessons/Grades_5-6_YearB/Week29-31_Environmental_Monitoring.md","Individual invented-data graph and total and causal limit and raw-record explanation","REBUILD","improved","VERIFICATION REQUIRED"
"CST-T3","K","Bi-Weekly","Single","Community art","Our Catholic School","Lessons/Bi-Weekly/Kindergarten/Session09_Catholic_Schools.md","Each child names a school contribution and explains a visual-message clarification and identifies hypothetical private information and an adult sharing permission.","KEEP + IMPROVE","rebuilt","VERIFICATION REQUIRED"
"CST-T3","K","Weekly","Single","Reflection","Catholic Schools Week","Lessons/Kindergarten/Week23_Catholic_Schools_Week.md","Each child links a display to actual evidence and revises the explanation and identifies hypothetical private information and an adult to ask before sharing.","KEEP + IMPROVE","rebuilt","VERIFICATION REQUIRED"
