"path","grade","unit","lesson","type","inclusion_decision","rationale","audit_status","resulting_action"
".github/workflows/mkdocs.yml","Program","Not applicable","Not applicable","publishing automation","EXCLUDE FROM CURRICULUM REVIEW","Publishing or repository infrastructure; discovered and reconciled but not instructional content.","RECONCILED EXCLUSION","Retain for repository operation; do not count as curriculum coverage."
".gitignore","Program","Not applicable","Not applicable","program support","EXCLUDE FROM CURRICULUM REVIEW","Publishing or repository infrastructure; discovered and reconciled but not instructional content.","RECONCILED EXCLUSION","Retain for repository operation; do not count as curriculum coverage."
"docs/about.md","Program","Not applicable","Not applicable","program support","INCLUDE","Authoritative curriculum, review, planning, or validation support.","REVIEWED FOR ROLE","Retain and maintain with the curriculum."
"docs/assets/images/C-STREAM-Logo.png","Program","Not applicable","Not applicable","publishing support","EXCLUDE FROM CURRICULUM REVIEW","Publishing or repository infrastructure; discovered and reconciled but not instructional content.","RECONCILED EXCLUSION","Retain for repository operation; do not count as curriculum coverage."
"docs/assets/images/favicon.ico","Program","Not applicable","Not applicable","publishing support","EXCLUDE FROM CURRICULUM REVIEW","Publishing or repository infrastructure; discovered and reconciled but not instructional content.","RECONCILED EXCLUSION","Retain for repository operation; do not count as curriculum coverage."
"docs/assets/images/joe-vandermark.jpg","Program","Not applicable","Not applicable","publishing support","EXCLUDE FROM CURRICULUM REVIEW","Publishing or repository infrastructure; discovered and reconciled but not instructional content.","RECONCILED EXCLUSION","Retain for repository operation; do not count as curriculum coverage."
"docs/C-STREAM_Lesson_Index.md","Program","Not applicable","Not applicable","program support","INCLUDE","Authoritative curriculum, review, planning, or validation support.","REVIEWED FOR ROLE","Retain and maintain with the curriculum."
"docs/C-STREAM_Year_Planner.md","Program","Not applicable","Not applicable","program support","INCLUDE","Authoritative curriculum, review, planning, or validation support.","REVIEWED FOR ROLE","Retain and maintain with the curriculum."
"docs/CONTRIBUTING.md","Program","Not applicable","Not applicable","program support","INCLUDE","Authoritative curriculum, review, planning, or validation support.","REVIEWED FOR ROLE","Retain and maintain with the curriculum."
"docs/index.md","Program","Not applicable","Not applicable","program support","INCLUDE","Authoritative curriculum, review, planning, or validation support.","REVIEWED FOR ROLE","Retain and maintain with the curriculum."
"docs/Lessons/Bi-Weekly/Grades_1-2_YearA/README.md","Program","Not applicable","Not applicable","grade/track overview","INCLUDE","Authoritative curriculum, review, planning, or validation support.","REVIEWED FOR ROLE","Retain and maintain with the curriculum."
"docs/Lessons/Bi-Weekly/Grades_1-2_YearA/Session01_Wonder_Engineers.md","1-2","Structures","Wonder Engineers","lesson plan","INCLUDE","Primary teachable curriculum document.","KEEP + IMPROVE; revision rebuilt","Retain; use lesson audit and teacher-artifact release status."
"docs/Lessons/Bi-Weekly/Grades_1-2_YearA/Session02_Gods_Patterns.md","1-2","Patterns","Gods Patterns","lesson plan","INCLUDE","Primary teachable curriculum document.","KEEP + IMPROVE; revision rebuilt","Retain; use lesson audit and teacher-artifact release status."
"docs/Lessons/Bi-Weekly/Grades_1-2_YearA/Session03_Bridge_Building.md","1-2","Structures","Bridge Building","lesson plan","INCLUDE","Primary teachable curriculum document.","REBUILD; revision rebuilt","Retain; use lesson audit and teacher-artifact release status."
"docs/Lessons/Bi-Weekly/Grades_1-2_YearA/Session04_Robot_Friends.md","1-2","Coding","Robot Friends","lesson plan","INCLUDE","Primary teachable curriculum document.","REBUILD; revision rebuilt","Retain; use lesson audit and teacher-artifact release status."
"docs/Lessons/Bi-Weekly/Grades_1-2_YearA/Session05_Nature_Exploration.md","1-2","Observation","Nature Exploration","lesson plan","INCLUDE","Primary teachable curriculum document.","KEEP + IMPROVE; revision rebuilt","Retain; use lesson audit and teacher-artifact release status."
"docs/Lessons/Bi-Weekly/Grades_1-2_YearA/Session06_Thanksgiving_Service.md","1-2","Service","Thanksgiving Service","lesson plan","INCLUDE","Primary teachable curriculum document.","KEEP + IMPROVE; revision rebuilt","Retain; use lesson audit and teacher-artifact release status."
"docs/Lessons/Bi-Weekly/Grades_1-2_YearA/Session07_Light_in_Darkness.md","1-2","Light","Light in Darkness","lesson plan","INCLUDE","Primary teachable curriculum document.","KEEP + IMPROVE; revision rebuilt","Retain; use lesson audit and teacher-artifact release status."
"docs/Lessons/Bi-Weekly/Grades_1-2_YearA/Session08_Coding_Basics.md","1-2","Coding","Coding Basics","lesson plan","INCLUDE","Primary teachable curriculum document.","KEEP + IMPROVE; revision rebuilt","Retain; use lesson audit and teacher-artifact release status."
"docs/Lessons/Bi-Weekly/Grades_1-2_YearA/Session09_Catholic_Inventors.md","1-2","Faith and reason","Catholic Inventors","lesson plan","INCLUDE","Primary teachable curriculum document.","KEEP + IMPROVE; revision rebuilt","Retain; use lesson audit and teacher-artifact release status."
"docs/Lessons/Bi-Weekly/Grades_1-2_YearA/Session10_Weather_Watchers.md","1-2","Weather","Weather Watchers","lesson plan","INCLUDE","Primary teachable curriculum document.","KEEP + IMPROVE; revision rebuilt","Retain; use lesson audit and teacher-artifact release status."
"docs/Lessons/Bi-Weekly/Grades_1-2_YearA/Session11_Lenten_Engineers.md","1-2","Service","Lenten Engineers","lesson plan","INCLUDE","Primary teachable curriculum document.","KEEP + IMPROVE; revision rebuilt","Retain; use lesson audit and teacher-artifact release status."
"docs/Lessons/Bi-Weekly/Grades_1-2_YearA/Session12_Life_Cycles.md","1-2","Life cycles","Life Cycles","lesson plan","INCLUDE","Primary teachable curriculum document.","KEEP + IMPROVE; revision rebuilt","Retain; use lesson audit and teacher-artifact release status."
"docs/Lessons/Bi-Weekly/Grades_1-2_YearA/Session13_Easter_Innovation.md","1-2","New life","Easter Innovation","lesson plan","INCLUDE","Primary teachable curriculum document.","KEEP + IMPROVE; revision rebuilt","Retain; use lesson audit and teacher-artifact release status."
"docs/Lessons/Bi-Weekly/Grades_1-2_YearA/Session14_Sound_Engineering.md","1-2","Sound","Sound Engineering","lesson plan","INCLUDE","Primary teachable curriculum document.","KEEP + IMPROVE; revision rebuilt","Retain; use lesson audit and teacher-artifact release status."
"docs/Lessons/Bi-Weekly/Grades_1-2_YearA/Session15_Robot_Challenge.md","1-2","Coding","Robot Challenge","lesson plan","INCLUDE","Primary teachable curriculum document.","KEEP + IMPROVE; revision rebuilt","Retain; use lesson audit and teacher-artifact release status."
"docs/Lessons/Bi-Weekly/Grades_1-2_YearA/Session16_Community_Helpers.md","1-2","Service","Community Helpers","lesson plan","INCLUDE","Primary teachable curriculum document.","KEEP + IMPROVE; revision rebuilt","Retain; use lesson audit and teacher-artifact release status."
"docs/Lessons/Bi-Weekly/Grades_1-2_YearA/Session17_Exhibition.md","1-2","Reflection","Year Exhibition","lesson plan","INCLUDE","Primary teachable curriculum document.","KEEP + IMPROVE; revision rebuilt","Retain; use lesson audit and teacher-artifact release status."
"docs/Lessons/Bi-Weekly/Grades_1-2_YearB/README.md","Program","Not applicable","Not applicable","grade/track overview","INCLUDE","Authoritative curriculum, review, planning, or validation support.","REVIEWED FOR ROLE","Retain and maintain with the curriculum."
"docs/Lessons/Bi-Weekly/Grades_1-2_YearB/Session01_Design_Detectives.md","1-2","Design","Design Detectives","lesson plan","INCLUDE","Primary teachable curriculum document.","KEEP + IMPROVE; revision rebuilt","Retain; use lesson audit and teacher-artifact release status."
"docs/Lessons/Bi-Weekly/Grades_1-2_YearB/Session02_Tower_Power.md","1-2","Structures","Tower Power","lesson plan","INCLUDE","Primary teachable curriculum document.","KEEP + IMPROVE; revision rebuilt","Retain; use lesson audit and teacher-artifact release status."
"docs/Lessons/Bi-Weekly/Grades_1-2_YearB/Session03_Sphero_Intro.md","1-2","Coding","Meet Sphero","lesson plan","INCLUDE","Primary teachable curriculum document.","REBUILD; revision rebuilt","Retain; use lesson audit and teacher-artifact release status."
"docs/Lessons/Bi-Weekly/Grades_1-2_YearB/Session04_Animal_Adaptations.md","1-2","Adaptations","Animal Adaptations","lesson plan","INCLUDE","Primary teachable curriculum document.","KEEP + IMPROVE; revision rebuilt","Retain; use lesson audit and teacher-artifact release status."
"docs/Lessons/Bi-Weekly/Grades_1-2_YearB/Session05_Garden_Engineers.md","1-2","Growth","Garden Engineers","lesson plan","INCLUDE","Primary teachable curriculum document.","REBUILD; revision rebuilt","Retain; use lesson audit and teacher-artifact release status."
"docs/Lessons/Bi-Weekly/Grades_1-2_YearB/Session06_Gratitude_Gifts.md","1-2","Service","Gratitude Gifts","lesson plan","INCLUDE","Primary teachable curriculum document.","KEEP + IMPROVE; revision rebuilt","Retain; use lesson audit and teacher-artifact release status."
"docs/Lessons/Bi-Weekly/Grades_1-2_YearB/Session07_Star_Makers.md","1-2","Light","Star Makers","lesson plan","INCLUDE","Primary teachable curriculum document.","KEEP + IMPROVE; revision rebuilt","Retain; use lesson audit and teacher-artifact release status."
"docs/Lessons/Bi-Weekly/Grades_1-2_YearB/Session08_Digital_Art.md","1-2","Art","Digital Art","lesson plan","INCLUDE","Primary teachable curriculum document.","KEEP + IMPROVE; revision rebuilt","Retain; use lesson audit and teacher-artifact release status."
"docs/Lessons/Bi-Weekly/Grades_1-2_YearB/Session09_Faith_Scientists.md","1-2","Faith and reason","Faith Scientists","lesson plan","INCLUDE","Primary teachable curriculum document.","KEEP + IMPROVE; revision rebuilt","Retain; use lesson audit and teacher-artifact release status."
"docs/Lessons/Bi-Weekly/Grades_1-2_YearB/Session10_Magnets_Motion.md","1-2","Forces","Magnets and Motion","lesson plan","INCLUDE","Primary teachable curriculum document.","KEEP + IMPROVE; revision rebuilt","Retain; use lesson audit and teacher-artifact release status."
"docs/Lessons/Bi-Weekly/Grades_1-2_YearB/Session11_Lenten_Love.md","1-2","Service","Lenten Love","lesson plan","INCLUDE","Primary teachable curriculum document.","KEEP + IMPROVE; revision rebuilt","Retain; use lesson audit and teacher-artifact release status."
"docs/Lessons/Bi-Weekly/Grades_1-2_YearB/Session12_Butterfly_Wonder.md","1-2","Life cycles","Butterfly Wonder","lesson plan","INCLUDE","Primary teachable curriculum document.","KEEP + IMPROVE; revision rebuilt","Retain; use lesson audit and teacher-artifact release status."
"docs/Lessons/Bi-Weekly/Grades_1-2_YearB/Session13_Easter_Joy.md","1-2","New life","Easter Joy","lesson plan","INCLUDE","Primary teachable curriculum document.","KEEP + IMPROVE; revision rebuilt","Retain; use lesson audit and teacher-artifact release status."
"docs/Lessons/Bi-Weekly/Grades_1-2_YearB/Session14_Sphero_Challenge.md","1-2","Coding","Sphero Challenge","lesson plan","INCLUDE","Primary teachable curriculum document.","KEEP + IMPROVE; revision rebuilt","Retain; use lesson audit and teacher-artifact release status."
"docs/Lessons/Bi-Weekly/Grades_1-2_YearB/Session15_Simple_Machines.md","1-2","Machines","Simple Machines","lesson plan","INCLUDE","Primary teachable curriculum document.","KEEP + IMPROVE; revision rebuilt","Retain; use lesson audit and teacher-artifact release status."
"docs/Lessons/Bi-Weekly/Grades_1-2_YearB/Session16_Earth_Care.md","1-2","Stewardship","Earth Care","lesson plan","INCLUDE","Primary teachable curriculum document.","KEEP + IMPROVE; revision rebuilt","Retain; use lesson audit and teacher-artifact release status."
"docs/Lessons/Bi-Weekly/Grades_1-2_YearB/Session17_Celebration.md","1-2","Reflection","Year Celebration","lesson plan","INCLUDE","Primary teachable curriculum document.","KEEP + IMPROVE; revision rebuilt","Retain; use lesson audit and teacher-artifact release status."
"docs/Lessons/Bi-Weekly/Grades_3-4_YearA/README.md","Program","Not applicable","Not applicable","grade/track overview","INCLUDE","Authoritative curriculum, review, planning, or validation support.","REVIEWED FOR ROLE","Retain and maintain with the curriculum."
"docs/Lessons/Bi-Weekly/Grades_3-4_YearA/Session01_Engineering_Design.md","3-4","Foundations","Engineering Design","lesson plan","INCLUDE","Primary teachable curriculum document.","KEEP + IMPROVE; revision rebuilt","Retain; use lesson audit and teacher-artifact release status."
"docs/Lessons/Bi-Weekly/Grades_3-4_YearA/Session02_Dash_Code.md","3-4","Computing","Dash and Code","lesson plan","INCLUDE","Primary teachable curriculum document.","REBUILD; revision rebuilt","Retain; use lesson audit and teacher-artifact release status."
"docs/Lessons/Bi-Weekly/Grades_3-4_YearA/Session03_Bridge_Engineering.md","3-4","Structures","Bridge Engineering","lesson plan","INCLUDE","Primary teachable curriculum document.","KEEP + IMPROVE; revision rebuilt","Retain; use lesson audit and teacher-artifact release status."
"docs/Lessons/Bi-Weekly/Grades_3-4_YearA/Session04_Animal_Habitats.md","3-4","Life science","Animal Habitats","lesson plan","INCLUDE","Primary teachable curriculum document.","KEEP + IMPROVE; revision rebuilt","Retain; use lesson audit and teacher-artifact release status."
"docs/Lessons/Bi-Weekly/Grades_3-4_YearA/Session05_Scratch_Intro.md","3-4","Computing","Scratch Intro","lesson plan","INCLUDE","Primary teachable curriculum document.","KEEP + IMPROVE; revision rebuilt","Retain; use lesson audit and teacher-artifact release status."
"docs/Lessons/Bi-Weekly/Grades_3-4_YearA/Session06_Gratitude_Tech.md","3-4","Gratitude communication","Gratitude Tech","lesson plan","INCLUDE","Primary teachable curriculum document.","KEEP + IMPROVE; revision rebuilt","Retain; use lesson audit and teacher-artifact release status."
"docs/Lessons/Bi-Weekly/Grades_3-4_YearA/Session07_Light_Circuits.md","3-4","Circuits","Light and Circuits","lesson plan","INCLUDE","Primary teachable curriculum document.","REBUILD; revision rebuilt","Retain; use lesson audit and teacher-artifact release status."
"docs/Lessons/Bi-Weekly/Grades_3-4_YearA/Session08_Scratch_Animation.md","3-4","Computing art","Scratch Animation","lesson plan","INCLUDE","Primary teachable curriculum document.","KEEP + IMPROVE; revision rebuilt","Retain; use lesson audit and teacher-artifact release status."
"docs/Lessons/Bi-Weekly/Grades_3-4_YearA/Session09_Catholic_Scientists.md","3-4","Faith and evidence","Catholic Scientists","lesson plan","INCLUDE","Primary teachable curriculum document.","KEEP + IMPROVE; revision rebuilt","Retain; use lesson audit and teacher-artifact release status."
"docs/Lessons/Bi-Weekly/Grades_3-4_YearA/Session10_Weather_Science.md","3-4","Weather","Weather Science","lesson plan","INCLUDE","Primary teachable curriculum document.","KEEP + IMPROVE; revision rebuilt","Retain; use lesson audit and teacher-artifact release status."
"docs/Lessons/Bi-Weekly/Grades_3-4_YearA/Session11_Lenten_Engineering.md","3-4","Service design","Lenten Engineering","lesson plan","INCLUDE","Primary teachable curriculum document.","KEEP + IMPROVE; revision rebuilt","Retain; use lesson audit and teacher-artifact release status."
"docs/Lessons/Bi-Weekly/Grades_3-4_YearA/Session12_Plants_Growth.md","3-4","Life inquiry","Plants and Growth","lesson plan","INCLUDE","Primary teachable curriculum document.","REBUILD; revision rebuilt","Retain; use lesson audit and teacher-artifact release status."
"docs/Lessons/Bi-Weekly/Grades_3-4_YearA/Session13_Easter_Tech.md","3-4","Faith communication","Easter Tech","lesson plan","INCLUDE","Primary teachable curriculum document.","KEEP + IMPROVE; revision rebuilt","Retain; use lesson audit and teacher-artifact release status."
"docs/Lessons/Bi-Weekly/Grades_3-4_YearA/Session14_Dash_Challenge.md","3-4","Computing","Dash Challenge","lesson plan","INCLUDE","Primary teachable curriculum document.","KEEP + IMPROVE; revision rebuilt","Retain; use lesson audit and teacher-artifact release status."
"docs/Lessons/Bi-Weekly/Grades_3-4_YearA/Session15_Simple_Machines.md","3-4","Machines","Simple Machines","lesson plan","INCLUDE","Primary teachable curriculum document.","KEEP + IMPROVE; revision rebuilt","Retain; use lesson audit and teacher-artifact release status."
"docs/Lessons/Bi-Weekly/Grades_3-4_YearA/Session16_Little_Bits.md","3-4","Circuits","Little Bits","lesson plan","INCLUDE","Primary teachable curriculum document.","KEEP + IMPROVE; revision rebuilt","Retain; use lesson audit and teacher-artifact release status."
"docs/Lessons/Bi-Weekly/Grades_3-4_YearA/Session17_Exhibition.md","3-4","Portfolio","Year Exhibition","lesson plan","INCLUDE","Primary teachable curriculum document.","KEEP + IMPROVE; revision rebuilt","Retain; use lesson audit and teacher-artifact release status."
"docs/Lessons/Bi-Weekly/Grades_3-4_YearB/README.md","Program","Not applicable","Not applicable","grade/track overview","INCLUDE","Authoritative curriculum, review, planning, or validation support.","REVIEWED FOR ROLE","Retain and maintain with the curriculum."
"docs/Lessons/Bi-Weekly/Grades_3-4_YearB/Session01_Design_Thinking.md","3-4","Foundations","Design Thinking","lesson plan","INCLUDE","Primary teachable curriculum document.","KEEP + IMPROVE; revision rebuilt","Retain; use lesson audit and teacher-artifact release status."
"docs/Lessons/Bi-Weekly/Grades_3-4_YearB/Session02_Ozobot_Coding.md","3-4","Computing","Ozobot Coding","lesson plan","INCLUDE","Primary teachable curriculum document.","REBUILD; revision rebuilt","Retain; use lesson audit and teacher-artifact release status."
"docs/Lessons/Bi-Weekly/Grades_3-4_YearB/Session03_Tower_Challenge.md","3-4","Structures","Tower Challenge","lesson plan","INCLUDE","Primary teachable curriculum document.","KEEP + IMPROVE; revision rebuilt","Retain; use lesson audit and teacher-artifact release status."
"docs/Lessons/Bi-Weekly/Grades_3-4_YearB/Session04_Ecosystems.md","3-4","Life systems","Ecosystems","lesson plan","INCLUDE","Primary teachable curriculum document.","KEEP + IMPROVE; revision rebuilt","Retain; use lesson audit and teacher-artifact release status."
"docs/Lessons/Bi-Weekly/Grades_3-4_YearB/Session05_Scratch_Games.md","3-4","Computing","Scratch Games","lesson plan","INCLUDE","Primary teachable curriculum document.","REBUILD; revision rebuilt","Retain; use lesson audit and teacher-artifact release status."
"docs/Lessons/Bi-Weekly/Grades_3-4_YearB/Session06_Thanksgiving_Design.md","3-4","Gratitude design","Thanksgiving Design","lesson plan","INCLUDE","Primary teachable curriculum document.","KEEP + IMPROVE; revision rebuilt","Retain; use lesson audit and teacher-artifact release status."
"docs/Lessons/Bi-Weekly/Grades_3-4_YearB/Session07_Christmas_Circuits.md","3-4","Circuits","Christmas Circuits","lesson plan","INCLUDE","Primary teachable curriculum document.","REBUILD; revision rebuilt","Retain; use lesson audit and teacher-artifact release status."
"docs/Lessons/Bi-Weekly/Grades_3-4_YearB/Session08_Digital_Stories.md","3-4","Communication art","Digital Stories","lesson plan","INCLUDE","Primary teachable curriculum document.","KEEP + IMPROVE; revision rebuilt","Retain; use lesson audit and teacher-artifact release status."
"docs/Lessons/Bi-Weekly/Grades_3-4_YearB/Session09_Faith_Science.md","3-4","Faith and evidence","Faith and Science","lesson plan","INCLUDE","Primary teachable curriculum document.","KEEP + IMPROVE; revision rebuilt","Retain; use lesson audit and teacher-artifact release status."
"docs/Lessons/Bi-Weekly/Grades_3-4_YearB/Session10_Geology_Rocks.md","3-4","Earth systems","Geology Rocks","lesson plan","INCLUDE","Primary teachable curriculum document.","KEEP + IMPROVE; revision rebuilt","Retain; use lesson audit and teacher-artifact release status."
"docs/Lessons/Bi-Weekly/Grades_3-4_YearB/Session11_Lenten_Service.md","3-4","Service design","Lenten Service","lesson plan","INCLUDE","Primary teachable curriculum document.","KEEP + IMPROVE; revision rebuilt","Retain; use lesson audit and teacher-artifact release status."
"docs/Lessons/Bi-Weekly/Grades_3-4_YearB/Session12_Life_Cycles.md","3-4","Life systems","Life Cycles","lesson plan","INCLUDE","Primary teachable curriculum document.","KEEP + IMPROVE; revision rebuilt","Retain; use lesson audit and teacher-artifact release status."
"docs/Lessons/Bi-Weekly/Grades_3-4_YearB/Session13_Easter_Creation.md","3-4","Faith communication","Easter Creation","lesson plan","INCLUDE","Primary teachable curriculum document.","KEEP + IMPROVE; revision rebuilt","Retain; use lesson audit and teacher-artifact release status."
"docs/Lessons/Bi-Weekly/Grades_3-4_YearB/Session14_Ozobot_Challenge.md","3-4","Computing","Ozobot Challenge","lesson plan","INCLUDE","Primary teachable curriculum document.","KEEP + IMPROVE; revision rebuilt","Retain; use lesson audit and teacher-artifact release status."
"docs/Lessons/Bi-Weekly/Grades_3-4_YearB/Session15_Compound_Machines.md","3-4","Machines","Compound Machines","lesson plan","INCLUDE","Primary teachable curriculum document.","KEEP + IMPROVE; revision rebuilt","Retain; use lesson audit and teacher-artifact release status."
"docs/Lessons/Bi-Weekly/Grades_3-4_YearB/Session16_Makey_Makey.md","3-4","Interactive tools","Makey Makey","lesson plan","INCLUDE","Primary teachable curriculum document.","KEEP + IMPROVE; revision rebuilt","Retain; use lesson audit and teacher-artifact release status."
"docs/Lessons/Bi-Weekly/Grades_3-4_YearB/Session17_Celebration.md","3-4","Portfolio","Year Celebration","lesson plan","INCLUDE","Primary teachable curriculum document.","KEEP + IMPROVE; revision rebuilt","Retain; use lesson audit and teacher-artifact release status."
"docs/Lessons/Bi-Weekly/Grades_5-6_YearA/README.md","Program","Not applicable","Not applicable","grade/track overview","INCLUDE","Authoritative curriculum, review, planning, or validation support.","REVIEWED FOR ROLE","Retain and maintain with the curriculum."
"docs/Lessons/Bi-Weekly/Grades_5-6_YearA/Session01_Design_Process.md","5-6","Foundations","Design Process","lesson plan","INCLUDE","Primary teachable curriculum document.","KEEP + IMPROVE; revision rebuilt","Retain; use lesson audit and teacher-artifact release status."
"docs/Lessons/Bi-Weekly/Grades_5-6_YearA/Session02_Sphero_Advanced.md","5-6","Computing","Sphero Advanced","lesson plan","INCLUDE","Primary teachable curriculum document.","REBUILD; revision rebuilt","Retain; use lesson audit and teacher-artifact release status."
"docs/Lessons/Bi-Weekly/Grades_5-6_YearA/Session03_Structural_Engineering.md","5-6","Structures","Structural Engineering","lesson plan","INCLUDE","Primary teachable curriculum document.","KEEP + IMPROVE; revision rebuilt","Retain; use lesson audit and teacher-artifact release status."
"docs/Lessons/Bi-Weekly/Grades_5-6_YearA/Session04_Body_Systems.md","5-6","Life Science","Body Systems","lesson plan","INCLUDE","Primary teachable curriculum document.","KEEP + IMPROVE; revision rebuilt","Retain; use lesson audit and teacher-artifact release status."
"docs/Lessons/Bi-Weekly/Grades_5-6_YearA/Session05_Scratch_Advanced.md","5-6","Computing","Scratch Advanced","lesson plan","INCLUDE","Primary teachable curriculum document.","REBUILD; revision rebuilt","Retain; use lesson audit and teacher-artifact release status."
"docs/Lessons/Bi-Weekly/Grades_5-6_YearA/Session06_Thanksgiving_Innovation.md","5-6","Service","Thanksgiving Innovation","lesson plan","INCLUDE","Primary teachable curriculum document.","KEEP + IMPROVE; revision rebuilt","Retain; use lesson audit and teacher-artifact release status."
"docs/Lessons/Bi-Weekly/Grades_5-6_YearA/Session07_Christmas_Electronics.md","5-6","Physical Computing","Christmas Electronics","lesson plan","INCLUDE","Primary teachable curriculum document.","REBUILD; revision rebuilt","Retain; use lesson audit and teacher-artifact release status."
"docs/Lessons/Bi-Weekly/Grades_5-6_YearA/Session08_App_Inventor.md","5-6","Computing","App Inventor","lesson plan","INCLUDE","Primary teachable curriculum document.","REBUILD; revision rebuilt","Retain; use lesson audit and teacher-artifact release status."
"docs/Lessons/Bi-Weekly/Grades_5-6_YearA/Session09_Catholic_Scientists.md","5-6","Research","Catholic Scientists","lesson plan","INCLUDE","Primary teachable curriculum document.","KEEP + IMPROVE; revision rebuilt","Retain; use lesson audit and teacher-artifact release status."
"docs/Lessons/Bi-Weekly/Grades_5-6_YearA/Session10_Environmental_Science.md","5-6","Environment","Environmental Science","lesson plan","INCLUDE","Primary teachable curriculum document.","REBUILD; revision rebuilt","Retain; use lesson audit and teacher-artifact release status."
"docs/Lessons/Bi-Weekly/Grades_5-6_YearA/Session11_Lenten_Engineering.md","5-6","Service","Lenten Engineering","lesson plan","INCLUDE","Primary teachable curriculum document.","KEEP + IMPROVE; revision rebuilt","Retain; use lesson audit and teacher-artifact release status."
"docs/Lessons/Bi-Weekly/Grades_5-6_YearA/Session12_Life_Science.md","5-6","Life Science","Life Science","lesson plan","INCLUDE","Primary teachable curriculum document.","REBUILD; revision rebuilt","Retain; use lesson audit and teacher-artifact release status."
"docs/Lessons/Bi-Weekly/Grades_5-6_YearA/Session13_Easter_Tech.md","5-6","Communication","Easter Technology","lesson plan","INCLUDE","Primary teachable curriculum document.","KEEP + IMPROVE; revision rebuilt","Retain; use lesson audit and teacher-artifact release status."
"docs/Lessons/Bi-Weekly/Grades_5-6_YearA/Session14_Sphero_Challenge.md","5-6","Computing","Sphero Challenge","lesson plan","INCLUDE","Primary teachable curriculum document.","REBUILD; revision rebuilt","Retain; use lesson audit and teacher-artifact release status."
"docs/Lessons/Bi-Weekly/Grades_5-6_YearA/Session15_Physics_Motion.md","5-6","Physical Science","Physics and Motion","lesson plan","INCLUDE","Primary teachable curriculum document.","KEEP + IMPROVE; revision rebuilt","Retain; use lesson audit and teacher-artifact release status."
"docs/Lessons/Bi-Weekly/Grades_5-6_YearA/Session16_Advanced_Invention.md","5-6","Capstone","Advanced Invention","lesson plan","INCLUDE","Primary teachable curriculum document.","REBUILD; revision rebuilt","Retain; use lesson audit and teacher-artifact release status."
"docs/Lessons/Bi-Weekly/Grades_5-6_YearA/Session17_Exhibition.md","5-6","Communication","Year Exhibition","lesson plan","INCLUDE","Primary teachable curriculum document.","KEEP + IMPROVE; revision rebuilt","Retain; use lesson audit and teacher-artifact release status."
"docs/Lessons/Bi-Weekly/Grades_5-6_YearB/README.md","Program","Not applicable","Not applicable","grade/track overview","INCLUDE","Authoritative curriculum, review, planning, or validation support.","REVIEWED FOR ROLE","Retain and maintain with the curriculum."
"docs/Lessons/Bi-Weekly/Grades_5-6_YearB/Session01_Engineering_Thinking.md","5-6","Foundations","Engineering Thinking","lesson plan","INCLUDE","Primary teachable curriculum document.","KEEP + IMPROVE; revision rebuilt","Retain; use lesson audit and teacher-artifact release status."
"docs/Lessons/Bi-Weekly/Grades_5-6_YearB/Session02_Sphero_Sensors.md","5-6","Computing","Sphero Sensors","lesson plan","INCLUDE","Primary teachable curriculum document.","REBUILD; revision rebuilt","Retain; use lesson audit and teacher-artifact release status."
"docs/Lessons/Bi-Weekly/Grades_5-6_YearB/Session03_Architecture.md","5-6","Structures","Architecture","lesson plan","INCLUDE","Primary teachable curriculum document.","KEEP + IMPROVE; revision rebuilt","Retain; use lesson audit and teacher-artifact release status."
"docs/Lessons/Bi-Weekly/Grades_5-6_YearB/Session04_Forensic_Science.md","5-6","Investigation","Forensic Science","lesson plan","INCLUDE","Primary teachable curriculum document.","REBUILD; revision rebuilt","Retain; use lesson audit and teacher-artifact release status."
"docs/Lessons/Bi-Weekly/Grades_5-6_YearB/Session05_Scratch_Games.md","5-6","Computing","Scratch Games","lesson plan","INCLUDE","Primary teachable curriculum document.","REBUILD; revision rebuilt","Retain; use lesson audit and teacher-artifact release status."
"docs/Lessons/Bi-Weekly/Grades_5-6_YearB/Session06_Gratitude_Design.md","5-6","Service","Gratitude Design","lesson plan","INCLUDE","Primary teachable curriculum document.","KEEP + IMPROVE; revision rebuilt","Retain; use lesson audit and teacher-artifact release status."
"docs/Lessons/Bi-Weekly/Grades_5-6_YearB/Session07_Advent_Coding.md","5-6","Computing","Advent Coding","lesson plan","INCLUDE","Primary teachable curriculum document.","KEEP + IMPROVE; revision rebuilt","Retain; use lesson audit and teacher-artifact release status."
"docs/Lessons/Bi-Weekly/Grades_5-6_YearB/Session08_App_Design.md","5-6","Computing","App Design","lesson plan","INCLUDE","Primary teachable curriculum document.","REBUILD; revision rebuilt","Retain; use lesson audit and teacher-artifact release status."
"docs/Lessons/Bi-Weekly/Grades_5-6_YearB/Session09_Science_Faith.md","5-6","Research","Science and Faith","lesson plan","INCLUDE","Primary teachable curriculum document.","KEEP + IMPROVE; revision rebuilt","Retain; use lesson audit and teacher-artifact release status."
"docs/Lessons/Bi-Weekly/Grades_5-6_YearB/Session10_Space_Science.md","5-6","Earth and Space","Space Science","lesson plan","INCLUDE","Primary teachable curriculum document.","KEEP + IMPROVE; revision rebuilt","Retain; use lesson audit and teacher-artifact release status."
"docs/Lessons/Bi-Weekly/Grades_5-6_YearB/Session11_Mercy_Engineering.md","5-6","Service","Mercy Engineering","lesson plan","INCLUDE","Primary teachable curriculum document.","KEEP + IMPROVE; revision rebuilt","Retain; use lesson audit and teacher-artifact release status."
"docs/Lessons/Bi-Weekly/Grades_5-6_YearB/Session12_Ecosystems.md","5-6","Life Science","Ecosystems","lesson plan","INCLUDE","Primary teachable curriculum document.","KEEP + IMPROVE; revision rebuilt","Retain; use lesson audit and teacher-artifact release status."
"docs/Lessons/Bi-Weekly/Grades_5-6_YearB/Session13_New_Life_Tech.md","5-6","Communication","New Life Technology","lesson plan","INCLUDE","Primary teachable curriculum document.","KEEP + IMPROVE; revision rebuilt","Retain; use lesson audit and teacher-artifact release status."
"docs/Lessons/Bi-Weekly/Grades_5-6_YearB/Session14_Robot_Olympics.md","5-6","Computing","Robot Olympics","lesson plan","INCLUDE","Primary teachable curriculum document.","REBUILD; revision rebuilt","Retain; use lesson audit and teacher-artifact release status."
"docs/Lessons/Bi-Weekly/Grades_5-6_YearB/Session15_Energy_Science.md","5-6","Physical Science","Energy Science","lesson plan","INCLUDE","Primary teachable curriculum document.","KEEP + IMPROVE; revision rebuilt","Retain; use lesson audit and teacher-artifact release status."
"docs/Lessons/Bi-Weekly/Grades_5-6_YearB/Session16_Innovation_Lab.md","5-6","Capstone","Innovation Lab","lesson plan","INCLUDE","Primary teachable curriculum document.","REBUILD; revision rebuilt","Retain; use lesson audit and teacher-artifact release status."
"docs/Lessons/Bi-Weekly/Grades_5-6_YearB/Session17_Celebration.md","5-6","Communication","Celebration Exhibition","lesson plan","INCLUDE","Primary teachable curriculum document.","KEEP + IMPROVE; revision rebuilt","Retain; use lesson audit and teacher-artifact release status."
"docs/Lessons/Bi-Weekly/Kindergarten/README.md","Program","Not applicable","Not applicable","grade/track overview","INCLUDE","Authoritative curriculum, review, planning, or validation support.","REVIEWED FOR ROLE","Retain and maintain with the curriculum."
"docs/Lessons/Bi-Weekly/Kindergarten/Session01_Welcome_Wonder.md","K","Welcome","Welcome to Wonder","lesson plan","INCLUDE","Primary teachable curriculum document.","KEEP + IMPROVE; revision rebuilt","Retain; use lesson audit and teacher-artifact release status."
"docs/Lessons/Bi-Weekly/Kindergarten/Session02_Gods_World.md","K","Observation","God's Amazing World","lesson plan","INCLUDE","Primary teachable curriculum document.","KEEP + IMPROVE; revision rebuilt","Retain; use lesson audit and teacher-artifact release status."
"docs/Lessons/Bi-Weekly/Kindergarten/Session03_Building_Basics.md","K","Structures","Building Basics","lesson plan","INCLUDE","Primary teachable curriculum document.","KEEP + IMPROVE; revision rebuilt","Retain; use lesson audit and teacher-artifact release status."
"docs/Lessons/Bi-Weekly/Kindergarten/Session04_Colors_Light.md","K","Light","Colors and Light","lesson plan","INCLUDE","Primary teachable curriculum document.","KEEP + IMPROVE; revision rebuilt","Retain; use lesson audit and teacher-artifact release status."
"docs/Lessons/Bi-Weekly/Kindergarten/Session05_Simple_Machines.md","K","Ramps","Simple Machines","lesson plan","INCLUDE","Primary teachable curriculum document.","KEEP + IMPROVE; revision rebuilt","Retain; use lesson audit and teacher-artifact release status."
"docs/Lessons/Bi-Weekly/Kindergarten/Session06_Thanksgiving.md","K","Service art","Thanksgiving Wonder","lesson plan","INCLUDE","Primary teachable curriculum document.","KEEP + IMPROVE; revision rebuilt","Retain; use lesson audit and teacher-artifact release status."
"docs/Lessons/Bi-Weekly/Kindergarten/Session07_Advent_Light.md","K","Light art","Advent Light","lesson plan","INCLUDE","Primary teachable curriculum document.","KEEP + IMPROVE; revision rebuilt","Retain; use lesson audit and teacher-artifact release status."
"docs/Lessons/Bi-Weekly/Kindergarten/Session08_Winter_Science.md","K","Water changes","Winter Science","lesson plan","INCLUDE","Primary teachable curriculum document.","REBUILD; revision rebuilt","Retain; use lesson audit and teacher-artifact release status."
"docs/Lessons/Bi-Weekly/Kindergarten/Session09_Catholic_Schools.md","K","Community art","Our Catholic School","lesson plan","INCLUDE","Primary teachable curriculum document.","KEEP + IMPROVE; revision rebuilt","Retain; use lesson audit and teacher-artifact release status."
"docs/Lessons/Bi-Weekly/Kindergarten/Session10_Weather_Wonder.md","K","Weather","Weather Wonder","lesson plan","INCLUDE","Primary teachable curriculum document.","KEEP + IMPROVE; revision rebuilt","Retain; use lesson audit and teacher-artifact release status."
"docs/Lessons/Bi-Weekly/Kindergarten/Session11_Growing_Things.md","K","Plant observation","Growing Things","lesson plan","INCLUDE","Primary teachable curriculum document.","REBUILD; revision rebuilt","Retain; use lesson audit and teacher-artifact release status."
"docs/Lessons/Bi-Weekly/Kindergarten/Session12_Animal_Homes.md","K","Habitats","Animal Homes","lesson plan","INCLUDE","Primary teachable curriculum document.","KEEP + IMPROVE; revision rebuilt","Retain; use lesson audit and teacher-artifact release status."
"docs/Lessons/Bi-Weekly/Kindergarten/Session13_Easter_New_Life.md","K","Life cycles","Easter New Life","lesson plan","INCLUDE","Primary teachable curriculum document.","REBUILD; revision rebuilt","Retain; use lesson audit and teacher-artifact release status."
"docs/Lessons/Bi-Weekly/Kindergarten/Session14_Sound_Music.md","K","Sound","Sound and Music","lesson plan","INCLUDE","Primary teachable curriculum document.","KEEP + IMPROVE; revision rebuilt","Retain; use lesson audit and teacher-artifact release status."
"docs/Lessons/Bi-Weekly/Kindergarten/Session15_Helping_Others.md","K","Service art and algorithms","Helping Others","lesson plan","INCLUDE","Primary teachable curriculum document.","KEEP + IMPROVE; revision rebuilt","Retain; use lesson audit and teacher-artifact release status."
"docs/Lessons/Bi-Weekly/Kindergarten/Session16_Water_Wonder.md","K","Buoyancy","Water Wonder","lesson plan","INCLUDE","Primary teachable curriculum document.","REBUILD; revision rebuilt","Retain; use lesson audit and teacher-artifact release status."
"docs/Lessons/Bi-Weekly/Kindergarten/Session17_Celebration.md","K","Reflection","Year Celebration","lesson plan","INCLUDE","Primary teachable curriculum document.","KEEP + IMPROVE; revision rebuilt","Retain; use lesson audit and teacher-artifact release status."
"docs/Lessons/Bi-Weekly/README.md","Program","Not applicable","Not applicable","grade/track overview","INCLUDE","Authoritative curriculum, review, planning, or validation support.","REVIEWED FOR ROLE","Retain and maintain with the curriculum."
"docs/Lessons/Grades_1-2_YearA/README.md","Program","Not applicable","Not applicable","grade/track overview","INCLUDE","Authoritative curriculum, review, planning, or validation support.","REVIEWED FOR ROLE","Retain and maintain with the curriculum."
"docs/Lessons/Grades_1-2_YearA/Week01_Welcome_to_CSTREAM.md","1-2","Welcome","Welcome to C-STREAM","lesson plan","INCLUDE","Primary teachable curriculum document.","KEEP + IMPROVE; revision rebuilt","Retain; use lesson audit and teacher-artifact release status."
"docs/Lessons/Grades_1-2_YearA/Week02-03_Sphero_Coding.md","1-2","Coding","Sphero Coding Adventures","lesson plan","INCLUDE","Primary teachable curriculum document.","REBUILD; revision rebuilt","Retain; use lesson audit and teacher-artifact release status."
"docs/Lessons/Grades_1-2_YearA/Week04_Wonder_Walk.md","1-2","Observation","Wonder Walk Scientists","lesson plan","INCLUDE","Primary teachable curriculum document.","REBUILD; revision rebuilt","Retain; use lesson audit and teacher-artifact release status."
"docs/Lessons/Grades_1-2_YearA/Week05-06_KEVA_Engineering.md","1-2","Structures","KEVA Engineering Challenge","lesson plan","INCLUDE","Primary teachable curriculum document.","KEEP + IMPROVE; revision rebuilt","Retain; use lesson audit and teacher-artifact release status."
"docs/Lessons/Grades_1-2_YearA/Week07-09_Engineering_for_Others.md","1-2","Service","Engineering for Others","lesson plan","INCLUDE","Primary teachable curriculum document.","KEEP + IMPROVE; revision rebuilt","Retain; use lesson audit and teacher-artifact release status."
"docs/Lessons/Grades_1-2_YearA/Week10_Strong_Bridges.md","1-2","Structures","Strong Bridges","lesson plan","INCLUDE","Primary teachable curriculum document.","KEEP + IMPROVE; revision rebuilt","Retain; use lesson audit and teacher-artifact release status."
"docs/Lessons/Grades_1-2_YearA/Week11_Thankful_Coding.md","1-2","Coding","Thankful Coding","lesson plan","INCLUDE","Primary teachable curriculum document.","KEEP + IMPROVE; revision rebuilt","Retain; use lesson audit and teacher-artifact release status."
"docs/Lessons/Grades_1-2_YearA/Week12_Making_Gifts.md","1-2","Service","Making Gifts","lesson plan","INCLUDE","Primary teachable curriculum document.","KEEP + IMPROVE; revision rebuilt","Retain; use lesson audit and teacher-artifact release status."
"docs/Lessons/Grades_1-2_YearA/Week13_Fall_Celebration.md","1-2","Reflection","Fall STREAM Celebration","lesson plan","INCLUDE","Primary teachable curriculum document.","KEEP + IMPROVE; revision rebuilt","Retain; use lesson audit and teacher-artifact release status."
"docs/Lessons/Grades_1-2_YearA/Week14-15_Light_Explorations.md","1-2","Light","Light Explorations","lesson plan","INCLUDE","Primary teachable curriculum document.","KEEP + IMPROVE; revision rebuilt","Retain; use lesson audit and teacher-artifact release status."
"docs/Lessons/Grades_1-2_YearA/Week16_Star_of_Wonder.md","1-2","Light","Star of Wonder","lesson plan","INCLUDE","Primary teachable curriculum document.","KEEP + IMPROVE; revision rebuilt","Retain; use lesson audit and teacher-artifact release status."
"docs/Lessons/Grades_1-2_YearA/Week18_New_Year_Goals.md","1-2","Reflection","New Year Goals","lesson plan","INCLUDE","Primary teachable curriculum document.","KEEP + IMPROVE; revision rebuilt","Retain; use lesson audit and teacher-artifact release status."
"docs/Lessons/Grades_1-2_YearA/Week19-22_Exploration_Stations.md","1-2","Stations","STREAM Exploration Stations","lesson plan","INCLUDE","Primary teachable curriculum document.","REBUILD; revision rebuilt","Retain; use lesson audit and teacher-artifact release status."
"docs/Lessons/Grades_1-2_YearA/Week23_Catholic_Schools_Week.md","1-2","Faith and reason","Catholic Schools Week STREAM","lesson plan","INCLUDE","Primary teachable curriculum document.","KEEP + IMPROVE; revision rebuilt","Retain; use lesson audit and teacher-artifact release status."
"docs/Lessons/Grades_1-2_YearA/Week24-25_Dash_Robot_Adventures.md","1-2","Coding","Dash Robot Adventures","lesson plan","INCLUDE","Primary teachable curriculum document.","KEEP + IMPROVE; revision rebuilt","Retain; use lesson audit and teacher-artifact release status."
"docs/Lessons/Grades_1-2_YearA/Week26-27_Helping_Hands_Design.md","1-2","Service","Helping Hands Design","lesson plan","INCLUDE","Primary teachable curriculum document.","KEEP + IMPROVE; revision rebuilt","Retain; use lesson audit and teacher-artifact release status."
"docs/Lessons/Grades_1-2_YearA/Week28_Pi_Day_Circles.md","1-2","Mathematics","Pi Day Circles","lesson plan","INCLUDE","Primary teachable curriculum document.","REBUILD; revision rebuilt","Retain; use lesson audit and teacher-artifact release status."
"docs/Lessons/Grades_1-2_YearA/Week29-31_Growing_Things.md","1-2","Growth","Growing Things","lesson plan","INCLUDE","Primary teachable curriculum document.","REBUILD; revision rebuilt","Retain; use lesson audit and teacher-artifact release status."
"docs/Lessons/Grades_1-2_YearA/Week33_New_Life_Engineering.md","1-2","New life","New Life Engineering","lesson plan","INCLUDE","Primary teachable curriculum document.","KEEP + IMPROVE; revision rebuilt","Retain; use lesson audit and teacher-artifact release status."
"docs/Lessons/Grades_1-2_YearA/Week34_Year_Celebration.md","1-2","Reflection","Year-End STREAM Celebration","lesson plan","INCLUDE","Primary teachable curriculum document.","KEEP + IMPROVE; revision rebuilt","Retain; use lesson audit and teacher-artifact release status."
"docs/Lessons/Grades_1-2_YearB/README.md","Program","Not applicable","Not applicable","grade/track overview","INCLUDE","Authoritative curriculum, review, planning, or validation support.","REVIEWED FOR ROLE","Retain and maintain with the curriculum."
"docs/Lessons/Grades_1-2_YearB/Week01_Welcome_Scientists.md","1-2","Observation","Welcome Back Scientists","lesson plan","INCLUDE","Primary teachable curriculum document.","KEEP + IMPROVE; revision rebuilt","Retain; use lesson audit and teacher-artifact release status."
"docs/Lessons/Grades_1-2_YearB/Week02-03_Dash_Adventures.md","1-2","Coding","Dash Robot Adventures","lesson plan","INCLUDE","Primary teachable curriculum document.","REBUILD; revision rebuilt","Retain; use lesson audit and teacher-artifact release status."
"docs/Lessons/Grades_1-2_YearB/Week04_Senses_Discovery.md","1-2","Observation","Senses and Discovery","lesson plan","INCLUDE","Primary teachable curriculum document.","REBUILD; revision rebuilt","Retain; use lesson audit and teacher-artifact release status."
"docs/Lessons/Grades_1-2_YearB/Week05-06_Tower_Engineering.md","1-2","Structures","Tower Engineering","lesson plan","INCLUDE","Primary teachable curriculum document.","KEEP + IMPROVE; revision rebuilt","Retain; use lesson audit and teacher-artifact release status."
"docs/Lessons/Grades_1-2_YearB/Week07-09_Animal_Habitats.md","1-2","Habitats","Animal Habitats","lesson plan","INCLUDE","Primary teachable curriculum document.","KEEP + IMPROVE; revision rebuilt","Retain; use lesson audit and teacher-artifact release status."
"docs/Lessons/Grades_1-2_YearB/Week10_Ramp_Races.md","1-2","Motion","Ramp Races","lesson plan","INCLUDE","Primary teachable curriculum document.","REBUILD; revision rebuilt","Retain; use lesson audit and teacher-artifact release status."
"docs/Lessons/Grades_1-2_YearB/Week11_Thanksgiving_Coding.md","1-2","Coding","Thanksgiving Coding","lesson plan","INCLUDE","Primary teachable curriculum document.","KEEP + IMPROVE; revision rebuilt","Retain; use lesson audit and teacher-artifact release status."
"docs/Lessons/Grades_1-2_YearB/Week12_Gifts_Others.md","1-2","Service","Gifts for Others","lesson plan","INCLUDE","Primary teachable curriculum document.","KEEP + IMPROVE; revision rebuilt","Retain; use lesson audit and teacher-artifact release status."
"docs/Lessons/Grades_1-2_YearB/Week13_Fall_Festival.md","1-2","Reflection","Fall Festival","lesson plan","INCLUDE","Primary teachable curriculum document.","KEEP + IMPROVE; revision rebuilt","Retain; use lesson audit and teacher-artifact release status."
"docs/Lessons/Grades_1-2_YearB/Week14-15_Stars_Light.md","1-2","Light","Stars and Light","lesson plan","INCLUDE","Primary teachable curriculum document.","KEEP + IMPROVE; revision rebuilt","Retain; use lesson audit and teacher-artifact release status."
"docs/Lessons/Grades_1-2_YearB/Week16_Winter_Wonders.md","1-2","Winter","Winter Wonders","lesson plan","INCLUDE","Primary teachable curriculum document.","REBUILD; revision rebuilt","Retain; use lesson audit and teacher-artifact release status."
"docs/Lessons/Grades_1-2_YearB/Week18_Growth_Goals.md","1-2","Reflection","Growth Goals","lesson plan","INCLUDE","Primary teachable curriculum document.","KEEP + IMPROVE; revision rebuilt","Retain; use lesson audit and teacher-artifact release status."
"docs/Lessons/Grades_1-2_YearB/Week19-22_Invention_Labs.md","1-2","Invention","Invention Labs","lesson plan","INCLUDE","Primary teachable curriculum document.","KEEP + IMPROVE; revision rebuilt","Retain; use lesson audit and teacher-artifact release status."
"docs/Lessons/Grades_1-2_YearB/Week23_Catholic_Schools.md","1-2","Faith and reason","Catholic Schools Celebration","lesson plan","INCLUDE","Primary teachable curriculum document.","KEEP + IMPROVE; revision rebuilt","Retain; use lesson audit and teacher-artifact release status."
"docs/Lessons/Grades_1-2_YearB/Week24-25_Friendship_Machines.md","1-2","Motion","Friendship Machines","lesson plan","INCLUDE","Primary teachable curriculum document.","KEEP + IMPROVE; revision rebuilt","Retain; use lesson audit and teacher-artifact release status."
"docs/Lessons/Grades_1-2_YearB/Week26-27_Garden_Engineering.md","1-2","Growth","Garden Engineering","lesson plan","INCLUDE","Primary teachable curriculum document.","KEEP + IMPROVE; revision rebuilt","Retain; use lesson audit and teacher-artifact release status."
"docs/Lessons/Grades_1-2_YearB/Week28_Math_Games.md","1-2","Mathematics","Math Day Games","lesson plan","INCLUDE","Primary teachable curriculum document.","KEEP + IMPROVE; revision rebuilt","Retain; use lesson audit and teacher-artifact release status."
"docs/Lessons/Grades_1-2_YearB/Week29-31_Butterfly_Engineering.md","1-2","Life cycles","Butterfly Engineering","lesson plan","INCLUDE","Primary teachable curriculum document.","KEEP + IMPROVE; revision rebuilt","Retain; use lesson audit and teacher-artifact release status."
"docs/Lessons/Grades_1-2_YearB/Week33_New_Life.md","1-2","New life","New Life Celebration","lesson plan","INCLUDE","Primary teachable curriculum document.","KEEP + IMPROVE; revision rebuilt","Retain; use lesson audit and teacher-artifact release status."
"docs/Lessons/Grades_1-2_YearB/Week34_Showcase.md","1-2","Reflection","Year B Showcase","lesson plan","INCLUDE","Primary teachable curriculum document.","KEEP + IMPROVE; revision rebuilt","Retain; use lesson audit and teacher-artifact release status."
"docs/Lessons/Grades_3-4_YearA/README.md","Program","Not applicable","Not applicable","grade/track overview","INCLUDE","Authoritative curriculum, review, planning, or validation support.","REVIEWED FOR ROLE","Retain and maintain with the curriculum."
"docs/Lessons/Grades_3-4_YearA/Week01_Welcome_to_CSTREAM.md","3-4","Foundations","Welcome to C-STREAM","lesson plan","INCLUDE","Primary teachable curriculum document.","KEEP + IMPROVE; revision rebuilt","Retain; use lesson audit and teacher-artifact release status."
"docs/Lessons/Grades_3-4_YearA/Week02-03_Sphero_Advanced.md","3-4","Computing","Sphero Advanced Coding","lesson plan","INCLUDE","Primary teachable curriculum document.","REBUILD; revision rebuilt","Retain; use lesson audit and teacher-artifact release status."
"docs/Lessons/Grades_3-4_YearA/Week04_Scientific_Method.md","3-4","Inquiry","Scientific Method","lesson plan","INCLUDE","Primary teachable curriculum document.","KEEP + IMPROVE; revision rebuilt","Retain; use lesson audit and teacher-artifact release status."
"docs/Lessons/Grades_3-4_YearA/Week05-06_KEVA_Challenges.md","3-4","Structures","KEVA Engineering Challenges","lesson plan","INCLUDE","Primary teachable curriculum document.","KEEP + IMPROVE; revision rebuilt","Retain; use lesson audit and teacher-artifact release status."
"docs/Lessons/Grades_3-4_YearA/Week07-09_Community_Helpers.md","3-4","Service design","Community Helpers","lesson plan","INCLUDE","Primary teachable curriculum document.","KEEP + IMPROVE; revision rebuilt","Retain; use lesson audit and teacher-artifact release status."
"docs/Lessons/Grades_3-4_YearA/Week10_Bridge_Engineering.md","3-4","Structures","Bridge Engineering","lesson plan","INCLUDE","Primary teachable curriculum document.","REBUILD; revision rebuilt","Retain; use lesson audit and teacher-artifact release status."
"docs/Lessons/Grades_3-4_YearA/Week11_Coding_Gratitude.md","3-4","Gratitude","Coding Gratitude","lesson plan","INCLUDE","Primary teachable curriculum document.","KEEP + IMPROVE; revision rebuilt","Retain; use lesson audit and teacher-artifact release status."
"docs/Lessons/Grades_3-4_YearA/Week12_Giving_Through_Making.md","3-4","Service design","Giving Through Making","lesson plan","INCLUDE","Primary teachable curriculum document.","KEEP + IMPROVE; revision rebuilt","Retain; use lesson audit and teacher-artifact release status."
"docs/Lessons/Grades_3-4_YearA/Week13_Fall_Celebration.md","3-4","Portfolio","Fall STREAM Celebration","lesson plan","INCLUDE","Primary teachable curriculum document.","KEEP + IMPROVE; revision rebuilt","Retain; use lesson audit and teacher-artifact release status."
"docs/Lessons/Grades_3-4_YearA/Week14-15_Light_Science_Advent.md","3-4","Light","Light Science and Advent","lesson plan","INCLUDE","Primary teachable curriculum document.","KEEP + IMPROVE; revision rebuilt","Retain; use lesson audit and teacher-artifact release status."
"docs/Lessons/Grades_3-4_YearA/Week16_Astronomy_Star.md","3-4","Astronomy","Astronomy and the Star","lesson plan","INCLUDE","Primary teachable curriculum document.","KEEP + IMPROVE; revision rebuilt","Retain; use lesson audit and teacher-artifact release status."
"docs/Lessons/Grades_3-4_YearA/Week18_SMART_Goals.md","3-4","Reflection","SMART Goals","lesson plan","INCLUDE","Primary teachable curriculum document.","KEEP + IMPROVE; revision rebuilt","Retain; use lesson audit and teacher-artifact release status."
"docs/Lessons/Grades_3-4_YearA/Week19-22_Choice_Labs.md","3-4","Choice inquiry","Choice Labs","lesson plan","INCLUDE","Primary teachable curriculum document.","REBUILD; revision rebuilt","Retain; use lesson audit and teacher-artifact release status."
"docs/Lessons/Grades_3-4_YearA/Week23_Catholic_Schools_Week.md","3-4","Faith and evidence","Catholic Schools Week STREAM","lesson plan","INCLUDE","Primary teachable curriculum document.","KEEP + IMPROVE; revision rebuilt","Retain; use lesson audit and teacher-artifact release status."
"docs/Lessons/Grades_3-4_YearA/Week24-25_Scratch_Programming.md","3-4","Computing","Scratch Programming","lesson plan","INCLUDE","Primary teachable curriculum document.","KEEP + IMPROVE; revision rebuilt","Retain; use lesson audit and teacher-artifact release status."
"docs/Lessons/Grades_3-4_YearA/Week26-27_Little_Bits_Circuits.md","3-4","Circuits","Snap Circuits - Build Test and Design","lesson plan","INCLUDE","Primary teachable curriculum document.","KEEP + IMPROVE; revision rebuilt","Retain; use lesson audit and teacher-artifact release status."
"docs/Lessons/Grades_3-4_YearA/Week28_Pi_Day_Circles.md","3-4","Mathematics","Pi Day Circles","lesson plan","INCLUDE","Primary teachable curriculum document.","KEEP + IMPROVE; revision rebuilt","Retain; use lesson audit and teacher-artifact release status."
"docs/Lessons/Grades_3-4_YearA/Week29-31_Environmental_STREAM.md","3-4","Stewardship","Environmental STREAM","lesson plan","INCLUDE","Primary teachable curriculum document.","KEEP + IMPROVE; revision rebuilt","Retain; use lesson audit and teacher-artifact release status."
"docs/Lessons/Grades_3-4_YearA/Week33_Resurrection_Science.md","3-4","Life science","Resurrection and New Life Science","lesson plan","INCLUDE","Primary teachable curriculum document.","KEEP + IMPROVE; revision rebuilt","Retain; use lesson audit and teacher-artifact release status."
"docs/Lessons/Grades_3-4_YearA/Week34_STREAM_Expo.md","3-4","Portfolio","STREAM Expo","lesson plan","INCLUDE","Primary teachable curriculum document.","KEEP + IMPROVE; revision rebuilt","Retain; use lesson audit and teacher-artifact release status."
"docs/Lessons/Grades_3-4_YearB/README.md","Program","Not applicable","Not applicable","grade/track overview","INCLUDE","Authoritative curriculum, review, planning, or validation support.","REVIEWED FOR ROLE","Retain and maintain with the curriculum."
"docs/Lessons/Grades_3-4_YearB/Week01_Welcome_Scientists.md","3-4","Foundations","Welcome Back Scientists","lesson plan","INCLUDE","Primary teachable curriculum document.","KEEP + IMPROVE; revision rebuilt","Retain; use lesson audit and teacher-artifact release status."
"docs/Lessons/Grades_3-4_YearB/Week02-03_Flight_Fundamentals.md","3-4","Flight","Flight Fundamentals","lesson plan","INCLUDE","Primary teachable curriculum document.","REBUILD; revision rebuilt","Retain; use lesson audit and teacher-artifact release status."
"docs/Lessons/Grades_3-4_YearB/Week04-06_Paper_Airplane.md","3-4","Flight","Paper Airplane Challenge","lesson plan","INCLUDE","Primary teachable curriculum document.","KEEP + IMPROVE; revision rebuilt","Retain; use lesson audit and teacher-artifact release status."
"docs/Lessons/Grades_3-4_YearB/Week07-09_Architectural_Marvels.md","3-4","Structures","Architectural Marvels","lesson plan","INCLUDE","Primary teachable curriculum document.","KEEP + IMPROVE; revision rebuilt","Retain; use lesson audit and teacher-artifact release status."
"docs/Lessons/Grades_3-4_YearB/Week10_Fall_Festival.md","3-4","Applied design","Fall Festival Engineering","lesson plan","INCLUDE","Primary teachable curriculum document.","KEEP + IMPROVE; revision rebuilt","Retain; use lesson audit and teacher-artifact release status."
"docs/Lessons/Grades_3-4_YearB/Week11_Thanksgiving_Gratitude.md","3-4","Gratitude data","Thanksgiving Gratitude","lesson plan","INCLUDE","Primary teachable curriculum document.","KEEP + IMPROVE; revision rebuilt","Retain; use lesson audit and teacher-artifact release status."
"docs/Lessons/Grades_3-4_YearB/Week12_Gifts_Others.md","3-4","Service design","Gifts for Others","lesson plan","INCLUDE","Primary teachable curriculum document.","KEEP + IMPROVE; revision rebuilt","Retain; use lesson audit and teacher-artifact release status."
"docs/Lessons/Grades_3-4_YearB/Week13_Advent_Preparation.md","3-4","Light","Advent Preparation","lesson plan","INCLUDE","Primary teachable curriculum document.","KEEP + IMPROVE; revision rebuilt","Retain; use lesson audit and teacher-artifact release status."
"docs/Lessons/Grades_3-4_YearB/Week14-17_Marine_Science.md","3-4","Marine systems","Marine Science Lab","lesson plan","INCLUDE","Primary teachable curriculum document.","KEEP + IMPROVE; revision rebuilt","Retain; use lesson audit and teacher-artifact release status."
"docs/Lessons/Grades_3-4_YearB/Week18_New_Year_Goals.md","3-4","Reflection","New Year Goals","lesson plan","INCLUDE","Primary teachable curriculum document.","KEEP + IMPROVE; revision rebuilt","Retain; use lesson audit and teacher-artifact release status."
"docs/Lessons/Grades_3-4_YearB/Week19-22_Game_Design.md","3-4","Computing","Game Design Studio","lesson plan","INCLUDE","Primary teachable curriculum document.","REBUILD; revision rebuilt","Retain; use lesson audit and teacher-artifact release status."
"docs/Lessons/Grades_3-4_YearB/Week23_Catholic_Schools.md","3-4","Community data","Catholic Schools Week","lesson plan","INCLUDE","Primary teachable curriculum document.","KEEP + IMPROVE; revision rebuilt","Retain; use lesson audit and teacher-artifact release status."
"docs/Lessons/Grades_3-4_YearB/Week24-27_Sustainable_City.md","3-4","Stewardship design","Sustainable City","lesson plan","INCLUDE","Primary teachable curriculum document.","KEEP + IMPROVE; revision rebuilt","Retain; use lesson audit and teacher-artifact release status."
"docs/Lessons/Grades_3-4_YearB/Week28_Pi_Day.md","3-4","Mathematics","Pi Day Activities","lesson plan","INCLUDE","Primary teachable curriculum document.","KEEP + IMPROVE; revision rebuilt","Retain; use lesson audit and teacher-artifact release status."
"docs/Lessons/Grades_3-4_YearB/Week29-31_Weather_Station.md","3-4","Weather data","Weather Station","lesson plan","INCLUDE","Primary teachable curriculum document.","REBUILD; revision rebuilt","Retain; use lesson audit and teacher-artifact release status."
"docs/Lessons/Grades_3-4_YearB/Week33_Easter_Engineering.md","3-4","Easter design","Easter Engineering","lesson plan","INCLUDE","Primary teachable curriculum document.","KEEP + IMPROVE; revision rebuilt","Retain; use lesson audit and teacher-artifact release status."
"docs/Lessons/Grades_3-4_YearB/Week34_Showcase.md","3-4","Portfolio","Year B Showcase","lesson plan","INCLUDE","Primary teachable curriculum document.","KEEP + IMPROVE; revision rebuilt","Retain; use lesson audit and teacher-artifact release status."
"docs/Lessons/Grades_5-6_YearA/README.md","Program","Not applicable","Not applicable","grade/track overview","INCLUDE","Authoritative curriculum, review, planning, or validation support.","REVIEWED FOR ROLE","Retain and maintain with the curriculum."
"docs/Lessons/Grades_5-6_YearA/Week01_Welcome_to_CSTREAM.md","5-6","Foundations","Welcome to C-STREAM","lesson plan","INCLUDE","Primary teachable curriculum document.","KEEP + IMPROVE; revision rebuilt","Retain; use lesson audit and teacher-artifact release status."
"docs/Lessons/Grades_5-6_YearA/Week02-03_Sphero_Mastery.md","5-6","Computing","Sphero Mastery","lesson plan","INCLUDE","Primary teachable curriculum document.","REBUILD; revision rebuilt","Retain; use lesson audit and teacher-artifact release status."
"docs/Lessons/Grades_5-6_YearA/Week04_Experimental_Design.md","5-6","Investigation","Experimental Design","lesson plan","INCLUDE","Primary teachable curriculum document.","REBUILD; revision rebuilt","Retain; use lesson audit and teacher-artifact release status."
"docs/Lessons/Grades_5-6_YearA/Week05-06_Structural_Engineering.md","5-6","Structures","Structural Engineering","lesson plan","INCLUDE","Primary teachable curriculum document.","KEEP + IMPROVE; revision rebuilt","Retain; use lesson audit and teacher-artifact release status."
"docs/Lessons/Grades_5-6_YearA/Week07-09_Social_Innovation.md","5-6","Service","Social Innovation","lesson plan","INCLUDE","Primary teachable curriculum document.","KEEP + IMPROVE; revision rebuilt","Retain; use lesson audit and teacher-artifact release status."
"docs/Lessons/Grades_5-6_YearA/Week10_Advanced_Bridges.md","5-6","Structures","Advanced Bridges","lesson plan","INCLUDE","Primary teachable curriculum document.","KEEP + IMPROVE; revision rebuilt","Retain; use lesson audit and teacher-artifact release status."
"docs/Lessons/Grades_5-6_YearA/Week11_Gratitude_Coding.md","5-6","Computing","Gratitude Coding","lesson plan","INCLUDE","Primary teachable curriculum document.","KEEP + IMPROVE; revision rebuilt","Retain; use lesson audit and teacher-artifact release status."
"docs/Lessons/Grades_5-6_YearA/Week12_Giving_Making.md","5-6","Service","Giving and Making","lesson plan","INCLUDE","Primary teachable curriculum document.","KEEP + IMPROVE; revision rebuilt","Retain; use lesson audit and teacher-artifact release status."
"docs/Lessons/Grades_5-6_YearA/Week13_Fall_Showcase.md","5-6","Communication","Fall Showcase","lesson plan","INCLUDE","Primary teachable curriculum document.","KEEP + IMPROVE; revision rebuilt","Retain; use lesson audit and teacher-artifact release status."
"docs/Lessons/Grades_5-6_YearA/Week14-15_Optics_Light.md","5-6","Physical Science","Optics and Light","lesson plan","INCLUDE","Primary teachable curriculum document.","KEEP + IMPROVE; revision rebuilt","Retain; use lesson audit and teacher-artifact release status."
"docs/Lessons/Grades_5-6_YearA/Week16_Astronomy.md","5-6","Earth and Space","Astronomy","lesson plan","INCLUDE","Primary teachable curriculum document.","KEEP + IMPROVE; revision rebuilt","Retain; use lesson audit and teacher-artifact release status."
"docs/Lessons/Grades_5-6_YearA/Week18_Goal_Engineering.md","5-6","Planning","Goal Engineering","lesson plan","INCLUDE","Primary teachable curriculum document.","KEEP + IMPROVE; revision rebuilt","Retain; use lesson audit and teacher-artifact release status."
"docs/Lessons/Grades_5-6_YearA/Week19-22_Passion_Projects.md","5-6","Capstone","Passion Projects","lesson plan","INCLUDE","Primary teachable curriculum document.","REBUILD; revision rebuilt","Retain; use lesson audit and teacher-artifact release status."
"docs/Lessons/Grades_5-6_YearA/Week23_Catholic_Schools_Week.md","5-6","Service","Catholic Schools Week","lesson plan","INCLUDE","Primary teachable curriculum document.","KEEP + IMPROVE; revision rebuilt","Retain; use lesson audit and teacher-artifact release status."
"docs/Lessons/Grades_5-6_YearA/Week24-25_Advanced_Scratch.md","5-6","Computing","Advanced Scratch","lesson plan","INCLUDE","Primary teachable curriculum document.","REBUILD; revision rebuilt","Retain; use lesson audit and teacher-artifact release status."
"docs/Lessons/Grades_5-6_YearA/Week26-27_Little_Bits.md","5-6","Physical Computing","Snap Circuits - Accessible Indicators","lesson plan","INCLUDE","Primary teachable curriculum document.","REBUILD; revision rebuilt","Retain; use lesson audit and teacher-artifact release status."
"docs/Lessons/Grades_5-6_YearA/Week28_Pi_Day.md","5-6","Mathematics","Pi Day","lesson plan","INCLUDE","Primary teachable curriculum document.","KEEP + IMPROVE; revision rebuilt","Retain; use lesson audit and teacher-artifact release status."
"docs/Lessons/Grades_5-6_YearA/Week29-31_Environmental_Science.md","5-6","Environment","Environmental Science","lesson plan","INCLUDE","Primary teachable curriculum document.","REBUILD; revision rebuilt","Retain; use lesson audit and teacher-artifact release status."
"docs/Lessons/Grades_5-6_YearA/Week33_Easter_Engineering.md","5-6","Physical Science","Easter Engineering","lesson plan","INCLUDE","Primary teachable curriculum document.","KEEP + IMPROVE; revision rebuilt","Retain; use lesson audit and teacher-artifact release status."
"docs/Lessons/Grades_5-6_YearA/Week34_STREAM_Expo.md","5-6","Communication","STREAM Expo","lesson plan","INCLUDE","Primary teachable curriculum document.","KEEP + IMPROVE; revision rebuilt","Retain; use lesson audit and teacher-artifact release status."
"docs/Lessons/Grades_5-6_YearB/README.md","Program","Not applicable","Not applicable","grade/track overview","INCLUDE","Authoritative curriculum, review, planning, or validation support.","REVIEWED FOR ROLE","Retain and maintain with the curriculum."
"docs/Lessons/Grades_5-6_YearB/Week01_Welcome_Innovators.md","5-6","Foundations","Welcome Innovators","lesson plan","INCLUDE","Primary teachable curriculum document.","KEEP + IMPROVE; revision rebuilt","Retain; use lesson audit and teacher-artifact release status."
"docs/Lessons/Grades_5-6_YearB/Week02-04_Biotechnology.md","5-6","Life Science","Biotechnology","lesson plan","INCLUDE","Primary teachable curriculum document.","REBUILD; revision rebuilt","Retain; use lesson audit and teacher-artifact release status."
"docs/Lessons/Grades_5-6_YearB/Week05-07_Renewable_Energy.md","5-6","Energy","Renewable Energy","lesson plan","INCLUDE","Primary teachable curriculum document.","REBUILD; revision rebuilt","Retain; use lesson audit and teacher-artifact release status."
"docs/Lessons/Grades_5-6_YearB/Week08-10_Biomimicry.md","5-6","Design","Biomimicry","lesson plan","INCLUDE","Primary teachable curriculum document.","KEEP + IMPROVE; revision rebuilt","Retain; use lesson audit and teacher-artifact release status."
"docs/Lessons/Grades_5-6_YearB/Week11_Thanksgiving_Data.md","5-6","Data","Thanksgiving Data","lesson plan","INCLUDE","Primary teachable curriculum document.","KEEP + IMPROVE; revision rebuilt","Retain; use lesson audit and teacher-artifact release status."
"docs/Lessons/Grades_5-6_YearB/Week12_Gifts_Service.md","5-6","Service","Gifts of Service","lesson plan","INCLUDE","Primary teachable curriculum document.","KEEP + IMPROVE; revision rebuilt","Retain; use lesson audit and teacher-artifact release status."
"docs/Lessons/Grades_5-6_YearB/Week13_Advent_Technology.md","5-6","Communication","Advent Technology","lesson plan","INCLUDE","Primary teachable curriculum document.","KEEP + IMPROVE; revision rebuilt","Retain; use lesson audit and teacher-artifact release status."
"docs/Lessons/Grades_5-6_YearB/Week14-18_App_Development.md","5-6","Computing","App Development","lesson plan","INCLUDE","Primary teachable curriculum document.","REBUILD; revision rebuilt","Retain; use lesson audit and teacher-artifact release status."
"docs/Lessons/Grades_5-6_YearB/Week19_New_Year_Vision.md","5-6","Planning","New Year Vision","lesson plan","INCLUDE","Primary teachable curriculum document.","KEEP + IMPROVE; revision rebuilt","Retain; use lesson audit and teacher-artifact release status."
"docs/Lessons/Grades_5-6_YearB/Week20-23_Social_Entrepreneurship.md","5-6","Service","Social Entrepreneurship","lesson plan","INCLUDE","Primary teachable curriculum document.","KEEP + IMPROVE; revision rebuilt","Retain; use lesson audit and teacher-artifact release status."
"docs/Lessons/Grades_5-6_YearB/Week24_Catholic_Schools.md","5-6","Service","Catholic Schools Week","lesson plan","INCLUDE","Primary teachable curriculum document.","KEEP + IMPROVE; revision rebuilt","Retain; use lesson audit and teacher-artifact release status."
"docs/Lessons/Grades_5-6_YearB/Week25-28_Health_Technology.md","5-6","Design","Health Technology","lesson plan","INCLUDE","Primary teachable curriculum document.","KEEP + IMPROVE; revision rebuilt","Retain; use lesson audit and teacher-artifact release status."
"docs/Lessons/Grades_5-6_YearB/Week29-31_Environmental_Monitoring.md","5-6","Environment","Environmental Monitoring","lesson plan","INCLUDE","Primary teachable curriculum document.","REBUILD; revision rebuilt","Retain; use lesson audit and teacher-artifact release status."
"docs/Lessons/Grades_5-6_YearB/Week33_Easter_Hope.md","5-6","Life Science","Easter Hope","lesson plan","INCLUDE","Primary teachable curriculum document.","KEEP + IMPROVE; revision rebuilt","Retain; use lesson audit and teacher-artifact release status."
"docs/Lessons/Grades_5-6_YearB/Week34_Exhibition.md","5-6","Communication","Year B Exhibition","lesson plan","INCLUDE","Primary teachable curriculum document.","KEEP + IMPROVE; revision rebuilt","Retain; use lesson audit and teacher-artifact release status."
"docs/Lessons/Kindergarten/Kindergarten_Teacher_Artifacts.md","Program","Not applicable","Not applicable","lesson navigation","INCLUDE","Authoritative curriculum, review, planning, or validation support.","REVIEWED FOR ROLE","Retain and maintain with the curriculum."
"docs/Lessons/Kindergarten/README.md","Program","Not applicable","Not applicable","grade/track overview","INCLUDE","Authoritative curriculum, review, planning, or validation support.","REVIEWED FOR ROLE","Retain and maintain with the curriculum."
"docs/Lessons/Kindergarten/Week01_Welcome_to_CSTREAM.md","K","Welcome","Welcome to C-STREAM","lesson plan","INCLUDE","Primary teachable curriculum document.","KEEP + IMPROVE; revision rebuilt","Retain; use lesson audit and teacher-artifact release status."
"docs/Lessons/Kindergarten/Week02-03_Sphero_Movement.md","K","Movement","Exploring Movement with Sphero","lesson plan","INCLUDE","Primary teachable curriculum document.","REBUILD; revision rebuilt","Retain; use lesson audit and teacher-artifact release status."
"docs/Lessons/Kindergarten/Week04_Wonder_Walk.md","K","Observation","Wonder Walk","lesson plan","INCLUDE","Primary teachable curriculum document.","REBUILD; revision rebuilt","Retain; use lesson audit and teacher-artifact release status."
"docs/Lessons/Kindergarten/Week05-06_KEVA_Building.md","K","Structures","Building with KEVA Planks","lesson plan","INCLUDE","Primary teachable curriculum document.","KEEP + IMPROVE; revision rebuilt","Retain; use lesson audit and teacher-artifact release status."
"docs/Lessons/Kindergarten/Week07-09_Engineering_Helpers.md","K","Service design","Engineering Helpers","lesson plan","INCLUDE","Primary teachable curriculum document.","REBUILD; revision rebuilt","Retain; use lesson audit and teacher-artifact release status."
"docs/Lessons/Kindergarten/Week10_Bridges_Connect_Us.md","K","Structures","Bridges Connect Us","lesson plan","INCLUDE","Primary teachable curriculum document.","KEEP + IMPROVE; revision rebuilt","Retain; use lesson audit and teacher-artifact release status."
"docs/Lessons/Kindergarten/Week11_Coding_Thankfulness.md","K","Algorithms","Coding Thankfulness","lesson plan","INCLUDE","Primary teachable curriculum document.","REBUILD; revision rebuilt","Retain; use lesson audit and teacher-artifact release status."
"docs/Lessons/Kindergarten/Week12_Making_Gifts.md","K","Service art","Making Gifts for Others","lesson plan","INCLUDE","Primary teachable curriculum document.","KEEP + IMPROVE; revision rebuilt","Retain; use lesson audit and teacher-artifact release status."
"docs/Lessons/Kindergarten/Week13_Fall_Celebration.md","K","Reflection","Fall Celebration","lesson plan","INCLUDE","Primary teachable curriculum document.","KEEP + IMPROVE; revision rebuilt","Retain; use lesson audit and teacher-artifact release status."
"docs/Lessons/Kindergarten/Week14-15_Light_All_Around.md","K","Light","Light All Around","lesson plan","INCLUDE","Primary teachable curriculum document.","REBUILD; revision rebuilt","Retain; use lesson audit and teacher-artifact release status."
"docs/Lessons/Kindergarten/Week16_Star_of_Wonder.md","K","Stars","Star of Wonder","lesson plan","INCLUDE","Primary teachable curriculum document.","KEEP + IMPROVE; revision rebuilt","Retain; use lesson audit and teacher-artifact release status."
"docs/Lessons/Kindergarten/Week18_New_Year_Goals.md","K","Reflection","New Year Goals","lesson plan","INCLUDE","Primary teachable curriculum document.","KEEP + IMPROVE; revision rebuilt","Retain; use lesson audit and teacher-artifact release status."
"docs/Lessons/Kindergarten/Week19-22_Exploration_Stations.md","K","Practice stations","Exploration Stations","lesson plan","INCLUDE","Primary teachable curriculum document.","REBUILD; revision rebuilt","Retain; use lesson audit and teacher-artifact release status."
"docs/Lessons/Kindergarten/Week23_Catholic_Schools_Week.md","K","Reflection","Catholic Schools Week","lesson plan","INCLUDE","Primary teachable curriculum document.","KEEP + IMPROVE; revision rebuilt","Retain; use lesson audit and teacher-artifact release status."
"docs/Lessons/Kindergarten/Week24-25_Dash_Robot_Friends.md","K","Algorithms","Dash Robot Friends","lesson plan","INCLUDE","Primary teachable curriculum document.","REBUILD; revision rebuilt","Retain; use lesson audit and teacher-artifact release status."
"docs/Lessons/Kindergarten/Week26-27_Helping_Hands.md","K","Service design","Helping Hands Engineering","lesson plan","INCLUDE","Primary teachable curriculum document.","KEEP + IMPROVE; revision rebuilt","Retain; use lesson audit and teacher-artifact release status."
"docs/Lessons/Kindergarten/Week28_Circles_and_Pi.md","K","Shapes","Circles and Pi","lesson plan","INCLUDE","Primary teachable curriculum document.","REPLACE; revision rebuilt","Retain; use lesson audit and teacher-artifact release status."
"docs/Lessons/Kindergarten/Week29-31_Growing_Things.md","K","Plant observation","Growing Things","lesson plan","INCLUDE","Primary teachable curriculum document.","REBUILD; revision rebuilt","Retain; use lesson audit and teacher-artifact release status."
"docs/Lessons/Kindergarten/Week33_New_Life_Engineering.md","K","Life cycles","New Life Engineering","lesson plan","INCLUDE","Primary teachable curriculum document.","REBUILD; revision rebuilt","Retain; use lesson audit and teacher-artifact release status."
"docs/Lessons/Kindergarten/Week34_Year_Celebration.md","K","Reflection","Year Celebration","lesson plan","INCLUDE","Primary teachable curriculum document.","KEEP + IMPROVE; revision rebuilt","Retain; use lesson audit and teacher-artifact release status."
"docs/Lessons/README.md","Program","Not applicable","Not applicable","lesson navigation","INCLUDE","Authoritative curriculum, review, planning, or validation support.","REVIEWED FOR ROLE","Retain and maintain with the curriculum."
"docs/LICENSE.md","Program","Not applicable","Not applicable","program support","INCLUDE","Authoritative curriculum, review, planning, or validation support.","REVIEWED FOR ROLE","Retain and maintain with the curriculum."
"docs/overrides/.gitkeep","Program","Not applicable","Not applicable","publishing support","EXCLUDE FROM CURRICULUM REVIEW","Publishing or repository infrastructure; discovered and reconciled but not instructional content.","RECONCILED EXCLUSION","Retain for repository operation; do not count as curriculum coverage."
"docs/overrides/cover_page.html","Program","Not applicable","Not applicable","publishing support","EXCLUDE FROM CURRICULUM REVIEW","Publishing or repository infrastructure; discovered and reconciled but not instructional content.","RECONCILED EXCLUSION","Retain for repository operation; do not count as curriculum coverage."
"docs/overrides/main.html","Program","Not applicable","Not applicable","publishing support","EXCLUDE FROM CURRICULUM REVIEW","Publishing or repository infrastructure; discovered and reconciled but not instructional content.","RECONCILED EXCLUSION","Retain for repository operation; do not count as curriculum coverage."
"docs/overrides/print_banner.html","Program","Not applicable","Not applicable","publishing support","EXCLUDE FROM CURRICULUM REVIEW","Publishing or repository infrastructure; discovered and reconciled but not instructional content.","RECONCILED EXCLUSION","Retain for repository operation; do not count as curriculum coverage."
"docs/README.md","Program","Not applicable","Not applicable","program support","INCLUDE","Authoritative curriculum, review, planning, or validation support.","REVIEWED FOR ROLE","Retain and maintain with the curriculum."
"docs/Resources/Budget_Request_Templates.md","Program","Not applicable","Not applicable","teacher resource","INCLUDE","Authoritative curriculum, review, planning, or validation support.","REVIEWED FOR ROLE","Retain and maintain with the curriculum."
"docs/Resources/Catholic_Scientists_Heritage.md","Program","Not applicable","Not applicable","teacher resource","INCLUDE","Authoritative curriculum, review, planning, or validation support.","REVIEWED FOR ROLE","Retain and maintain with the curriculum."
"docs/Resources/CSCOE_Library_Planning_Guide.md","Program","Not applicable","Not applicable","teacher resource","INCLUDE","Authoritative curriculum, review, planning, or validation support.","REVIEWED FOR ROLE","Retain and maintain with the curriculum."
"docs/Resources/Differentiation_Guide.md","Program","Not applicable","Not applicable","teacher resource","INCLUDE","Authoritative curriculum, review, planning, or validation support.","REVIEWED FOR ROLE","Retain and maintain with the curriculum."
"docs/Resources/FAQ_Troubleshooting.md","Program","Not applicable","Not applicable","teacher resource","INCLUDE","Authoritative curriculum, review, planning, or validation support.","REVIEWED FOR ROLE","Retain and maintain with the curriculum."
"docs/Resources/Grade_Band_Reference_Routines.md","Program","Not applicable","Not applicable","teacher resource","INCLUDE","Authoritative curriculum, review, planning, or validation support.","REVIEWED FOR ROLE","Retain and maintain with the curriculum."
"docs/Resources/Kindergarten_Reference_Routines.md","Program","Not applicable","Not applicable","teacher resource","INCLUDE","Authoritative curriculum, review, planning, or validation support.","REVIEWED FOR ROLE","Retain and maintain with the curriculum."
"docs/Resources/Liturgical_Calendar_Integration.md","Program","Not applicable","Not applicable","teacher resource","INCLUDE","Authoritative curriculum, review, planning, or validation support.","REVIEWED FOR ROLE","Retain and maintain with the curriculum."
"docs/Resources/Materials_Inventory_Checklist.md","Program","Not applicable","Not applicable","teacher resource","INCLUDE","Authoritative curriculum, review, planning, or validation support.","REVIEWED FOR ROLE","Retain and maintain with the curriculum."
"docs/Resources/Parent_Communication_Guide.md","Program","Not applicable","Not applicable","teacher resource","INCLUDE","Authoritative curriculum, review, planning, or validation support.","REVIEWED FOR ROLE","Retain and maintain with the curriculum."
"docs/Resources/Quick_Start_Guide.md","Program","Not applicable","Not applicable","teacher resource","INCLUDE","Authoritative curriculum, review, planning, or validation support.","REVIEWED FOR ROLE","Retain and maintain with the curriculum."
"docs/Resources/README.md","Program","Not applicable","Not applicable","teacher resource","INCLUDE","Authoritative curriculum, review, planning, or validation support.","REVIEWED FOR ROLE","Retain and maintain with the curriculum."
"docs/Resources/Snap_Circuits_Classroom_Guide.md","Program","Not applicable","Not applicable","teacher resource","INCLUDE","Authoritative curriculum, review, planning, or validation support.","REVIEWED FOR ROLE","Retain and maintain with the curriculum."
"docs/Resources/STREAM_Night_Guide.md","Program","Not applicable","Not applicable","teacher resource","INCLUDE","Authoritative curriculum, review, planning, or validation support.","REVIEWED FOR ROLE","Retain and maintain with the curriculum."
"docs/Resources/Student_Progress_Tracker.md","Program","Not applicable","Not applicable","teacher resource","INCLUDE","Authoritative curriculum, review, planning, or validation support.","REVIEWED FOR ROLE","Retain and maintain with the curriculum."
"docs/Resources/Substitute_Teacher_Guide.md","Program","Not applicable","Not applicable","teacher resource","INCLUDE","Authoritative curriculum, review, planning, or validation support.","REVIEWED FOR ROLE","Retain and maintain with the curriculum."
"docs/Resources/Teacher_Self_Evaluation.md","Program","Not applicable","Not applicable","teacher resource","INCLUDE","Authoritative curriculum, review, planning, or validation support.","REVIEWED FOR ROLE","Retain and maintain with the curriculum."
"docs/Resources/Volunteer_Guide.md","Program","Not applicable","Not applicable","teacher resource","INCLUDE","Authoritative curriculum, review, planning, or validation support.","REVIEWED FOR ROLE","Retain and maintain with the curriculum."
"docs/Resources/Weekly_Parent_Sheet_Template.md","Program","Not applicable","Not applicable","teacher resource","INCLUDE","Authoritative curriculum, review, planning, or validation support.","REVIEWED FOR ROLE","Retain and maintain with the curriculum."
"docs/Resources/Wonder_Curiosity_Guide.md","Program","Not applicable","Not applicable","teacher resource","INCLUDE","Authoritative curriculum, review, planning, or validation support.","REVIEWED FOR ROLE","Retain and maintain with the curriculum."
"docs/Review/Accessibility_Technology_Compliance.md","Program","Not applicable","Not applicable","review deliverable","INCLUDE","Authoritative curriculum, review, planning, or validation support.","REVIEWED FOR ROLE","Retain and maintain with the curriculum."
"docs/Review/Assumptions_Register.csv","Program","Not applicable","Not applicable","review data","INCLUDE","Authoritative curriculum, review, planning, or validation support.","REVIEWED FOR ROLE","Retain and maintain with the curriculum."
"docs/Review/Budget_Configurations.csv","Program","Not applicable","Not applicable","review data","INCLUDE","Authoritative curriculum, review, planning, or validation support.","REVIEWED FOR ROLE","Retain and maintain with the curriculum."
"docs/Review/Change_Log.md","Program","Not applicable","Not applicable","review deliverable","INCLUDE","Authoritative curriculum, review, planning, or validation support.","REVIEWED FOR ROLE","Retain and maintain with the curriculum."
"docs/Review/Core_Unit_Plans.md","Program","Not applicable","Not applicable","review deliverable","INCLUDE","Authoritative curriculum, review, planning, or validation support.","REVIEWED FOR ROLE","Retain and maintain with the curriculum."
"docs/Review/Curriculum_Artifact_Inventory.csv","Program","Not applicable","Not applicable","review data","INCLUDE","Generated operational evidence; validate from its source script.","REVIEWED FOR ROLE","Regenerate with scripts/Build-OperationalAudit.ps1."
"docs/Review/Executive_Review.md","Program","Not applicable","Not applicable","review deliverable","INCLUDE","Authoritative curriculum, review, planning, or validation support.","REVIEWED FOR ROLE","Retain and maintain with the curriculum."
"docs/Review/External_Alignment.csv","Program","Not applicable","Not applicable","review data","INCLUDE","Authoritative curriculum, review, planning, or validation support.","REVIEWED FOR ROLE","Retain and maintain with the curriculum."
"docs/Review/External_Alignment.md","Program","Not applicable","Not applicable","review deliverable","INCLUDE","Authoritative curriculum, review, planning, or validation support.","REVIEWED FOR ROLE","Retain and maintain with the curriculum."
"docs/Review/External_Benchmark_Register.csv","Program","Not applicable","Not applicable","review data","INCLUDE","Authoritative curriculum, review, planning, or validation support.","REVIEWED FOR ROLE","Retain and maintain with the curriculum."
"docs/Review/External_Service_Approval_Register.csv","Program","Not applicable","Not applicable","review data","INCLUDE","Authoritative curriculum, review, planning, or validation support.","REVIEWED FOR ROLE","Retain and maintain with the curriculum."
"docs/Review/Family_Communication.md","Program","Not applicable","Not applicable","review deliverable","INCLUDE","Authoritative curriculum, review, planning, or validation support.","REVIEWED FOR ROLE","Retain and maintain with the curriculum."
"docs/Review/Gap_Analysis.md","Program","Not applicable","Not applicable","review deliverable","INCLUDE","Authoritative curriculum, review, planning, or validation support.","REVIEWED FOR ROLE","Retain and maintain with the curriculum."
"docs/Review/Grades_1-2_Audit.csv","Program","Not applicable","Not applicable","review data","INCLUDE","Authoritative curriculum, review, planning, or validation support.","REVIEWED FOR ROLE","Retain and maintain with the curriculum."
"docs/Review/Grades_1-2_External_Alignment.csv","Program","Not applicable","Not applicable","review data","INCLUDE","Authoritative curriculum, review, planning, or validation support.","REVIEWED FOR ROLE","Retain and maintain with the curriculum."
"docs/Review/Grades_1-2_Review.md","Program","Not applicable","Not applicable","review deliverable","INCLUDE","Authoritative curriculum, review, planning, or validation support.","REVIEWED FOR ROLE","Retain and maintain with the curriculum."
"docs/Review/Grades_3-4_Audit.csv","Program","Not applicable","Not applicable","review data","INCLUDE","Authoritative curriculum, review, planning, or validation support.","REVIEWED FOR ROLE","Retain and maintain with the curriculum."
"docs/Review/Grades_3-4_External_Alignment.csv","Program","Not applicable","Not applicable","review data","INCLUDE","Authoritative curriculum, review, planning, or validation support.","REVIEWED FOR ROLE","Retain and maintain with the curriculum."
"docs/Review/Grades_3-4_Review.md","Program","Not applicable","Not applicable","review deliverable","INCLUDE","Authoritative curriculum, review, planning, or validation support.","REVIEWED FOR ROLE","Retain and maintain with the curriculum."
"docs/Review/Grades_5-6_Audit.csv","Program","Not applicable","Not applicable","review data","INCLUDE","Authoritative curriculum, review, planning, or validation support.","REVIEWED FOR ROLE","Retain and maintain with the curriculum."
"docs/Review/Grades_5-6_External_Alignment.csv","Program","Not applicable","Not applicable","review data","INCLUDE","Authoritative curriculum, review, planning, or validation support.","REVIEWED FOR ROLE","Retain and maintain with the curriculum."
"docs/Review/Grades_5-6_Review.md","Program","Not applicable","Not applicable","review deliverable","INCLUDE","Authoritative curriculum, review, planning, or validation support.","REVIEWED FOR ROLE","Retain and maintain with the curriculum."
"docs/Review/Implementation_Plan.md","Program","Not applicable","Not applicable","review deliverable","INCLUDE","Authoritative curriculum, review, planning, or validation support.","REVIEWED FOR ROLE","Retain and maintain with the curriculum."
"docs/Review/Instructional_Time_Baseline.md","Program","Not applicable","Not applicable","review deliverable","INCLUDE","Authoritative curriculum, review, planning, or validation support.","REVIEWED FOR ROLE","Retain and maintain with the curriculum."
"docs/Review/Inventory_Usage_Summary.csv","Program","Not applicable","Not applicable","review data","INCLUDE","Authoritative curriculum, review, planning, or validation support.","REVIEWED FOR ROLE","Retain and maintain with the curriculum."
"docs/Review/Kindergarten_Audit.csv","Program","Not applicable","Not applicable","review data","INCLUDE","Authoritative curriculum, review, planning, or validation support.","REVIEWED FOR ROLE","Retain and maintain with the curriculum."
"docs/Review/Kindergarten_External_Alignment.csv","Program","Not applicable","Not applicable","review data","INCLUDE","Authoritative curriculum, review, planning, or validation support.","REVIEWED FOR ROLE","Retain and maintain with the curriculum."
"docs/Review/Kindergarten_External_Alignment.md","Program","Not applicable","Not applicable","review deliverable","INCLUDE","Authoritative curriculum, review, planning, or validation support.","REVIEWED FOR ROLE","Retain and maintain with the curriculum."
"docs/Review/Kindergarten_Review.md","Program","Not applicable","Not applicable","review deliverable","INCLUDE","Authoritative curriculum, review, planning, or validation support.","REVIEWED FOR ROLE","Retain and maintain with the curriculum."
"docs/Review/Learning_Progression.md","Program","Not applicable","Not applicable","review deliverable","INCLUDE","Authoritative curriculum, review, planning, or validation support.","REVIEWED FOR ROLE","Retain and maintain with the curriculum."
"docs/Review/Lesson_Baseline.csv","Program","Not applicable","Not applicable","review data","INCLUDE","Authoritative curriculum, review, planning, or validation support.","REVIEWED FOR ROLE","Retain and maintain with the curriculum."
"docs/Review/Lesson_Map.csv","Program","Not applicable","Not applicable","review data","INCLUDE","Authoritative curriculum, review, planning, or validation support.","REVIEWED FOR ROLE","Retain and maintain with the curriculum."
"docs/Review/Lesson_Quality_Audit.md","Program","Not applicable","Not applicable","review deliverable","INCLUDE","Authoritative curriculum, review, planning, or validation support.","REVIEWED FOR ROLE","Retain and maintain with the curriculum."
"docs/Review/Lesson_Resources.csv","Program","Not applicable","Not applicable","review data","INCLUDE","Authoritative curriculum, review, planning, or validation support.","REVIEWED FOR ROLE","Retain and maintain with the curriculum."
"docs/Review/Local_Standards.md","Program","Not applicable","Not applicable","review deliverable","INCLUDE","Authoritative curriculum, review, planning, or validation support.","REVIEWED FOR ROLE","Retain and maintain with the curriculum."
"docs/Review/Material_Reconciliation_Backlog.csv","Program","Not applicable","Not applicable","review data","INCLUDE","Authoritative curriculum, review, planning, or validation support.","REVIEWED FOR ROLE","Retain and maintain with the curriculum."
"docs/Review/Material_Usage.csv","Program","Not applicable","Not applicable","review data","INCLUDE","Authoritative curriculum, review, planning, or validation support.","REVIEWED FOR ROLE","Retain and maintain with the curriculum."
"docs/Review/Materials_Inventory.csv","Program","Not applicable","Not applicable","review data","INCLUDE","Authoritative curriculum, review, planning, or validation support.","REVIEWED FOR ROLE","Retain and maintain with the curriculum."
"docs/Review/Materials_Plan.md","Program","Not applicable","Not applicable","review deliverable","INCLUDE","Authoritative curriculum, review, planning, or validation support.","REVIEWED FOR ROLE","Retain and maintain with the curriculum."
"docs/Review/Philosophy.md","Program","Not applicable","Not applicable","review deliverable","INCLUDE","Authoritative curriculum, review, planning, or validation support.","REVIEWED FOR ROLE","Retain and maintain with the curriculum."
"docs/Review/Procurement_Register.csv","Program","Not applicable","Not applicable","review data","INCLUDE","Generated operational evidence; validate from its source script.","REVIEWED FOR ROLE","Regenerate with scripts/Build-OperationalAudit.ps1."
"docs/Review/Program_Summary.csv","Program","Not applicable","Not applicable","review data","INCLUDE","Authoritative curriculum, review, planning, or validation support.","REVIEWED FOR ROLE","Retain and maintain with the curriculum."
"docs/Review/README.md","Program","Not applicable","Not applicable","review deliverable","INCLUDE","Authoritative curriculum, review, planning, or validation support.","REVIEWED FOR ROLE","Retain and maintain with the curriculum."
"docs/Review/Reported_Holdings.csv","Program","Not applicable","Not applicable","review data","INCLUDE","Authoritative curriculum, review, planning, or validation support.","REVIEWED FOR ROLE","Retain and maintain with the curriculum."
"docs/Review/Repository_Inventory.md","Program","Not applicable","Not applicable","review deliverable","INCLUDE","Authoritative curriculum, review, planning, or validation support.","REVIEWED FOR ROLE","Retain and maintain with the curriculum."
"docs/Review/Safety_Data_Sheet_Register.csv","Program","Not applicable","Not applicable","review data","INCLUDE","Authoritative curriculum, review, planning, or validation support.","REVIEWED FOR ROLE","Retain and maintain with the curriculum."
"docs/Review/Safety_Risk_Protocol.md","Program","Not applicable","Not applicable","review deliverable","INCLUDE","Authoritative curriculum, review, planning, or validation support.","REVIEWED FOR ROLE","Retain and maintain with the curriculum."
"docs/Review/School_Release_Checklist.md","Program","Not applicable","Not applicable","review deliverable","INCLUDE","Authoritative curriculum, review, planning, or validation support.","REVIEWED FOR ROLE","Retain and maintain with the curriculum."
"docs/Review/Scope_and_Sequence.md","Program","Not applicable","Not applicable","review deliverable","INCLUDE","Authoritative curriculum, review, planning, or validation support.","REVIEWED FOR ROLE","Retain and maintain with the curriculum."
"docs/Review/Simulation_Results.csv","Program","Not applicable","Not applicable","review data","INCLUDE","Authoritative curriculum, review, planning, or validation support.","REVIEWED FOR ROLE","Retain and maintain with the curriculum."
"docs/Review/Source_Assumptions_Register.md","Program","Not applicable","Not applicable","review deliverable","INCLUDE","Authoritative curriculum, review, planning, or validation support.","REVIEWED FOR ROLE","Retain and maintain with the curriculum."
"docs/Review/Standards_Sources.md","Program","Not applicable","Not applicable","review deliverable","INCLUDE","Authoritative curriculum, review, planning, or validation support.","REVIEWED FOR ROLE","Retain and maintain with the curriculum."
"docs/Review/Standards_Traceability.csv","Program","Not applicable","Not applicable","review data","INCLUDE","Authoritative curriculum, review, planning, or validation support.","REVIEWED FOR ROLE","Retain and maintain with the curriculum."
"docs/Review/Standards_Traceability.md","Program","Not applicable","Not applicable","review deliverable","INCLUDE","Authoritative curriculum, review, planning, or validation support.","REVIEWED FOR ROLE","Retain and maintain with the curriculum."
"docs/Review/Substitute_Readiness.md","Program","Not applicable","Not applicable","review deliverable","INCLUDE","Authoritative curriculum, review, planning, or validation support.","REVIEWED FOR ROLE","Retain and maintain with the curriculum."
"docs/Review/Teacher_Artifact_Audit.csv","Program","Not applicable","Not applicable","review data","INCLUDE","Generated operational evidence; validate from its source script.","REVIEWED FOR ROLE","Regenerate with scripts/Build-OperationalAudit.ps1."
"docs/Review/Teacher_Artifact_Readiness.md","Program","Not applicable","Not applicable","review deliverable","INCLUDE","Authoritative curriculum, review, planning, or validation support.","REVIEWED FOR ROLE","Retain and maintain with the curriculum."
"docs/Review/Teacher_Implementation_Guide.md","Program","Not applicable","Not applicable","review deliverable","INCLUDE","Authoritative curriculum, review, planning, or validation support.","REVIEWED FOR ROLE","Retain and maintain with the curriculum."
"docs/Review/Teacher_Release_Record.csv","Program","Not applicable","Not applicable","review data","INCLUDE","Authoritative curriculum, review, planning, or validation support.","REVIEWED FOR ROLE","Retain and maintain with the curriculum."
"docs/Review/Technology_Plan.md","Program","Not applicable","Not applicable","review deliverable","INCLUDE","Authoritative curriculum, review, planning, or validation support.","REVIEWED FOR ROLE","Retain and maintain with the curriculum."
"docs/Review/Validation.md","Program","Not applicable","Not applicable","review deliverable","INCLUDE","Authoritative curriculum, review, planning, or validation support.","REVIEWED FOR ROLE","Retain and maintain with the curriculum."
"docs/robots.txt","Program","Not applicable","Not applicable","program support","INCLUDE","Authoritative curriculum, review, planning, or validation support.","REVIEWED FOR ROLE","Retain and maintain with the curriculum."
"docs/Rubrics/21st_Century_Skills_Assessment.md","Program","Not applicable","Not applicable","assessment/rubric","INCLUDE","Authoritative curriculum, review, planning, or validation support.","REVIEWED FOR ROLE","Retain and maintain with the curriculum."
"docs/Rubrics/Faith_Reason_Integration_Rubric.md","Program","Not applicable","Not applicable","assessment/rubric","INCLUDE","Authoritative curriculum, review, planning, or validation support.","REVIEWED FOR ROLE","Retain and maintain with the curriculum."
"docs/Rubrics/README.md","Program","Not applicable","Not applicable","assessment/rubric","INCLUDE","Authoritative curriculum, review, planning, or validation support.","REVIEWED FOR ROLE","Retain and maintain with the curriculum."
"docs/Rubrics/Service_Oriented_STEM_Rubric.md","Program","Not applicable","Not applicable","assessment/rubric","INCLUDE","Authoritative curriculum, review, planning, or validation support.","REVIEWED FOR ROLE","Retain and maintain with the curriculum."
"docs/Rubrics/Student_Project_Rubric.md","Program","Not applicable","Not applicable","assessment/rubric","INCLUDE","Authoritative curriculum, review, planning, or validation support.","REVIEWED FOR ROLE","Retain and maintain with the curriculum."
"docs/Student_Resources/Engineering_Design_Process.md","Program","Not applicable","Not applicable","student resource","INCLUDE","Authoritative curriculum, review, planning, or validation support.","REVIEWED FOR ROLE","Retain and maintain with the curriculum."
"docs/Student_Resources/My_STREAM_Goals.md","Program","Not applicable","Not applicable","student resource","INCLUDE","Authoritative curriculum, review, planning, or validation support.","REVIEWED FOR ROLE","Retain and maintain with the curriculum."
"docs/Student_Resources/Project_Reflection.md","Program","Not applicable","Not applicable","student resource","INCLUDE","Authoritative curriculum, review, planning, or validation support.","REVIEWED FOR ROLE","Retain and maintain with the curriculum."
"docs/Student_Resources/README.md","Program","Not applicable","Not applicable","student resource","INCLUDE","Authoritative curriculum, review, planning, or validation support.","REVIEWED FOR ROLE","Retain and maintain with the curriculum."
"docs/Student_Resources/Show_Try_Tell_Card.md","Program","Not applicable","Not applicable","student resource","INCLUDE","Authoritative curriculum, review, planning, or validation support.","REVIEWED FOR ROLE","Retain and maintain with the curriculum."
"docs/Student_Resources/STREAM_Journal_Cover.md","Program","Not applicable","Not applicable","student resource","INCLUDE","Authoritative curriculum, review, planning, or validation support.","REVIEWED FOR ROLE","Retain and maintain with the curriculum."
"docs/Student_Resources/Wonder_Journal_Page.md","Program","Not applicable","Not applicable","student resource","INCLUDE","Authoritative curriculum, review, planning, or validation support.","REVIEWED FOR ROLE","Retain and maintain with the curriculum."
"docs/stylesheets/extra.css","Program","Not applicable","Not applicable","publishing support","EXCLUDE FROM CURRICULUM REVIEW","Publishing or repository infrastructure; discovered and reconciled but not instructional content.","RECONCILED EXCLUSION","Retain for repository operation; do not count as curriculum coverage."
"docs/tags.md","Program","Not applicable","Not applicable","program support","INCLUDE","Authoritative curriculum, review, planning, or validation support.","REVIEWED FOR ROLE","Retain and maintain with the curriculum."
"docs/Templates/Assessment_Template.md","Program","Not applicable","Not applicable","teacher template","INCLUDE","Authoritative curriculum, review, planning, or validation support.","REVIEWED FOR ROLE","Retain and maintain with the curriculum."
"docs/Templates/Cross_Curricular_Unit_Template.md","Program","Not applicable","Not applicable","teacher template","INCLUDE","Authoritative curriculum, review, planning, or validation support.","REVIEWED FOR ROLE","Retain and maintain with the curriculum."
"docs/Templates/Family_Newsletter_Template.md","Program","Not applicable","Not applicable","teacher template","INCLUDE","Authoritative curriculum, review, planning, or validation support.","REVIEWED FOR ROLE","Retain and maintain with the curriculum."
"docs/Templates/Lesson_Plan_Template.md","Program","Not applicable","Not applicable","teacher template","INCLUDE","Authoritative curriculum, review, planning, or validation support.","REVIEWED FOR ROLE","Retain and maintain with the curriculum."
"docs/Templates/Materials_List_Template.md","Program","Not applicable","Not applicable","teacher template","INCLUDE","Authoritative curriculum, review, planning, or validation support.","REVIEWED FOR ROLE","Retain and maintain with the curriculum."
"docs/Templates/Project_Based_Learning_Template.md","Program","Not applicable","Not applicable","teacher template","INCLUDE","Authoritative curriculum, review, planning, or validation support.","REVIEWED FOR ROLE","Retain and maintain with the curriculum."
"docs/Templates/README.md","Program","Not applicable","Not applicable","teacher template","INCLUDE","Authoritative curriculum, review, planning, or validation support.","REVIEWED FOR ROLE","Retain and maintain with the curriculum."
"docs/Templates/Rubric_Template.md","Program","Not applicable","Not applicable","teacher template","INCLUDE","Authoritative curriculum, review, planning, or validation support.","REVIEWED FOR ROLE","Retain and maintain with the curriculum."
"docs/Templates/Standards_Mapping_Template.md","Program","Not applicable","Not applicable","teacher template","INCLUDE","Authoritative curriculum, review, planning, or validation support.","REVIEWED FOR ROLE","Retain and maintain with the curriculum."
"docs/Templates/Student_Sheet_Template.md","Program","Not applicable","Not applicable","teacher template","INCLUDE","Authoritative curriculum, review, planning, or validation support.","REVIEWED FOR ROLE","Retain and maintain with the curriculum."
"docs/Templates/Substitute_Lesson_Template.md","Program","Not applicable","Not applicable","teacher template","INCLUDE","Authoritative curriculum, review, planning, or validation support.","REVIEWED FOR ROLE","Retain and maintain with the curriculum."
"mkdocs.yml","Program","Not applicable","Not applicable","program support","INCLUDE","Authoritative curriculum, review, planning, or validation support.","REVIEWED FOR ROLE","Retain and maintain with the curriculum."
"README.md","Program","Not applicable","Not applicable","program support","INCLUDE","Authoritative curriculum, review, planning, or validation support.","REVIEWED FOR ROLE","Retain and maintain with the curriculum."
"requirements.txt","Program","Not applicable","Not applicable","program support","EXCLUDE FROM CURRICULUM REVIEW","Publishing or repository infrastructure; discovered and reconciled but not instructional content.","RECONCILED EXCLUSION","Retain for repository operation; do not count as curriculum coverage."
"review.md","Program","Not applicable","Not applicable","execution brief","INCLUDE","Authoritative curriculum, review, planning, or validation support.","REVIEWED FOR ROLE","Retain and maintain with the curriculum."
"scripts/Build-CurriculumMaps.ps1","Program","Not applicable","Not applicable","validation/generation script","INCLUDE","Authoritative curriculum, review, planning, or validation support.","REVIEWED FOR ROLE","Retain and maintain with the curriculum."
"scripts/Build-ExternalAlignment.ps1","Program","Not applicable","Not applicable","validation/generation script","INCLUDE","Authoritative curriculum, review, planning, or validation support.","REVIEWED FOR ROLE","Retain and maintain with the curriculum."
"scripts/Build-OperationalAudit.ps1","Program","Not applicable","Not applicable","validation/generation script","INCLUDE","Authoritative curriculum, review, planning, or validation support.","REVIEWED FOR ROLE","Retain and maintain with the curriculum."
"scripts/Sync-KindergartenAudit.ps1","Program","Not applicable","Not applicable","validation/generation script","INCLUDE","Authoritative curriculum, review, planning, or validation support.","REVIEWED FOR ROLE","Retain and maintain with the curriculum."
"scripts/Test-CurriculumMaps.ps1","Program","Not applicable","Not applicable","validation/generation script","INCLUDE","Authoritative curriculum, review, planning, or validation support.","REVIEWED FOR ROLE","Retain and maintain with the curriculum."
"scripts/Test-KindergartenReferences.ps1","Program","Not applicable","Not applicable","validation/generation script","INCLUDE","Authoritative curriculum, review, planning, or validation support.","REVIEWED FOR ROLE","Retain and maintain with the curriculum."
"scripts/Test-LessonReferences.ps1","Program","Not applicable","Not applicable","validation/generation script","INCLUDE","Authoritative curriculum, review, planning, or validation support.","REVIEWED FOR ROLE","Retain and maintain with the curriculum."
"scripts/Test-MaterialsBudget.ps1","Program","Not applicable","Not applicable","validation/generation script","INCLUDE","Authoritative curriculum, review, planning, or validation support.","REVIEWED FOR ROLE","Retain and maintain with the curriculum."
"scripts/Test-OperationalReadiness.ps1","Program","Not applicable","Not applicable","validation/generation script","INCLUDE","Authoritative curriculum, review, planning, or validation support.","REVIEWED FOR ROLE","Retain and maintain with the curriculum."
"scripts/Test-SnapCircuitsReferences.ps1","Program","Not applicable","Not applicable","validation/generation script","INCLUDE","Authoritative curriculum, review, planning, or validation support.","REVIEWED FOR ROLE","Retain and maintain with the curriculum."
