"reference_id","reference_kind","canonical_name","grade_bands","planned_lesson_documents","term_occurrences","lesson_paths","evidence_status"
"RESOURCE:IMPRESS","digital_platform","Access: LibreOffice Impress","3-4","3","3","Lessons/Bi-Weekly/Grades_3-4_YearA/Session06_Gratitude_Tech.md|Lessons/Bi-Weekly/Grades_3-4_YearA/Session13_Easter_Tech.md|Lessons/Bi-Weekly/Grades_3-4_YearB/Session08_Digital_Stories.md","PLANNED DOCUMENT USE - NOT OBSERVED USE OR VERIFIED STOCK"
"RESOURCE:APPINVENTOR","digital_platform","Access: MIT App Inventor","5-6","3","3","Lessons/Bi-Weekly/Grades_5-6_YearA/Session08_App_Inventor.md|Lessons/Bi-Weekly/Grades_5-6_YearB/Session08_App_Design.md|Lessons/Grades_5-6_YearB/Week14-18_App_Development.md","PLANNED DOCUMENT USE - NOT OBSERVED USE OR VERIFIED STOCK"
"RESOURCE:SCRATCH","digital_platform","Access: Scratch","3-4|5-6","13","13","Lessons/Bi-Weekly/Grades_3-4_YearA/Session05_Scratch_Intro.md|Lessons/Bi-Weekly/Grades_3-4_YearA/Session08_Scratch_Animation.md|Lessons/Bi-Weekly/Grades_3-4_YearB/Session05_Scratch_Games.md|Lessons/Bi-Weekly/Grades_3-4_YearB/Session16_Makey_Makey.md|Lessons/Bi-Weekly/Grades_5-6_YearA/Session05_Scratch_Advanced.md|Lessons/Bi-Weekly/Grades_5-6_YearB/Session05_Scratch_Games.md|Lessons/Bi-Weekly/Grades_5-6_YearB/Session07_Advent_Coding.md|Lessons/Grades_3-4_YearA/Week11_Coding_Gratitude.md|Lessons/Grades_3-4_YearA/Week24-25_Scratch_Programming.md|Lessons/Grades_3-4_YearB/Week19-22_Game_Design.md|Lessons/Grades_5-6_YearA/Week11_Gratitude_Coding.md|Lessons/Grades_5-6_YearA/Week19-22_Passion_Projects.md|Lessons/Grades_5-6_YearA/Week24-25_Advanced_Scratch.md","PLANNED DOCUMENT USE - NOT OBSERVED USE OR VERIFIED STOCK"
"RESOURCE:PORTFOLIO","documentation_format","Prepared resource: dated learning records","3-4|5-6","27","27","Lessons/Bi-Weekly/Grades_3-4_YearA/Session17_Exhibition.md|Lessons/Bi-Weekly/Grades_3-4_YearB/Session17_Celebration.md|Lessons/Bi-Weekly/Grades_5-6_YearA/Session01_Design_Process.md|Lessons/Bi-Weekly/Grades_5-6_YearA/Session05_Scratch_Advanced.md|Lessons/Bi-Weekly/Grades_5-6_YearA/Session07_Christmas_Electronics.md|Lessons/Bi-Weekly/Grades_5-6_YearA/Session17_Exhibition.md|Lessons/Bi-Weekly/Grades_5-6_YearB/Session01_Engineering_Thinking.md|Lessons/Bi-Weekly/Grades_5-6_YearB/Session02_Sphero_Sensors.md|Lessons/Bi-Weekly/Grades_5-6_YearB/Session04_Forensic_Science.md|Lessons/Bi-Weekly/Grades_5-6_YearB/Session17_Celebration.md|Lessons/Grades_3-4_YearA/Week13_Fall_Celebration.md|Lessons/Grades_3-4_YearA/Week34_STREAM_Expo.md|Lessons/Grades_3-4_YearB/Week18_New_Year_Goals.md|Lessons/Grades_3-4_YearB/Week34_Showcase.md|Lessons/Grades_5-6_YearA/Week01_Welcome_to_CSTREAM.md|Lessons/Grades_5-6_YearA/Week02-03_Sphero_Mastery.md|Lessons/Grades_5-6_YearA/Week13_Fall_Showcase.md|Lessons/Grades_5-6_YearA/Week18_Goal_Engineering.md|Lessons/Grades_5-6_YearA/Week29-31_Environmental_Science.md|Lessons/Grades_5-6_YearA/Week34_STREAM_Expo.md|Lessons/Grades_5-6_YearB/Week01_Welcome_Innovators.md|Lessons/Grades_5-6_YearB/Week02-04_Biotechnology.md|Lessons/Grades_5-6_YearB/Week05-07_Renewable_Energy.md|Lessons/Grades_5-6_YearB/Week08-10_Biomimicry.md|Lessons/Grades_5-6_YearB/Week14-18_App_Development.md|Lessons/Grades_5-6_YearB/Week19_New_Year_Vision.md|Lessons/Grades_5-6_YearB/Week34_Exhibition.md","PLANNED DOCUMENT USE - NOT OBSERVED USE OR VERIFIED STOCK"
"RESOURCE:ARTIFACT","documentation_format","Prepared resource: saved learning artifact","1-2","7","7","Lessons/Bi-Weekly/Grades_1-2_YearA/Session17_Exhibition.md|Lessons/Bi-Weekly/Grades_1-2_YearB/Session17_Celebration.md|Lessons/Grades_1-2_YearA/Week13_Fall_Celebration.md|Lessons/Grades_1-2_YearA/Week34_Year_Celebration.md|Lessons/Grades_1-2_YearB/Week13_Fall_Festival.md|Lessons/Grades_1-2_YearB/Week23_Catholic_Schools.md|Lessons/Grades_1-2_YearB/Week34_Showcase.md","PLANNED DOCUMENT USE - NOT OBSERVED USE OR VERIFIED STOCK"
"RESOURCE:ROSTER","documentation_format","Prepared resource: teacher evidence roster","1-2","61","61","Lessons/Bi-Weekly/Grades_1-2_YearA/Session01_Wonder_Engineers.md|Lessons/Bi-Weekly/Grades_1-2_YearA/Session02_Gods_Patterns.md|Lessons/Bi-Weekly/Grades_1-2_YearA/Session05_Nature_Exploration.md|Lessons/Bi-Weekly/Grades_1-2_YearA/Session06_Thanksgiving_Service.md|Lessons/Bi-Weekly/Grades_1-2_YearA/Session07_Light_in_Darkness.md|Lessons/Bi-Weekly/Grades_1-2_YearA/Session08_Coding_Basics.md|Lessons/Bi-Weekly/Grades_1-2_YearA/Session09_Catholic_Inventors.md|Lessons/Bi-Weekly/Grades_1-2_YearA/Session10_Weather_Watchers.md|Lessons/Bi-Weekly/Grades_1-2_YearA/Session11_Lenten_Engineers.md|Lessons/Bi-Weekly/Grades_1-2_YearA/Session12_Life_Cycles.md|Lessons/Bi-Weekly/Grades_1-2_YearA/Session13_Easter_Innovation.md|Lessons/Bi-Weekly/Grades_1-2_YearA/Session14_Sound_Engineering.md|Lessons/Bi-Weekly/Grades_1-2_YearA/Session15_Robot_Challenge.md|Lessons/Bi-Weekly/Grades_1-2_YearA/Session16_Community_Helpers.md|Lessons/Bi-Weekly/Grades_1-2_YearA/Session17_Exhibition.md|Lessons/Bi-Weekly/Grades_1-2_YearB/Session01_Design_Detectives.md|Lessons/Bi-Weekly/Grades_1-2_YearB/Session02_Tower_Power.md|Lessons/Bi-Weekly/Grades_1-2_YearB/Session04_Animal_Adaptations.md|Lessons/Bi-Weekly/Grades_1-2_YearB/Session06_Gratitude_Gifts.md|Lessons/Bi-Weekly/Grades_1-2_YearB/Session07_Star_Makers.md|Lessons/Bi-Weekly/Grades_1-2_YearB/Session08_Digital_Art.md|Lessons/Bi-Weekly/Grades_1-2_YearB/Session09_Faith_Scientists.md|Lessons/Bi-Weekly/Grades_1-2_YearB/Session10_Magnets_Motion.md|Lessons/Bi-Weekly/Grades_1-2_YearB/Session11_Lenten_Love.md|Lessons/Bi-Weekly/Grades_1-2_YearB/Session12_Butterfly_Wonder.md|Lessons/Bi-Weekly/Grades_1-2_YearB/Session13_Easter_Joy.md|Lessons/Bi-Weekly/Grades_1-2_YearB/Session14_Sphero_Challenge.md|Lessons/Bi-Weekly/Grades_1-2_YearB/Session15_Simple_Machines.md|Lessons/Bi-Weekly/Grades_1-2_YearB/Session16_Earth_Care.md|Lessons/Bi-Weekly/Grades_1-2_YearB/Session17_Celebration.md|Lessons/Grades_1-2_YearA/Week01_Welcome_to_CSTREAM.md|Lessons/Grades_1-2_YearA/Week05-06_KEVA_Engineering.md|Lessons/Grades_1-2_YearA/Week07-09_Engineering_for_Others.md|Lessons/Grades_1-2_YearA/Week10_Strong_Bridges.md|Lessons/Grades_1-2_YearA/Week11_Thankful_Coding.md|Lessons/Grades_1-2_YearA/Week12_Making_Gifts.md|Lessons/Grades_1-2_YearA/Week13_Fall_Celebration.md|Lessons/Grades_1-2_YearA/Week14-15_Light_Explorations.md|Lessons/Grades_1-2_YearA/Week16_Star_of_Wonder.md|Lessons/Grades_1-2_YearA/Week18_New_Year_Goals.md|Lessons/Grades_1-2_YearA/Week23_Catholic_Schools_Week.md|Lessons/Grades_1-2_YearA/Week24-25_Dash_Robot_Adventures.md|Lessons/Grades_1-2_YearA/Week26-27_Helping_Hands_Design.md|Lessons/Grades_1-2_YearA/Week33_New_Life_Engineering.md|Lessons/Grades_1-2_YearA/Week34_Year_Celebration.md|Lessons/Grades_1-2_YearB/Week01_Welcome_Scientists.md|Lessons/Grades_1-2_YearB/Week05-06_Tower_Engineering.md|Lessons/Grades_1-2_YearB/Week07-09_Animal_Habitats.md|Lessons/Grades_1-2_YearB/Week11_Thanksgiving_Coding.md|Lessons/Grades_1-2_YearB/Week12_Gifts_Others.md|Lessons/Grades_1-2_YearB/Week13_Fall_Festival.md|Lessons/Grades_1-2_YearB/Week14-15_Stars_Light.md|Lessons/Grades_1-2_YearB/Week18_Growth_Goals.md|Lessons/Grades_1-2_YearB/Week19-22_Invention_Labs.md|Lessons/Grades_1-2_YearB/Week23_Catholic_Schools.md|Lessons/Grades_1-2_YearB/Week24-25_Friendship_Machines.md|Lessons/Grades_1-2_YearB/Week26-27_Garden_Engineering.md|Lessons/Grades_1-2_YearB/Week28_Math_Games.md|Lessons/Grades_1-2_YearB/Week29-31_Butterfly_Engineering.md|Lessons/Grades_1-2_YearB/Week33_New_Life.md|Lessons/Grades_1-2_YearB/Week34_Showcase.md","PLANNED DOCUMENT USE - NOT OBSERVED USE OR VERIFIED STOCK"
"RESOURCE:USBKIT","kit_component","Kit component: manufacturer-matched data USB cable","3-4","1","1","Lessons/Bi-Weekly/Grades_3-4_YearB/Session16_Makey_Makey.md","PLANNED DOCUMENT USE - NOT OBSERVED USE OR VERIFIED STOCK"
"RESOURCE:LITTLEBITSBUTTON","kit_component","Kit component: matching LittleBits button module","3-4","1","1","Lessons/Bi-Weekly/Grades_3-4_YearA/Session16_Little_Bits.md","PLANNED DOCUMENT USE - NOT OBSERVED USE OR VERIFIED STOCK"
"RESOURCE:LITTLEBITSLIGHT","kit_component","Kit component: matching LittleBits enclosed-light module","3-4","1","1","Lessons/Bi-Weekly/Grades_3-4_YearA/Session16_Little_Bits.md","PLANNED DOCUMENT USE - NOT OBSERVED USE OR VERIFIED STOCK"
"RESOURCE:LITTLEBITSPOWER","kit_component","Kit component: matching LittleBits power module","3-4","1","1","Lessons/Bi-Weekly/Grades_3-4_YearA/Session16_Little_Bits.md","PLANNED DOCUMENT USE - NOT OBSERVED USE OR VERIFIED STOCK"
"RESOURCE:DASHAPP","manufacturer_instructions","Access: matching Dash controls","3-4","2","2","Lessons/Bi-Weekly/Grades_3-4_YearA/Session02_Dash_Code.md|Lessons/Bi-Weekly/Grades_3-4_YearA/Session14_Dash_Challenge.md","PLANNED DOCUMENT USE - NOT OBSERVED USE OR VERIFIED STOCK"
"RESOURCE:LITTLEBITSMANUAL","manufacturer_instructions","Access: matching LittleBits instructions","3-4","1","1","Lessons/Bi-Weekly/Grades_3-4_YearA/Session16_Little_Bits.md","PLANNED DOCUMENT USE - NOT OBSERVED USE OR VERIFIED STOCK"
"RESOURCE:MAKEYMANUAL","manufacturer_instructions","Access: matching Makey Makey instructions","3-4","1","1","Lessons/Bi-Weekly/Grades_3-4_YearB/Session16_Makey_Makey.md","PLANNED DOCUMENT USE - NOT OBSERVED USE OR VERIFIED STOCK"
"RESOURCE:OZOBOT","manufacturer_instructions","Access: matching Ozobot instructions","3-4","2","2","Lessons/Bi-Weekly/Grades_3-4_YearB/Session02_Ozobot_Coding.md|Lessons/Bi-Weekly/Grades_3-4_YearB/Session14_Ozobot_Challenge.md","PLANNED DOCUMENT USE - NOT OBSERVED USE OR VERIFIED STOCK"
"RESOURCE:SNAPMANUAL","manufacturer_instructions","Access: matching Snap Circuits manual","3-4|5-6","4","4","Lessons/Bi-Weekly/Grades_3-4_YearA/Session07_Light_Circuits.md|Lessons/Bi-Weekly/Grades_3-4_YearB/Session07_Christmas_Circuits.md|Lessons/Grades_3-4_YearA/Week26-27_Little_Bits_Circuits.md|Lessons/Grades_5-6_YearA/Week26-27_Little_Bits.md","PLANNED DOCUMENT USE - NOT OBSERVED USE OR VERIFIED STOCK"
"RESOURCE:SPHEROAPP","manufacturer_instructions","Access: matching Sphero controls","3-4|5-6","6","6","Lessons/Bi-Weekly/Grades_5-6_YearA/Session02_Sphero_Advanced.md|Lessons/Bi-Weekly/Grades_5-6_YearA/Session14_Sphero_Challenge.md|Lessons/Bi-Weekly/Grades_5-6_YearB/Session02_Sphero_Sensors.md|Lessons/Bi-Weekly/Grades_5-6_YearB/Session14_Robot_Olympics.md|Lessons/Grades_3-4_YearA/Week02-03_Sphero_Advanced.md|Lessons/Grades_5-6_YearA/Week02-03_Sphero_Mastery.md","PLANNED DOCUMENT USE - NOT OBSERVED USE OR VERIFIED STOCK"
"AA","physical_inventory","AA alkaline cell","5-6|K","3","3","Lessons/Bi-Weekly/Grades_5-6_YearA/Session07_Christmas_Electronics.md|Lessons/Bi-Weekly/Kindergarten/Session04_Colors_Light.md|Lessons/Kindergarten/Week14-15_Light_All_Around.md","PLANNED DOCUMENT USE - NOT OBSERVED USE OR VERIFIED STOCK"
"BINDERCLIP","physical_inventory","Adult-controlled steel binder clip","1-2","1","1","Lessons/Bi-Weekly/Grades_1-2_YearB/Session10_Magnets_Motion.md","PLANNED DOCUMENT USE - NOT OBSERVED USE OR VERIFIED STOCK"
"LEDASSEMBLY","physical_inventory","Adult-prepared sleeved LED/resistor assembly","5-6","1","1","Lessons/Bi-Weekly/Grades_5-6_YearA/Session07_Christmas_Electronics.md","PLANNED DOCUMENT USE - NOT OBSERVED USE OR VERIFIED STOCK"
"FOIL","physical_inventory","Aluminum foil","1-2|3-4|K","3","3","Lessons/Bi-Weekly/Grades_1-2_YearB/Session10_Magnets_Motion.md|Lessons/Bi-Weekly/Grades_3-4_YearB/Session16_Makey_Makey.md|Lessons/Bi-Weekly/Kindergarten/Session16_Water_Wonder.md","PLANNED DOCUMENT USE - NOT OBSERVED USE OR VERIFIED STOCK"
"CALCULATOR","physical_inventory","Basic classroom calculator","5-6","4","4","Lessons/Grades_5-6_YearA/Week16_Astronomy.md|Lessons/Grades_5-6_YearA/Week28_Pi_Day.md|Lessons/Grades_5-6_YearB/Week20-23_Social_Entrepreneurship.md|Lessons/Grades_5-6_YearB/Week29-31_Environmental_Monitoring.md","PLANNED DOCUMENT USE - NOT OBSERVED USE OR VERIFIED STOCK"
"SCISSOR","physical_inventory","Blunt school scissors","3-4|5-6|K","23","23","Lessons/Bi-Weekly/Grades_5-6_YearA/Session05_Scratch_Advanced.md|Lessons/Bi-Weekly/Grades_5-6_YearA/Session06_Thanksgiving_Innovation.md|Lessons/Bi-Weekly/Grades_5-6_YearA/Session07_Christmas_Electronics.md|Lessons/Bi-Weekly/Grades_5-6_YearB/Session02_Sphero_Sensors.md|Lessons/Bi-Weekly/Kindergarten/Session05_Simple_Machines.md|Lessons/Grades_3-4_YearA/Week10_Bridge_Engineering.md|Lessons/Grades_3-4_YearA/Week12_Giving_Through_Making.md|Lessons/Grades_3-4_YearB/Week07-09_Architectural_Marvels.md|Lessons/Grades_3-4_YearB/Week24-27_Sustainable_City.md|Lessons/Grades_3-4_YearB/Week29-31_Weather_Station.md|Lessons/Grades_5-6_YearA/Week07-09_Social_Innovation.md|Lessons/Grades_5-6_YearA/Week19-22_Passion_Projects.md|Lessons/Grades_5-6_YearA/Week29-31_Environmental_Science.md|Lessons/Grades_5-6_YearB/Week02-04_Biotechnology.md|Lessons/Grades_5-6_YearB/Week05-07_Renewable_Energy.md|Lessons/Grades_5-6_YearB/Week08-10_Biomimicry.md|Lessons/Grades_5-6_YearB/Week14-18_App_Development.md|Lessons/Grades_5-6_YearB/Week20-23_Social_Entrepreneurship.md|Lessons/Grades_5-6_YearB/Week25-28_Health_Technology.md|Lessons/Kindergarten/Week07-09_Engineering_Helpers.md|Lessons/Kindergarten/Week12_Making_Gifts.md|Lessons/Kindergarten/Week14-15_Light_All_Around.md|Lessons/Kindergarten/Week26-27_Helping_Hands.md","PLANNED DOCUMENT USE - NOT OBSERVED USE OR VERIFIED STOCK"
"EARLYBLOCK","physical_inventory","Broad smooth wooden classroom block","1-2","9","9","Lessons/Bi-Weekly/Grades_1-2_YearA/Session03_Bridge_Building.md|Lessons/Bi-Weekly/Grades_1-2_YearB/Session10_Magnets_Motion.md|Lessons/Bi-Weekly/Grades_1-2_YearB/Session15_Simple_Machines.md|Lessons/Grades_1-2_YearA/Week01_Welcome_to_CSTREAM.md|Lessons/Grades_1-2_YearA/Week05-06_KEVA_Engineering.md|Lessons/Grades_1-2_YearA/Week10_Strong_Bridges.md|Lessons/Grades_1-2_YearA/Week23_Catholic_Schools_Week.md|Lessons/Grades_1-2_YearB/Week01_Welcome_Scientists.md|Lessons/Grades_1-2_YearB/Week24-25_Friendship_Machines.md","PLANNED DOCUMENT USE - NOT OBSERVED USE OR VERIFIED STOCK"
"CARD","physical_inventory","Cardstock","1-2|3-4|5-6","64","64","Lessons/Bi-Weekly/Grades_1-2_YearA/Session06_Thanksgiving_Service.md|Lessons/Bi-Weekly/Grades_1-2_YearA/Session13_Easter_Innovation.md|Lessons/Bi-Weekly/Grades_1-2_YearB/Session01_Design_Detectives.md|Lessons/Bi-Weekly/Grades_1-2_YearB/Session04_Animal_Adaptations.md|Lessons/Bi-Weekly/Grades_1-2_YearB/Session06_Gratitude_Gifts.md|Lessons/Bi-Weekly/Grades_1-2_YearB/Session07_Star_Makers.md|Lessons/Bi-Weekly/Grades_1-2_YearB/Session10_Magnets_Motion.md|Lessons/Bi-Weekly/Grades_3-4_YearA/Session04_Animal_Habitats.md|Lessons/Bi-Weekly/Grades_3-4_YearA/Session11_Lenten_Engineering.md|Lessons/Bi-Weekly/Grades_3-4_YearA/Session16_Little_Bits.md|Lessons/Bi-Weekly/Grades_3-4_YearB/Session01_Design_Thinking.md|Lessons/Bi-Weekly/Grades_3-4_YearB/Session06_Thanksgiving_Design.md|Lessons/Bi-Weekly/Grades_3-4_YearB/Session07_Christmas_Circuits.md|Lessons/Bi-Weekly/Grades_3-4_YearB/Session11_Lenten_Service.md|Lessons/Bi-Weekly/Grades_3-4_YearB/Session13_Easter_Creation.md|Lessons/Bi-Weekly/Grades_3-4_YearB/Session16_Makey_Makey.md|Lessons/Bi-Weekly/Grades_5-6_YearA/Session01_Design_Process.md|Lessons/Bi-Weekly/Grades_5-6_YearA/Session04_Body_Systems.md|Lessons/Bi-Weekly/Grades_5-6_YearA/Session06_Thanksgiving_Innovation.md|Lessons/Bi-Weekly/Grades_5-6_YearA/Session07_Christmas_Electronics.md|Lessons/Bi-Weekly/Grades_5-6_YearA/Session10_Environmental_Science.md|Lessons/Bi-Weekly/Grades_5-6_YearA/Session11_Lenten_Engineering.md|Lessons/Bi-Weekly/Grades_5-6_YearA/Session12_Life_Science.md|Lessons/Bi-Weekly/Grades_5-6_YearA/Session16_Advanced_Invention.md|Lessons/Bi-Weekly/Grades_5-6_YearB/Session03_Architecture.md|Lessons/Bi-Weekly/Grades_5-6_YearB/Session06_Gratitude_Design.md|Lessons/Bi-Weekly/Grades_5-6_YearB/Session10_Space_Science.md|Lessons/Bi-Weekly/Grades_5-6_YearB/Session11_Mercy_Engineering.md|Lessons/Bi-Weekly/Grades_5-6_YearB/Session12_Ecosystems.md|Lessons/Bi-Weekly/Grades_5-6_YearB/Session16_Innovation_Lab.md|Lessons/Grades_1-2_YearA/Week12_Making_Gifts.md|Lessons/Grades_1-2_YearA/Week33_New_Life_Engineering.md|Lessons/Grades_1-2_YearB/Week07-09_Animal_Habitats.md|Lessons/Grades_1-2_YearB/Week12_Gifts_Others.md|Lessons/Grades_1-2_YearB/Week14-15_Stars_Light.md|Lessons/Grades_1-2_YearB/Week24-25_Friendship_Machines.md|Lessons/Grades_1-2_YearB/Week29-31_Butterfly_Engineering.md|Lessons/Grades_3-4_YearA/Week01_Welcome_to_CSTREAM.md|Lessons/Grades_3-4_YearA/Week07-09_Community_Helpers.md|Lessons/Grades_3-4_YearA/Week12_Giving_Through_Making.md|Lessons/Grades_3-4_YearA/Week14-15_Light_Science_Advent.md|Lessons/Grades_3-4_YearA/Week16_Astronomy_Star.md|Lessons/Grades_3-4_YearA/Week19-22_Choice_Labs.md|Lessons/Grades_3-4_YearA/Week26-27_Little_Bits_Circuits.md|Lessons/Grades_3-4_YearA/Week29-31_Environmental_STREAM.md|Lessons/Grades_3-4_YearB/Week01_Welcome_Scientists.md|Lessons/Grades_3-4_YearB/Week07-09_Architectural_Marvels.md|Lessons/Grades_3-4_YearB/Week10_Fall_Festival.md|Lessons/Grades_3-4_YearB/Week12_Gifts_Others.md|Lessons/Grades_3-4_YearB/Week13_Advent_Preparation.md|Lessons/Grades_3-4_YearB/Week14-17_Marine_Science.md|Lessons/Grades_3-4_YearB/Week24-27_Sustainable_City.md|Lessons/Grades_3-4_YearB/Week33_Easter_Engineering.md|Lessons/Grades_5-6_YearA/Week07-09_Social_Innovation.md|Lessons/Grades_5-6_YearA/Week12_Giving_Making.md|Lessons/Grades_5-6_YearA/Week19-22_Passion_Projects.md|Lessons/Grades_5-6_YearA/Week23_Catholic_Schools_Week.md|Lessons/Grades_5-6_YearA/Week26-27_Little_Bits.md|Lessons/Grades_5-6_YearB/Week01_Welcome_Innovators.md|Lessons/Grades_5-6_YearB/Week02-04_Biotechnology.md|Lessons/Grades_5-6_YearB/Week05-07_Renewable_Energy.md|Lessons/Grades_5-6_YearB/Week12_Gifts_Service.md|Lessons/Grades_5-6_YearB/Week20-23_Social_Entrepreneurship.md|Lessons/Grades_5-6_YearB/Week25-28_Health_Technology.md","PLANNED DOCUMENT USE - NOT OBSERVED USE OR VERIFIED STOCK"
"BOARD","physical_inventory","Classroom board","1-2|3-4|5-6","190","190","Lessons/Bi-Weekly/Grades_1-2_YearA/Session01_Wonder_Engineers.md|Lessons/Bi-Weekly/Grades_1-2_YearA/Session02_Gods_Patterns.md|Lessons/Bi-Weekly/Grades_1-2_YearA/Session05_Nature_Exploration.md|Lessons/Bi-Weekly/Grades_1-2_YearA/Session06_Thanksgiving_Service.md|Lessons/Bi-Weekly/Grades_1-2_YearA/Session07_Light_in_Darkness.md|Lessons/Bi-Weekly/Grades_1-2_YearA/Session08_Coding_Basics.md|Lessons/Bi-Weekly/Grades_1-2_YearA/Session09_Catholic_Inventors.md|Lessons/Bi-Weekly/Grades_1-2_YearA/Session10_Weather_Watchers.md|Lessons/Bi-Weekly/Grades_1-2_YearA/Session11_Lenten_Engineers.md|Lessons/Bi-Weekly/Grades_1-2_YearA/Session12_Life_Cycles.md|Lessons/Bi-Weekly/Grades_1-2_YearA/Session13_Easter_Innovation.md|Lessons/Bi-Weekly/Grades_1-2_YearA/Session14_Sound_Engineering.md|Lessons/Bi-Weekly/Grades_1-2_YearA/Session15_Robot_Challenge.md|Lessons/Bi-Weekly/Grades_1-2_YearA/Session16_Community_Helpers.md|Lessons/Bi-Weekly/Grades_1-2_YearA/Session17_Exhibition.md|Lessons/Bi-Weekly/Grades_1-2_YearB/Session01_Design_Detectives.md|Lessons/Bi-Weekly/Grades_1-2_YearB/Session02_Tower_Power.md|Lessons/Bi-Weekly/Grades_1-2_YearB/Session04_Animal_Adaptations.md|Lessons/Bi-Weekly/Grades_1-2_YearB/Session06_Gratitude_Gifts.md|Lessons/Bi-Weekly/Grades_1-2_YearB/Session07_Star_Makers.md|Lessons/Bi-Weekly/Grades_1-2_YearB/Session08_Digital_Art.md|Lessons/Bi-Weekly/Grades_1-2_YearB/Session09_Faith_Scientists.md|Lessons/Bi-Weekly/Grades_1-2_YearB/Session10_Magnets_Motion.md|Lessons/Bi-Weekly/Grades_1-2_YearB/Session11_Lenten_Love.md|Lessons/Bi-Weekly/Grades_1-2_YearB/Session12_Butterfly_Wonder.md|Lessons/Bi-Weekly/Grades_1-2_YearB/Session13_Easter_Joy.md|Lessons/Bi-Weekly/Grades_1-2_YearB/Session14_Sphero_Challenge.md|Lessons/Bi-Weekly/Grades_1-2_YearB/Session15_Simple_Machines.md|Lessons/Bi-Weekly/Grades_1-2_YearB/Session16_Earth_Care.md|Lessons/Bi-Weekly/Grades_1-2_YearB/Session17_Celebration.md|Lessons/Bi-Weekly/Grades_3-4_YearA/Session01_Engineering_Design.md|Lessons/Bi-Weekly/Grades_3-4_YearA/Session02_Dash_Code.md|Lessons/Bi-Weekly/Grades_3-4_YearA/Session03_Bridge_Engineering.md|Lessons/Bi-Weekly/Grades_3-4_YearA/Session04_Animal_Habitats.md|Lessons/Bi-Weekly/Grades_3-4_YearA/Session05_Scratch_Intro.md|Lessons/Bi-Weekly/Grades_3-4_YearA/Session06_Gratitude_Tech.md|Lessons/Bi-Weekly/Grades_3-4_YearA/Session07_Light_Circuits.md|Lessons/Bi-Weekly/Grades_3-4_YearA/Session08_Scratch_Animation.md|Lessons/Bi-Weekly/Grades_3-4_YearA/Session09_Catholic_Scientists.md|Lessons/Bi-Weekly/Grades_3-4_YearA/Session10_Weather_Science.md|Lessons/Bi-Weekly/Grades_3-4_YearA/Session11_Lenten_Engineering.md|Lessons/Bi-Weekly/Grades_3-4_YearA/Session12_Plants_Growth.md|Lessons/Bi-Weekly/Grades_3-4_YearA/Session13_Easter_Tech.md|Lessons/Bi-Weekly/Grades_3-4_YearA/Session14_Dash_Challenge.md|Lessons/Bi-Weekly/Grades_3-4_YearA/Session15_Simple_Machines.md|Lessons/Bi-Weekly/Grades_3-4_YearA/Session16_Little_Bits.md|Lessons/Bi-Weekly/Grades_3-4_YearA/Session17_Exhibition.md|Lessons/Bi-Weekly/Grades_3-4_YearB/Session01_Design_Thinking.md|Lessons/Bi-Weekly/Grades_3-4_YearB/Session02_Ozobot_Coding.md|Lessons/Bi-Weekly/Grades_3-4_YearB/Session03_Tower_Challenge.md|Lessons/Bi-Weekly/Grades_3-4_YearB/Session04_Ecosystems.md|Lessons/Bi-Weekly/Grades_3-4_YearB/Session05_Scratch_Games.md|Lessons/Bi-Weekly/Grades_3-4_YearB/Session06_Thanksgiving_Design.md|Lessons/Bi-Weekly/Grades_3-4_YearB/Session07_Christmas_Circuits.md|Lessons/Bi-Weekly/Grades_3-4_YearB/Session08_Digital_Stories.md|Lessons/Bi-Weekly/Grades_3-4_YearB/Session09_Faith_Science.md|Lessons/Bi-Weekly/Grades_3-4_YearB/Session10_Geology_Rocks.md|Lessons/Bi-Weekly/Grades_3-4_YearB/Session11_Lenten_Service.md|Lessons/Bi-Weekly/Grades_3-4_YearB/Session12_Life_Cycles.md|Lessons/Bi-Weekly/Grades_3-4_YearB/Session13_Easter_Creation.md|Lessons/Bi-Weekly/Grades_3-4_YearB/Session14_Ozobot_Challenge.md|Lessons/Bi-Weekly/Grades_3-4_YearB/Session15_Compound_Machines.md|Lessons/Bi-Weekly/Grades_3-4_YearB/Session16_Makey_Makey.md|Lessons/Bi-Weekly/Grades_3-4_YearB/Session17_Celebration.md|Lessons/Bi-Weekly/Grades_5-6_YearA/Session01_Design_Process.md|Lessons/Bi-Weekly/Grades_5-6_YearA/Session02_Sphero_Advanced.md|Lessons/Bi-Weekly/Grades_5-6_YearA/Session03_Structural_Engineering.md|Lessons/Bi-Weekly/Grades_5-6_YearA/Session04_Body_Systems.md|Lessons/Bi-Weekly/Grades_5-6_YearA/Session06_Thanksgiving_Innovation.md|Lessons/Bi-Weekly/Grades_5-6_YearA/Session08_App_Inventor.md|Lessons/Bi-Weekly/Grades_5-6_YearA/Session09_Catholic_Scientists.md|Lessons/Bi-Weekly/Grades_5-6_YearA/Session10_Environmental_Science.md|Lessons/Bi-Weekly/Grades_5-6_YearA/Session11_Lenten_Engineering.md|Lessons/Bi-Weekly/Grades_5-6_YearA/Session12_Life_Science.md|Lessons/Bi-Weekly/Grades_5-6_YearA/Session13_Easter_Tech.md|Lessons/Bi-Weekly/Grades_5-6_YearA/Session14_Sphero_Challenge.md|Lessons/Bi-Weekly/Grades_5-6_YearA/Session15_Physics_Motion.md|Lessons/Bi-Weekly/Grades_5-6_YearA/Session16_Advanced_Invention.md|Lessons/Bi-Weekly/Grades_5-6_YearA/Session17_Exhibition.md|Lessons/Bi-Weekly/Grades_5-6_YearB/Session01_Engineering_Thinking.md|Lessons/Bi-Weekly/Grades_5-6_YearB/Session03_Architecture.md|Lessons/Bi-Weekly/Grades_5-6_YearB/Session05_Scratch_Games.md|Lessons/Bi-Weekly/Grades_5-6_YearB/Session06_Gratitude_Design.md|Lessons/Bi-Weekly/Grades_5-6_YearB/Session07_Advent_Coding.md|Lessons/Bi-Weekly/Grades_5-6_YearB/Session08_App_Design.md|Lessons/Bi-Weekly/Grades_5-6_YearB/Session09_Science_Faith.md|Lessons/Bi-Weekly/Grades_5-6_YearB/Session10_Space_Science.md|Lessons/Bi-Weekly/Grades_5-6_YearB/Session11_Mercy_Engineering.md|Lessons/Bi-Weekly/Grades_5-6_YearB/Session12_Ecosystems.md|Lessons/Bi-Weekly/Grades_5-6_YearB/Session13_New_Life_Tech.md|Lessons/Bi-Weekly/Grades_5-6_YearB/Session14_Robot_Olympics.md|Lessons/Bi-Weekly/Grades_5-6_YearB/Session15_Energy_Science.md|Lessons/Bi-Weekly/Grades_5-6_YearB/Session16_Innovation_Lab.md|Lessons/Bi-Weekly/Grades_5-6_YearB/Session17_Celebration.md|Lessons/Grades_1-2_YearA/Week01_Welcome_to_CSTREAM.md|Lessons/Grades_1-2_YearA/Week05-06_KEVA_Engineering.md|Lessons/Grades_1-2_YearA/Week07-09_Engineering_for_Others.md|Lessons/Grades_1-2_YearA/Week10_Strong_Bridges.md|Lessons/Grades_1-2_YearA/Week11_Thankful_Coding.md|Lessons/Grades_1-2_YearA/Week12_Making_Gifts.md|Lessons/Grades_1-2_YearA/Week13_Fall_Celebration.md|Lessons/Grades_1-2_YearA/Week14-15_Light_Explorations.md|Lessons/Grades_1-2_YearA/Week16_Star_of_Wonder.md|Lessons/Grades_1-2_YearA/Week18_New_Year_Goals.md|Lessons/Grades_1-2_YearA/Week23_Catholic_Schools_Week.md|Lessons/Grades_1-2_YearA/Week24-25_Dash_Robot_Adventures.md|Lessons/Grades_1-2_YearA/Week26-27_Helping_Hands_Design.md|Lessons/Grades_1-2_YearA/Week33_New_Life_Engineering.md|Lessons/Grades_1-2_YearA/Week34_Year_Celebration.md|Lessons/Grades_1-2_YearB/Week01_Welcome_Scientists.md|Lessons/Grades_1-2_YearB/Week05-06_Tower_Engineering.md|Lessons/Grades_1-2_YearB/Week07-09_Animal_Habitats.md|Lessons/Grades_1-2_YearB/Week11_Thanksgiving_Coding.md|Lessons/Grades_1-2_YearB/Week12_Gifts_Others.md|Lessons/Grades_1-2_YearB/Week13_Fall_Festival.md|Lessons/Grades_1-2_YearB/Week14-15_Stars_Light.md|Lessons/Grades_1-2_YearB/Week18_Growth_Goals.md|Lessons/Grades_1-2_YearB/Week19-22_Invention_Labs.md|Lessons/Grades_1-2_YearB/Week23_Catholic_Schools.md|Lessons/Grades_1-2_YearB/Week24-25_Friendship_Machines.md|Lessons/Grades_1-2_YearB/Week26-27_Garden_Engineering.md|Lessons/Grades_1-2_YearB/Week28_Math_Games.md|Lessons/Grades_1-2_YearB/Week29-31_Butterfly_Engineering.md|Lessons/Grades_1-2_YearB/Week33_New_Life.md|Lessons/Grades_1-2_YearB/Week34_Showcase.md|Lessons/Grades_3-4_YearA/Week01_Welcome_to_CSTREAM.md|Lessons/Grades_3-4_YearA/Week02-03_Sphero_Advanced.md|Lessons/Grades_3-4_YearA/Week04_Scientific_Method.md|Lessons/Grades_3-4_YearA/Week05-06_KEVA_Challenges.md|Lessons/Grades_3-4_YearA/Week07-09_Community_Helpers.md|Lessons/Grades_3-4_YearA/Week10_Bridge_Engineering.md|Lessons/Grades_3-4_YearA/Week11_Coding_Gratitude.md|Lessons/Grades_3-4_YearA/Week12_Giving_Through_Making.md|Lessons/Grades_3-4_YearA/Week13_Fall_Celebration.md|Lessons/Grades_3-4_YearA/Week14-15_Light_Science_Advent.md|Lessons/Grades_3-4_YearA/Week16_Astronomy_Star.md|Lessons/Grades_3-4_YearA/Week18_SMART_Goals.md|Lessons/Grades_3-4_YearA/Week19-22_Choice_Labs.md|Lessons/Grades_3-4_YearA/Week23_Catholic_Schools_Week.md|Lessons/Grades_3-4_YearA/Week24-25_Scratch_Programming.md|Lessons/Grades_3-4_YearA/Week26-27_Little_Bits_Circuits.md|Lessons/Grades_3-4_YearA/Week28_Pi_Day_Circles.md|Lessons/Grades_3-4_YearA/Week29-31_Environmental_STREAM.md|Lessons/Grades_3-4_YearA/Week33_Resurrection_Science.md|Lessons/Grades_3-4_YearA/Week34_STREAM_Expo.md|Lessons/Grades_3-4_YearB/Week01_Welcome_Scientists.md|Lessons/Grades_3-4_YearB/Week02-03_Flight_Fundamentals.md|Lessons/Grades_3-4_YearB/Week04-06_Paper_Airplane.md|Lessons/Grades_3-4_YearB/Week07-09_Architectural_Marvels.md|Lessons/Grades_3-4_YearB/Week10_Fall_Festival.md|Lessons/Grades_3-4_YearB/Week11_Thanksgiving_Gratitude.md|Lessons/Grades_3-4_YearB/Week12_Gifts_Others.md|Lessons/Grades_3-4_YearB/Week13_Advent_Preparation.md|Lessons/Grades_3-4_YearB/Week14-17_Marine_Science.md|Lessons/Grades_3-4_YearB/Week18_New_Year_Goals.md|Lessons/Grades_3-4_YearB/Week19-22_Game_Design.md|Lessons/Grades_3-4_YearB/Week23_Catholic_Schools.md|Lessons/Grades_3-4_YearB/Week24-27_Sustainable_City.md|Lessons/Grades_3-4_YearB/Week28_Pi_Day.md|Lessons/Grades_3-4_YearB/Week29-31_Weather_Station.md|Lessons/Grades_3-4_YearB/Week33_Easter_Engineering.md|Lessons/Grades_3-4_YearB/Week34_Showcase.md|Lessons/Grades_5-6_YearA/Week01_Welcome_to_CSTREAM.md|Lessons/Grades_5-6_YearA/Week04_Experimental_Design.md|Lessons/Grades_5-6_YearA/Week05-06_Structural_Engineering.md|Lessons/Grades_5-6_YearA/Week07-09_Social_Innovation.md|Lessons/Grades_5-6_YearA/Week10_Advanced_Bridges.md|Lessons/Grades_5-6_YearA/Week11_Gratitude_Coding.md|Lessons/Grades_5-6_YearA/Week12_Giving_Making.md|Lessons/Grades_5-6_YearA/Week13_Fall_Showcase.md|Lessons/Grades_5-6_YearA/Week14-15_Optics_Light.md|Lessons/Grades_5-6_YearA/Week16_Astronomy.md|Lessons/Grades_5-6_YearA/Week18_Goal_Engineering.md|Lessons/Grades_5-6_YearA/Week19-22_Passion_Projects.md|Lessons/Grades_5-6_YearA/Week23_Catholic_Schools_Week.md|Lessons/Grades_5-6_YearA/Week24-25_Advanced_Scratch.md|Lessons/Grades_5-6_YearA/Week28_Pi_Day.md|Lessons/Grades_5-6_YearA/Week33_Easter_Engineering.md|Lessons/Grades_5-6_YearA/Week34_STREAM_Expo.md|Lessons/Grades_5-6_YearB/Week01_Welcome_Innovators.md|Lessons/Grades_5-6_YearB/Week11_Thanksgiving_Data.md|Lessons/Grades_5-6_YearB/Week12_Gifts_Service.md|Lessons/Grades_5-6_YearB/Week13_Advent_Technology.md|Lessons/Grades_5-6_YearB/Week19_New_Year_Vision.md|Lessons/Grades_5-6_YearB/Week20-23_Social_Entrepreneurship.md|Lessons/Grades_5-6_YearB/Week24_Catholic_Schools.md|Lessons/Grades_5-6_YearB/Week25-28_Health_Technology.md|Lessons/Grades_5-6_YearB/Week29-31_Environmental_Monitoring.md|Lessons/Grades_5-6_YearB/Week33_Easter_Hope.md|Lessons/Grades_5-6_YearB/Week34_Exhibition.md","PLANNED DOCUMENT USE - NOT OBSERVED USE OR VERIFIED STOCK"
"EARLYBOOK","physical_inventory","Classroom book","1-2","4","4","Lessons/Bi-Weekly/Grades_1-2_YearA/Session14_Sound_Engineering.md|Lessons/Bi-Weekly/Grades_1-2_YearB/Session01_Design_Detectives.md|Lessons/Grades_1-2_YearA/Week12_Making_Gifts.md|Lessons/Grades_1-2_YearB/Week12_Gifts_Others.md","PLANNED DOCUMENT USE - NOT OBSERVED USE OR VERIFIED STOCK"
"FOLDER","physical_inventory","Classroom paper folder","5-6","1","1","Lessons/Bi-Weekly/Grades_5-6_YearA/Session11_Lenten_Engineering.md","PLANNED DOCUMENT USE - NOT OBSERVED USE OR VERIFIED STOCK"
"TOYCAR","physical_inventory","Classroom rolling toy car","1-2","1","1","Lessons/Grades_1-2_YearB/Week10_Ramp_Races.md","PLANNED DOCUMENT USE - NOT OBSERVED USE OR VERIFIED STOCK"
"YARN","physical_inventory","Classroom yarn for the specified nonstretch test","1-2","1","1","Lessons/Grades_1-2_YearA/Week28_Pi_Day_Circles.md","PLANNED DOCUMENT USE - NOT OBSERVED USE OR VERIFIED STOCK"
"CARDBOARD","physical_inventory","Clean corrugated cardboard","1-2|3-4|5-6|K","40","40","Lessons/Bi-Weekly/Grades_1-2_YearA/Session07_Light_in_Darkness.md|Lessons/Bi-Weekly/Grades_1-2_YearA/Session11_Lenten_Engineers.md|Lessons/Bi-Weekly/Grades_1-2_YearA/Session16_Community_Helpers.md|Lessons/Bi-Weekly/Grades_1-2_YearB/Session11_Lenten_Love.md|Lessons/Bi-Weekly/Grades_1-2_YearB/Session15_Simple_Machines.md|Lessons/Bi-Weekly/Grades_3-4_YearA/Session02_Dash_Code.md|Lessons/Bi-Weekly/Grades_3-4_YearA/Session14_Dash_Challenge.md|Lessons/Bi-Weekly/Grades_3-4_YearB/Session15_Compound_Machines.md|Lessons/Bi-Weekly/Grades_5-6_YearA/Session06_Thanksgiving_Innovation.md|Lessons/Bi-Weekly/Grades_5-6_YearA/Session07_Christmas_Electronics.md|Lessons/Bi-Weekly/Grades_5-6_YearA/Session15_Physics_Motion.md|Lessons/Bi-Weekly/Grades_5-6_YearA/Session16_Advanced_Invention.md|Lessons/Bi-Weekly/Grades_5-6_YearB/Session01_Engineering_Thinking.md|Lessons/Bi-Weekly/Grades_5-6_YearB/Session03_Architecture.md|Lessons/Bi-Weekly/Grades_5-6_YearB/Session15_Energy_Science.md|Lessons/Bi-Weekly/Grades_5-6_YearB/Session16_Innovation_Lab.md|Lessons/Bi-Weekly/Kindergarten/Session05_Simple_Machines.md|Lessons/Bi-Weekly/Kindergarten/Session12_Animal_Homes.md|Lessons/Grades_1-2_YearA/Week07-09_Engineering_for_Others.md|Lessons/Grades_1-2_YearA/Week14-15_Light_Explorations.md|Lessons/Grades_1-2_YearA/Week19-22_Exploration_Stations.md|Lessons/Grades_1-2_YearA/Week26-27_Helping_Hands_Design.md|Lessons/Grades_1-2_YearB/Week07-09_Animal_Habitats.md|Lessons/Grades_1-2_YearB/Week10_Ramp_Races.md|Lessons/Grades_1-2_YearB/Week19-22_Invention_Labs.md|Lessons/Grades_3-4_YearA/Week02-03_Sphero_Advanced.md|Lessons/Grades_3-4_YearA/Week04_Scientific_Method.md|Lessons/Grades_3-4_YearB/Week07-09_Architectural_Marvels.md|Lessons/Grades_3-4_YearB/Week24-27_Sustainable_City.md|Lessons/Grades_3-4_YearB/Week29-31_Weather_Station.md|Lessons/Grades_5-6_YearA/Week04_Experimental_Design.md|Lessons/Grades_5-6_YearA/Week07-09_Social_Innovation.md|Lessons/Grades_5-6_YearA/Week14-15_Optics_Light.md|Lessons/Grades_5-6_YearA/Week19-22_Passion_Projects.md|Lessons/Grades_5-6_YearB/Week20-23_Social_Entrepreneurship.md|Lessons/Grades_5-6_YearB/Week25-28_Health_Technology.md|Lessons/Kindergarten/Week07-09_Engineering_Helpers.md|Lessons/Kindergarten/Week10_Bridges_Connect_Us.md|Lessons/Kindergarten/Week14-15_Light_All_Around.md|Lessons/Kindergarten/Week26-27_Helping_Hands.md","PLANNED DOCUMENT USE - NOT OBSERVED USE OR VERIFIED STOCK"
"PINWHEEL","physical_inventory","Commercial enclosed-axle classroom pinwheel","5-6","1","1","Lessons/Grades_5-6_YearB/Week05-07_Renewable_Energy.md","PLANNED DOCUMENT USE - NOT OBSERVED USE OR VERIFIED STOCK"
"DIGITALBALANCE","physical_inventory","Compact digital balance","5-6","2","2","Lessons/Grades_5-6_YearA/Week05-06_Structural_Engineering.md|Lessons/Grades_5-6_YearA/Week10_Advanced_Bridges.md","PLANNED DOCUMENT USE - NOT OBSERVED USE OR VERIFIED STOCK"
"CHARGING","physical_inventory","Compatible robot charging accessories","3-4","5","5","Lessons/Bi-Weekly/Grades_3-4_YearA/Session02_Dash_Code.md|Lessons/Bi-Weekly/Grades_3-4_YearA/Session14_Dash_Challenge.md|Lessons/Bi-Weekly/Grades_3-4_YearB/Session02_Ozobot_Coding.md|Lessons/Bi-Weekly/Grades_3-4_YearB/Session14_Ozobot_Challenge.md|Lessons/Grades_3-4_YearA/Week02-03_Sphero_Advanced.md","PLANNED DOCUMENT USE - NOT OBSERVED USE OR VERIFIED STOCK"
"STRING","physical_inventory","Cotton string","3-4|5-6","4","4","Lessons/Bi-Weekly/Grades_3-4_YearB/Session04_Ecosystems.md|Lessons/Grades_3-4_YearA/Week28_Pi_Day_Circles.md|Lessons/Grades_3-4_YearB/Week28_Pi_Day.md|Lessons/Grades_5-6_YearA/Week28_Pi_Day.md","PLANNED DOCUMENT USE - NOT OBSERVED USE OR VERIFIED STOCK"
"LED","physical_inventory","Current-limited 3-V LED module","1-2","1","1","Lessons/Grades_1-2_YearB/Week14-15_Stars_Light.md","PLANNED DOCUMENT USE - NOT OBSERVED USE OR VERIFIED STOCK"
"DASH","physical_inventory","Dash-type app-controlled robot","1-2|3-4","6","6","Lessons/Bi-Weekly/Grades_1-2_YearA/Session04_Robot_Friends.md|Lessons/Bi-Weekly/Grades_1-2_YearA/Session15_Robot_Challenge.md|Lessons/Bi-Weekly/Grades_3-4_YearA/Session02_Dash_Code.md|Lessons/Bi-Weekly/Grades_3-4_YearA/Session14_Dash_Challenge.md|Lessons/Grades_1-2_YearA/Week24-25_Dash_Robot_Adventures.md|Lessons/Grades_1-2_YearB/Week02-03_Dash_Adventures.md","PLANNED DOCUMENT USE - NOT OBSERVED USE OR VERIFIED STOCK"
"FLASH","physical_inventory","Enclosed 2-AA flashlight","1-2|3-4|5-6|K","9","9","Lessons/Bi-Weekly/Grades_1-2_YearA/Session07_Light_in_Darkness.md|Lessons/Bi-Weekly/Grades_5-6_YearB/Session02_Sphero_Sensors.md|Lessons/Bi-Weekly/Kindergarten/Session04_Colors_Light.md|Lessons/Grades_1-2_YearA/Week14-15_Light_Explorations.md|Lessons/Grades_3-4_YearA/Week14-15_Light_Science_Advent.md|Lessons/Grades_3-4_YearA/Week19-22_Choice_Labs.md|Lessons/Grades_3-4_YearB/Week13_Advent_Preparation.md|Lessons/Grades_5-6_YearA/Week14-15_Optics_Light.md|Lessons/Kindergarten/Week14-15_Light_All_Around.md","PLANNED DOCUMENT USE - NOT OBSERVED USE OR VERIFIED STOCK"
"CUBE","physical_inventory","Equal classroom measuring cube","1-2","2","2","Lessons/Grades_1-2_YearA/Week19-22_Exploration_Stations.md|Lessons/Grades_1-2_YearA/Week28_Pi_Day_Circles.md","PLANNED DOCUMENT USE - NOT OBSERVED USE OR VERIFIED STOCK"
"FLEXRULER","physical_inventory","Flexible smooth classroom plastic ruler","1-2","1","1","Lessons/Bi-Weekly/Grades_1-2_YearA/Session14_Sound_Engineering.md","PLANNED DOCUMENT USE - NOT OBSERVED USE OR VERIFIED STOCK"
"FAN","physical_inventory","Guarded tabletop classroom fan","5-6","1","1","Lessons/Grades_5-6_YearB/Week05-07_Renewable_Energy.md","PLANNED DOCUMENT USE - NOT OBSERVED USE OR VERIFIED STOCK"
"INDEX","physical_inventory","Index cards","1-2","31","31","Lessons/Bi-Weekly/Grades_1-2_YearA/Session04_Robot_Friends.md|Lessons/Bi-Weekly/Grades_1-2_YearA/Session06_Thanksgiving_Service.md|Lessons/Bi-Weekly/Grades_1-2_YearA/Session08_Coding_Basics.md|Lessons/Bi-Weekly/Grades_1-2_YearA/Session10_Weather_Watchers.md|Lessons/Bi-Weekly/Grades_1-2_YearA/Session11_Lenten_Engineers.md|Lessons/Bi-Weekly/Grades_1-2_YearA/Session14_Sound_Engineering.md|Lessons/Bi-Weekly/Grades_1-2_YearA/Session15_Robot_Challenge.md|Lessons/Bi-Weekly/Grades_1-2_YearA/Session16_Community_Helpers.md|Lessons/Bi-Weekly/Grades_1-2_YearA/Session17_Exhibition.md|Lessons/Bi-Weekly/Grades_1-2_YearB/Session03_Sphero_Intro.md|Lessons/Bi-Weekly/Grades_1-2_YearB/Session09_Faith_Scientists.md|Lessons/Bi-Weekly/Grades_1-2_YearB/Session11_Lenten_Love.md|Lessons/Bi-Weekly/Grades_1-2_YearB/Session13_Easter_Joy.md|Lessons/Bi-Weekly/Grades_1-2_YearB/Session14_Sphero_Challenge.md|Lessons/Bi-Weekly/Grades_1-2_YearB/Session17_Celebration.md|Lessons/Grades_1-2_YearA/Week11_Thankful_Coding.md|Lessons/Grades_1-2_YearA/Week13_Fall_Celebration.md|Lessons/Grades_1-2_YearA/Week18_New_Year_Goals.md|Lessons/Grades_1-2_YearA/Week24-25_Dash_Robot_Adventures.md|Lessons/Grades_1-2_YearA/Week26-27_Helping_Hands_Design.md|Lessons/Grades_1-2_YearA/Week34_Year_Celebration.md|Lessons/Grades_1-2_YearB/Week02-03_Dash_Adventures.md|Lessons/Grades_1-2_YearB/Week11_Thanksgiving_Coding.md|Lessons/Grades_1-2_YearB/Week13_Fall_Festival.md|Lessons/Grades_1-2_YearB/Week18_Growth_Goals.md|Lessons/Grades_1-2_YearB/Week19-22_Invention_Labs.md|Lessons/Grades_1-2_YearB/Week23_Catholic_Schools.md|Lessons/Grades_1-2_YearB/Week24-25_Friendship_Machines.md|Lessons/Grades_1-2_YearB/Week26-27_Garden_Engineering.md|Lessons/Grades_1-2_YearB/Week28_Math_Games.md|Lessons/Grades_1-2_YearB/Week34_Showcase.md","PLANNED DOCUMENT USE - NOT OBSERVED USE OR VERIFIED STOCK"
"LEAD","physical_inventory","Insulated clip lead","1-2|3-4|5-6","3","3","Lessons/Bi-Weekly/Grades_3-4_YearB/Session16_Makey_Makey.md|Lessons/Bi-Weekly/Grades_5-6_YearA/Session07_Christmas_Electronics.md|Lessons/Grades_1-2_YearB/Week14-15_Stars_Light.md","PLANNED DOCUMENT USE - NOT OBSERVED USE OR VERIFIED STOCK"
"LID","physical_inventory","Large circular lid","K","1","1","Lessons/Kindergarten/Week28_Circles_and_Pi.md","PLANNED DOCUMENT USE - NOT OBSERVED USE OR VERIFIED STOCK"
"BALL","physical_inventory","Large classroom ball","3-4|K","3","3","Lessons/Bi-Weekly/Kindergarten/Session05_Simple_Machines.md|Lessons/Grades_3-4_YearA/Week04_Scientific_Method.md|Lessons/Kindergarten/Week28_Circles_and_Pi.md","PLANNED DOCUMENT USE - NOT OBSERVED USE OR VERIFIED STOCK"
"TEXTUREOBJ","physical_inventory","Large clean classroom texture object","1-2","1","1","Lessons/Grades_1-2_YearB/Week04_Senses_Discovery.md","PLANNED DOCUMENT USE - NOT OBSERVED USE OR VERIFIED STOCK"
"COMMAND","physical_inventory","Large command cards","K","9","9","Lessons/Bi-Weekly/Kindergarten/Session15_Helping_Others.md|Lessons/Bi-Weekly/Kindergarten/Session17_Celebration.md|Lessons/Kindergarten/Week02-03_Sphero_Movement.md|Lessons/Kindergarten/Week11_Coding_Thankfulness.md|Lessons/Kindergarten/Week13_Fall_Celebration.md|Lessons/Kindergarten/Week19-22_Exploration_Stations.md|Lessons/Kindergarten/Week23_Catholic_Schools_Week.md|Lessons/Kindergarten/Week24-25_Dash_Robot_Friends.md|Lessons/Kindergarten/Week34_Year_Celebration.md","PLANNED DOCUMENT USE - NOT OBSERVED USE OR VERIFIED STOCK"
"EARLYMAGNET","physical_inventory","Large fully encased classroom magnet","1-2","1","1","Lessons/Bi-Weekly/Grades_1-2_YearB/Session10_Magnets_Motion.md","PLANNED DOCUMENT USE - NOT OBSERVED USE OR VERIFIED STOCK"
"COUNTER","physical_inventory","Large identical plastic test counters","1-2|3-4","10","10","Lessons/Bi-Weekly/Grades_1-2_YearB/Session09_Faith_Scientists.md|Lessons/Bi-Weekly/Grades_3-4_YearA/Session03_Bridge_Engineering.md|Lessons/Bi-Weekly/Grades_3-4_YearA/Session05_Scratch_Intro.md|Lessons/Bi-Weekly/Grades_3-4_YearA/Session15_Simple_Machines.md|Lessons/Bi-Weekly/Grades_3-4_YearB/Session05_Scratch_Games.md|Lessons/Bi-Weekly/Grades_3-4_YearB/Session15_Compound_Machines.md|Lessons/Grades_1-2_YearB/Week28_Math_Games.md|Lessons/Grades_3-4_YearA/Week05-06_KEVA_Challenges.md|Lessons/Grades_3-4_YearA/Week10_Bridge_Engineering.md|Lessons/Grades_3-4_YearA/Week24-25_Scratch_Programming.md","PLANNED DOCUMENT USE - NOT OBSERVED USE OR VERIFIED STOCK"
"LIFECYCLE","physical_inventory","Large life-cycle picture cards","3-4|K","4","4","Lessons/Bi-Weekly/Grades_3-4_YearB/Session12_Life_Cycles.md|Lessons/Bi-Weekly/Kindergarten/Session13_Easter_New_Life.md|Lessons/Grades_3-4_YearA/Week33_Resurrection_Science.md|Lessons/Kindergarten/Week33_New_Life_Engineering.md","PLANNED DOCUMENT USE - NOT OBSERVED USE OR VERIFIED STOCK"
"PICTURE","physical_inventory","Large observation picture cards","K","6","6","Lessons/Bi-Weekly/Kindergarten/Session01_Welcome_Wonder.md|Lessons/Bi-Weekly/Kindergarten/Session02_Gods_World.md|Lessons/Bi-Weekly/Kindergarten/Session12_Animal_Homes.md|Lessons/Kindergarten/Week01_Welcome_to_CSTREAM.md|Lessons/Kindergarten/Week04_Wonder_Walk.md|Lessons/Kindergarten/Week16_Star_of_Wonder.md","PLANNED DOCUMENT USE - NOT OBSERVED USE OR VERIFIED STOCK"
"SHAPE","physical_inventory","Large paper shapes","K","5","5","Lessons/Bi-Weekly/Kindergarten/Session04_Colors_Light.md|Lessons/Bi-Weekly/Kindergarten/Session07_Advent_Light.md|Lessons/Kindergarten/Week12_Making_Gifts.md|Lessons/Kindergarten/Week19-22_Exploration_Stations.md|Lessons/Kindergarten/Week28_Circles_and_Pi.md","PLANNED DOCUMENT USE - NOT OBSERVED USE OR VERIFIED STOCK"
"EARLYSPOON","physical_inventory","Large smooth classroom steel spoon","1-2","1","1","Lessons/Bi-Weekly/Grades_1-2_YearB/Session10_Magnets_Motion.md","PLANNED DOCUMENT USE - NOT OBSERVED USE OR VERIFIED STOCK"
"SPOON","physical_inventory","Large smooth metal spoon","K","1","1","Lessons/Bi-Weekly/Kindergarten/Session16_Water_Wonder.md","PLANNED DOCUMENT USE - NOT OBSERVED USE OR VERIFIED STOCK"
"SOFTBALL","physical_inventory","Large soft contained-test ball","5-6","3","3","Lessons/Bi-Weekly/Grades_5-6_YearA/Session15_Physics_Motion.md|Lessons/Grades_5-6_YearA/Week04_Experimental_Design.md|Lessons/Grades_5-6_YearA/Week19-22_Passion_Projects.md","PLANNED DOCUMENT USE - NOT OBSERVED USE OR VERIFIED STOCK"
"BIGTRAY","physical_inventory","Large teacher science tray","3-4|K","3","3","Lessons/Bi-Weekly/Grades_3-4_YearA/Session12_Plants_Growth.md|Lessons/Bi-Weekly/Kindergarten/Session11_Growing_Things.md|Lessons/Kindergarten/Week29-31_Growing_Things.md","PLANNED DOCUMENT USE - NOT OBSERVED USE OR VERIFIED STOCK"
"WEATHER","physical_inventory","Large weather symbol cards","K","3","3","Lessons/Bi-Weekly/Kindergarten/Session10_Weather_Wonder.md|Lessons/Kindergarten/Week18_New_Year_Goals.md|Lessons/Kindergarten/Week19-22_Exploration_Stations.md","PLANNED DOCUMENT USE - NOT OBSERVED USE OR VERIFIED STOCK"
"BLOCK","physical_inventory","Large wooden building blocks","3-4|K","8","8","Lessons/Bi-Weekly/Grades_3-4_YearA/Session15_Simple_Machines.md|Lessons/Bi-Weekly/Grades_3-4_YearB/Session15_Compound_Machines.md|Lessons/Bi-Weekly/Kindergarten/Session03_Building_Basics.md|Lessons/Bi-Weekly/Kindergarten/Session05_Simple_Machines.md|Lessons/Bi-Weekly/Kindergarten/Session16_Water_Wonder.md|Lessons/Kindergarten/Week05-06_KEVA_Building.md|Lessons/Kindergarten/Week10_Bridges_Connect_Us.md|Lessons/Kindergarten/Week19-22_Exploration_Stations.md","PLANNED DOCUMENT USE - NOT OBSERVED USE OR VERIFIED STOCK"
"BIN","physical_inventory","Lidded storage bin","3-4","1","1","Lessons/Grades_3-4_YearB/Week29-31_Weather_Station.md","PLANNED DOCUMENT USE - NOT OBSERVED USE OR VERIFIED STOCK"
"CATCHBOX","physical_inventory","Low stable classroom catch box","1-2","1","1","Lessons/Grades_1-2_YearB/Week10_Ramp_Races.md","PLANNED DOCUMENT USE - NOT OBSERVED USE OR VERIFIED STOCK"
"PUSHSWITCH","physical_inventory","Low-voltage classroom push switch","5-6","1","1","Lessons/Bi-Weekly/Grades_5-6_YearA/Session07_Christmas_Electronics.md","PLANNED DOCUMENT USE - NOT OBSERVED USE OR VERIFIED STOCK"
"HOST","physical_inventory","Managed tablet or computer","1-2|3-4|5-6","42","45","Lessons/Bi-Weekly/Grades_1-2_YearA/Session04_Robot_Friends.md|Lessons/Bi-Weekly/Grades_1-2_YearA/Session08_Coding_Basics.md|Lessons/Bi-Weekly/Grades_1-2_YearA/Session15_Robot_Challenge.md|Lessons/Bi-Weekly/Grades_1-2_YearB/Session03_Sphero_Intro.md|Lessons/Bi-Weekly/Grades_1-2_YearB/Session08_Digital_Art.md|Lessons/Bi-Weekly/Grades_1-2_YearB/Session14_Sphero_Challenge.md|Lessons/Bi-Weekly/Grades_3-4_YearA/Session02_Dash_Code.md|Lessons/Bi-Weekly/Grades_3-4_YearA/Session05_Scratch_Intro.md|Lessons/Bi-Weekly/Grades_3-4_YearA/Session06_Gratitude_Tech.md|Lessons/Bi-Weekly/Grades_3-4_YearA/Session08_Scratch_Animation.md|Lessons/Bi-Weekly/Grades_3-4_YearA/Session13_Easter_Tech.md|Lessons/Bi-Weekly/Grades_3-4_YearA/Session14_Dash_Challenge.md|Lessons/Bi-Weekly/Grades_3-4_YearB/Session05_Scratch_Games.md|Lessons/Bi-Weekly/Grades_3-4_YearB/Session08_Digital_Stories.md|Lessons/Bi-Weekly/Grades_3-4_YearB/Session16_Makey_Makey.md|Lessons/Bi-Weekly/Grades_5-6_YearA/Session02_Sphero_Advanced.md|Lessons/Bi-Weekly/Grades_5-6_YearA/Session05_Scratch_Advanced.md|Lessons/Bi-Weekly/Grades_5-6_YearA/Session08_App_Inventor.md|Lessons/Bi-Weekly/Grades_5-6_YearA/Session13_Easter_Tech.md|Lessons/Bi-Weekly/Grades_5-6_YearA/Session14_Sphero_Challenge.md|Lessons/Bi-Weekly/Grades_5-6_YearB/Session02_Sphero_Sensors.md|Lessons/Bi-Weekly/Grades_5-6_YearB/Session05_Scratch_Games.md|Lessons/Bi-Weekly/Grades_5-6_YearB/Session07_Advent_Coding.md|Lessons/Bi-Weekly/Grades_5-6_YearB/Session08_App_Design.md|Lessons/Bi-Weekly/Grades_5-6_YearB/Session13_New_Life_Tech.md|Lessons/Bi-Weekly/Grades_5-6_YearB/Session14_Robot_Olympics.md|Lessons/Grades_1-2_YearA/Week02-03_Sphero_Coding.md|Lessons/Grades_1-2_YearA/Week11_Thankful_Coding.md|Lessons/Grades_1-2_YearA/Week24-25_Dash_Robot_Adventures.md|Lessons/Grades_1-2_YearB/Week02-03_Dash_Adventures.md|Lessons/Grades_1-2_YearB/Week11_Thanksgiving_Coding.md|Lessons/Grades_3-4_YearA/Week02-03_Sphero_Advanced.md|Lessons/Grades_3-4_YearA/Week11_Coding_Gratitude.md|Lessons/Grades_3-4_YearA/Week24-25_Scratch_Programming.md|Lessons/Grades_3-4_YearB/Week19-22_Game_Design.md|Lessons/Grades_5-6_YearA/Week02-03_Sphero_Mastery.md|Lessons/Grades_5-6_YearA/Week11_Gratitude_Coding.md|Lessons/Grades_5-6_YearA/Week19-22_Passion_Projects.md|Lessons/Grades_5-6_YearA/Week24-25_Advanced_Scratch.md|Lessons/Grades_5-6_YearB/Week13_Advent_Technology.md|Lessons/Grades_5-6_YearB/Week14-18_App_Development.md|Lessons/Grades_5-6_YearB/Week29-31_Environmental_Monitoring.md","PLANNED DOCUMENT USE - NOT OBSERVED USE OR VERIFIED STOCK"
"TAPE","physical_inventory","Masking tape","1-2|3-4|5-6|K","67","67","Lessons/Bi-Weekly/Grades_1-2_YearA/Session04_Robot_Friends.md|Lessons/Bi-Weekly/Grades_1-2_YearA/Session07_Light_in_Darkness.md|Lessons/Bi-Weekly/Grades_1-2_YearA/Session11_Lenten_Engineers.md|Lessons/Bi-Weekly/Grades_1-2_YearA/Session13_Easter_Innovation.md|Lessons/Bi-Weekly/Grades_1-2_YearA/Session14_Sound_Engineering.md|Lessons/Bi-Weekly/Grades_1-2_YearA/Session15_Robot_Challenge.md|Lessons/Bi-Weekly/Grades_1-2_YearA/Session16_Community_Helpers.md|Lessons/Bi-Weekly/Grades_1-2_YearB/Session03_Sphero_Intro.md|Lessons/Bi-Weekly/Grades_1-2_YearB/Session07_Star_Makers.md|Lessons/Bi-Weekly/Grades_1-2_YearB/Session11_Lenten_Love.md|Lessons/Bi-Weekly/Grades_1-2_YearB/Session14_Sphero_Challenge.md|Lessons/Bi-Weekly/Grades_3-4_YearA/Session01_Engineering_Design.md|Lessons/Bi-Weekly/Grades_3-4_YearA/Session15_Simple_Machines.md|Lessons/Bi-Weekly/Grades_3-4_YearB/Session01_Design_Thinking.md|Lessons/Bi-Weekly/Grades_3-4_YearB/Session06_Thanksgiving_Design.md|Lessons/Bi-Weekly/Grades_3-4_YearB/Session13_Easter_Creation.md|Lessons/Bi-Weekly/Grades_3-4_YearB/Session15_Compound_Machines.md|Lessons/Bi-Weekly/Grades_5-6_YearA/Session01_Design_Process.md|Lessons/Bi-Weekly/Grades_5-6_YearA/Session03_Structural_Engineering.md|Lessons/Bi-Weekly/Grades_5-6_YearA/Session06_Thanksgiving_Innovation.md|Lessons/Bi-Weekly/Grades_5-6_YearA/Session07_Christmas_Electronics.md|Lessons/Bi-Weekly/Grades_5-6_YearA/Session15_Physics_Motion.md|Lessons/Bi-Weekly/Grades_5-6_YearA/Session16_Advanced_Invention.md|Lessons/Bi-Weekly/Grades_5-6_YearB/Session01_Engineering_Thinking.md|Lessons/Bi-Weekly/Grades_5-6_YearB/Session03_Architecture.md|Lessons/Bi-Weekly/Grades_5-6_YearB/Session15_Energy_Science.md|Lessons/Bi-Weekly/Grades_5-6_YearB/Session16_Innovation_Lab.md|Lessons/Grades_1-2_YearA/Week02-03_Sphero_Coding.md|Lessons/Grades_1-2_YearA/Week07-09_Engineering_for_Others.md|Lessons/Grades_1-2_YearA/Week14-15_Light_Explorations.md|Lessons/Grades_1-2_YearA/Week24-25_Dash_Robot_Adventures.md|Lessons/Grades_1-2_YearA/Week26-27_Helping_Hands_Design.md|Lessons/Grades_1-2_YearA/Week33_New_Life_Engineering.md|Lessons/Grades_1-2_YearB/Week02-03_Dash_Adventures.md|Lessons/Grades_1-2_YearB/Week05-06_Tower_Engineering.md|Lessons/Grades_1-2_YearB/Week07-09_Animal_Habitats.md|Lessons/Grades_1-2_YearB/Week10_Ramp_Races.md|Lessons/Grades_1-2_YearB/Week19-22_Invention_Labs.md|Lessons/Grades_1-2_YearB/Week24-25_Friendship_Machines.md|Lessons/Grades_1-2_YearB/Week29-31_Butterfly_Engineering.md|Lessons/Grades_3-4_YearA/Week07-09_Community_Helpers.md|Lessons/Grades_3-4_YearA/Week10_Bridge_Engineering.md|Lessons/Grades_3-4_YearA/Week19-22_Choice_Labs.md|Lessons/Grades_3-4_YearA/Week29-31_Environmental_STREAM.md|Lessons/Grades_3-4_YearB/Week07-09_Architectural_Marvels.md|Lessons/Grades_3-4_YearB/Week10_Fall_Festival.md|Lessons/Grades_3-4_YearB/Week14-17_Marine_Science.md|Lessons/Grades_3-4_YearB/Week24-27_Sustainable_City.md|Lessons/Grades_3-4_YearB/Week29-31_Weather_Station.md|Lessons/Grades_3-4_YearB/Week33_Easter_Engineering.md|Lessons/Grades_5-6_YearA/Week02-03_Sphero_Mastery.md|Lessons/Grades_5-6_YearA/Week04_Experimental_Design.md|Lessons/Grades_5-6_YearA/Week05-06_Structural_Engineering.md|Lessons/Grades_5-6_YearA/Week07-09_Social_Innovation.md|Lessons/Grades_5-6_YearA/Week10_Advanced_Bridges.md|Lessons/Grades_5-6_YearA/Week14-15_Optics_Light.md|Lessons/Grades_5-6_YearA/Week19-22_Passion_Projects.md|Lessons/Grades_5-6_YearA/Week29-31_Environmental_Science.md|Lessons/Grades_5-6_YearB/Week02-04_Biotechnology.md|Lessons/Grades_5-6_YearB/Week05-07_Renewable_Energy.md|Lessons/Grades_5-6_YearB/Week08-10_Biomimicry.md|Lessons/Grades_5-6_YearB/Week14-18_App_Development.md|Lessons/Grades_5-6_YearB/Week20-23_Social_Entrepreneurship.md|Lessons/Grades_5-6_YearB/Week25-28_Health_Technology.md|Lessons/Kindergarten/Week07-09_Engineering_Helpers.md|Lessons/Kindergarten/Week14-15_Light_All_Around.md|Lessons/Kindergarten/Week26-27_Helping_Hands.md","PLANNED DOCUMENT USE - NOT OBSERVED USE OR VERIFIED STOCK"
"OZOBOT","physical_inventory","Matching Ozobot classroom robot","3-4","2","2","Lessons/Bi-Weekly/Grades_3-4_YearB/Session02_Ozobot_Coding.md|Lessons/Bi-Weekly/Grades_3-4_YearB/Session14_Ozobot_Challenge.md","PLANNED DOCUMENT USE - NOT OBSERVED USE OR VERIFIED STOCK"
"MEASPOON","physical_inventory","Metric 5 mL measuring spoon","3-4|K","3","3","Lessons/Bi-Weekly/Grades_3-4_YearA/Session12_Plants_Growth.md|Lessons/Bi-Weekly/Kindergarten/Session11_Growing_Things.md|Lessons/Kindergarten/Week29-31_Growing_Things.md","PLANNED DOCUMENT USE - NOT OBSERVED USE OR VERIFIED STOCK"
"RULER","physical_inventory","Metric ruler","1-2|3-4|5-6|K","137","137","Lessons/Bi-Weekly/Grades_1-2_YearA/Session01_Wonder_Engineers.md|Lessons/Bi-Weekly/Grades_1-2_YearA/Session03_Bridge_Building.md|Lessons/Bi-Weekly/Grades_1-2_YearA/Session04_Robot_Friends.md|Lessons/Bi-Weekly/Grades_1-2_YearA/Session07_Light_in_Darkness.md|Lessons/Bi-Weekly/Grades_1-2_YearA/Session15_Robot_Challenge.md|Lessons/Bi-Weekly/Grades_1-2_YearB/Session01_Design_Detectives.md|Lessons/Bi-Weekly/Grades_1-2_YearB/Session02_Tower_Power.md|Lessons/Bi-Weekly/Grades_1-2_YearB/Session03_Sphero_Intro.md|Lessons/Bi-Weekly/Grades_1-2_YearB/Session14_Sphero_Challenge.md|Lessons/Bi-Weekly/Grades_1-2_YearB/Session15_Simple_Machines.md|Lessons/Bi-Weekly/Grades_3-4_YearA/Session01_Engineering_Design.md|Lessons/Bi-Weekly/Grades_3-4_YearA/Session02_Dash_Code.md|Lessons/Bi-Weekly/Grades_3-4_YearA/Session03_Bridge_Engineering.md|Lessons/Bi-Weekly/Grades_3-4_YearA/Session10_Weather_Science.md|Lessons/Bi-Weekly/Grades_3-4_YearA/Session11_Lenten_Engineering.md|Lessons/Bi-Weekly/Grades_3-4_YearA/Session12_Plants_Growth.md|Lessons/Bi-Weekly/Grades_3-4_YearA/Session14_Dash_Challenge.md|Lessons/Bi-Weekly/Grades_3-4_YearA/Session15_Simple_Machines.md|Lessons/Bi-Weekly/Grades_3-4_YearA/Session17_Exhibition.md|Lessons/Bi-Weekly/Grades_3-4_YearB/Session01_Design_Thinking.md|Lessons/Bi-Weekly/Grades_3-4_YearB/Session02_Ozobot_Coding.md|Lessons/Bi-Weekly/Grades_3-4_YearB/Session03_Tower_Challenge.md|Lessons/Bi-Weekly/Grades_3-4_YearB/Session06_Thanksgiving_Design.md|Lessons/Bi-Weekly/Grades_3-4_YearB/Session09_Faith_Science.md|Lessons/Bi-Weekly/Grades_3-4_YearB/Session10_Geology_Rocks.md|Lessons/Bi-Weekly/Grades_3-4_YearB/Session14_Ozobot_Challenge.md|Lessons/Bi-Weekly/Grades_3-4_YearB/Session15_Compound_Machines.md|Lessons/Bi-Weekly/Grades_5-6_YearA/Session01_Design_Process.md|Lessons/Bi-Weekly/Grades_5-6_YearA/Session03_Structural_Engineering.md|Lessons/Bi-Weekly/Grades_5-6_YearA/Session04_Body_Systems.md|Lessons/Bi-Weekly/Grades_5-6_YearA/Session06_Thanksgiving_Innovation.md|Lessons/Bi-Weekly/Grades_5-6_YearA/Session07_Christmas_Electronics.md|Lessons/Bi-Weekly/Grades_5-6_YearA/Session09_Catholic_Scientists.md|Lessons/Bi-Weekly/Grades_5-6_YearA/Session10_Environmental_Science.md|Lessons/Bi-Weekly/Grades_5-6_YearA/Session11_Lenten_Engineering.md|Lessons/Bi-Weekly/Grades_5-6_YearA/Session12_Life_Science.md|Lessons/Bi-Weekly/Grades_5-6_YearA/Session13_Easter_Tech.md|Lessons/Bi-Weekly/Grades_5-6_YearA/Session14_Sphero_Challenge.md|Lessons/Bi-Weekly/Grades_5-6_YearA/Session15_Physics_Motion.md|Lessons/Bi-Weekly/Grades_5-6_YearA/Session16_Advanced_Invention.md|Lessons/Bi-Weekly/Grades_5-6_YearA/Session17_Exhibition.md|Lessons/Bi-Weekly/Grades_5-6_YearB/Session01_Engineering_Thinking.md|Lessons/Bi-Weekly/Grades_5-6_YearB/Session03_Architecture.md|Lessons/Bi-Weekly/Grades_5-6_YearB/Session04_Forensic_Science.md|Lessons/Bi-Weekly/Grades_5-6_YearB/Session06_Gratitude_Design.md|Lessons/Bi-Weekly/Grades_5-6_YearB/Session09_Science_Faith.md|Lessons/Bi-Weekly/Grades_5-6_YearB/Session10_Space_Science.md|Lessons/Bi-Weekly/Grades_5-6_YearB/Session11_Mercy_Engineering.md|Lessons/Bi-Weekly/Grades_5-6_YearB/Session12_Ecosystems.md|Lessons/Bi-Weekly/Grades_5-6_YearB/Session13_New_Life_Tech.md|Lessons/Bi-Weekly/Grades_5-6_YearB/Session14_Robot_Olympics.md|Lessons/Bi-Weekly/Grades_5-6_YearB/Session15_Energy_Science.md|Lessons/Bi-Weekly/Grades_5-6_YearB/Session16_Innovation_Lab.md|Lessons/Bi-Weekly/Grades_5-6_YearB/Session17_Celebration.md|Lessons/Bi-Weekly/Kindergarten/Session03_Building_Basics.md|Lessons/Bi-Weekly/Kindergarten/Session04_Colors_Light.md|Lessons/Bi-Weekly/Kindergarten/Session05_Simple_Machines.md|Lessons/Bi-Weekly/Kindergarten/Session14_Sound_Music.md|Lessons/Grades_1-2_YearA/Week05-06_KEVA_Engineering.md|Lessons/Grades_1-2_YearA/Week07-09_Engineering_for_Others.md|Lessons/Grades_1-2_YearA/Week10_Strong_Bridges.md|Lessons/Grades_1-2_YearA/Week14-15_Light_Explorations.md|Lessons/Grades_1-2_YearA/Week19-22_Exploration_Stations.md|Lessons/Grades_1-2_YearA/Week24-25_Dash_Robot_Adventures.md|Lessons/Grades_1-2_YearA/Week29-31_Growing_Things.md|Lessons/Grades_1-2_YearB/Week02-03_Dash_Adventures.md|Lessons/Grades_1-2_YearB/Week05-06_Tower_Engineering.md|Lessons/Grades_1-2_YearB/Week10_Ramp_Races.md|Lessons/Grades_1-2_YearB/Week18_Growth_Goals.md|Lessons/Grades_1-2_YearB/Week19-22_Invention_Labs.md|Lessons/Grades_1-2_YearB/Week26-27_Garden_Engineering.md|Lessons/Grades_3-4_YearA/Week01_Welcome_to_CSTREAM.md|Lessons/Grades_3-4_YearA/Week02-03_Sphero_Advanced.md|Lessons/Grades_3-4_YearA/Week04_Scientific_Method.md|Lessons/Grades_3-4_YearA/Week05-06_KEVA_Challenges.md|Lessons/Grades_3-4_YearA/Week07-09_Community_Helpers.md|Lessons/Grades_3-4_YearA/Week10_Bridge_Engineering.md|Lessons/Grades_3-4_YearA/Week13_Fall_Celebration.md|Lessons/Grades_3-4_YearA/Week16_Astronomy_Star.md|Lessons/Grades_3-4_YearA/Week18_SMART_Goals.md|Lessons/Grades_3-4_YearA/Week19-22_Choice_Labs.md|Lessons/Grades_3-4_YearA/Week26-27_Little_Bits_Circuits.md|Lessons/Grades_3-4_YearA/Week28_Pi_Day_Circles.md|Lessons/Grades_3-4_YearA/Week34_STREAM_Expo.md|Lessons/Grades_3-4_YearB/Week01_Welcome_Scientists.md|Lessons/Grades_3-4_YearB/Week02-03_Flight_Fundamentals.md|Lessons/Grades_3-4_YearB/Week04-06_Paper_Airplane.md|Lessons/Grades_3-4_YearB/Week07-09_Architectural_Marvels.md|Lessons/Grades_3-4_YearB/Week10_Fall_Festival.md|Lessons/Grades_3-4_YearB/Week11_Thanksgiving_Gratitude.md|Lessons/Grades_3-4_YearB/Week12_Gifts_Others.md|Lessons/Grades_3-4_YearB/Week14-17_Marine_Science.md|Lessons/Grades_3-4_YearB/Week23_Catholic_Schools.md|Lessons/Grades_3-4_YearB/Week24-27_Sustainable_City.md|Lessons/Grades_3-4_YearB/Week28_Pi_Day.md|Lessons/Grades_3-4_YearB/Week29-31_Weather_Station.md|Lessons/Grades_3-4_YearB/Week33_Easter_Engineering.md|Lessons/Grades_5-6_YearA/Week01_Welcome_to_CSTREAM.md|Lessons/Grades_5-6_YearA/Week02-03_Sphero_Mastery.md|Lessons/Grades_5-6_YearA/Week04_Experimental_Design.md|Lessons/Grades_5-6_YearA/Week05-06_Structural_Engineering.md|Lessons/Grades_5-6_YearA/Week07-09_Social_Innovation.md|Lessons/Grades_5-6_YearA/Week10_Advanced_Bridges.md|Lessons/Grades_5-6_YearA/Week12_Giving_Making.md|Lessons/Grades_5-6_YearA/Week13_Fall_Showcase.md|Lessons/Grades_5-6_YearA/Week14-15_Optics_Light.md|Lessons/Grades_5-6_YearA/Week16_Astronomy.md|Lessons/Grades_5-6_YearA/Week18_Goal_Engineering.md|Lessons/Grades_5-6_YearA/Week19-22_Passion_Projects.md|Lessons/Grades_5-6_YearA/Week23_Catholic_Schools_Week.md|Lessons/Grades_5-6_YearA/Week24-25_Advanced_Scratch.md|Lessons/Grades_5-6_YearA/Week26-27_Little_Bits.md|Lessons/Grades_5-6_YearA/Week28_Pi_Day.md|Lessons/Grades_5-6_YearA/Week29-31_Environmental_Science.md|Lessons/Grades_5-6_YearA/Week33_Easter_Engineering.md|Lessons/Grades_5-6_YearA/Week34_STREAM_Expo.md|Lessons/Grades_5-6_YearB/Week01_Welcome_Innovators.md|Lessons/Grades_5-6_YearB/Week02-04_Biotechnology.md|Lessons/Grades_5-6_YearB/Week05-07_Renewable_Energy.md|Lessons/Grades_5-6_YearB/Week08-10_Biomimicry.md|Lessons/Grades_5-6_YearB/Week11_Thanksgiving_Data.md|Lessons/Grades_5-6_YearB/Week12_Gifts_Service.md|Lessons/Grades_5-6_YearB/Week13_Advent_Technology.md|Lessons/Grades_5-6_YearB/Week14-18_App_Development.md|Lessons/Grades_5-6_YearB/Week19_New_Year_Vision.md|Lessons/Grades_5-6_YearB/Week20-23_Social_Entrepreneurship.md|Lessons/Grades_5-6_YearB/Week24_Catholic_Schools.md|Lessons/Grades_5-6_YearB/Week25-28_Health_Technology.md|Lessons/Grades_5-6_YearB/Week29-31_Environmental_Monitoring.md|Lessons/Grades_5-6_YearB/Week33_Easter_Hope.md|Lessons/Grades_5-6_YearB/Week34_Exhibition.md|Lessons/Kindergarten/Week05-06_KEVA_Building.md|Lessons/Kindergarten/Week07-09_Engineering_Helpers.md|Lessons/Kindergarten/Week10_Bridges_Connect_Us.md|Lessons/Kindergarten/Week14-15_Light_All_Around.md|Lessons/Kindergarten/Week26-27_Helping_Hands.md|Lessons/Kindergarten/Week29-31_Growing_Things.md","PLANNED DOCUMENT USE - NOT OBSERVED USE OR VERIFIED STOCK"
"SAFEMIRROR","physical_inventory","Non-glass classroom safety mirror","1-2","1","1","Lessons/Grades_1-2_YearA/Week14-15_Light_Explorations.md","PLANNED DOCUMENT USE - NOT OBSERVED USE OR VERIFIED STOCK"
"THERM","physical_inventory","Non-glass thermometer","3-4|5-6","2","2","Lessons/Grades_3-4_YearB/Week29-31_Weather_Station.md|Lessons/Grades_5-6_YearA/Week29-31_Environmental_Science.md","PLANNED DOCUMENT USE - NOT OBSERVED USE OR VERIFIED STOCK"
"MIRROR","physical_inventory","Nonbreakable mirror","3-4|5-6","2","2","Lessons/Grades_3-4_YearA/Week14-15_Light_Science_Advent.md|Lessons/Grades_5-6_YearA/Week14-15_Optics_Light.md","PLANNED DOCUMENT USE - NOT OBSERVED USE OR VERIFIED STOCK"
"CUP","physical_inventory","Paper cups","1-2|3-4|K","6","6","Lessons/Bi-Weekly/Grades_3-4_YearA/Session15_Simple_Machines.md|Lessons/Bi-Weekly/Grades_3-4_YearB/Session15_Compound_Machines.md|Lessons/Bi-Weekly/Kindergarten/Session14_Sound_Music.md|Lessons/Grades_1-2_YearB/Week19-22_Invention_Labs.md|Lessons/Grades_3-4_YearA/Week10_Bridge_Engineering.md|Lessons/Kindergarten/Week07-09_Engineering_Helpers.md","PLANNED DOCUMENT USE - NOT OBSERVED USE OR VERIFIED STOCK"
"GRID","physical_inventory","Paper grid and token","K","9","9","Lessons/Bi-Weekly/Kindergarten/Session15_Helping_Others.md|Lessons/Bi-Weekly/Kindergarten/Session17_Celebration.md|Lessons/Kindergarten/Week02-03_Sphero_Movement.md|Lessons/Kindergarten/Week11_Coding_Thankfulness.md|Lessons/Kindergarten/Week13_Fall_Celebration.md|Lessons/Kindergarten/Week19-22_Exploration_Stations.md|Lessons/Kindergarten/Week23_Catholic_Schools_Week.md|Lessons/Kindergarten/Week24-25_Dash_Robot_Friends.md|Lessons/Kindergarten/Week34_Year_Celebration.md","PLANNED DOCUMENT USE - NOT OBSERVED USE OR VERIFIED STOCK"
"STRIP","physical_inventory","Paper strips","K","3","3","Lessons/Bi-Weekly/Kindergarten/Session12_Animal_Homes.md|Lessons/Kindergarten/Week28_Circles_and_Pi.md|Lessons/Kindergarten/Week29-31_Growing_Things.md","PLANNED DOCUMENT USE - NOT OBSERVED USE OR VERIFIED STOCK"
"TOWEL","physical_inventory","Paper towel","1-2|3-4|K","9","9","Lessons/Bi-Weekly/Grades_3-4_YearA/Session10_Weather_Science.md|Lessons/Bi-Weekly/Grades_3-4_YearA/Session12_Plants_Growth.md|Lessons/Bi-Weekly/Kindergarten/Session08_Winter_Science.md|Lessons/Bi-Weekly/Kindergarten/Session11_Growing_Things.md|Lessons/Bi-Weekly/Kindergarten/Session16_Water_Wonder.md|Lessons/Grades_1-2_YearB/Week16_Winter_Wonders.md|Lessons/Grades_3-4_YearA/Week14-15_Light_Science_Advent.md|Lessons/Grades_3-4_YearB/Week14-17_Marine_Science.md|Lessons/Kindergarten/Week29-31_Growing_Things.md","PLANNED DOCUMENT USE - NOT OBSERVED USE OR VERIFIED STOCK"
"SHAKER","physical_inventory","Permanently sealed teacher-prepared classroom shaker","1-2","1","1","Lessons/Grades_1-2_YearB/Week04_Senses_Discovery.md","PLANNED DOCUMENT USE - NOT OBSERVED USE OR VERIFIED STOCK"
"PAPER","physical_inventory","Plain paper","1-2|3-4|5-6|K","250","250","Lessons/Bi-Weekly/Grades_1-2_YearA/Session01_Wonder_Engineers.md|Lessons/Bi-Weekly/Grades_1-2_YearA/Session02_Gods_Patterns.md|Lessons/Bi-Weekly/Grades_1-2_YearA/Session03_Bridge_Building.md|Lessons/Bi-Weekly/Grades_1-2_YearA/Session04_Robot_Friends.md|Lessons/Bi-Weekly/Grades_1-2_YearA/Session05_Nature_Exploration.md|Lessons/Bi-Weekly/Grades_1-2_YearA/Session06_Thanksgiving_Service.md|Lessons/Bi-Weekly/Grades_1-2_YearA/Session07_Light_in_Darkness.md|Lessons/Bi-Weekly/Grades_1-2_YearA/Session08_Coding_Basics.md|Lessons/Bi-Weekly/Grades_1-2_YearA/Session09_Catholic_Inventors.md|Lessons/Bi-Weekly/Grades_1-2_YearA/Session10_Weather_Watchers.md|Lessons/Bi-Weekly/Grades_1-2_YearA/Session11_Lenten_Engineers.md|Lessons/Bi-Weekly/Grades_1-2_YearA/Session12_Life_Cycles.md|Lessons/Bi-Weekly/Grades_1-2_YearA/Session13_Easter_Innovation.md|Lessons/Bi-Weekly/Grades_1-2_YearA/Session14_Sound_Engineering.md|Lessons/Bi-Weekly/Grades_1-2_YearA/Session15_Robot_Challenge.md|Lessons/Bi-Weekly/Grades_1-2_YearA/Session16_Community_Helpers.md|Lessons/Bi-Weekly/Grades_1-2_YearA/Session17_Exhibition.md|Lessons/Bi-Weekly/Grades_1-2_YearB/Session01_Design_Detectives.md|Lessons/Bi-Weekly/Grades_1-2_YearB/Session02_Tower_Power.md|Lessons/Bi-Weekly/Grades_1-2_YearB/Session03_Sphero_Intro.md|Lessons/Bi-Weekly/Grades_1-2_YearB/Session04_Animal_Adaptations.md|Lessons/Bi-Weekly/Grades_1-2_YearB/Session05_Garden_Engineers.md|Lessons/Bi-Weekly/Grades_1-2_YearB/Session06_Gratitude_Gifts.md|Lessons/Bi-Weekly/Grades_1-2_YearB/Session07_Star_Makers.md|Lessons/Bi-Weekly/Grades_1-2_YearB/Session08_Digital_Art.md|Lessons/Bi-Weekly/Grades_1-2_YearB/Session09_Faith_Scientists.md|Lessons/Bi-Weekly/Grades_1-2_YearB/Session10_Magnets_Motion.md|Lessons/Bi-Weekly/Grades_1-2_YearB/Session11_Lenten_Love.md|Lessons/Bi-Weekly/Grades_1-2_YearB/Session12_Butterfly_Wonder.md|Lessons/Bi-Weekly/Grades_1-2_YearB/Session13_Easter_Joy.md|Lessons/Bi-Weekly/Grades_1-2_YearB/Session14_Sphero_Challenge.md|Lessons/Bi-Weekly/Grades_1-2_YearB/Session15_Simple_Machines.md|Lessons/Bi-Weekly/Grades_1-2_YearB/Session16_Earth_Care.md|Lessons/Bi-Weekly/Grades_1-2_YearB/Session17_Celebration.md|Lessons/Bi-Weekly/Grades_3-4_YearA/Session01_Engineering_Design.md|Lessons/Bi-Weekly/Grades_3-4_YearA/Session02_Dash_Code.md|Lessons/Bi-Weekly/Grades_3-4_YearA/Session03_Bridge_Engineering.md|Lessons/Bi-Weekly/Grades_3-4_YearA/Session04_Animal_Habitats.md|Lessons/Bi-Weekly/Grades_3-4_YearA/Session05_Scratch_Intro.md|Lessons/Bi-Weekly/Grades_3-4_YearA/Session06_Gratitude_Tech.md|Lessons/Bi-Weekly/Grades_3-4_YearA/Session07_Light_Circuits.md|Lessons/Bi-Weekly/Grades_3-4_YearA/Session08_Scratch_Animation.md|Lessons/Bi-Weekly/Grades_3-4_YearA/Session09_Catholic_Scientists.md|Lessons/Bi-Weekly/Grades_3-4_YearA/Session10_Weather_Science.md|Lessons/Bi-Weekly/Grades_3-4_YearA/Session11_Lenten_Engineering.md|Lessons/Bi-Weekly/Grades_3-4_YearA/Session12_Plants_Growth.md|Lessons/Bi-Weekly/Grades_3-4_YearA/Session13_Easter_Tech.md|Lessons/Bi-Weekly/Grades_3-4_YearA/Session14_Dash_Challenge.md|Lessons/Bi-Weekly/Grades_3-4_YearA/Session15_Simple_Machines.md|Lessons/Bi-Weekly/Grades_3-4_YearA/Session16_Little_Bits.md|Lessons/Bi-Weekly/Grades_3-4_YearA/Session17_Exhibition.md|Lessons/Bi-Weekly/Grades_3-4_YearB/Session01_Design_Thinking.md|Lessons/Bi-Weekly/Grades_3-4_YearB/Session02_Ozobot_Coding.md|Lessons/Bi-Weekly/Grades_3-4_YearB/Session03_Tower_Challenge.md|Lessons/Bi-Weekly/Grades_3-4_YearB/Session04_Ecosystems.md|Lessons/Bi-Weekly/Grades_3-4_YearB/Session05_Scratch_Games.md|Lessons/Bi-Weekly/Grades_3-4_YearB/Session06_Thanksgiving_Design.md|Lessons/Bi-Weekly/Grades_3-4_YearB/Session07_Christmas_Circuits.md|Lessons/Bi-Weekly/Grades_3-4_YearB/Session08_Digital_Stories.md|Lessons/Bi-Weekly/Grades_3-4_YearB/Session09_Faith_Science.md|Lessons/Bi-Weekly/Grades_3-4_YearB/Session10_Geology_Rocks.md|Lessons/Bi-Weekly/Grades_3-4_YearB/Session11_Lenten_Service.md|Lessons/Bi-Weekly/Grades_3-4_YearB/Session12_Life_Cycles.md|Lessons/Bi-Weekly/Grades_3-4_YearB/Session13_Easter_Creation.md|Lessons/Bi-Weekly/Grades_3-4_YearB/Session14_Ozobot_Challenge.md|Lessons/Bi-Weekly/Grades_3-4_YearB/Session15_Compound_Machines.md|Lessons/Bi-Weekly/Grades_3-4_YearB/Session16_Makey_Makey.md|Lessons/Bi-Weekly/Grades_3-4_YearB/Session17_Celebration.md|Lessons/Bi-Weekly/Grades_5-6_YearA/Session01_Design_Process.md|Lessons/Bi-Weekly/Grades_5-6_YearA/Session02_Sphero_Advanced.md|Lessons/Bi-Weekly/Grades_5-6_YearA/Session03_Structural_Engineering.md|Lessons/Bi-Weekly/Grades_5-6_YearA/Session04_Body_Systems.md|Lessons/Bi-Weekly/Grades_5-6_YearA/Session05_Scratch_Advanced.md|Lessons/Bi-Weekly/Grades_5-6_YearA/Session06_Thanksgiving_Innovation.md|Lessons/Bi-Weekly/Grades_5-6_YearA/Session07_Christmas_Electronics.md|Lessons/Bi-Weekly/Grades_5-6_YearA/Session08_App_Inventor.md|Lessons/Bi-Weekly/Grades_5-6_YearA/Session09_Catholic_Scientists.md|Lessons/Bi-Weekly/Grades_5-6_YearA/Session10_Environmental_Science.md|Lessons/Bi-Weekly/Grades_5-6_YearA/Session11_Lenten_Engineering.md|Lessons/Bi-Weekly/Grades_5-6_YearA/Session12_Life_Science.md|Lessons/Bi-Weekly/Grades_5-6_YearA/Session13_Easter_Tech.md|Lessons/Bi-Weekly/Grades_5-6_YearA/Session14_Sphero_Challenge.md|Lessons/Bi-Weekly/Grades_5-6_YearA/Session15_Physics_Motion.md|Lessons/Bi-Weekly/Grades_5-6_YearA/Session16_Advanced_Invention.md|Lessons/Bi-Weekly/Grades_5-6_YearA/Session17_Exhibition.md|Lessons/Bi-Weekly/Grades_5-6_YearB/Session01_Engineering_Thinking.md|Lessons/Bi-Weekly/Grades_5-6_YearB/Session02_Sphero_Sensors.md|Lessons/Bi-Weekly/Grades_5-6_YearB/Session03_Architecture.md|Lessons/Bi-Weekly/Grades_5-6_YearB/Session04_Forensic_Science.md|Lessons/Bi-Weekly/Grades_5-6_YearB/Session05_Scratch_Games.md|Lessons/Bi-Weekly/Grades_5-6_YearB/Session06_Gratitude_Design.md|Lessons/Bi-Weekly/Grades_5-6_YearB/Session07_Advent_Coding.md|Lessons/Bi-Weekly/Grades_5-6_YearB/Session08_App_Design.md|Lessons/Bi-Weekly/Grades_5-6_YearB/Session09_Science_Faith.md|Lessons/Bi-Weekly/Grades_5-6_YearB/Session10_Space_Science.md|Lessons/Bi-Weekly/Grades_5-6_YearB/Session11_Mercy_Engineering.md|Lessons/Bi-Weekly/Grades_5-6_YearB/Session12_Ecosystems.md|Lessons/Bi-Weekly/Grades_5-6_YearB/Session13_New_Life_Tech.md|Lessons/Bi-Weekly/Grades_5-6_YearB/Session14_Robot_Olympics.md|Lessons/Bi-Weekly/Grades_5-6_YearB/Session15_Energy_Science.md|Lessons/Bi-Weekly/Grades_5-6_YearB/Session16_Innovation_Lab.md|Lessons/Bi-Weekly/Grades_5-6_YearB/Session17_Celebration.md|Lessons/Bi-Weekly/Kindergarten/Session01_Welcome_Wonder.md|Lessons/Bi-Weekly/Kindergarten/Session02_Gods_World.md|Lessons/Bi-Weekly/Kindergarten/Session03_Building_Basics.md|Lessons/Bi-Weekly/Kindergarten/Session04_Colors_Light.md|Lessons/Bi-Weekly/Kindergarten/Session05_Simple_Machines.md|Lessons/Bi-Weekly/Kindergarten/Session06_Thanksgiving.md|Lessons/Bi-Weekly/Kindergarten/Session07_Advent_Light.md|Lessons/Bi-Weekly/Kindergarten/Session08_Winter_Science.md|Lessons/Bi-Weekly/Kindergarten/Session09_Catholic_Schools.md|Lessons/Bi-Weekly/Kindergarten/Session10_Weather_Wonder.md|Lessons/Bi-Weekly/Kindergarten/Session11_Growing_Things.md|Lessons/Bi-Weekly/Kindergarten/Session12_Animal_Homes.md|Lessons/Bi-Weekly/Kindergarten/Session13_Easter_New_Life.md|Lessons/Bi-Weekly/Kindergarten/Session14_Sound_Music.md|Lessons/Bi-Weekly/Kindergarten/Session15_Helping_Others.md|Lessons/Bi-Weekly/Kindergarten/Session16_Water_Wonder.md|Lessons/Bi-Weekly/Kindergarten/Session17_Celebration.md|Lessons/Grades_1-2_YearA/Week01_Welcome_to_CSTREAM.md|Lessons/Grades_1-2_YearA/Week02-03_Sphero_Coding.md|Lessons/Grades_1-2_YearA/Week04_Wonder_Walk.md|Lessons/Grades_1-2_YearA/Week05-06_KEVA_Engineering.md|Lessons/Grades_1-2_YearA/Week07-09_Engineering_for_Others.md|Lessons/Grades_1-2_YearA/Week10_Strong_Bridges.md|Lessons/Grades_1-2_YearA/Week11_Thankful_Coding.md|Lessons/Grades_1-2_YearA/Week12_Making_Gifts.md|Lessons/Grades_1-2_YearA/Week13_Fall_Celebration.md|Lessons/Grades_1-2_YearA/Week14-15_Light_Explorations.md|Lessons/Grades_1-2_YearA/Week16_Star_of_Wonder.md|Lessons/Grades_1-2_YearA/Week18_New_Year_Goals.md|Lessons/Grades_1-2_YearA/Week19-22_Exploration_Stations.md|Lessons/Grades_1-2_YearA/Week23_Catholic_Schools_Week.md|Lessons/Grades_1-2_YearA/Week24-25_Dash_Robot_Adventures.md|Lessons/Grades_1-2_YearA/Week26-27_Helping_Hands_Design.md|Lessons/Grades_1-2_YearA/Week28_Pi_Day_Circles.md|Lessons/Grades_1-2_YearA/Week29-31_Growing_Things.md|Lessons/Grades_1-2_YearA/Week33_New_Life_Engineering.md|Lessons/Grades_1-2_YearA/Week34_Year_Celebration.md|Lessons/Grades_1-2_YearB/Week01_Welcome_Scientists.md|Lessons/Grades_1-2_YearB/Week02-03_Dash_Adventures.md|Lessons/Grades_1-2_YearB/Week04_Senses_Discovery.md|Lessons/Grades_1-2_YearB/Week05-06_Tower_Engineering.md|Lessons/Grades_1-2_YearB/Week07-09_Animal_Habitats.md|Lessons/Grades_1-2_YearB/Week10_Ramp_Races.md|Lessons/Grades_1-2_YearB/Week11_Thanksgiving_Coding.md|Lessons/Grades_1-2_YearB/Week12_Gifts_Others.md|Lessons/Grades_1-2_YearB/Week13_Fall_Festival.md|Lessons/Grades_1-2_YearB/Week14-15_Stars_Light.md|Lessons/Grades_1-2_YearB/Week16_Winter_Wonders.md|Lessons/Grades_1-2_YearB/Week18_Growth_Goals.md|Lessons/Grades_1-2_YearB/Week19-22_Invention_Labs.md|Lessons/Grades_1-2_YearB/Week23_Catholic_Schools.md|Lessons/Grades_1-2_YearB/Week24-25_Friendship_Machines.md|Lessons/Grades_1-2_YearB/Week26-27_Garden_Engineering.md|Lessons/Grades_1-2_YearB/Week28_Math_Games.md|Lessons/Grades_1-2_YearB/Week29-31_Butterfly_Engineering.md|Lessons/Grades_1-2_YearB/Week33_New_Life.md|Lessons/Grades_1-2_YearB/Week34_Showcase.md|Lessons/Grades_3-4_YearA/Week01_Welcome_to_CSTREAM.md|Lessons/Grades_3-4_YearA/Week02-03_Sphero_Advanced.md|Lessons/Grades_3-4_YearA/Week04_Scientific_Method.md|Lessons/Grades_3-4_YearA/Week05-06_KEVA_Challenges.md|Lessons/Grades_3-4_YearA/Week07-09_Community_Helpers.md|Lessons/Grades_3-4_YearA/Week10_Bridge_Engineering.md|Lessons/Grades_3-4_YearA/Week11_Coding_Gratitude.md|Lessons/Grades_3-4_YearA/Week12_Giving_Through_Making.md|Lessons/Grades_3-4_YearA/Week13_Fall_Celebration.md|Lessons/Grades_3-4_YearA/Week14-15_Light_Science_Advent.md|Lessons/Grades_3-4_YearA/Week16_Astronomy_Star.md|Lessons/Grades_3-4_YearA/Week18_SMART_Goals.md|Lessons/Grades_3-4_YearA/Week19-22_Choice_Labs.md|Lessons/Grades_3-4_YearA/Week23_Catholic_Schools_Week.md|Lessons/Grades_3-4_YearA/Week24-25_Scratch_Programming.md|Lessons/Grades_3-4_YearA/Week26-27_Little_Bits_Circuits.md|Lessons/Grades_3-4_YearA/Week28_Pi_Day_Circles.md|Lessons/Grades_3-4_YearA/Week29-31_Environmental_STREAM.md|Lessons/Grades_3-4_YearA/Week33_Resurrection_Science.md|Lessons/Grades_3-4_YearA/Week34_STREAM_Expo.md|Lessons/Grades_3-4_YearB/Week01_Welcome_Scientists.md|Lessons/Grades_3-4_YearB/Week02-03_Flight_Fundamentals.md|Lessons/Grades_3-4_YearB/Week04-06_Paper_Airplane.md|Lessons/Grades_3-4_YearB/Week07-09_Architectural_Marvels.md|Lessons/Grades_3-4_YearB/Week10_Fall_Festival.md|Lessons/Grades_3-4_YearB/Week11_Thanksgiving_Gratitude.md|Lessons/Grades_3-4_YearB/Week12_Gifts_Others.md|Lessons/Grades_3-4_YearB/Week13_Advent_Preparation.md|Lessons/Grades_3-4_YearB/Week14-17_Marine_Science.md|Lessons/Grades_3-4_YearB/Week18_New_Year_Goals.md|Lessons/Grades_3-4_YearB/Week19-22_Game_Design.md|Lessons/Grades_3-4_YearB/Week23_Catholic_Schools.md|Lessons/Grades_3-4_YearB/Week24-27_Sustainable_City.md|Lessons/Grades_3-4_YearB/Week28_Pi_Day.md|Lessons/Grades_3-4_YearB/Week29-31_Weather_Station.md|Lessons/Grades_3-4_YearB/Week33_Easter_Engineering.md|Lessons/Grades_3-4_YearB/Week34_Showcase.md|Lessons/Grades_5-6_YearA/Week01_Welcome_to_CSTREAM.md|Lessons/Grades_5-6_YearA/Week02-03_Sphero_Mastery.md|Lessons/Grades_5-6_YearA/Week04_Experimental_Design.md|Lessons/Grades_5-6_YearA/Week05-06_Structural_Engineering.md|Lessons/Grades_5-6_YearA/Week07-09_Social_Innovation.md|Lessons/Grades_5-6_YearA/Week10_Advanced_Bridges.md|Lessons/Grades_5-6_YearA/Week11_Gratitude_Coding.md|Lessons/Grades_5-6_YearA/Week12_Giving_Making.md|Lessons/Grades_5-6_YearA/Week13_Fall_Showcase.md|Lessons/Grades_5-6_YearA/Week14-15_Optics_Light.md|Lessons/Grades_5-6_YearA/Week16_Astronomy.md|Lessons/Grades_5-6_YearA/Week18_Goal_Engineering.md|Lessons/Grades_5-6_YearA/Week19-22_Passion_Projects.md|Lessons/Grades_5-6_YearA/Week23_Catholic_Schools_Week.md|Lessons/Grades_5-6_YearA/Week24-25_Advanced_Scratch.md|Lessons/Grades_5-6_YearA/Week26-27_Little_Bits.md|Lessons/Grades_5-6_YearA/Week28_Pi_Day.md|Lessons/Grades_5-6_YearA/Week29-31_Environmental_Science.md|Lessons/Grades_5-6_YearA/Week33_Easter_Engineering.md|Lessons/Grades_5-6_YearA/Week34_STREAM_Expo.md|Lessons/Grades_5-6_YearB/Week01_Welcome_Innovators.md|Lessons/Grades_5-6_YearB/Week02-04_Biotechnology.md|Lessons/Grades_5-6_YearB/Week05-07_Renewable_Energy.md|Lessons/Grades_5-6_YearB/Week08-10_Biomimicry.md|Lessons/Grades_5-6_YearB/Week11_Thanksgiving_Data.md|Lessons/Grades_5-6_YearB/Week12_Gifts_Service.md|Lessons/Grades_5-6_YearB/Week13_Advent_Technology.md|Lessons/Grades_5-6_YearB/Week14-18_App_Development.md|Lessons/Grades_5-6_YearB/Week19_New_Year_Vision.md|Lessons/Grades_5-6_YearB/Week20-23_Social_Entrepreneurship.md|Lessons/Grades_5-6_YearB/Week24_Catholic_Schools.md|Lessons/Grades_5-6_YearB/Week25-28_Health_Technology.md|Lessons/Grades_5-6_YearB/Week29-31_Environmental_Monitoring.md|Lessons/Grades_5-6_YearB/Week33_Easter_Hope.md|Lessons/Grades_5-6_YearB/Week34_Exhibition.md|Lessons/Kindergarten/Week01_Welcome_to_CSTREAM.md|Lessons/Kindergarten/Week02-03_Sphero_Movement.md|Lessons/Kindergarten/Week04_Wonder_Walk.md|Lessons/Kindergarten/Week05-06_KEVA_Building.md|Lessons/Kindergarten/Week07-09_Engineering_Helpers.md|Lessons/Kindergarten/Week10_Bridges_Connect_Us.md|Lessons/Kindergarten/Week11_Coding_Thankfulness.md|Lessons/Kindergarten/Week12_Making_Gifts.md|Lessons/Kindergarten/Week13_Fall_Celebration.md|Lessons/Kindergarten/Week14-15_Light_All_Around.md|Lessons/Kindergarten/Week16_Star_of_Wonder.md|Lessons/Kindergarten/Week18_New_Year_Goals.md|Lessons/Kindergarten/Week19-22_Exploration_Stations.md|Lessons/Kindergarten/Week23_Catholic_Schools_Week.md|Lessons/Kindergarten/Week24-25_Dash_Robot_Friends.md|Lessons/Kindergarten/Week26-27_Helping_Hands.md|Lessons/Kindergarten/Week29-31_Growing_Things.md|Lessons/Kindergarten/Week33_New_Life_Engineering.md|Lessons/Kindergarten/Week34_Year_Celebration.md","PLANNED DOCUMENT USE - NOT OBSERVED USE OR VERIFIED STOCK"
"EARLYPOT","physical_inventory","Plastic classroom plant pot","1-2","3","3","Lessons/Bi-Weekly/Grades_1-2_YearB/Session05_Garden_Engineers.md|Lessons/Grades_1-2_YearA/Week29-31_Growing_Things.md|Lessons/Grades_1-2_YearB/Week26-27_Garden_Engineering.md","PLANNED DOCUMENT USE - NOT OBSERVED USE OR VERIFIED STOCK"
"MEASURECUP","physical_inventory","Plastic graduated measuring cup","1-2|3-4|5-6|K","10","10","Lessons/Bi-Weekly/Grades_3-4_YearA/Session10_Weather_Science.md|Lessons/Bi-Weekly/Kindergarten/Session11_Growing_Things.md|Lessons/Bi-Weekly/Kindergarten/Session16_Water_Wonder.md|Lessons/Grades_1-2_YearA/Week29-31_Growing_Things.md|Lessons/Grades_1-2_YearB/Week16_Winter_Wonders.md|Lessons/Grades_1-2_YearB/Week26-27_Garden_Engineering.md|Lessons/Grades_3-4_YearA/Week14-15_Light_Science_Advent.md|Lessons/Grades_3-4_YearB/Week14-17_Marine_Science.md|Lessons/Grades_5-6_YearA/Week14-15_Optics_Light.md|Lessons/Kindergarten/Week29-31_Growing_Things.md","PLANNED DOCUMENT USE - NOT OBSERVED USE OR VERIFIED STOCK"
"MAGNIFIER","physical_inventory","Plastic magnifier","1-2|3-4|5-6","5","5","Lessons/Bi-Weekly/Grades_3-4_YearB/Session10_Geology_Rocks.md|Lessons/Bi-Weekly/Grades_5-6_YearB/Session04_Forensic_Science.md|Lessons/Grades_1-2_YearA/Week04_Wonder_Walk.md|Lessons/Grades_1-2_YearB/Week04_Senses_Discovery.md|Lessons/Grades_3-4_YearA/Week33_Resurrection_Science.md","PLANNED DOCUMENT USE - NOT OBSERVED USE OR VERIFIED STOCK"
"SOIL","physical_inventory","Potting medium","1-2","3","3","Lessons/Bi-Weekly/Grades_1-2_YearB/Session05_Garden_Engineers.md|Lessons/Grades_1-2_YearA/Week29-31_Growing_Things.md|Lessons/Grades_1-2_YearB/Week26-27_Garden_Engineering.md","PLANNED DOCUMENT USE - NOT OBSERVED USE OR VERIFIED STOCK"
"GRAPH","physical_inventory","Prepared resource: graph paper","5-6","6","6","Lessons/Bi-Weekly/Grades_5-6_YearA/Session10_Environmental_Science.md|Lessons/Bi-Weekly/Grades_5-6_YearB/Session03_Architecture.md|Lessons/Grades_5-6_YearA/Week29-31_Environmental_Science.md|Lessons/Grades_5-6_YearB/Week11_Thanksgiving_Data.md|Lessons/Grades_5-6_YearB/Week24_Catholic_Schools.md|Lessons/Grades_5-6_YearB/Week29-31_Environmental_Monitoring.md","PLANNED DOCUMENT USE - NOT OBSERVED USE OR VERIFIED STOCK"
"PACK","physical_inventory","Protected switched 2-AA circuit pack","1-2|5-6","2","2","Lessons/Bi-Weekly/Grades_5-6_YearA/Session07_Christmas_Electronics.md|Lessons/Grades_1-2_YearB/Week14-15_Stars_Light.md","PLANNED DOCUMENT USE - NOT OBSERVED USE OR VERIFIED STOCK"
"FLOORTAPE","physical_inventory","Removable floor-marking tape","3-4|5-6","7","7","Lessons/Bi-Weekly/Grades_3-4_YearA/Session02_Dash_Code.md|Lessons/Bi-Weekly/Grades_3-4_YearA/Session14_Dash_Challenge.md|Lessons/Bi-Weekly/Grades_5-6_YearA/Session14_Sphero_Challenge.md|Lessons/Bi-Weekly/Grades_5-6_YearB/Session14_Robot_Olympics.md|Lessons/Grades_3-4_YearA/Week02-03_Sphero_Advanced.md|Lessons/Grades_3-4_YearB/Week02-03_Flight_Fundamentals.md|Lessons/Grades_3-4_YearB/Week04-06_Paper_Airplane.md","PLANNED DOCUMENT USE - NOT OBSERVED USE OR VERIFIED STOCK"
"CLEARCUP","physical_inventory","Reusable clear plastic cup","3-4|K","5","5","Lessons/Bi-Weekly/Grades_3-4_YearA/Session10_Weather_Science.md|Lessons/Bi-Weekly/Grades_3-4_YearA/Session12_Plants_Growth.md|Lessons/Bi-Weekly/Kindergarten/Session08_Winter_Science.md|Lessons/Grades_3-4_YearA/Week14-15_Light_Science_Advent.md|Lessons/Grades_3-4_YearB/Week29-31_Weather_Station.md","PLANNED DOCUMENT USE - NOT OBSERVED USE OR VERIFIED STOCK"
"CLOTH","physical_inventory","Reusable surface cleanup cloth","3-4|K","2","2","Lessons/Bi-Weekly/Kindergarten/Session16_Water_Wonder.md|Lessons/Grades_3-4_YearB/Week29-31_Weather_Station.md","PLANNED DOCUMENT USE - NOT OBSERVED USE OR VERIFIED STOCK"
"UPPERLID","physical_inventory","Rigid circular plastic classroom lid","5-6","1","1","Lessons/Grades_5-6_YearA/Week28_Pi_Day.md","PLANNED DOCUMENT USE - NOT OBSERVED USE OR VERIFIED STOCK"
"SAMPLEBOX","physical_inventory","Rigid clear classroom sample box","1-2","1","1","Lessons/Bi-Weekly/Grades_1-2_YearB/Session10_Magnets_Motion.md","PLANNED DOCUMENT USE - NOT OBSERVED USE OR VERIFIED STOCK"
"CLEARPLASTIC","physical_inventory","Rigid clear plastic sheet","K","1","1","Lessons/Kindergarten/Week14-15_Light_All_Around.md","PLANNED DOCUMENT USE - NOT OBSERVED USE OR VERIFIED STOCK"
"GLUE","physical_inventory","School glue stick","3-4|K","5","5","Lessons/Bi-Weekly/Kindergarten/Session07_Advent_Light.md|Lessons/Bi-Weekly/Kindergarten/Session12_Animal_Homes.md|Lessons/Grades_3-4_YearA/Week14-15_Light_Science_Advent.md|Lessons/Grades_3-4_YearB/Week13_Advent_Preparation.md|Lessons/Kindergarten/Week12_Making_Gifts.md","PLANNED DOCUMENT USE - NOT OBSERVED USE OR VERIFIED STOCK"
"PENCIL","physical_inventory","School pencil","1-2|3-4|5-6|K","178","178","Lessons/Bi-Weekly/Grades_3-4_YearA/Session01_Engineering_Design.md|Lessons/Bi-Weekly/Grades_3-4_YearA/Session02_Dash_Code.md|Lessons/Bi-Weekly/Grades_3-4_YearA/Session03_Bridge_Engineering.md|Lessons/Bi-Weekly/Grades_3-4_YearA/Session04_Animal_Habitats.md|Lessons/Bi-Weekly/Grades_3-4_YearA/Session05_Scratch_Intro.md|Lessons/Bi-Weekly/Grades_3-4_YearA/Session06_Gratitude_Tech.md|Lessons/Bi-Weekly/Grades_3-4_YearA/Session07_Light_Circuits.md|Lessons/Bi-Weekly/Grades_3-4_YearA/Session08_Scratch_Animation.md|Lessons/Bi-Weekly/Grades_3-4_YearA/Session09_Catholic_Scientists.md|Lessons/Bi-Weekly/Grades_3-4_YearA/Session10_Weather_Science.md|Lessons/Bi-Weekly/Grades_3-4_YearA/Session11_Lenten_Engineering.md|Lessons/Bi-Weekly/Grades_3-4_YearA/Session12_Plants_Growth.md|Lessons/Bi-Weekly/Grades_3-4_YearA/Session13_Easter_Tech.md|Lessons/Bi-Weekly/Grades_3-4_YearA/Session14_Dash_Challenge.md|Lessons/Bi-Weekly/Grades_3-4_YearA/Session15_Simple_Machines.md|Lessons/Bi-Weekly/Grades_3-4_YearA/Session16_Little_Bits.md|Lessons/Bi-Weekly/Grades_3-4_YearA/Session17_Exhibition.md|Lessons/Bi-Weekly/Grades_3-4_YearB/Session01_Design_Thinking.md|Lessons/Bi-Weekly/Grades_3-4_YearB/Session02_Ozobot_Coding.md|Lessons/Bi-Weekly/Grades_3-4_YearB/Session03_Tower_Challenge.md|Lessons/Bi-Weekly/Grades_3-4_YearB/Session04_Ecosystems.md|Lessons/Bi-Weekly/Grades_3-4_YearB/Session05_Scratch_Games.md|Lessons/Bi-Weekly/Grades_3-4_YearB/Session06_Thanksgiving_Design.md|Lessons/Bi-Weekly/Grades_3-4_YearB/Session07_Christmas_Circuits.md|Lessons/Bi-Weekly/Grades_3-4_YearB/Session08_Digital_Stories.md|Lessons/Bi-Weekly/Grades_3-4_YearB/Session09_Faith_Science.md|Lessons/Bi-Weekly/Grades_3-4_YearB/Session10_Geology_Rocks.md|Lessons/Bi-Weekly/Grades_3-4_YearB/Session11_Lenten_Service.md|Lessons/Bi-Weekly/Grades_3-4_YearB/Session12_Life_Cycles.md|Lessons/Bi-Weekly/Grades_3-4_YearB/Session13_Easter_Creation.md|Lessons/Bi-Weekly/Grades_3-4_YearB/Session14_Ozobot_Challenge.md|Lessons/Bi-Weekly/Grades_3-4_YearB/Session15_Compound_Machines.md|Lessons/Bi-Weekly/Grades_3-4_YearB/Session16_Makey_Makey.md|Lessons/Bi-Weekly/Grades_3-4_YearB/Session17_Celebration.md|Lessons/Bi-Weekly/Grades_5-6_YearA/Session01_Design_Process.md|Lessons/Bi-Weekly/Grades_5-6_YearA/Session02_Sphero_Advanced.md|Lessons/Bi-Weekly/Grades_5-6_YearA/Session03_Structural_Engineering.md|Lessons/Bi-Weekly/Grades_5-6_YearA/Session04_Body_Systems.md|Lessons/Bi-Weekly/Grades_5-6_YearA/Session05_Scratch_Advanced.md|Lessons/Bi-Weekly/Grades_5-6_YearA/Session06_Thanksgiving_Innovation.md|Lessons/Bi-Weekly/Grades_5-6_YearA/Session07_Christmas_Electronics.md|Lessons/Bi-Weekly/Grades_5-6_YearA/Session08_App_Inventor.md|Lessons/Bi-Weekly/Grades_5-6_YearA/Session09_Catholic_Scientists.md|Lessons/Bi-Weekly/Grades_5-6_YearA/Session10_Environmental_Science.md|Lessons/Bi-Weekly/Grades_5-6_YearA/Session11_Lenten_Engineering.md|Lessons/Bi-Weekly/Grades_5-6_YearA/Session12_Life_Science.md|Lessons/Bi-Weekly/Grades_5-6_YearA/Session13_Easter_Tech.md|Lessons/Bi-Weekly/Grades_5-6_YearA/Session14_Sphero_Challenge.md|Lessons/Bi-Weekly/Grades_5-6_YearA/Session15_Physics_Motion.md|Lessons/Bi-Weekly/Grades_5-6_YearA/Session16_Advanced_Invention.md|Lessons/Bi-Weekly/Grades_5-6_YearA/Session17_Exhibition.md|Lessons/Bi-Weekly/Grades_5-6_YearB/Session01_Engineering_Thinking.md|Lessons/Bi-Weekly/Grades_5-6_YearB/Session02_Sphero_Sensors.md|Lessons/Bi-Weekly/Grades_5-6_YearB/Session03_Architecture.md|Lessons/Bi-Weekly/Grades_5-6_YearB/Session04_Forensic_Science.md|Lessons/Bi-Weekly/Grades_5-6_YearB/Session05_Scratch_Games.md|Lessons/Bi-Weekly/Grades_5-6_YearB/Session06_Gratitude_Design.md|Lessons/Bi-Weekly/Grades_5-6_YearB/Session07_Advent_Coding.md|Lessons/Bi-Weekly/Grades_5-6_YearB/Session08_App_Design.md|Lessons/Bi-Weekly/Grades_5-6_YearB/Session09_Science_Faith.md|Lessons/Bi-Weekly/Grades_5-6_YearB/Session10_Space_Science.md|Lessons/Bi-Weekly/Grades_5-6_YearB/Session11_Mercy_Engineering.md|Lessons/Bi-Weekly/Grades_5-6_YearB/Session12_Ecosystems.md|Lessons/Bi-Weekly/Grades_5-6_YearB/Session13_New_Life_Tech.md|Lessons/Bi-Weekly/Grades_5-6_YearB/Session14_Robot_Olympics.md|Lessons/Bi-Weekly/Grades_5-6_YearB/Session15_Energy_Science.md|Lessons/Bi-Weekly/Grades_5-6_YearB/Session16_Innovation_Lab.md|Lessons/Bi-Weekly/Grades_5-6_YearB/Session17_Celebration.md|Lessons/Bi-Weekly/Kindergarten/Session01_Welcome_Wonder.md|Lessons/Bi-Weekly/Kindergarten/Session02_Gods_World.md|Lessons/Bi-Weekly/Kindergarten/Session03_Building_Basics.md|Lessons/Bi-Weekly/Kindergarten/Session04_Colors_Light.md|Lessons/Bi-Weekly/Kindergarten/Session05_Simple_Machines.md|Lessons/Bi-Weekly/Kindergarten/Session06_Thanksgiving.md|Lessons/Bi-Weekly/Kindergarten/Session07_Advent_Light.md|Lessons/Bi-Weekly/Kindergarten/Session08_Winter_Science.md|Lessons/Bi-Weekly/Kindergarten/Session09_Catholic_Schools.md|Lessons/Bi-Weekly/Kindergarten/Session10_Weather_Wonder.md|Lessons/Bi-Weekly/Kindergarten/Session11_Growing_Things.md|Lessons/Bi-Weekly/Kindergarten/Session12_Animal_Homes.md|Lessons/Bi-Weekly/Kindergarten/Session13_Easter_New_Life.md|Lessons/Bi-Weekly/Kindergarten/Session14_Sound_Music.md|Lessons/Bi-Weekly/Kindergarten/Session15_Helping_Others.md|Lessons/Bi-Weekly/Kindergarten/Session16_Water_Wonder.md|Lessons/Bi-Weekly/Kindergarten/Session17_Celebration.md|Lessons/Grades_1-2_YearA/Week01_Welcome_to_CSTREAM.md|Lessons/Grades_3-4_YearA/Week01_Welcome_to_CSTREAM.md|Lessons/Grades_3-4_YearA/Week02-03_Sphero_Advanced.md|Lessons/Grades_3-4_YearA/Week04_Scientific_Method.md|Lessons/Grades_3-4_YearA/Week05-06_KEVA_Challenges.md|Lessons/Grades_3-4_YearA/Week07-09_Community_Helpers.md|Lessons/Grades_3-4_YearA/Week10_Bridge_Engineering.md|Lessons/Grades_3-4_YearA/Week11_Coding_Gratitude.md|Lessons/Grades_3-4_YearA/Week12_Giving_Through_Making.md|Lessons/Grades_3-4_YearA/Week13_Fall_Celebration.md|Lessons/Grades_3-4_YearA/Week14-15_Light_Science_Advent.md|Lessons/Grades_3-4_YearA/Week16_Astronomy_Star.md|Lessons/Grades_3-4_YearA/Week18_SMART_Goals.md|Lessons/Grades_3-4_YearA/Week19-22_Choice_Labs.md|Lessons/Grades_3-4_YearA/Week23_Catholic_Schools_Week.md|Lessons/Grades_3-4_YearA/Week24-25_Scratch_Programming.md|Lessons/Grades_3-4_YearA/Week26-27_Little_Bits_Circuits.md|Lessons/Grades_3-4_YearA/Week28_Pi_Day_Circles.md|Lessons/Grades_3-4_YearA/Week29-31_Environmental_STREAM.md|Lessons/Grades_3-4_YearA/Week33_Resurrection_Science.md|Lessons/Grades_3-4_YearA/Week34_STREAM_Expo.md|Lessons/Grades_3-4_YearB/Week01_Welcome_Scientists.md|Lessons/Grades_3-4_YearB/Week02-03_Flight_Fundamentals.md|Lessons/Grades_3-4_YearB/Week04-06_Paper_Airplane.md|Lessons/Grades_3-4_YearB/Week07-09_Architectural_Marvels.md|Lessons/Grades_3-4_YearB/Week10_Fall_Festival.md|Lessons/Grades_3-4_YearB/Week11_Thanksgiving_Gratitude.md|Lessons/Grades_3-4_YearB/Week12_Gifts_Others.md|Lessons/Grades_3-4_YearB/Week13_Advent_Preparation.md|Lessons/Grades_3-4_YearB/Week14-17_Marine_Science.md|Lessons/Grades_3-4_YearB/Week18_New_Year_Goals.md|Lessons/Grades_3-4_YearB/Week19-22_Game_Design.md|Lessons/Grades_3-4_YearB/Week23_Catholic_Schools.md|Lessons/Grades_3-4_YearB/Week24-27_Sustainable_City.md|Lessons/Grades_3-4_YearB/Week28_Pi_Day.md|Lessons/Grades_3-4_YearB/Week29-31_Weather_Station.md|Lessons/Grades_3-4_YearB/Week33_Easter_Engineering.md|Lessons/Grades_3-4_YearB/Week34_Showcase.md|Lessons/Grades_5-6_YearA/Week01_Welcome_to_CSTREAM.md|Lessons/Grades_5-6_YearA/Week02-03_Sphero_Mastery.md|Lessons/Grades_5-6_YearA/Week04_Experimental_Design.md|Lessons/Grades_5-6_YearA/Week05-06_Structural_Engineering.md|Lessons/Grades_5-6_YearA/Week07-09_Social_Innovation.md|Lessons/Grades_5-6_YearA/Week10_Advanced_Bridges.md|Lessons/Grades_5-6_YearA/Week11_Gratitude_Coding.md|Lessons/Grades_5-6_YearA/Week12_Giving_Making.md|Lessons/Grades_5-6_YearA/Week13_Fall_Showcase.md|Lessons/Grades_5-6_YearA/Week14-15_Optics_Light.md|Lessons/Grades_5-6_YearA/Week16_Astronomy.md|Lessons/Grades_5-6_YearA/Week18_Goal_Engineering.md|Lessons/Grades_5-6_YearA/Week19-22_Passion_Projects.md|Lessons/Grades_5-6_YearA/Week23_Catholic_Schools_Week.md|Lessons/Grades_5-6_YearA/Week24-25_Advanced_Scratch.md|Lessons/Grades_5-6_YearA/Week26-27_Little_Bits.md|Lessons/Grades_5-6_YearA/Week28_Pi_Day.md|Lessons/Grades_5-6_YearA/Week29-31_Environmental_Science.md|Lessons/Grades_5-6_YearA/Week33_Easter_Engineering.md|Lessons/Grades_5-6_YearA/Week34_STREAM_Expo.md|Lessons/Grades_5-6_YearB/Week01_Welcome_Innovators.md|Lessons/Grades_5-6_YearB/Week02-04_Biotechnology.md|Lessons/Grades_5-6_YearB/Week05-07_Renewable_Energy.md|Lessons/Grades_5-6_YearB/Week08-10_Biomimicry.md|Lessons/Grades_5-6_YearB/Week11_Thanksgiving_Data.md|Lessons/Grades_5-6_YearB/Week12_Gifts_Service.md|Lessons/Grades_5-6_YearB/Week13_Advent_Technology.md|Lessons/Grades_5-6_YearB/Week14-18_App_Development.md|Lessons/Grades_5-6_YearB/Week19_New_Year_Vision.md|Lessons/Grades_5-6_YearB/Week20-23_Social_Entrepreneurship.md|Lessons/Grades_5-6_YearB/Week24_Catholic_Schools.md|Lessons/Grades_5-6_YearB/Week25-28_Health_Technology.md|Lessons/Grades_5-6_YearB/Week29-31_Environmental_Monitoring.md|Lessons/Grades_5-6_YearB/Week33_Easter_Hope.md|Lessons/Grades_5-6_YearB/Week34_Exhibition.md|Lessons/Kindergarten/Week01_Welcome_to_CSTREAM.md|Lessons/Kindergarten/Week02-03_Sphero_Movement.md|Lessons/Kindergarten/Week04_Wonder_Walk.md|Lessons/Kindergarten/Week05-06_KEVA_Building.md|Lessons/Kindergarten/Week07-09_Engineering_Helpers.md|Lessons/Kindergarten/Week10_Bridges_Connect_Us.md|Lessons/Kindergarten/Week11_Coding_Thankfulness.md|Lessons/Kindergarten/Week12_Making_Gifts.md|Lessons/Kindergarten/Week13_Fall_Celebration.md|Lessons/Kindergarten/Week14-15_Light_All_Around.md|Lessons/Kindergarten/Week16_Star_of_Wonder.md|Lessons/Kindergarten/Week18_New_Year_Goals.md|Lessons/Kindergarten/Week19-22_Exploration_Stations.md|Lessons/Kindergarten/Week23_Catholic_Schools_Week.md|Lessons/Kindergarten/Week24-25_Dash_Robot_Friends.md|Lessons/Kindergarten/Week26-27_Helping_Hands.md|Lessons/Kindergarten/Week28_Circles_and_Pi.md|Lessons/Kindergarten/Week29-31_Growing_Things.md|Lessons/Kindergarten/Week33_New_Life_Engineering.md|Lessons/Kindergarten/Week34_Year_Celebration.md","PLANNED DOCUMENT USE - NOT OBSERVED USE OR VERIFIED STOCK"
"MARKER","physical_inventory","School-approved marker","3-4|5-6|K","72","72","Lessons/Bi-Weekly/Grades_3-4_YearA/Session04_Animal_Habitats.md|Lessons/Bi-Weekly/Grades_3-4_YearA/Session07_Light_Circuits.md|Lessons/Bi-Weekly/Grades_3-4_YearA/Session09_Catholic_Scientists.md|Lessons/Bi-Weekly/Grades_3-4_YearA/Session11_Lenten_Engineering.md|Lessons/Bi-Weekly/Grades_3-4_YearA/Session16_Little_Bits.md|Lessons/Bi-Weekly/Grades_3-4_YearB/Session01_Design_Thinking.md|Lessons/Bi-Weekly/Grades_3-4_YearB/Session02_Ozobot_Coding.md|Lessons/Bi-Weekly/Grades_3-4_YearB/Session04_Ecosystems.md|Lessons/Bi-Weekly/Grades_3-4_YearB/Session06_Thanksgiving_Design.md|Lessons/Bi-Weekly/Grades_3-4_YearB/Session07_Christmas_Circuits.md|Lessons/Bi-Weekly/Grades_3-4_YearB/Session11_Lenten_Service.md|Lessons/Bi-Weekly/Grades_3-4_YearB/Session12_Life_Cycles.md|Lessons/Bi-Weekly/Grades_3-4_YearB/Session13_Easter_Creation.md|Lessons/Bi-Weekly/Grades_3-4_YearB/Session14_Ozobot_Challenge.md|Lessons/Bi-Weekly/Grades_5-6_YearA/Session01_Design_Process.md|Lessons/Bi-Weekly/Grades_5-6_YearA/Session04_Body_Systems.md|Lessons/Bi-Weekly/Grades_5-6_YearA/Session05_Scratch_Advanced.md|Lessons/Bi-Weekly/Grades_5-6_YearA/Session06_Thanksgiving_Innovation.md|Lessons/Bi-Weekly/Grades_5-6_YearA/Session07_Christmas_Electronics.md|Lessons/Bi-Weekly/Grades_5-6_YearA/Session09_Catholic_Scientists.md|Lessons/Bi-Weekly/Grades_5-6_YearA/Session10_Environmental_Science.md|Lessons/Bi-Weekly/Grades_5-6_YearA/Session11_Lenten_Engineering.md|Lessons/Bi-Weekly/Grades_5-6_YearA/Session12_Life_Science.md|Lessons/Bi-Weekly/Grades_5-6_YearA/Session13_Easter_Tech.md|Lessons/Bi-Weekly/Grades_5-6_YearA/Session16_Advanced_Invention.md|Lessons/Bi-Weekly/Grades_5-6_YearA/Session17_Exhibition.md|Lessons/Bi-Weekly/Grades_5-6_YearB/Session02_Sphero_Sensors.md|Lessons/Bi-Weekly/Grades_5-6_YearB/Session03_Architecture.md|Lessons/Bi-Weekly/Grades_5-6_YearB/Session06_Gratitude_Design.md|Lessons/Bi-Weekly/Grades_5-6_YearB/Session09_Science_Faith.md|Lessons/Bi-Weekly/Grades_5-6_YearB/Session10_Space_Science.md|Lessons/Bi-Weekly/Grades_5-6_YearB/Session11_Mercy_Engineering.md|Lessons/Bi-Weekly/Grades_5-6_YearB/Session12_Ecosystems.md|Lessons/Bi-Weekly/Grades_5-6_YearB/Session13_New_Life_Tech.md|Lessons/Bi-Weekly/Grades_5-6_YearB/Session16_Innovation_Lab.md|Lessons/Bi-Weekly/Grades_5-6_YearB/Session17_Celebration.md|Lessons/Bi-Weekly/Kindergarten/Session08_Winter_Science.md|Lessons/Bi-Weekly/Kindergarten/Session11_Growing_Things.md|Lessons/Grades_3-4_YearA/Week07-09_Community_Helpers.md|Lessons/Grades_3-4_YearA/Week12_Giving_Through_Making.md|Lessons/Grades_3-4_YearA/Week23_Catholic_Schools_Week.md|Lessons/Grades_3-4_YearA/Week26-27_Little_Bits_Circuits.md|Lessons/Grades_3-4_YearA/Week29-31_Environmental_STREAM.md|Lessons/Grades_3-4_YearB/Week11_Thanksgiving_Gratitude.md|Lessons/Grades_3-4_YearB/Week12_Gifts_Others.md|Lessons/Grades_3-4_YearB/Week23_Catholic_Schools.md|Lessons/Grades_3-4_YearB/Week24-27_Sustainable_City.md|Lessons/Grades_3-4_YearB/Week28_Pi_Day.md|Lessons/Grades_3-4_YearB/Week33_Easter_Engineering.md|Lessons/Grades_5-6_YearA/Week01_Welcome_to_CSTREAM.md|Lessons/Grades_5-6_YearA/Week07-09_Social_Innovation.md|Lessons/Grades_5-6_YearA/Week12_Giving_Making.md|Lessons/Grades_5-6_YearA/Week13_Fall_Showcase.md|Lessons/Grades_5-6_YearA/Week19-22_Passion_Projects.md|Lessons/Grades_5-6_YearA/Week26-27_Little_Bits.md|Lessons/Grades_5-6_YearA/Week29-31_Environmental_Science.md|Lessons/Grades_5-6_YearA/Week33_Easter_Engineering.md|Lessons/Grades_5-6_YearA/Week34_STREAM_Expo.md|Lessons/Grades_5-6_YearB/Week01_Welcome_Innovators.md|Lessons/Grades_5-6_YearB/Week02-04_Biotechnology.md|Lessons/Grades_5-6_YearB/Week05-07_Renewable_Energy.md|Lessons/Grades_5-6_YearB/Week08-10_Biomimicry.md|Lessons/Grades_5-6_YearB/Week11_Thanksgiving_Data.md|Lessons/Grades_5-6_YearB/Week12_Gifts_Service.md|Lessons/Grades_5-6_YearB/Week13_Advent_Technology.md|Lessons/Grades_5-6_YearB/Week14-18_App_Development.md|Lessons/Grades_5-6_YearB/Week20-23_Social_Entrepreneurship.md|Lessons/Grades_5-6_YearB/Week25-28_Health_Technology.md|Lessons/Grades_5-6_YearB/Week29-31_Environmental_Monitoring.md|Lessons/Grades_5-6_YearB/Week33_Easter_Hope.md|Lessons/Grades_5-6_YearB/Week34_Exhibition.md|Lessons/Kindergarten/Week29-31_Growing_Things.md","PLANNED DOCUMENT USE - NOT OBSERVED USE OR VERIFIED STOCK"
"WATER","physical_inventory","School-approved room-temperature water","1-2|3-4|5-6|K","11","11","Lessons/Bi-Weekly/Grades_3-4_YearA/Session10_Weather_Science.md|Lessons/Bi-Weekly/Grades_3-4_YearA/Session12_Plants_Growth.md|Lessons/Bi-Weekly/Kindergarten/Session11_Growing_Things.md|Lessons/Bi-Weekly/Kindergarten/Session16_Water_Wonder.md|Lessons/Grades_1-2_YearB/Week26-27_Garden_Engineering.md|Lessons/Grades_3-4_YearA/Week14-15_Light_Science_Advent.md|Lessons/Grades_3-4_YearB/Week14-17_Marine_Science.md|Lessons/Grades_3-4_YearB/Week29-31_Weather_Station.md|Lessons/Grades_5-6_YearA/Week14-15_Optics_Light.md|Lessons/Grades_5-6_YearA/Week33_Easter_Engineering.md|Lessons/Kindergarten/Week29-31_Growing_Things.md","PLANNED DOCUMENT USE - NOT OBSERVED USE OR VERIFIED STOCK"
"BOARDMARKER","physical_inventory","School-approved whiteboard marker","1-2","61","61","Lessons/Bi-Weekly/Grades_1-2_YearA/Session01_Wonder_Engineers.md|Lessons/Bi-Weekly/Grades_1-2_YearA/Session02_Gods_Patterns.md|Lessons/Bi-Weekly/Grades_1-2_YearA/Session05_Nature_Exploration.md|Lessons/Bi-Weekly/Grades_1-2_YearA/Session06_Thanksgiving_Service.md|Lessons/Bi-Weekly/Grades_1-2_YearA/Session07_Light_in_Darkness.md|Lessons/Bi-Weekly/Grades_1-2_YearA/Session08_Coding_Basics.md|Lessons/Bi-Weekly/Grades_1-2_YearA/Session09_Catholic_Inventors.md|Lessons/Bi-Weekly/Grades_1-2_YearA/Session10_Weather_Watchers.md|Lessons/Bi-Weekly/Grades_1-2_YearA/Session11_Lenten_Engineers.md|Lessons/Bi-Weekly/Grades_1-2_YearA/Session12_Life_Cycles.md|Lessons/Bi-Weekly/Grades_1-2_YearA/Session13_Easter_Innovation.md|Lessons/Bi-Weekly/Grades_1-2_YearA/Session14_Sound_Engineering.md|Lessons/Bi-Weekly/Grades_1-2_YearA/Session15_Robot_Challenge.md|Lessons/Bi-Weekly/Grades_1-2_YearA/Session16_Community_Helpers.md|Lessons/Bi-Weekly/Grades_1-2_YearA/Session17_Exhibition.md|Lessons/Bi-Weekly/Grades_1-2_YearB/Session01_Design_Detectives.md|Lessons/Bi-Weekly/Grades_1-2_YearB/Session02_Tower_Power.md|Lessons/Bi-Weekly/Grades_1-2_YearB/Session04_Animal_Adaptations.md|Lessons/Bi-Weekly/Grades_1-2_YearB/Session06_Gratitude_Gifts.md|Lessons/Bi-Weekly/Grades_1-2_YearB/Session07_Star_Makers.md|Lessons/Bi-Weekly/Grades_1-2_YearB/Session08_Digital_Art.md|Lessons/Bi-Weekly/Grades_1-2_YearB/Session09_Faith_Scientists.md|Lessons/Bi-Weekly/Grades_1-2_YearB/Session10_Magnets_Motion.md|Lessons/Bi-Weekly/Grades_1-2_YearB/Session11_Lenten_Love.md|Lessons/Bi-Weekly/Grades_1-2_YearB/Session12_Butterfly_Wonder.md|Lessons/Bi-Weekly/Grades_1-2_YearB/Session13_Easter_Joy.md|Lessons/Bi-Weekly/Grades_1-2_YearB/Session14_Sphero_Challenge.md|Lessons/Bi-Weekly/Grades_1-2_YearB/Session15_Simple_Machines.md|Lessons/Bi-Weekly/Grades_1-2_YearB/Session16_Earth_Care.md|Lessons/Bi-Weekly/Grades_1-2_YearB/Session17_Celebration.md|Lessons/Grades_1-2_YearA/Week01_Welcome_to_CSTREAM.md|Lessons/Grades_1-2_YearA/Week05-06_KEVA_Engineering.md|Lessons/Grades_1-2_YearA/Week07-09_Engineering_for_Others.md|Lessons/Grades_1-2_YearA/Week10_Strong_Bridges.md|Lessons/Grades_1-2_YearA/Week11_Thankful_Coding.md|Lessons/Grades_1-2_YearA/Week12_Making_Gifts.md|Lessons/Grades_1-2_YearA/Week13_Fall_Celebration.md|Lessons/Grades_1-2_YearA/Week14-15_Light_Explorations.md|Lessons/Grades_1-2_YearA/Week16_Star_of_Wonder.md|Lessons/Grades_1-2_YearA/Week18_New_Year_Goals.md|Lessons/Grades_1-2_YearA/Week23_Catholic_Schools_Week.md|Lessons/Grades_1-2_YearA/Week24-25_Dash_Robot_Adventures.md|Lessons/Grades_1-2_YearA/Week26-27_Helping_Hands_Design.md|Lessons/Grades_1-2_YearA/Week33_New_Life_Engineering.md|Lessons/Grades_1-2_YearA/Week34_Year_Celebration.md|Lessons/Grades_1-2_YearB/Week01_Welcome_Scientists.md|Lessons/Grades_1-2_YearB/Week05-06_Tower_Engineering.md|Lessons/Grades_1-2_YearB/Week07-09_Animal_Habitats.md|Lessons/Grades_1-2_YearB/Week11_Thanksgiving_Coding.md|Lessons/Grades_1-2_YearB/Week12_Gifts_Others.md|Lessons/Grades_1-2_YearB/Week13_Fall_Festival.md|Lessons/Grades_1-2_YearB/Week14-15_Stars_Light.md|Lessons/Grades_1-2_YearB/Week18_Growth_Goals.md|Lessons/Grades_1-2_YearB/Week19-22_Invention_Labs.md|Lessons/Grades_1-2_YearB/Week23_Catholic_Schools.md|Lessons/Grades_1-2_YearB/Week24-25_Friendship_Machines.md|Lessons/Grades_1-2_YearB/Week26-27_Garden_Engineering.md|Lessons/Grades_1-2_YearB/Week28_Math_Games.md|Lessons/Grades_1-2_YearB/Week29-31_Butterfly_Engineering.md|Lessons/Grades_1-2_YearB/Week33_New_Life.md|Lessons/Grades_1-2_YearB/Week34_Showcase.md","PLANNED DOCUMENT USE - NOT OBSERVED USE OR VERIFIED STOCK"
"MASSLOAD","physical_inventory","Sealed verified 10 g classroom load packet","5-6","5","5","Lessons/Bi-Weekly/Grades_5-6_YearA/Session03_Structural_Engineering.md|Lessons/Bi-Weekly/Grades_5-6_YearB/Session15_Energy_Science.md|Lessons/Grades_5-6_YearA/Week05-06_Structural_Engineering.md|Lessons/Grades_5-6_YearA/Week10_Advanced_Bridges.md|Lessons/Grades_5-6_YearB/Week08-10_Biomimicry.md","PLANNED DOCUMENT USE - NOT OBSERVED USE OR VERIFIED STOCK"
"CRAYON","physical_inventory","Shared school crayon set","1-2|K","106","106","Lessons/Bi-Weekly/Grades_1-2_YearA/Session01_Wonder_Engineers.md|Lessons/Bi-Weekly/Grades_1-2_YearA/Session02_Gods_Patterns.md|Lessons/Bi-Weekly/Grades_1-2_YearA/Session03_Bridge_Building.md|Lessons/Bi-Weekly/Grades_1-2_YearA/Session05_Nature_Exploration.md|Lessons/Bi-Weekly/Grades_1-2_YearA/Session06_Thanksgiving_Service.md|Lessons/Bi-Weekly/Grades_1-2_YearA/Session07_Light_in_Darkness.md|Lessons/Bi-Weekly/Grades_1-2_YearA/Session08_Coding_Basics.md|Lessons/Bi-Weekly/Grades_1-2_YearA/Session09_Catholic_Inventors.md|Lessons/Bi-Weekly/Grades_1-2_YearA/Session10_Weather_Watchers.md|Lessons/Bi-Weekly/Grades_1-2_YearA/Session11_Lenten_Engineers.md|Lessons/Bi-Weekly/Grades_1-2_YearA/Session12_Life_Cycles.md|Lessons/Bi-Weekly/Grades_1-2_YearA/Session13_Easter_Innovation.md|Lessons/Bi-Weekly/Grades_1-2_YearA/Session14_Sound_Engineering.md|Lessons/Bi-Weekly/Grades_1-2_YearA/Session15_Robot_Challenge.md|Lessons/Bi-Weekly/Grades_1-2_YearA/Session16_Community_Helpers.md|Lessons/Bi-Weekly/Grades_1-2_YearA/Session17_Exhibition.md|Lessons/Bi-Weekly/Grades_1-2_YearB/Session01_Design_Detectives.md|Lessons/Bi-Weekly/Grades_1-2_YearB/Session02_Tower_Power.md|Lessons/Bi-Weekly/Grades_1-2_YearB/Session04_Animal_Adaptations.md|Lessons/Bi-Weekly/Grades_1-2_YearB/Session05_Garden_Engineers.md|Lessons/Bi-Weekly/Grades_1-2_YearB/Session06_Gratitude_Gifts.md|Lessons/Bi-Weekly/Grades_1-2_YearB/Session07_Star_Makers.md|Lessons/Bi-Weekly/Grades_1-2_YearB/Session08_Digital_Art.md|Lessons/Bi-Weekly/Grades_1-2_YearB/Session09_Faith_Scientists.md|Lessons/Bi-Weekly/Grades_1-2_YearB/Session10_Magnets_Motion.md|Lessons/Bi-Weekly/Grades_1-2_YearB/Session11_Lenten_Love.md|Lessons/Bi-Weekly/Grades_1-2_YearB/Session12_Butterfly_Wonder.md|Lessons/Bi-Weekly/Grades_1-2_YearB/Session13_Easter_Joy.md|Lessons/Bi-Weekly/Grades_1-2_YearB/Session14_Sphero_Challenge.md|Lessons/Bi-Weekly/Grades_1-2_YearB/Session15_Simple_Machines.md|Lessons/Bi-Weekly/Grades_1-2_YearB/Session16_Earth_Care.md|Lessons/Bi-Weekly/Grades_1-2_YearB/Session17_Celebration.md|Lessons/Bi-Weekly/Kindergarten/Session01_Welcome_Wonder.md|Lessons/Bi-Weekly/Kindergarten/Session02_Gods_World.md|Lessons/Bi-Weekly/Kindergarten/Session03_Building_Basics.md|Lessons/Bi-Weekly/Kindergarten/Session04_Colors_Light.md|Lessons/Bi-Weekly/Kindergarten/Session05_Simple_Machines.md|Lessons/Bi-Weekly/Kindergarten/Session06_Thanksgiving.md|Lessons/Bi-Weekly/Kindergarten/Session07_Advent_Light.md|Lessons/Bi-Weekly/Kindergarten/Session08_Winter_Science.md|Lessons/Bi-Weekly/Kindergarten/Session09_Catholic_Schools.md|Lessons/Bi-Weekly/Kindergarten/Session10_Weather_Wonder.md|Lessons/Bi-Weekly/Kindergarten/Session11_Growing_Things.md|Lessons/Bi-Weekly/Kindergarten/Session12_Animal_Homes.md|Lessons/Bi-Weekly/Kindergarten/Session13_Easter_New_Life.md|Lessons/Bi-Weekly/Kindergarten/Session14_Sound_Music.md|Lessons/Bi-Weekly/Kindergarten/Session15_Helping_Others.md|Lessons/Bi-Weekly/Kindergarten/Session16_Water_Wonder.md|Lessons/Bi-Weekly/Kindergarten/Session17_Celebration.md|Lessons/Grades_1-2_YearA/Week01_Welcome_to_CSTREAM.md|Lessons/Grades_1-2_YearA/Week04_Wonder_Walk.md|Lessons/Grades_1-2_YearA/Week05-06_KEVA_Engineering.md|Lessons/Grades_1-2_YearA/Week07-09_Engineering_for_Others.md|Lessons/Grades_1-2_YearA/Week10_Strong_Bridges.md|Lessons/Grades_1-2_YearA/Week11_Thankful_Coding.md|Lessons/Grades_1-2_YearA/Week12_Making_Gifts.md|Lessons/Grades_1-2_YearA/Week13_Fall_Celebration.md|Lessons/Grades_1-2_YearA/Week14-15_Light_Explorations.md|Lessons/Grades_1-2_YearA/Week16_Star_of_Wonder.md|Lessons/Grades_1-2_YearA/Week18_New_Year_Goals.md|Lessons/Grades_1-2_YearA/Week19-22_Exploration_Stations.md|Lessons/Grades_1-2_YearA/Week23_Catholic_Schools_Week.md|Lessons/Grades_1-2_YearA/Week24-25_Dash_Robot_Adventures.md|Lessons/Grades_1-2_YearA/Week26-27_Helping_Hands_Design.md|Lessons/Grades_1-2_YearA/Week28_Pi_Day_Circles.md|Lessons/Grades_1-2_YearA/Week29-31_Growing_Things.md|Lessons/Grades_1-2_YearA/Week33_New_Life_Engineering.md|Lessons/Grades_1-2_YearA/Week34_Year_Celebration.md|Lessons/Grades_1-2_YearB/Week01_Welcome_Scientists.md|Lessons/Grades_1-2_YearB/Week04_Senses_Discovery.md|Lessons/Grades_1-2_YearB/Week05-06_Tower_Engineering.md|Lessons/Grades_1-2_YearB/Week07-09_Animal_Habitats.md|Lessons/Grades_1-2_YearB/Week10_Ramp_Races.md|Lessons/Grades_1-2_YearB/Week11_Thanksgiving_Coding.md|Lessons/Grades_1-2_YearB/Week12_Gifts_Others.md|Lessons/Grades_1-2_YearB/Week13_Fall_Festival.md|Lessons/Grades_1-2_YearB/Week14-15_Stars_Light.md|Lessons/Grades_1-2_YearB/Week16_Winter_Wonders.md|Lessons/Grades_1-2_YearB/Week18_Growth_Goals.md|Lessons/Grades_1-2_YearB/Week19-22_Invention_Labs.md|Lessons/Grades_1-2_YearB/Week23_Catholic_Schools.md|Lessons/Grades_1-2_YearB/Week24-25_Friendship_Machines.md|Lessons/Grades_1-2_YearB/Week26-27_Garden_Engineering.md|Lessons/Grades_1-2_YearB/Week28_Math_Games.md|Lessons/Grades_1-2_YearB/Week29-31_Butterfly_Engineering.md|Lessons/Grades_1-2_YearB/Week33_New_Life.md|Lessons/Grades_1-2_YearB/Week34_Showcase.md|Lessons/Kindergarten/Week01_Welcome_to_CSTREAM.md|Lessons/Kindergarten/Week02-03_Sphero_Movement.md|Lessons/Kindergarten/Week04_Wonder_Walk.md|Lessons/Kindergarten/Week05-06_KEVA_Building.md|Lessons/Kindergarten/Week07-09_Engineering_Helpers.md|Lessons/Kindergarten/Week10_Bridges_Connect_Us.md|Lessons/Kindergarten/Week11_Coding_Thankfulness.md|Lessons/Kindergarten/Week12_Making_Gifts.md|Lessons/Kindergarten/Week13_Fall_Celebration.md|Lessons/Kindergarten/Week14-15_Light_All_Around.md|Lessons/Kindergarten/Week16_Star_of_Wonder.md|Lessons/Kindergarten/Week18_New_Year_Goals.md|Lessons/Kindergarten/Week19-22_Exploration_Stations.md|Lessons/Kindergarten/Week23_Catholic_Schools_Week.md|Lessons/Kindergarten/Week24-25_Dash_Robot_Friends.md|Lessons/Kindergarten/Week26-27_Helping_Hands.md|Lessons/Kindergarten/Week28_Circles_and_Pi.md|Lessons/Kindergarten/Week33_New_Life_Engineering.md|Lessons/Kindergarten/Week34_Year_Celebration.md","PLANNED DOCUMENT USE - NOT OBSERVED USE OR VERIFIED STOCK"
"TIMER","physical_inventory","Simple timer","1-2","61","61","Lessons/Bi-Weekly/Grades_1-2_YearA/Session01_Wonder_Engineers.md|Lessons/Bi-Weekly/Grades_1-2_YearA/Session02_Gods_Patterns.md|Lessons/Bi-Weekly/Grades_1-2_YearA/Session05_Nature_Exploration.md|Lessons/Bi-Weekly/Grades_1-2_YearA/Session06_Thanksgiving_Service.md|Lessons/Bi-Weekly/Grades_1-2_YearA/Session07_Light_in_Darkness.md|Lessons/Bi-Weekly/Grades_1-2_YearA/Session08_Coding_Basics.md|Lessons/Bi-Weekly/Grades_1-2_YearA/Session09_Catholic_Inventors.md|Lessons/Bi-Weekly/Grades_1-2_YearA/Session10_Weather_Watchers.md|Lessons/Bi-Weekly/Grades_1-2_YearA/Session11_Lenten_Engineers.md|Lessons/Bi-Weekly/Grades_1-2_YearA/Session12_Life_Cycles.md|Lessons/Bi-Weekly/Grades_1-2_YearA/Session13_Easter_Innovation.md|Lessons/Bi-Weekly/Grades_1-2_YearA/Session14_Sound_Engineering.md|Lessons/Bi-Weekly/Grades_1-2_YearA/Session15_Robot_Challenge.md|Lessons/Bi-Weekly/Grades_1-2_YearA/Session16_Community_Helpers.md|Lessons/Bi-Weekly/Grades_1-2_YearA/Session17_Exhibition.md|Lessons/Bi-Weekly/Grades_1-2_YearB/Session01_Design_Detectives.md|Lessons/Bi-Weekly/Grades_1-2_YearB/Session02_Tower_Power.md|Lessons/Bi-Weekly/Grades_1-2_YearB/Session04_Animal_Adaptations.md|Lessons/Bi-Weekly/Grades_1-2_YearB/Session06_Gratitude_Gifts.md|Lessons/Bi-Weekly/Grades_1-2_YearB/Session07_Star_Makers.md|Lessons/Bi-Weekly/Grades_1-2_YearB/Session08_Digital_Art.md|Lessons/Bi-Weekly/Grades_1-2_YearB/Session09_Faith_Scientists.md|Lessons/Bi-Weekly/Grades_1-2_YearB/Session10_Magnets_Motion.md|Lessons/Bi-Weekly/Grades_1-2_YearB/Session11_Lenten_Love.md|Lessons/Bi-Weekly/Grades_1-2_YearB/Session12_Butterfly_Wonder.md|Lessons/Bi-Weekly/Grades_1-2_YearB/Session13_Easter_Joy.md|Lessons/Bi-Weekly/Grades_1-2_YearB/Session14_Sphero_Challenge.md|Lessons/Bi-Weekly/Grades_1-2_YearB/Session15_Simple_Machines.md|Lessons/Bi-Weekly/Grades_1-2_YearB/Session16_Earth_Care.md|Lessons/Bi-Weekly/Grades_1-2_YearB/Session17_Celebration.md|Lessons/Grades_1-2_YearA/Week01_Welcome_to_CSTREAM.md|Lessons/Grades_1-2_YearA/Week05-06_KEVA_Engineering.md|Lessons/Grades_1-2_YearA/Week07-09_Engineering_for_Others.md|Lessons/Grades_1-2_YearA/Week10_Strong_Bridges.md|Lessons/Grades_1-2_YearA/Week11_Thankful_Coding.md|Lessons/Grades_1-2_YearA/Week12_Making_Gifts.md|Lessons/Grades_1-2_YearA/Week13_Fall_Celebration.md|Lessons/Grades_1-2_YearA/Week14-15_Light_Explorations.md|Lessons/Grades_1-2_YearA/Week16_Star_of_Wonder.md|Lessons/Grades_1-2_YearA/Week18_New_Year_Goals.md|Lessons/Grades_1-2_YearA/Week23_Catholic_Schools_Week.md|Lessons/Grades_1-2_YearA/Week24-25_Dash_Robot_Adventures.md|Lessons/Grades_1-2_YearA/Week26-27_Helping_Hands_Design.md|Lessons/Grades_1-2_YearA/Week33_New_Life_Engineering.md|Lessons/Grades_1-2_YearA/Week34_Year_Celebration.md|Lessons/Grades_1-2_YearB/Week01_Welcome_Scientists.md|Lessons/Grades_1-2_YearB/Week05-06_Tower_Engineering.md|Lessons/Grades_1-2_YearB/Week07-09_Animal_Habitats.md|Lessons/Grades_1-2_YearB/Week11_Thanksgiving_Coding.md|Lessons/Grades_1-2_YearB/Week12_Gifts_Others.md|Lessons/Grades_1-2_YearB/Week13_Fall_Festival.md|Lessons/Grades_1-2_YearB/Week14-15_Stars_Light.md|Lessons/Grades_1-2_YearB/Week18_Growth_Goals.md|Lessons/Grades_1-2_YearB/Week19-22_Invention_Labs.md|Lessons/Grades_1-2_YearB/Week23_Catholic_Schools.md|Lessons/Grades_1-2_YearB/Week24-25_Friendship_Machines.md|Lessons/Grades_1-2_YearB/Week26-27_Garden_Engineering.md|Lessons/Grades_1-2_YearB/Week28_Math_Games.md|Lessons/Grades_1-2_YearB/Week29-31_Butterfly_Engineering.md|Lessons/Grades_1-2_YearB/Week33_New_Life.md|Lessons/Grades_1-2_YearB/Week34_Showcase.md","PLANNED DOCUMENT USE - NOT OBSERVED USE OR VERIFIED STOCK"
"CIRCLEOBJ","physical_inventory","Smooth plastic circle objects","3-4","2","2","Lessons/Grades_3-4_YearA/Week28_Pi_Day_Circles.md|Lessons/Grades_3-4_YearB/Week28_Pi_Day.md","PLANNED DOCUMENT USE - NOT OBSERVED USE OR VERIFIED STOCK"
"PLASTICSPOON","physical_inventory","Smooth plastic scoop spoon","1-2|3-4","2","2","Lessons/Bi-Weekly/Grades_1-2_YearB/Session10_Magnets_Motion.md|Lessons/Grades_3-4_YearB/Week14-17_Marine_Science.md","PLANNED DOCUMENT USE - NOT OBSERVED USE OR VERIFIED STOCK"
"EARLYLID","physical_inventory","Smooth round classroom plastic lid","1-2","2","2","Lessons/Grades_1-2_YearA/Week28_Pi_Day_Circles.md|Lessons/Grades_1-2_YearB/Week04_Senses_Discovery.md","PLANNED DOCUMENT USE - NOT OBSERVED USE OR VERIFIED STOCK"
"TAPEMEASURE","physical_inventory","Soft metric measuring tape","3-4","2","2","Lessons/Grades_3-4_YearB/Week02-03_Flight_Fundamentals.md|Lessons/Grades_3-4_YearB/Week04-06_Paper_Airplane.md","PLANNED DOCUMENT USE - NOT OBSERVED USE OR VERIFIED STOCK"
"SPHERO","physical_inventory","Sphero-type app-controlled robot","1-2|3-4|5-6","9","9","Lessons/Bi-Weekly/Grades_1-2_YearB/Session03_Sphero_Intro.md|Lessons/Bi-Weekly/Grades_1-2_YearB/Session14_Sphero_Challenge.md|Lessons/Bi-Weekly/Grades_5-6_YearA/Session02_Sphero_Advanced.md|Lessons/Bi-Weekly/Grades_5-6_YearA/Session14_Sphero_Challenge.md|Lessons/Bi-Weekly/Grades_5-6_YearB/Session02_Sphero_Sensors.md|Lessons/Bi-Weekly/Grades_5-6_YearB/Session14_Robot_Olympics.md|Lessons/Grades_1-2_YearA/Week02-03_Sphero_Coding.md|Lessons/Grades_3-4_YearA/Week02-03_Sphero_Advanced.md|Lessons/Grades_5-6_YearA/Week02-03_Sphero_Mastery.md","PLANNED DOCUMENT USE - NOT OBSERVED USE OR VERIFIED STOCK"
"EARLYSUPPORT","physical_inventory","Stable classroom support block","1-2","5","5","Lessons/Bi-Weekly/Grades_1-2_YearA/Session03_Bridge_Building.md|Lessons/Bi-Weekly/Grades_1-2_YearB/Session15_Simple_Machines.md|Lessons/Grades_1-2_YearA/Week05-06_KEVA_Engineering.md|Lessons/Grades_1-2_YearA/Week10_Strong_Bridges.md|Lessons/Grades_1-2_YearB/Week10_Ramp_Races.md","PLANNED DOCUMENT USE - NOT OBSERVED USE OR VERIFIED STOCK"
"SUPPORT","physical_inventory","Stable school support book or block","3-4|5-6|K","14","14","Lessons/Bi-Weekly/Grades_3-4_YearA/Session03_Bridge_Engineering.md|Lessons/Bi-Weekly/Grades_5-6_YearA/Session03_Structural_Engineering.md|Lessons/Bi-Weekly/Grades_5-6_YearA/Session15_Physics_Motion.md|Lessons/Bi-Weekly/Kindergarten/Session05_Simple_Machines.md|Lessons/Grades_3-4_YearA/Week04_Scientific_Method.md|Lessons/Grades_3-4_YearA/Week05-06_KEVA_Challenges.md|Lessons/Grades_3-4_YearA/Week10_Bridge_Engineering.md|Lessons/Grades_3-4_YearA/Week12_Giving_Through_Making.md|Lessons/Grades_5-6_YearA/Week04_Experimental_Design.md|Lessons/Grades_5-6_YearA/Week05-06_Structural_Engineering.md|Lessons/Grades_5-6_YearA/Week10_Advanced_Bridges.md|Lessons/Grades_5-6_YearA/Week19-22_Passion_Projects.md|Lessons/Grades_5-6_YearA/Week23_Catholic_Schools_Week.md|Lessons/Grades_5-6_YearB/Week08-10_Biomimicry.md","PLANNED DOCUMENT USE - NOT OBSERVED USE OR VERIFIED STOCK"
"ICETRAY","physical_inventory","Teacher ice-cube tray","K","1","1","Lessons/Bi-Weekly/Kindergarten/Session08_Winter_Science.md","PLANNED DOCUMENT USE - NOT OBSERVED USE OR VERIFIED STOCK"
"ADULTSCISSOR","physical_inventory","Teacher preparation scissors","1-2","61","61","Lessons/Bi-Weekly/Grades_1-2_YearA/Session01_Wonder_Engineers.md|Lessons/Bi-Weekly/Grades_1-2_YearA/Session02_Gods_Patterns.md|Lessons/Bi-Weekly/Grades_1-2_YearA/Session05_Nature_Exploration.md|Lessons/Bi-Weekly/Grades_1-2_YearA/Session06_Thanksgiving_Service.md|Lessons/Bi-Weekly/Grades_1-2_YearA/Session07_Light_in_Darkness.md|Lessons/Bi-Weekly/Grades_1-2_YearA/Session08_Coding_Basics.md|Lessons/Bi-Weekly/Grades_1-2_YearA/Session09_Catholic_Inventors.md|Lessons/Bi-Weekly/Grades_1-2_YearA/Session10_Weather_Watchers.md|Lessons/Bi-Weekly/Grades_1-2_YearA/Session11_Lenten_Engineers.md|Lessons/Bi-Weekly/Grades_1-2_YearA/Session12_Life_Cycles.md|Lessons/Bi-Weekly/Grades_1-2_YearA/Session13_Easter_Innovation.md|Lessons/Bi-Weekly/Grades_1-2_YearA/Session14_Sound_Engineering.md|Lessons/Bi-Weekly/Grades_1-2_YearA/Session15_Robot_Challenge.md|Lessons/Bi-Weekly/Grades_1-2_YearA/Session16_Community_Helpers.md|Lessons/Bi-Weekly/Grades_1-2_YearA/Session17_Exhibition.md|Lessons/Bi-Weekly/Grades_1-2_YearB/Session01_Design_Detectives.md|Lessons/Bi-Weekly/Grades_1-2_YearB/Session02_Tower_Power.md|Lessons/Bi-Weekly/Grades_1-2_YearB/Session04_Animal_Adaptations.md|Lessons/Bi-Weekly/Grades_1-2_YearB/Session06_Gratitude_Gifts.md|Lessons/Bi-Weekly/Grades_1-2_YearB/Session07_Star_Makers.md|Lessons/Bi-Weekly/Grades_1-2_YearB/Session08_Digital_Art.md|Lessons/Bi-Weekly/Grades_1-2_YearB/Session09_Faith_Scientists.md|Lessons/Bi-Weekly/Grades_1-2_YearB/Session10_Magnets_Motion.md|Lessons/Bi-Weekly/Grades_1-2_YearB/Session11_Lenten_Love.md|Lessons/Bi-Weekly/Grades_1-2_YearB/Session12_Butterfly_Wonder.md|Lessons/Bi-Weekly/Grades_1-2_YearB/Session13_Easter_Joy.md|Lessons/Bi-Weekly/Grades_1-2_YearB/Session14_Sphero_Challenge.md|Lessons/Bi-Weekly/Grades_1-2_YearB/Session15_Simple_Machines.md|Lessons/Bi-Weekly/Grades_1-2_YearB/Session16_Earth_Care.md|Lessons/Bi-Weekly/Grades_1-2_YearB/Session17_Celebration.md|Lessons/Grades_1-2_YearA/Week01_Welcome_to_CSTREAM.md|Lessons/Grades_1-2_YearA/Week05-06_KEVA_Engineering.md|Lessons/Grades_1-2_YearA/Week07-09_Engineering_for_Others.md|Lessons/Grades_1-2_YearA/Week10_Strong_Bridges.md|Lessons/Grades_1-2_YearA/Week11_Thankful_Coding.md|Lessons/Grades_1-2_YearA/Week12_Making_Gifts.md|Lessons/Grades_1-2_YearA/Week13_Fall_Celebration.md|Lessons/Grades_1-2_YearA/Week14-15_Light_Explorations.md|Lessons/Grades_1-2_YearA/Week16_Star_of_Wonder.md|Lessons/Grades_1-2_YearA/Week18_New_Year_Goals.md|Lessons/Grades_1-2_YearA/Week23_Catholic_Schools_Week.md|Lessons/Grades_1-2_YearA/Week24-25_Dash_Robot_Adventures.md|Lessons/Grades_1-2_YearA/Week26-27_Helping_Hands_Design.md|Lessons/Grades_1-2_YearA/Week33_New_Life_Engineering.md|Lessons/Grades_1-2_YearA/Week34_Year_Celebration.md|Lessons/Grades_1-2_YearB/Week01_Welcome_Scientists.md|Lessons/Grades_1-2_YearB/Week05-06_Tower_Engineering.md|Lessons/Grades_1-2_YearB/Week07-09_Animal_Habitats.md|Lessons/Grades_1-2_YearB/Week11_Thanksgiving_Coding.md|Lessons/Grades_1-2_YearB/Week12_Gifts_Others.md|Lessons/Grades_1-2_YearB/Week13_Fall_Festival.md|Lessons/Grades_1-2_YearB/Week14-15_Stars_Light.md|Lessons/Grades_1-2_YearB/Week18_Growth_Goals.md|Lessons/Grades_1-2_YearB/Week19-22_Invention_Labs.md|Lessons/Grades_1-2_YearB/Week23_Catholic_Schools.md|Lessons/Grades_1-2_YearB/Week24-25_Friendship_Machines.md|Lessons/Grades_1-2_YearB/Week26-27_Garden_Engineering.md|Lessons/Grades_1-2_YearB/Week28_Math_Games.md|Lessons/Grades_1-2_YearB/Week29-31_Butterfly_Engineering.md|Lessons/Grades_1-2_YearB/Week33_New_Life.md|Lessons/Grades_1-2_YearB/Week34_Showcase.md","PLANNED DOCUMENT USE - NOT OBSERVED USE OR VERIFIED STOCK"
"SEALEDPLASTIC","physical_inventory","Teacher sealed clear plastic display bag","5-6","1","1","Lessons/Grades_5-6_YearA/Week33_Easter_Engineering.md","PLANNED DOCUMENT USE - NOT OBSERVED USE OR VERIFIED STOCK"
"TEACHERTIMER","physical_inventory","Teacher timer","3-4|5-6|K","166","166","Lessons/Bi-Weekly/Grades_3-4_YearA/Session01_Engineering_Design.md|Lessons/Bi-Weekly/Grades_3-4_YearA/Session02_Dash_Code.md|Lessons/Bi-Weekly/Grades_3-4_YearA/Session03_Bridge_Engineering.md|Lessons/Bi-Weekly/Grades_3-4_YearA/Session04_Animal_Habitats.md|Lessons/Bi-Weekly/Grades_3-4_YearA/Session05_Scratch_Intro.md|Lessons/Bi-Weekly/Grades_3-4_YearA/Session06_Gratitude_Tech.md|Lessons/Bi-Weekly/Grades_3-4_YearA/Session07_Light_Circuits.md|Lessons/Bi-Weekly/Grades_3-4_YearA/Session08_Scratch_Animation.md|Lessons/Bi-Weekly/Grades_3-4_YearA/Session09_Catholic_Scientists.md|Lessons/Bi-Weekly/Grades_3-4_YearA/Session10_Weather_Science.md|Lessons/Bi-Weekly/Grades_3-4_YearA/Session11_Lenten_Engineering.md|Lessons/Bi-Weekly/Grades_3-4_YearA/Session12_Plants_Growth.md|Lessons/Bi-Weekly/Grades_3-4_YearA/Session13_Easter_Tech.md|Lessons/Bi-Weekly/Grades_3-4_YearA/Session14_Dash_Challenge.md|Lessons/Bi-Weekly/Grades_3-4_YearA/Session15_Simple_Machines.md|Lessons/Bi-Weekly/Grades_3-4_YearA/Session16_Little_Bits.md|Lessons/Bi-Weekly/Grades_3-4_YearA/Session17_Exhibition.md|Lessons/Bi-Weekly/Grades_3-4_YearB/Session01_Design_Thinking.md|Lessons/Bi-Weekly/Grades_3-4_YearB/Session02_Ozobot_Coding.md|Lessons/Bi-Weekly/Grades_3-4_YearB/Session03_Tower_Challenge.md|Lessons/Bi-Weekly/Grades_3-4_YearB/Session04_Ecosystems.md|Lessons/Bi-Weekly/Grades_3-4_YearB/Session05_Scratch_Games.md|Lessons/Bi-Weekly/Grades_3-4_YearB/Session06_Thanksgiving_Design.md|Lessons/Bi-Weekly/Grades_3-4_YearB/Session07_Christmas_Circuits.md|Lessons/Bi-Weekly/Grades_3-4_YearB/Session08_Digital_Stories.md|Lessons/Bi-Weekly/Grades_3-4_YearB/Session09_Faith_Science.md|Lessons/Bi-Weekly/Grades_3-4_YearB/Session10_Geology_Rocks.md|Lessons/Bi-Weekly/Grades_3-4_YearB/Session11_Lenten_Service.md|Lessons/Bi-Weekly/Grades_3-4_YearB/Session12_Life_Cycles.md|Lessons/Bi-Weekly/Grades_3-4_YearB/Session13_Easter_Creation.md|Lessons/Bi-Weekly/Grades_3-4_YearB/Session14_Ozobot_Challenge.md|Lessons/Bi-Weekly/Grades_3-4_YearB/Session15_Compound_Machines.md|Lessons/Bi-Weekly/Grades_3-4_YearB/Session16_Makey_Makey.md|Lessons/Bi-Weekly/Grades_3-4_YearB/Session17_Celebration.md|Lessons/Bi-Weekly/Grades_5-6_YearA/Session01_Design_Process.md|Lessons/Bi-Weekly/Grades_5-6_YearA/Session02_Sphero_Advanced.md|Lessons/Bi-Weekly/Grades_5-6_YearA/Session03_Structural_Engineering.md|Lessons/Bi-Weekly/Grades_5-6_YearA/Session04_Body_Systems.md|Lessons/Bi-Weekly/Grades_5-6_YearA/Session06_Thanksgiving_Innovation.md|Lessons/Bi-Weekly/Grades_5-6_YearA/Session08_App_Inventor.md|Lessons/Bi-Weekly/Grades_5-6_YearA/Session09_Catholic_Scientists.md|Lessons/Bi-Weekly/Grades_5-6_YearA/Session10_Environmental_Science.md|Lessons/Bi-Weekly/Grades_5-6_YearA/Session11_Lenten_Engineering.md|Lessons/Bi-Weekly/Grades_5-6_YearA/Session12_Life_Science.md|Lessons/Bi-Weekly/Grades_5-6_YearA/Session13_Easter_Tech.md|Lessons/Bi-Weekly/Grades_5-6_YearA/Session14_Sphero_Challenge.md|Lessons/Bi-Weekly/Grades_5-6_YearA/Session15_Physics_Motion.md|Lessons/Bi-Weekly/Grades_5-6_YearA/Session16_Advanced_Invention.md|Lessons/Bi-Weekly/Grades_5-6_YearA/Session17_Exhibition.md|Lessons/Bi-Weekly/Grades_5-6_YearB/Session01_Engineering_Thinking.md|Lessons/Bi-Weekly/Grades_5-6_YearB/Session03_Architecture.md|Lessons/Bi-Weekly/Grades_5-6_YearB/Session05_Scratch_Games.md|Lessons/Bi-Weekly/Grades_5-6_YearB/Session06_Gratitude_Design.md|Lessons/Bi-Weekly/Grades_5-6_YearB/Session07_Advent_Coding.md|Lessons/Bi-Weekly/Grades_5-6_YearB/Session08_App_Design.md|Lessons/Bi-Weekly/Grades_5-6_YearB/Session09_Science_Faith.md|Lessons/Bi-Weekly/Grades_5-6_YearB/Session10_Space_Science.md|Lessons/Bi-Weekly/Grades_5-6_YearB/Session11_Mercy_Engineering.md|Lessons/Bi-Weekly/Grades_5-6_YearB/Session12_Ecosystems.md|Lessons/Bi-Weekly/Grades_5-6_YearB/Session13_New_Life_Tech.md|Lessons/Bi-Weekly/Grades_5-6_YearB/Session14_Robot_Olympics.md|Lessons/Bi-Weekly/Grades_5-6_YearB/Session15_Energy_Science.md|Lessons/Bi-Weekly/Grades_5-6_YearB/Session16_Innovation_Lab.md|Lessons/Bi-Weekly/Grades_5-6_YearB/Session17_Celebration.md|Lessons/Bi-Weekly/Kindergarten/Session01_Welcome_Wonder.md|Lessons/Bi-Weekly/Kindergarten/Session02_Gods_World.md|Lessons/Bi-Weekly/Kindergarten/Session03_Building_Basics.md|Lessons/Bi-Weekly/Kindergarten/Session04_Colors_Light.md|Lessons/Bi-Weekly/Kindergarten/Session05_Simple_Machines.md|Lessons/Bi-Weekly/Kindergarten/Session06_Thanksgiving.md|Lessons/Bi-Weekly/Kindergarten/Session07_Advent_Light.md|Lessons/Bi-Weekly/Kindergarten/Session08_Winter_Science.md|Lessons/Bi-Weekly/Kindergarten/Session09_Catholic_Schools.md|Lessons/Bi-Weekly/Kindergarten/Session10_Weather_Wonder.md|Lessons/Bi-Weekly/Kindergarten/Session11_Growing_Things.md|Lessons/Bi-Weekly/Kindergarten/Session12_Animal_Homes.md|Lessons/Bi-Weekly/Kindergarten/Session13_Easter_New_Life.md|Lessons/Bi-Weekly/Kindergarten/Session14_Sound_Music.md|Lessons/Bi-Weekly/Kindergarten/Session15_Helping_Others.md|Lessons/Bi-Weekly/Kindergarten/Session16_Water_Wonder.md|Lessons/Bi-Weekly/Kindergarten/Session17_Celebration.md|Lessons/Grades_3-4_YearA/Week01_Welcome_to_CSTREAM.md|Lessons/Grades_3-4_YearA/Week02-03_Sphero_Advanced.md|Lessons/Grades_3-4_YearA/Week04_Scientific_Method.md|Lessons/Grades_3-4_YearA/Week05-06_KEVA_Challenges.md|Lessons/Grades_3-4_YearA/Week07-09_Community_Helpers.md|Lessons/Grades_3-4_YearA/Week10_Bridge_Engineering.md|Lessons/Grades_3-4_YearA/Week11_Coding_Gratitude.md|Lessons/Grades_3-4_YearA/Week12_Giving_Through_Making.md|Lessons/Grades_3-4_YearA/Week13_Fall_Celebration.md|Lessons/Grades_3-4_YearA/Week14-15_Light_Science_Advent.md|Lessons/Grades_3-4_YearA/Week16_Astronomy_Star.md|Lessons/Grades_3-4_YearA/Week18_SMART_Goals.md|Lessons/Grades_3-4_YearA/Week19-22_Choice_Labs.md|Lessons/Grades_3-4_YearA/Week23_Catholic_Schools_Week.md|Lessons/Grades_3-4_YearA/Week24-25_Scratch_Programming.md|Lessons/Grades_3-4_YearA/Week26-27_Little_Bits_Circuits.md|Lessons/Grades_3-4_YearA/Week28_Pi_Day_Circles.md|Lessons/Grades_3-4_YearA/Week29-31_Environmental_STREAM.md|Lessons/Grades_3-4_YearA/Week33_Resurrection_Science.md|Lessons/Grades_3-4_YearA/Week34_STREAM_Expo.md|Lessons/Grades_3-4_YearB/Week01_Welcome_Scientists.md|Lessons/Grades_3-4_YearB/Week02-03_Flight_Fundamentals.md|Lessons/Grades_3-4_YearB/Week04-06_Paper_Airplane.md|Lessons/Grades_3-4_YearB/Week07-09_Architectural_Marvels.md|Lessons/Grades_3-4_YearB/Week10_Fall_Festival.md|Lessons/Grades_3-4_YearB/Week11_Thanksgiving_Gratitude.md|Lessons/Grades_3-4_YearB/Week12_Gifts_Others.md|Lessons/Grades_3-4_YearB/Week13_Advent_Preparation.md|Lessons/Grades_3-4_YearB/Week14-17_Marine_Science.md|Lessons/Grades_3-4_YearB/Week18_New_Year_Goals.md|Lessons/Grades_3-4_YearB/Week19-22_Game_Design.md|Lessons/Grades_3-4_YearB/Week23_Catholic_Schools.md|Lessons/Grades_3-4_YearB/Week24-27_Sustainable_City.md|Lessons/Grades_3-4_YearB/Week28_Pi_Day.md|Lessons/Grades_3-4_YearB/Week29-31_Weather_Station.md|Lessons/Grades_3-4_YearB/Week33_Easter_Engineering.md|Lessons/Grades_3-4_YearB/Week34_Showcase.md|Lessons/Grades_5-6_YearA/Week01_Welcome_to_CSTREAM.md|Lessons/Grades_5-6_YearA/Week04_Experimental_Design.md|Lessons/Grades_5-6_YearA/Week05-06_Structural_Engineering.md|Lessons/Grades_5-6_YearA/Week07-09_Social_Innovation.md|Lessons/Grades_5-6_YearA/Week10_Advanced_Bridges.md|Lessons/Grades_5-6_YearA/Week11_Gratitude_Coding.md|Lessons/Grades_5-6_YearA/Week12_Giving_Making.md|Lessons/Grades_5-6_YearA/Week13_Fall_Showcase.md|Lessons/Grades_5-6_YearA/Week14-15_Optics_Light.md|Lessons/Grades_5-6_YearA/Week16_Astronomy.md|Lessons/Grades_5-6_YearA/Week18_Goal_Engineering.md|Lessons/Grades_5-6_YearA/Week19-22_Passion_Projects.md|Lessons/Grades_5-6_YearA/Week23_Catholic_Schools_Week.md|Lessons/Grades_5-6_YearA/Week24-25_Advanced_Scratch.md|Lessons/Grades_5-6_YearA/Week28_Pi_Day.md|Lessons/Grades_5-6_YearA/Week33_Easter_Engineering.md|Lessons/Grades_5-6_YearA/Week34_STREAM_Expo.md|Lessons/Grades_5-6_YearB/Week01_Welcome_Innovators.md|Lessons/Grades_5-6_YearB/Week11_Thanksgiving_Data.md|Lessons/Grades_5-6_YearB/Week12_Gifts_Service.md|Lessons/Grades_5-6_YearB/Week13_Advent_Technology.md|Lessons/Grades_5-6_YearB/Week19_New_Year_Vision.md|Lessons/Grades_5-6_YearB/Week20-23_Social_Entrepreneurship.md|Lessons/Grades_5-6_YearB/Week24_Catholic_Schools.md|Lessons/Grades_5-6_YearB/Week25-28_Health_Technology.md|Lessons/Grades_5-6_YearB/Week29-31_Environmental_Monitoring.md|Lessons/Grades_5-6_YearB/Week33_Easter_Hope.md|Lessons/Grades_5-6_YearB/Week34_Exhibition.md|Lessons/Kindergarten/Week01_Welcome_to_CSTREAM.md|Lessons/Kindergarten/Week02-03_Sphero_Movement.md|Lessons/Kindergarten/Week04_Wonder_Walk.md|Lessons/Kindergarten/Week05-06_KEVA_Building.md|Lessons/Kindergarten/Week07-09_Engineering_Helpers.md|Lessons/Kindergarten/Week10_Bridges_Connect_Us.md|Lessons/Kindergarten/Week11_Coding_Thankfulness.md|Lessons/Kindergarten/Week12_Making_Gifts.md|Lessons/Kindergarten/Week13_Fall_Celebration.md|Lessons/Kindergarten/Week14-15_Light_All_Around.md|Lessons/Kindergarten/Week16_Star_of_Wonder.md|Lessons/Kindergarten/Week18_New_Year_Goals.md|Lessons/Kindergarten/Week19-22_Exploration_Stations.md|Lessons/Kindergarten/Week23_Catholic_Schools_Week.md|Lessons/Kindergarten/Week24-25_Dash_Robot_Friends.md|Lessons/Kindergarten/Week26-27_Helping_Hands.md|Lessons/Kindergarten/Week28_Circles_and_Pi.md|Lessons/Kindergarten/Week29-31_Growing_Things.md|Lessons/Kindergarten/Week33_New_Life_Engineering.md|Lessons/Kindergarten/Week34_Year_Celebration.md","PLANNED DOCUMENT USE - NOT OBSERVED USE OR VERIFIED STOCK"
"COLLECT","physical_inventory","Teacher water collection container","K","2","2","Lessons/Bi-Weekly/Kindergarten/Session08_Winter_Science.md|Lessons/Bi-Weekly/Kindergarten/Session16_Water_Wonder.md","PLANNED DOCUMENT USE - NOT OBSERVED USE OR VERIFIED STOCK"
"DISPENSE","physical_inventory","Teacher water dispensing jug","3-4","2","2","Lessons/Bi-Weekly/Grades_3-4_YearA/Session12_Plants_Growth.md|Lessons/Grades_3-4_YearB/Week29-31_Weather_Station.md","PLANNED DOCUMENT USE - NOT OBSERVED USE OR VERIFIED STOCK"
"ROCK","physical_inventory","Teacher-inspected blunt rock samples","1-2|3-4","3","3","Lessons/Bi-Weekly/Grades_1-2_YearA/Session05_Nature_Exploration.md|Lessons/Bi-Weekly/Grades_3-4_YearB/Session10_Geology_Rocks.md|Lessons/Grades_1-2_YearA/Week04_Wonder_Walk.md","PLANNED DOCUMENT USE - NOT OBSERVED USE OR VERIFIED STOCK"
"TONG","physical_inventory","Teacher-only sample tongs","K","1","1","Lessons/Bi-Weekly/Kindergarten/Session08_Winter_Science.md","PLANNED DOCUMENT USE - NOT OBSERVED USE OR VERIFIED STOCK"
"ICE","physical_inventory","Teacher-prepared ice sample","1-2|5-6|K","3","3","Lessons/Bi-Weekly/Kindergarten/Session08_Winter_Science.md|Lessons/Grades_1-2_YearB/Week16_Winter_Wonders.md|Lessons/Grades_5-6_YearA/Week33_Easter_Engineering.md","PLANNED DOCUMENT USE - NOT OBSERVED USE OR VERIFIED STOCK"
"TRAY","physical_inventory","Team sorting tray","1-2|3-4|5-6|K","105","105","Lessons/Bi-Weekly/Grades_1-2_YearA/Session01_Wonder_Engineers.md|Lessons/Bi-Weekly/Grades_1-2_YearA/Session02_Gods_Patterns.md|Lessons/Bi-Weekly/Grades_1-2_YearA/Session05_Nature_Exploration.md|Lessons/Bi-Weekly/Grades_1-2_YearA/Session06_Thanksgiving_Service.md|Lessons/Bi-Weekly/Grades_1-2_YearA/Session07_Light_in_Darkness.md|Lessons/Bi-Weekly/Grades_1-2_YearA/Session08_Coding_Basics.md|Lessons/Bi-Weekly/Grades_1-2_YearA/Session09_Catholic_Inventors.md|Lessons/Bi-Weekly/Grades_1-2_YearA/Session10_Weather_Watchers.md|Lessons/Bi-Weekly/Grades_1-2_YearA/Session11_Lenten_Engineers.md|Lessons/Bi-Weekly/Grades_1-2_YearA/Session12_Life_Cycles.md|Lessons/Bi-Weekly/Grades_1-2_YearA/Session13_Easter_Innovation.md|Lessons/Bi-Weekly/Grades_1-2_YearA/Session14_Sound_Engineering.md|Lessons/Bi-Weekly/Grades_1-2_YearA/Session15_Robot_Challenge.md|Lessons/Bi-Weekly/Grades_1-2_YearA/Session16_Community_Helpers.md|Lessons/Bi-Weekly/Grades_1-2_YearA/Session17_Exhibition.md|Lessons/Bi-Weekly/Grades_1-2_YearB/Session01_Design_Detectives.md|Lessons/Bi-Weekly/Grades_1-2_YearB/Session02_Tower_Power.md|Lessons/Bi-Weekly/Grades_1-2_YearB/Session04_Animal_Adaptations.md|Lessons/Bi-Weekly/Grades_1-2_YearB/Session05_Garden_Engineers.md|Lessons/Bi-Weekly/Grades_1-2_YearB/Session06_Gratitude_Gifts.md|Lessons/Bi-Weekly/Grades_1-2_YearB/Session07_Star_Makers.md|Lessons/Bi-Weekly/Grades_1-2_YearB/Session08_Digital_Art.md|Lessons/Bi-Weekly/Grades_1-2_YearB/Session09_Faith_Scientists.md|Lessons/Bi-Weekly/Grades_1-2_YearB/Session10_Magnets_Motion.md|Lessons/Bi-Weekly/Grades_1-2_YearB/Session11_Lenten_Love.md|Lessons/Bi-Weekly/Grades_1-2_YearB/Session12_Butterfly_Wonder.md|Lessons/Bi-Weekly/Grades_1-2_YearB/Session13_Easter_Joy.md|Lessons/Bi-Weekly/Grades_1-2_YearB/Session14_Sphero_Challenge.md|Lessons/Bi-Weekly/Grades_1-2_YearB/Session15_Simple_Machines.md|Lessons/Bi-Weekly/Grades_1-2_YearB/Session16_Earth_Care.md|Lessons/Bi-Weekly/Grades_1-2_YearB/Session17_Celebration.md|Lessons/Bi-Weekly/Grades_3-4_YearA/Session03_Bridge_Engineering.md|Lessons/Bi-Weekly/Grades_3-4_YearA/Session07_Light_Circuits.md|Lessons/Bi-Weekly/Grades_3-4_YearA/Session10_Weather_Science.md|Lessons/Bi-Weekly/Grades_3-4_YearA/Session16_Little_Bits.md|Lessons/Bi-Weekly/Grades_3-4_YearB/Session02_Ozobot_Coding.md|Lessons/Bi-Weekly/Grades_3-4_YearB/Session07_Christmas_Circuits.md|Lessons/Bi-Weekly/Grades_3-4_YearB/Session14_Ozobot_Challenge.md|Lessons/Bi-Weekly/Grades_3-4_YearB/Session15_Compound_Machines.md|Lessons/Bi-Weekly/Grades_5-6_YearA/Session02_Sphero_Advanced.md|Lessons/Bi-Weekly/Grades_5-6_YearA/Session03_Structural_Engineering.md|Lessons/Bi-Weekly/Grades_5-6_YearA/Session15_Physics_Motion.md|Lessons/Bi-Weekly/Grades_5-6_YearB/Session02_Sphero_Sensors.md|Lessons/Bi-Weekly/Grades_5-6_YearB/Session15_Energy_Science.md|Lessons/Bi-Weekly/Kindergarten/Session03_Building_Basics.md|Lessons/Bi-Weekly/Kindergarten/Session05_Simple_Machines.md|Lessons/Bi-Weekly/Kindergarten/Session08_Winter_Science.md|Lessons/Bi-Weekly/Kindergarten/Session16_Water_Wonder.md|Lessons/Grades_1-2_YearA/Week01_Welcome_to_CSTREAM.md|Lessons/Grades_1-2_YearA/Week05-06_KEVA_Engineering.md|Lessons/Grades_1-2_YearA/Week07-09_Engineering_for_Others.md|Lessons/Grades_1-2_YearA/Week10_Strong_Bridges.md|Lessons/Grades_1-2_YearA/Week11_Thankful_Coding.md|Lessons/Grades_1-2_YearA/Week12_Making_Gifts.md|Lessons/Grades_1-2_YearA/Week13_Fall_Celebration.md|Lessons/Grades_1-2_YearA/Week14-15_Light_Explorations.md|Lessons/Grades_1-2_YearA/Week16_Star_of_Wonder.md|Lessons/Grades_1-2_YearA/Week18_New_Year_Goals.md|Lessons/Grades_1-2_YearA/Week19-22_Exploration_Stations.md|Lessons/Grades_1-2_YearA/Week23_Catholic_Schools_Week.md|Lessons/Grades_1-2_YearA/Week24-25_Dash_Robot_Adventures.md|Lessons/Grades_1-2_YearA/Week26-27_Helping_Hands_Design.md|Lessons/Grades_1-2_YearA/Week29-31_Growing_Things.md|Lessons/Grades_1-2_YearA/Week33_New_Life_Engineering.md|Lessons/Grades_1-2_YearA/Week34_Year_Celebration.md|Lessons/Grades_1-2_YearB/Week01_Welcome_Scientists.md|Lessons/Grades_1-2_YearB/Week05-06_Tower_Engineering.md|Lessons/Grades_1-2_YearB/Week07-09_Animal_Habitats.md|Lessons/Grades_1-2_YearB/Week11_Thanksgiving_Coding.md|Lessons/Grades_1-2_YearB/Week12_Gifts_Others.md|Lessons/Grades_1-2_YearB/Week13_Fall_Festival.md|Lessons/Grades_1-2_YearB/Week14-15_Stars_Light.md|Lessons/Grades_1-2_YearB/Week16_Winter_Wonders.md|Lessons/Grades_1-2_YearB/Week18_Growth_Goals.md|Lessons/Grades_1-2_YearB/Week19-22_Invention_Labs.md|Lessons/Grades_1-2_YearB/Week23_Catholic_Schools.md|Lessons/Grades_1-2_YearB/Week24-25_Friendship_Machines.md|Lessons/Grades_1-2_YearB/Week26-27_Garden_Engineering.md|Lessons/Grades_1-2_YearB/Week28_Math_Games.md|Lessons/Grades_1-2_YearB/Week29-31_Butterfly_Engineering.md|Lessons/Grades_1-2_YearB/Week33_New_Life.md|Lessons/Grades_1-2_YearB/Week34_Showcase.md|Lessons/Grades_3-4_YearA/Week04_Scientific_Method.md|Lessons/Grades_3-4_YearA/Week05-06_KEVA_Challenges.md|Lessons/Grades_3-4_YearA/Week10_Bridge_Engineering.md|Lessons/Grades_3-4_YearA/Week14-15_Light_Science_Advent.md|Lessons/Grades_3-4_YearA/Week26-27_Little_Bits_Circuits.md|Lessons/Grades_3-4_YearA/Week29-31_Environmental_STREAM.md|Lessons/Grades_3-4_YearB/Week02-03_Flight_Fundamentals.md|Lessons/Grades_3-4_YearB/Week14-17_Marine_Science.md|Lessons/Grades_3-4_YearB/Week29-31_Weather_Station.md|Lessons/Grades_5-6_YearA/Week04_Experimental_Design.md|Lessons/Grades_5-6_YearA/Week05-06_Structural_Engineering.md|Lessons/Grades_5-6_YearA/Week10_Advanced_Bridges.md|Lessons/Grades_5-6_YearA/Week14-15_Optics_Light.md|Lessons/Grades_5-6_YearA/Week19-22_Passion_Projects.md|Lessons/Grades_5-6_YearA/Week26-27_Little_Bits.md|Lessons/Grades_5-6_YearA/Week33_Easter_Engineering.md|Lessons/Grades_5-6_YearB/Week08-10_Biomimicry.md|Lessons/Kindergarten/Week04_Wonder_Walk.md|Lessons/Kindergarten/Week05-06_KEVA_Building.md|Lessons/Kindergarten/Week07-09_Engineering_Helpers.md|Lessons/Kindergarten/Week10_Bridges_Connect_Us.md|Lessons/Kindergarten/Week19-22_Exploration_Stations.md|Lessons/Kindergarten/Week26-27_Helping_Hands.md","PLANNED DOCUMENT USE - NOT OBSERVED USE OR VERIFIED STOCK"
"TISSUE","physical_inventory","Tissue paper","3-4|K","4","4","Lessons/Grades_3-4_YearA/Week14-15_Light_Science_Advent.md|Lessons/Grades_3-4_YearB/Week13_Advent_Preparation.md|Lessons/Grades_3-4_YearB/Week29-31_Weather_Station.md|Lessons/Kindergarten/Week14-15_Light_All_Around.md","PLANNED DOCUMENT USE - NOT OBSERVED USE OR VERIFIED STOCK"
"CUPLID","physical_inventory","Transparent observation cup with lid","K","2","2","Lessons/Bi-Weekly/Kindergarten/Session11_Growing_Things.md|Lessons/Kindergarten/Week29-31_Growing_Things.md","PLANNED DOCUMENT USE - NOT OBSERVED USE OR VERIFIED STOCK"
"OPTICSCUP","physical_inventory","Transparent plastic optics cup","5-6","1","1","Lessons/Grades_5-6_YearA/Week14-15_Optics_Light.md","PLANNED DOCUMENT USE - NOT OBSERVED USE OR VERIFIED STOCK"
"SEED","physical_inventory","Untreated bean seeds","1-2|3-4|K","7","7","Lessons/Bi-Weekly/Grades_1-2_YearB/Session05_Garden_Engineers.md|Lessons/Bi-Weekly/Grades_3-4_YearA/Session12_Plants_Growth.md|Lessons/Bi-Weekly/Kindergarten/Session11_Growing_Things.md|Lessons/Grades_1-2_YearA/Week29-31_Growing_Things.md|Lessons/Grades_1-2_YearB/Week26-27_Garden_Engineering.md|Lessons/Grades_3-4_YearA/Week33_Resurrection_Science.md|Lessons/Kindergarten/Week29-31_Growing_Things.md","PLANNED DOCUMENT USE - NOT OBSERVED USE OR VERIFIED STOCK"
"INPUT","physical_inventory","USB input controller kit","3-4","1","1","Lessons/Bi-Weekly/Grades_3-4_YearB/Session16_Makey_Makey.md","PLANNED DOCUMENT USE - NOT OBSERVED USE OR VERIFIED STOCK"
"KEVA","physical_inventory","Wooden building planks","1-2|3-4","9","9","Lessons/Bi-Weekly/Grades_1-2_YearA/Session01_Wonder_Engineers.md|Lessons/Bi-Weekly/Grades_1-2_YearB/Session02_Tower_Power.md|Lessons/Bi-Weekly/Grades_3-4_YearA/Session03_Bridge_Engineering.md|Lessons/Bi-Weekly/Grades_3-4_YearB/Session03_Tower_Challenge.md|Lessons/Grades_1-2_YearA/Week05-06_KEVA_Engineering.md|Lessons/Grades_1-2_YearA/Week10_Strong_Bridges.md|Lessons/Grades_1-2_YearA/Week19-22_Exploration_Stations.md|Lessons/Grades_1-2_YearB/Week05-06_Tower_Engineering.md|Lessons/Grades_3-4_YearA/Week05-06_KEVA_Challenges.md","PLANNED DOCUMENT USE - NOT OBSERVED USE OR VERIFIED STOCK"
"STICK","physical_inventory","Wooden craft sticks","1-2|K","5","5","Lessons/Bi-Weekly/Grades_1-2_YearB/Session15_Simple_Machines.md|Lessons/Grades_1-2_YearA/Week07-09_Engineering_for_Others.md|Lessons/Grades_1-2_YearB/Week19-22_Invention_Labs.md|Lessons/Kindergarten/Week07-09_Engineering_Helpers.md|Lessons/Kindergarten/Week26-27_Helping_Hands.md","PLANNED DOCUMENT USE - NOT OBSERVED USE OR VERIFIED STOCK"
"STOCK:OHM-135","reported_stock","Snap Circuits STEM Classroom Activity Kit - individual student activity kit","3-4|5-6","4","4","Lessons/Bi-Weekly/Grades_3-4_YearA/Session07_Light_Circuits.md|Lessons/Bi-Weekly/Grades_3-4_YearB/Session07_Christmas_Circuits.md|Lessons/Grades_3-4_YearA/Week26-27_Little_Bits_Circuits.md|Lessons/Grades_5-6_YearA/Week26-27_Little_Bits.md","PLANNED DOCUMENT USE - NOT OBSERVED USE OR VERIFIED STOCK"
"RESOURCE:SCRATCHMUSIC","software_extension","Access: Scratch Music extension","3-4","1","1","Lessons/Bi-Weekly/Grades_3-4_YearB/Session16_Makey_Makey.md","PLANNED DOCUMENT USE - NOT OBSERVED USE OR VERIFIED STOCK"
"RESOURCE:APPROVEDSOURCE","source_text","Prepared resource: approved source text","3-4|5-6","8","8","Lessons/Bi-Weekly/Grades_3-4_YearA/Session04_Animal_Habitats.md|Lessons/Bi-Weekly/Grades_3-4_YearA/Session09_Catholic_Scientists.md|Lessons/Bi-Weekly/Grades_3-4_YearA/Session12_Plants_Growth.md|Lessons/Bi-Weekly/Grades_3-4_YearA/Session16_Little_Bits.md|Lessons/Bi-Weekly/Grades_3-4_YearB/Session09_Faith_Science.md|Lessons/Bi-Weekly/Grades_5-6_YearA/Session09_Catholic_Scientists.md|Lessons/Bi-Weekly/Grades_5-6_YearB/Session09_Science_Faith.md|Lessons/Grades_3-4_YearA/Week23_Catholic_Schools_Week.md","PLANNED DOCUMENT USE - NOT OBSERVED USE OR VERIFIED STOCK"
"RESOURCE:SILHOUETTE","teacher_prepared","Prepared resource: large paper silhouette","1-2","1","1","Lessons/Bi-Weekly/Grades_1-2_YearB/Session04_Animal_Adaptations.md","PLANNED DOCUMENT USE - NOT OBSERVED USE OR VERIFIED STOCK"
"RESOURCE:PAPERBALL","teacher_prepared","Prepared resource: large plain-paper ball","1-2","2","2","Lessons/Grades_1-2_YearA/Week07-09_Engineering_for_Others.md|Lessons/Grades_1-2_YearB/Week19-22_Invention_Labs.md","PLANNED DOCUMENT USE - NOT OBSERVED USE OR VERIFIED STOCK"
"RESOURCE:MEASURESTRIP","teacher_prepared","Prepared resource: lesson measuring strip","1-2","1","1","Lessons/Grades_1-2_YearA/Week02-03_Sphero_Coding.md","PLANNED DOCUMENT USE - NOT OBSERVED USE OR VERIFIED STOCK"
"RESOURCE:PATTERNSHAPE","teacher_prepared","Prepared resource: lesson pattern shape","1-2","2","2","Lessons/Bi-Weekly/Grades_1-2_YearA/Session02_Gods_Patterns.md|Lessons/Grades_1-2_YearA/Week19-22_Exploration_Stations.md","PLANNED DOCUMENT USE - NOT OBSERVED USE OR VERIFIED STOCK"
"RESOURCE:CLASSCARDS","teacher_prepared","Prepared resource: lesson-specific cards","3-4|5-6","18","18","Lessons/Bi-Weekly/Grades_3-4_YearA/Session02_Dash_Code.md|Lessons/Bi-Weekly/Grades_3-4_YearA/Session04_Animal_Habitats.md|Lessons/Bi-Weekly/Grades_3-4_YearA/Session07_Light_Circuits.md|Lessons/Bi-Weekly/Grades_3-4_YearA/Session09_Catholic_Scientists.md|Lessons/Bi-Weekly/Grades_3-4_YearA/Session12_Plants_Growth.md|Lessons/Bi-Weekly/Grades_3-4_YearB/Session02_Ozobot_Coding.md|Lessons/Bi-Weekly/Grades_3-4_YearB/Session04_Ecosystems.md|Lessons/Bi-Weekly/Grades_3-4_YearB/Session07_Christmas_Circuits.md|Lessons/Bi-Weekly/Grades_3-4_YearB/Session09_Faith_Science.md|Lessons/Bi-Weekly/Grades_3-4_YearB/Session10_Geology_Rocks.md|Lessons/Bi-Weekly/Grades_5-6_YearA/Session09_Catholic_Scientists.md|Lessons/Bi-Weekly/Grades_5-6_YearB/Session09_Science_Faith.md|Lessons/Grades_3-4_YearA/Week02-03_Sphero_Advanced.md|Lessons/Grades_3-4_YearA/Week23_Catholic_Schools_Week.md|Lessons/Grades_3-4_YearA/Week26-27_Little_Bits_Circuits.md|Lessons/Grades_3-4_YearB/Week02-03_Flight_Fundamentals.md|Lessons/Grades_3-4_YearB/Week19-22_Game_Design.md|Lessons/Grades_3-4_YearB/Week29-31_Weather_Station.md","PLANNED DOCUMENT USE - NOT OBSERVED USE OR VERIFIED STOCK"
"RESOURCE:SORTCARD","teacher_prepared","Prepared resource: material sorting card","1-2","1","1","Lessons/Bi-Weekly/Grades_1-2_YearB/Session16_Earth_Care.md","PLANNED DOCUMENT USE - NOT OBSERVED USE OR VERIFIED STOCK"
"RESOURCE:PAPERLABEL","teacher_prepared","Prepared resource: paper identification labels","3-4","1","1","Lessons/Bi-Weekly/Grades_3-4_YearA/Session12_Plants_Growth.md","PLANNED DOCUMENT USE - NOT OBSERVED USE OR VERIFIED STOCK"
"RESOURCE:PLANTPICTURE","teacher_prepared","Prepared resource: plant observation picture","1-2","10","12","Lessons/Bi-Weekly/Grades_1-2_YearA/Session05_Nature_Exploration.md|Lessons/Bi-Weekly/Grades_1-2_YearA/Session09_Catholic_Inventors.md|Lessons/Bi-Weekly/Grades_1-2_YearB/Session05_Garden_Engineers.md|Lessons/Grades_1-2_YearA/Week01_Welcome_to_CSTREAM.md|Lessons/Grades_1-2_YearA/Week04_Wonder_Walk.md|Lessons/Grades_1-2_YearA/Week23_Catholic_Schools_Week.md|Lessons/Grades_1-2_YearA/Week33_New_Life_Engineering.md|Lessons/Grades_1-2_YearB/Week01_Welcome_Scientists.md|Lessons/Grades_1-2_YearB/Week26-27_Garden_Engineering.md|Lessons/Grades_1-2_YearB/Week33_New_Life.md","PLANNED DOCUMENT USE - NOT OBSERVED USE OR VERIFIED STOCK"
"RESOURCE:LIFECARD","teacher_prepared","Prepared resource: sourced life-stage or habitat card","1-2","4","4","Lessons/Bi-Weekly/Grades_1-2_YearA/Session12_Life_Cycles.md|Lessons/Bi-Weekly/Grades_1-2_YearB/Session12_Butterfly_Wonder.md|Lessons/Grades_1-2_YearB/Week07-09_Animal_Habitats.md|Lessons/Grades_1-2_YearB/Week29-31_Butterfly_Engineering.md","PLANNED DOCUMENT USE - NOT OBSERVED USE OR VERIFIED STOCK"
"RESOURCE:SKYPICTURE","teacher_prepared","Prepared resource: star or snow-pattern picture","1-2","4","4","Lessons/Bi-Weekly/Grades_1-2_YearB/Session07_Star_Makers.md|Lessons/Grades_1-2_YearA/Week16_Star_of_Wonder.md|Lessons/Grades_1-2_YearB/Week14-15_Stars_Light.md|Lessons/Grades_1-2_YearB/Week16_Winter_Wonders.md","PLANNED DOCUMENT USE - NOT OBSERVED USE OR VERIFIED STOCK"
