"local_standard","grade_band","schedule","rotation","unit","lesson_title","lesson_path","assessment_evidence","audit_status","revision","external_alignment"
"CST-A1","1-2","Bi-Weekly","A","Observation","Nature Exploration","Lessons/Bi-Weekly/Grades_1-2_YearA/Session05_Nature_Exploration.md","Grade 1: Represent two details, distinguish leaf from stone and count visible features once. Grade 2: Explain all three categories and a count comparison without claiming a picture proves current growth.","KEEP + IMPROVE","rebuilt","VERIFICATION REQUIRED"
"CST-A1","1-2","Bi-Weekly","A","Light","Light in Darkness","Lessons/Bi-Weekly/Grades_1-2_YearA/Session07_Light_in_Darkness.md","Grade 1: Identify source/blocker and show a shadow difference. Grade 2: Explain changed versus kept-same positions and distinguish observed result from classroom symbolism.","KEEP + IMPROVE","rebuilt","VERIFICATION REQUIRED"
"CST-A1","1-2","Bi-Weekly","A","Life cycles","Life Cycles","Lessons/Bi-Weekly/Grades_1-2_YearA/Session12_Life_Cycles.md","Grade 1: Order at least seed/sprout/plant/new seeds with the six-card support and identify one connection. Grade 2: Explain all six represented stages, repair an order error and interpret coverage without claiming real growth timing.","KEEP + IMPROVE","rebuilt","VERIFICATION REQUIRED"
"CST-A1","1-2","Bi-Weekly","B","Adaptations","Animal Adaptations","Lessons/Bi-Weekly/Grades_1-2_YearB/Session04_Animal_Adaptations.md","Grade 1: Count noticed silhouettes in two trials and show a model feature. Grade 2: Interpret the two records, name a kept-same viewing condition and distinguish model visibility from survival or inherited change.","KEEP + IMPROVE","rebuilt","VERIFICATION REQUIRED"
"CST-A1","1-2","Bi-Weekly","B","Growth","Garden Engineers","Lessons/Bi-Weekly/Grades_1-2_YearB/Session05_Garden_Engineers.md","Individual two needs light/access constraints and layout test/revision; planting does not prove same-day growth","REBUILD","rebuilt","VERIFICATION REQUIRED"
"CST-A1","1-2","Bi-Weekly","B","Life cycles","Butterfly Wonder","Lessons/Bi-Weekly/Grades_1-2_YearB/Session12_Butterfly_Wonder.md","Grade 1: Order four supported stages and identify the living pupa. Grade 2: Explain adult -> new eggs, interpret coverage records and distinguish represented stages from measured timing.","KEEP + IMPROVE","rebuilt","VERIFICATION REQUIRED"
"CST-A1","1-2","Weekly","A","Welcome","Welcome to C-STREAM","Lessons/Grades_1-2_YearA/Week01_Welcome_to_CSTREAM.md","Grade 1: Point to two represented details and ask one oral question; choose one concrete first step. Grade 2: Distinguish observation from prediction, ask a testable question and give a reason for a useful next step.","KEEP + IMPROVE","rebuilt","VERIFICATION REQUIRED"
"CST-A1","1-2","Weekly","A","Observation","Wonder Walk Scientists","Lessons/Grades_1-2_YearA/Week04_Wonder_Walk.md","Individual two details sketch one question category reason and protective action; no writing required for Grade 1","REBUILD","rebuilt","VERIFICATION REQUIRED"
"CST-A1","1-2","Weekly","A","Light","Light Explorations","Lessons/Grades_1-2_YearA/Week14-15_Light_Explorations.md","Grade 1: Show blocked light and identify source/mirror using observed results. Grade 2: Compare two shadow conditions, name a kept-same condition and trace source -> mirror -> screen without calling a symbol data.","KEEP + IMPROVE","rebuilt","VERIFICATION REQUIRED"
"CST-A1","1-2","Weekly","A","Light","Star of Wonder","Lessons/Grades_1-2_YearA/Week16_Star_of_Wonder.md","Grade 1: Count six dots and point to two position details matching the reference. Grade 2: Represent the arrangement accurately enough to compare and explain one real-sky/model difference.","KEEP + IMPROVE","rebuilt","VERIFICATION REQUIRED"
"CST-A1","1-2","Weekly","A","New life","New Life Engineering","Lessons/Grades_1-2_YearA/Week33_New_Life_Engineering.md","Grade 1: Show two observed details and a standing test/change. Grade 2: Explain a life-model limitation and a test-based design change without claiming growth from a picture.","KEEP + IMPROVE","rebuilt","VERIFICATION REQUIRED"
"CST-A1","1-2","Weekly","B","Observation","Welcome Back Scientists","Lessons/Grades_1-2_YearB/Week01_Welcome_Scientists.md","Grade 1: Show two observed details and ask one question. Grade 2: Ask a testable question and distinguish its prediction from an actual result.","KEEP + IMPROVE","rebuilt","VERIFICATION REQUIRED"
"CST-A1","1-2","Weekly","B","Observation","Senses and Discovery","Lessons/Grades_1-2_YearB/Week04_Senses_Discovery.md","Individual two details sketch comparison/property sort and inclusive method; Grade 2 two rules","REBUILD","rebuilt","VERIFICATION REQUIRED"
"CST-A1","1-2","Weekly","B","Habitats","Animal Habitats","Lessons/Grades_1-2_YearB/Week07-09_Animal_Habitats.md","Grade 1: Show food, water and shelter connections and count checklist features. Grade 2: Explain all four connections, compare before/after coverage and name a model limit without inventing species facts.","KEEP + IMPROVE","rebuilt","VERIFICATION REQUIRED"
"CST-A1","1-2","Weekly","B","Life cycles","Butterfly Engineering","Lessons/Grades_1-2_YearB/Week29-31_Butterfly_Engineering.md","Grade 1: Order four stages, identify the living pupa and show two matching wing features. Grade 2: Explain adult -> new eggs rather than adult -> caterpillar, interpret coverage checks and justify a purposeful visual revision/model limit.","KEEP + IMPROVE","rebuilt","VERIFICATION REQUIRED"
"CST-A1","1-2","Weekly","B","New life","New Life Celebration","Lessons/Grades_1-2_YearB/Week33_New_Life.md","Grade 1: Represent two visible features and compare their counts. Grade 2: Explain one seasonal-model relationship and an evidence limit without equating dormancy with death.","KEEP + IMPROVE","rebuilt","VERIFICATION REQUIRED"
"CST-A1","3-4","Bi-Weekly","A","Life science","Animal Habitats","Lessons/Bi-Weekly/Grades_3-4_YearA/Session04_Animal_Habitats.md","Individual: four needs, supported relationship, readable model and honest limit.","KEEP + IMPROVE","rebuilt","VERIFICATION REQUIRED"
"CST-A1","3-4","Bi-Weekly","A","Machines","Simple Machines","Lessons/Bi-Weekly/Grades_3-4_YearA/Session15_Simple_Machines.md","Individual: four arm lengths, correct labels/control and force-distance explanation without invented force data.","KEEP + IMPROVE","rebuilt","VERIFICATION REQUIRED"
"CST-A1","3-4","Bi-Weekly","B","Life systems","Ecosystems","Lessons/Bi-Weekly/Grades_3-4_YearB/Session04_Ecosystems.md","Individual: accurate roles/arrows, 5/2 table and honest system limitation.","KEEP + IMPROVE","rebuilt","VERIFICATION REQUIRED"
"CST-A1","3-4","Bi-Weekly","B","Faith and evidence","Faith and Science","Lessons/Bi-Weekly/Grades_3-4_YearB/Session09_Faith_Science.md","Individual: accurate source/claim, four readings/annotations and explicit model/ belief distinction.","KEEP + IMPROVE","rebuilt","VERIFICATION REQUIRED"
"CST-A1","3-4","Bi-Weekly","B","Earth systems","Geology Rocks","Lessons/Bi-Weekly/Grades_3-4_YearB/Session10_Geology_Rocks.md","Individual: observed detail/measurement, intelligible diagram and justified uncertain classification.","KEEP + IMPROVE","rebuilt","VERIFICATION REQUIRED"
"CST-A1","3-4","Bi-Weekly","B","Life systems","Life Cycles","Lessons/Bi-Weekly/Grades_3-4_YearB/Session12_Life_Cycles.md","Individual: two ordered diagrams, accurate pupa/no-pupa comparison/generation link and faith distinction.","KEEP + IMPROVE","rebuilt","VERIFICATION REQUIRED"
"CST-A1","3-4","Bi-Weekly","B","Machines","Compound Machines","Lessons/Bi-Weekly/Grades_3-4_YearB/Session15_Compound_Machines.md","Individual: two correct functions, criterion/actual retest and labeled interaction/ work-care choice.","KEEP + IMPROVE","rebuilt","VERIFICATION REQUIRED"
"CST-A1","3-4","Weekly","A","Astronomy","Astronomy and the Star","Lessons/Grades_3-4_YearA/Week16_Astronomy_Star.md","Individual: three cm readings, two intelligible views, one model limitation and correct claim distinction (C1/S3/A1/M1).","KEEP + IMPROVE","rebuilt","VERIFICATION REQUIRED"
"CST-A1","3-4","Weekly","A","Life science","Resurrection and New Life Science","Lessons/Grades_3-4_YearA/Week33_Resurrection_Science.md","Individual: visible detail, ordered living stages/generation link, labeled visual revision and science/faith distinction.","KEEP + IMPROVE","rebuilt","VERIFICATION REQUIRED"
"CST-A1","3-4","Weekly","B","Foundations","Welcome Back Scientists","Lessons/Grades_3-4_YearB/Week01_Welcome_Scientists.md","Individual: three verifiable details, testable question and faithful visual revision.","KEEP + IMPROVE","rebuilt","VERIFICATION REQUIRED"
"CST-A1","3-4","Weekly","B","Structures","Architectural Marvels","Lessons/Grades_3-4_YearB/Week07-09_Architectural_Marvels.md","Individual: three understandable views, criteria/limits, actual retest and purposeful welcome/form explanation.","KEEP + IMPROVE","rebuilt","VERIFICATION REQUIRED"
"CST-A1","3-4","Weekly","B","Stewardship design","Sustainable City","Lessons/Grades_3-4_YearB/Week24-27_Sustainable_City.md","Individual: correct twenty-token budget, labeled model, real route retest and stewardship tradeoff.","KEEP + IMPROVE","rebuilt","VERIFICATION REQUIRED"
"CST-A1","5-6","Bi-Weekly","A","Life Science","Body Systems","Lessons/Bi-Weekly/Grades_5-6_YearA/Session04_Body_Systems.md","Individual five-part directed loop and four chambers/functions and blood-color/model limit and dignity","KEEP + IMPROVE","rebuilt","VERIFICATION REQUIRED"
"CST-A1","5-6","Bi-Weekly","A","Life Science","Life Science","Lessons/Bi-Weekly/Grades_5-6_YearA/Session12_Life_Science.md","Individual four shared cell labels and 7 of 8 corrected DNA pairs and accurate exception/model/faith limit","REBUILD","rebuilt","VERIFICATION REQUIRED"
"CST-A1","5-6","Bi-Weekly","B","Life Science","Ecosystems","Lessons/Bi-Weekly/Grades_5-6_YearB/Session12_Ecosystems.md","Individual four food-to-consumer arrows and bounded perturbation/model limit and 6/10 versus 4/10 habitat tradeoff","KEEP + IMPROVE","rebuilt","VERIFICATION REQUIRED"
"CST-A1","5-6","Weekly","A","Physical Science","Optics and Light","Lessons/Grades_5-6_YearA/Week14-15_Optics_Light.md","Individual process distinction and three-segment ray path and observed tool turn/repair and model limit","KEEP + IMPROVE","rebuilt","VERIFICATION REQUIRED"
"CST-A1","5-6","Weekly","B","Life Science","Biotechnology","Lessons/Grades_5-6_YearB/Week02-04_Biotechnology.md","Individual five cell labels and 7 of 8 complementary letters and model limit and ethics safeguard","REBUILD","rebuilt","VERIFICATION REQUIRED"
"CST-A1","5-6","Weekly","B","Design","Biomimicry","Lessons/Grades_5-6_YearB/Week08-10_Biomimicry.md","Individual three sketch labels and two safe loads and model limit and peer-tested visual revision","KEEP + IMPROVE","rebuilt","VERIFICATION REQUIRED"
"CST-A1","K","Bi-Weekly","Single","Welcome","Welcome to Wonder","Lessons/Bi-Weekly/Kindergarten/Session01_Welcome_Wonder.md","Each child shows an observed detail and question through a representation and demonstrates shared-material care.","KEEP + IMPROVE","rebuilt","VERIFICATION REQUIRED"
"CST-A1","K","Bi-Weekly","Single","Light","Colors and Light","Lessons/Bi-Weekly/Kindergarten/Session04_Colors_Light.md","Each child predicts and reports an actual shadow comparison and changed or kept-same conditions with light input/output.","KEEP + IMPROVE","rebuilt","VERIFICATION REQUIRED"
"CST-A1","K","Bi-Weekly","Single","Water changes","Winter Science","Lessons/Bi-Weekly/Kindergarten/Session08_Winter_Science.md","Each child identifies solid/liquid and actual before/after change or no change using their cup or labeled earlier sample.","REBUILD","rebuilt","VERIFICATION REQUIRED"
"CST-A1","K","Bi-Weekly","Single","Plant observation","Growing Things","Lessons/Bi-Weekly/Kindergarten/Session11_Growing_Things.md","Each child identifies actual seed detail versus predicted change and chooses appropriate care; model-only evidence labeled if live seed unavailable.","REBUILD","rebuilt","VERIFICATION REQUIRED"
"CST-A1","K","Bi-Weekly","Single","Habitats","Animal Homes","Lessons/Bi-Weekly/Kindergarten/Session12_Animal_Homes.md","Each child identifies food and water and shelter and space with a model criterion and limitation and a care action.","KEEP + IMPROVE","rebuilt","VERIFICATION REQUIRED"
"CST-A1","K","Bi-Weekly","Single","Life cycles","Easter New Life","Lessons/Bi-Weekly/Kindergarten/Session13_Easter_New_Life.md","Each child orders four living stages and communicates a model limit; biology is distinct from Resurrection teaching.","REBUILD","rebuilt","VERIFICATION REQUIRED"
"CST-A1","K","Weekly","Single","Observation","Wonder Walk","Lessons/Kindergarten/Week04_Wonder_Walk.md","Each child shows two actual observed details and poses/selects one question; records stewardship action; no drawing-quality grade.","REBUILD","rebuilt","VERIFICATION REQUIRED"
"CST-A1","K","Weekly","Single","Service design","Engineering Helpers","Lessons/Kindergarten/Week07-09_Engineering_Helpers.md","Each child states the two-cup criterion and compares actual same-path results after one change with a plan drawing.","REBUILD","rebuilt","VERIFICATION REQUIRED"
"CST-A1","K","Weekly","Single","Stars","Star of Wonder","Lessons/Kindergarten/Week16_Star_of_Wonder.md","Each child counts three to five model dots and distinguishes the drawing from real light-producing stars.","KEEP + IMPROVE","rebuilt","VERIFICATION REQUIRED"
"CST-A1","K","Weekly","Single","Service design","Helping Hands Engineering","Lessons/Kindergarten/Week26-27_Helping_Hands.md","Each child states the requested book-standing and picture-visibility criteria and compares two tests with a plan and tradeoff reason.","KEEP + IMPROVE","rebuilt","VERIFICATION REQUIRED"
"CST-A1","K","Weekly","Single","Plant observation","Growing Things","Lessons/Kindergarten/Week29-31_Growing_Things.md","Each child records actual detail; compares dated views including no change; counts visible features and chooses justified care action; plant success not grade.","REBUILD","rebuilt","VERIFICATION REQUIRED"
"CST-A1","K","Weekly","Single","Life cycles","New Life Engineering","Lessons/Kindergarten/Week33_New_Life_Engineering.md","Each child orders four living-insect stages and explains a model limit without equating metamorphosis and Resurrection.","REBUILD","rebuilt","VERIFICATION REQUIRED"
"CST-A2","1-2","Bi-Weekly","A","Patterns","Gods Patterns","Lessons/Bi-Weekly/Grades_1-2_YearA/Session02_Gods_Patterns.md","Grade 1: Identify AB, extend by two elements and explain one purposeful choice. Grade 2: Identify ABB/AAB, repair an error and explain the prediction using the unit.","KEEP + IMPROVE","rebuilt","VERIFICATION REQUIRED"
"CST-A2","1-2","Bi-Weekly","A","Sound","Sound Engineering","Lessons/Bi-Weekly/Grades_1-2_YearA/Session14_Sound_Engineering.md","Grade 1: Compare high/low outcomes and compose/repeat a four-beat phrase. Grade 2: Name the changed length and kept-same material, distinguish pitch/volume and explain an instrument/rhythm revision.","KEEP + IMPROVE","rebuilt","VERIFICATION REQUIRED"
"CST-A2","1-2","Bi-Weekly","B","Light","Star Makers","Lessons/Bi-Weekly/Grades_1-2_YearB/Session07_Star_Makers.md","Grade 1: Count six dots, show two matching positions and explain a visible design choice. Grade 2: Interpret the six-feature checklist and explain why folded paper does not show real stellar distances or emit light.","KEEP + IMPROVE","rebuilt","VERIFICATION REQUIRED"
"CST-A2","1-2","Bi-Weekly","B","New life","Easter Joy","Lessons/Bi-Weekly/Grades_1-2_YearB/Session13_Easter_Joy.md","Grade 1: Compose/repeat four positions and identify a purposeful beat/rest choice. Grade 2: Represent the repeated unit, predict its next four positions and explain a musical/gesture revision for audience meaning.","KEEP + IMPROVE","rebuilt","VERIFICATION REQUIRED"
"CST-A2","1-2","Weekly","A","Stations","STREAM Exploration Stations","Lessons/Grades_1-2_YearA/Week19-22_Exploration_Stations.md","Individual structure test/change symmetry check pattern repair and same-unit object comparison over four meetings","REBUILD","rebuilt","VERIFICATION REQUIRED"
"CST-A2","1-2","Weekly","A","Mathematics","Pi Day Circles","Lessons/Grades_1-2_YearA/Week28_Pi_Day_Circles.md","Individual same-endpoint boundary comparison two measured attempts pattern unit/next item and uncertainty","REBUILD","rebuilt","VERIFICATION REQUIRED"
"CST-A2","1-2","Weekly","B","Light","Stars and Light","Lessons/Grades_1-2_YearB/Week14-15_Stars_Light.md","Grade 1: Count the pattern and individually switch a complete protected path ON/OFF, identifying output. Grade 2: Explain the open-versus-closed path result, safe connection procedure and star-model limitation; justify an artistic contrast choice.","KEEP + IMPROVE","rebuilt","VERIFICATION REQUIRED"
"CST-A2","1-2","Weekly","B","Winter","Winter Wonders","Lessons/Grades_1-2_YearB/Week16_Winter_Wonders.md","Individual ice before/after record two matching features and model limitation; no-melt reported honestly","REBUILD","rebuilt","VERIFICATION REQUIRED"
"CST-A2","1-2","Weekly","B","Life cycles","Butterfly Engineering","Lessons/Grades_1-2_YearB/Week29-31_Butterfly_Engineering.md","Grade 1: Order four stages, identify the living pupa and show two matching wing features. Grade 2: Explain adult -> new eggs rather than adult -> caterpillar, interpret coverage checks and justify a purposeful visual revision/model limit.","KEEP + IMPROVE","rebuilt","VERIFICATION REQUIRED"
"CST-A2","3-4","Bi-Weekly","B","Foundations","Design Thinking","Lessons/Bi-Weekly/Grades_3-4_YearB/Session01_Design_Thinking.md","Individual: user-centered statement, actual retests and justified visual choice.","KEEP + IMPROVE","rebuilt","VERIFICATION REQUIRED"
"CST-A2","3-4","Bi-Weekly","B","Gratitude design","Thanksgiving Design","Lessons/Bi-Weekly/Grades_3-4_YearB/Session06_Thanksgiving_Design.md","Individual: function/reader results and deliberate form revision, not emotional enthusiasm.","KEEP + IMPROVE","rebuilt","VERIFICATION REQUIRED"
"CST-A2","3-4","Bi-Weekly","B","Faith communication","Easter Creation","Lessons/Bi-Weekly/Grades_3-4_YearB/Session13_Easter_Creation.md","Individual: purposeful composition, explicit criterion/test record and critique- backed revision, not enthusiasm.","KEEP + IMPROVE","rebuilt","VERIFICATION REQUIRED"
"CST-A2","3-4","Bi-Weekly","B","Interactive tools","Makey Makey","Lessons/Bi-Weekly/Grades_3-4_YearB/Session16_Makey_Makey.md","Individual: two verified physical inputs/two cycles, correct trace and deliberate musical/interface revision.","KEEP + IMPROVE","rebuilt","VERIFICATION REQUIRED"
"CST-A2","3-4","Weekly","A","Service design","Giving Through Making","Lessons/Grades_3-4_YearA/Week12_Giving_Through_Making.md","Individual: stated user need, two versions actually tested, criterion checked and purposeful visual explanation (C2/E1/E2/A2).","KEEP + IMPROVE","rebuilt","VERIFICATION REQUIRED"
"CST-A2","3-4","Weekly","A","Light","Light Science and Advent","Lessons/Grades_3-4_YearA/Week14-15_Light_Science_Advent.md","Individual: two accurate optical observations/path, explicit symbolic distinction and test-backed visual revision.","KEEP + IMPROVE","rebuilt","VERIFICATION REQUIRED"
"CST-A2","3-4","Weekly","B","Structures","Architectural Marvels","Lessons/Grades_3-4_YearB/Week07-09_Architectural_Marvels.md","Individual: three understandable views, criteria/limits, actual retest and purposeful welcome/form explanation.","KEEP + IMPROVE","rebuilt","VERIFICATION REQUIRED"
"CST-A2","3-4","Weekly","B","Service design","Gifts for Others","Lessons/Grades_3-4_YearB/Week12_Gifts_Others.md","Individual: user/criterion, actual four test counts and justified layout revision.","KEEP + IMPROVE","rebuilt","VERIFICATION REQUIRED"
"CST-A2","3-4","Weekly","B","Light","Advent Preparation","Lessons/Grades_3-4_YearB/Week13_Advent_Preparation.md","Individual: accurate comparisons/path and critique-backed symbolic design, not beautiful decoration alone.","KEEP + IMPROVE","rebuilt","VERIFICATION REQUIRED"
"CST-A2","3-4","Weekly","B","Mathematics","Pi Day Activities","Lessons/Grades_3-4_YearB/Week28_Pi_Day.md","Individual: measurements/comparison and intentional repeated design, not polish.","KEEP + IMPROVE","rebuilt","VERIFICATION REQUIRED"
"CST-A2","5-6","Bi-Weekly","A","Physical Computing","Christmas Electronics","Lessons/Bi-Weekly/Grades_5-6_YearA/Session07_Christmas_Electronics.md","Individual five-label circuit and four-state predictions and peer-tested visual choice","REBUILD","rebuilt","VERIFICATION REQUIRED"
"CST-A2","5-6","Bi-Weekly","B","Structures","Architecture","Lessons/Bi-Weekly/Grades_5-6_YearB/Session03_Architecture.md","Individual measured doorway/path and criterion and purposeful form revision and dignity/model limit","KEEP + IMPROVE","rebuilt","VERIFICATION REQUIRED"
"CST-A2","5-6","Bi-Weekly","B","Computing","Scratch Games","Lessons/Bi-Weekly/Grades_5-6_YearB/Session05_Scratch_Games.md","Individual two-round score traces and reset correction/retest and observed run and welcoming feedback/play reason","REBUILD","rebuilt","VERIFICATION REQUIRED"
"CST-A2","5-6","Weekly","A","Service","Giving and Making","Lessons/Grades_5-6_YearA/Week12_Giving_Making.md","Individual criterion/constraint and two reader checks/revision and purposeful layout/recipient choice","KEEP + IMPROVE","rebuilt","VERIFICATION REQUIRED"
"CST-A2","5-6","Weekly","A","Computing","Advanced Scratch","Lessons/Grades_5-6_YearA/Week24-25_Advanced_Scratch.md","Individual 160/320-step call check and clone slots/positions and corrected test and feedback/storage reason; runtime turn separate","REBUILD","rebuilt","VERIFICATION REQUIRED"
"CST-A2","5-6","Weekly","B","Design","Biomimicry","Lessons/Grades_5-6_YearB/Week08-10_Biomimicry.md","Individual three sketch labels and two safe loads and model limit and peer-tested visual revision","KEEP + IMPROVE","rebuilt","VERIFICATION REQUIRED"
"CST-A2","5-6","Weekly","B","Service","Gifts of Service","Lessons/Grades_5-6_YearB/Week12_Gifts_Service.md","Individual criterion/constraint and three-option reader test/revision and purposeful layout/consent","KEEP + IMPROVE","rebuilt","VERIFICATION REQUIRED"
"CST-A2","5-6","Weekly","B","Communication","Advent Technology","Lessons/Grades_5-6_YearB/Week13_Advent_Technology.md","Individual four panels and reader-backed layout revision and privacy/time rationale; paper/digital route explicit","KEEP + IMPROVE","rebuilt","VERIFICATION REQUIRED"
"CST-A2","5-6","Weekly","B","Computing","App Development","Lessons/Grades_5-6_YearB/Week14-18_App_Development.md","Individual three-input trace and corrected bug and tested visual revision and privacy/access decision","REBUILD","rebuilt","VERIFICATION REQUIRED"
"CST-A2","5-6","Weekly","B","Design","Health Technology","Lessons/Grades_5-6_YearB/Week25-28_Health_Technology.md","Individual criterion/constraint and six baseline/retest transitions and purposeful layout/revision and consent/access/nonclinical limit","KEEP + IMPROVE","rebuilt","VERIFICATION REQUIRED"
"CST-A2","K","Bi-Weekly","Single","Light art","Advent Light","Lessons/Bi-Weekly/Kindergarten/Session07_Advent_Light.md","Each child counts chosen symbol points and explains a purposeful placement and kind message; paper is not a light source.","KEEP + IMPROVE","rebuilt","VERIFICATION REQUIRED"
"CST-A2","K","Bi-Weekly","Single","Sound","Sound and Music","Lessons/Bi-Weekly/Kindergarten/Session14_Sound_Music.md","Each child indicates an observed vibration and communicates an intentional four-beat sound or silence phrase with accessible roles.","KEEP + IMPROVE","rebuilt","VERIFICATION REQUIRED"
"CST-A2","K","Bi-Weekly","Single","Service art and algorithms","Helping Others","Lessons/Bi-Weekly/Kindergarten/Session15_Helping_Others.md","Each child explains a respectful message choice and predicts the endpoint and tests a correction to two picture commands.","KEEP + IMPROVE","rebuilt","VERIFICATION REQUIRED"
"CST-A2","K","Weekly","Single","Service art","Making Gifts for Others","Lessons/Kindergarten/Week12_Making_Gifts.md","Each child identifies a recipient and purposeful visual choice and explains a revision that clarified meaning.","KEEP + IMPROVE","rebuilt","VERIFICATION REQUIRED"
"CST-A2","K","Weekly","Single","Light","Light All Around","Lessons/Kindergarten/Week14-15_Light_All_Around.md","Each child compares a material at fixed distances and identifies flashlight input/output and an evidence-informed tissue design choice.","REBUILD","rebuilt","VERIFICATION REQUIRED"
"CST-A2","K","Weekly","Single","Practice stations","Exploration Stations","Lessons/Kindergarten/Week19-22_Exploration_Stations.md","Each child compares a tower retest and two labeled weather records and explains a readable repeat and tested algorithm correction.","REBUILD","rebuilt","VERIFICATION REQUIRED"
"CST-A2","K","Weekly","Single","Shapes","Circles and Pi","Lessons/Kindergarten/Week28_Circles_and_Pi.md","Each child distinguishes circle/square/ball and extends AB pattern by two shapes; explains readable spacing/color choice.","REPLACE","rebuilt","VERIFICATION REQUIRED"
"CST-A3","1-2","Bi-Weekly","A","Service","Thanksgiving Service","Lessons/Bi-Weekly/Grades_1-2_YearA/Session06_Thanksgiving_Service.md","Grade 1: Tell the message and show two choices per child using groups/counting. Grade 2: Explain three groups of two, leftover choices at smaller teams and a recipient-based visual revision.","KEEP + IMPROVE","rebuilt","VERIFICATION REQUIRED"
"CST-A3","1-2","Bi-Weekly","A","Faith and reason","Catholic Inventors","Lessons/Bi-Weekly/Grades_1-2_YearA/Session09_Catholic_Inventors.md","Grade 1: Sort by visible feature, count both groups and explain the panel. Grade 2: Interpret the equal counts, revise a clear data message and distinguish source-checked history from model data.","KEEP + IMPROVE","rebuilt","VERIFICATION REQUIRED"
"CST-A3","1-2","Bi-Weekly","A","New life","Easter Innovation","Lessons/Bi-Weekly/Grades_1-2_YearA/Session13_Easter_Innovation.md","Grade 1: Show a standing test and identify a clearer message feature. Grade 2: Explain a base revision from the test and a separate communication revision from feedback.","KEEP + IMPROVE","rebuilt","VERIFICATION REQUIRED"
"CST-A3","1-2","Bi-Weekly","A","Reflection","Year Exhibition","Lessons/Bi-Weekly/Grades_1-2_YearA/Session17_Exhibition.md","Grade 1: Point to a changed feature and give an accurate count comparison. Grade 2: Explain a supported claim/limit and a visual revision, avoiding weekly-equivalent or all-domain claims.","KEEP + IMPROVE","rebuilt","VERIFICATION REQUIRED"
"CST-A3","1-2","Bi-Weekly","B","Service","Gratitude Gifts","Lessons/Bi-Weekly/Grades_1-2_YearB/Session06_Gratitude_Gifts.md","Grade 1: Show a two-part total of six with drawn spaces and tell the message. Grade 2: Explain the number relationship, offer another valid split and show an audience-based visual revision.","KEEP + IMPROVE","rebuilt","VERIFICATION REQUIRED"
"CST-A3","1-2","Bi-Weekly","B","Art","Digital Art","Lessons/Bi-Weekly/Grades_1-2_YearB/Session08_Digital_Art.md","Grade 1: Individually use a digital tool/Undo and compare visible-feature counts with support. Grade 2: Explain tool input/output, justify a message revision and a privacy decision; counts describe features, not quality.","KEEP + IMPROVE","rebuilt","VERIFICATION REQUIRED"
"CST-A3","1-2","Bi-Weekly","B","Faith and reason","Faith Scientists","Lessons/Bi-Weekly/Grades_1-2_YearB/Session09_Faith_Scientists.md","Grade 1: Show two different six-counter splits and explain each with objects. Grade 2: Represent/check both equations and justify a clearer visual explanation, distinguishing source context from own evidence.","KEEP + IMPROVE","rebuilt","VERIFICATION REQUIRED"
"CST-A3","1-2","Bi-Weekly","B","Reflection","Year Celebration","Lessons/Bi-Weekly/Grades_1-2_YearB/Session17_Celebration.md","Grade 1: Show a changed feature and compare two preference counts. Grade 2: Explain a claim/limit and a purposeful visual revision; distinguish preference from assessed competence.","KEEP + IMPROVE","rebuilt","VERIFICATION REQUIRED"
"CST-A3","1-2","Weekly","A","Coding","Thankful Coding","Lessons/Grades_1-2_YearA/Week11_Thankful_Coding.md","Grade 1: Individually connect/run a three-block sequence, point to the changed motion and tell the visual message. Grade 2: Predict the direction/step-count difference, explain the rerun and revise a purposeful visual choice after feedback.","KEEP + IMPROVE","rebuilt","VERIFICATION REQUIRED"
"CST-A3","1-2","Weekly","A","Service","Making Gifts","Lessons/Grades_1-2_YearA/Week12_Making_Gifts.md","Grade 1: Show a successful page mark and tell one purposeful picture choice. Grade 2: Explain both the functional constraint and audience choice; show a revision following specific feedback.","KEEP + IMPROVE","rebuilt","VERIFICATION REQUIRED"
"CST-A3","1-2","Weekly","A","Reflection","Fall STREAM Celebration","Lessons/Grades_1-2_YearA/Week13_Fall_Celebration.md","Grade 1: Point to an actual change and compare two card counts. Grade 2: Explain why the visual change makes the explanation clearer and distinguish a preference count from a skill score.","KEEP + IMPROVE","rebuilt","VERIFICATION REQUIRED"
"CST-A3","1-2","Weekly","A","Faith and reason","Catholic Schools Week STREAM","Lessons/Grades_1-2_YearA/Week23_Catholic_Schools_Week.md","Grade 1: Show two details and distinguish a classroom action from an object observation. Grade 2: Explain an open question, an evidence limit and a visual revision after feedback.","KEEP + IMPROVE","rebuilt","VERIFICATION REQUIRED"
"CST-A3","1-2","Weekly","A","Reflection","Year-End STREAM Celebration","Lessons/Grades_1-2_YearA/Week34_Year_Celebration.md","Grade 1: Point to a comparable changed detail and give an accurate two-column comparison. Grade 2: Justify a claim using two records, clarify a visual explanation and distinguish preference data from demonstrated skill.","KEEP + IMPROVE","rebuilt","VERIFICATION REQUIRED"
"CST-A3","1-2","Weekly","B","Coding","Thanksgiving Coding","Lessons/Grades_1-2_YearB/Week11_Thanksgiving_Coding.md","Grade 1: Select a character, Run its stored script and identify a changed action; reject sharing a name/photo. Grade 2: Explain the two-script order, rerun a changed block and justify a specific privacy/message revision.","KEEP + IMPROVE","rebuilt","VERIFICATION REQUIRED"
"CST-A3","1-2","Weekly","B","Service","Gifts for Others","Lessons/Grades_1-2_YearB/Week12_Gifts_Others.md","Grade 1: Show a page-marking test and explain one meaningful symbol. Grade 2: Identify the flatness constraint, audience choice and an evidence-based visual revision.","KEEP + IMPROVE","rebuilt","VERIFICATION REQUIRED"
"CST-A3","1-2","Weekly","B","Reflection","Fall Festival","Lessons/Grades_1-2_YearB/Week13_Fall_Festival.md","Grade 1: Point to an actual changed feature and compare two counts. Grade 2: Explain a visual revision and interpret the preference graph without calling it a mastery score.","KEEP + IMPROVE","rebuilt","VERIFICATION REQUIRED"
"CST-A3","1-2","Weekly","B","Faith and reason","Catholic Schools Celebration","Lessons/Grades_1-2_YearB/Week23_Catholic_Schools.md","Grade 1: Point to a clear record detail, revise one confusing feature and compare counts. Grade 2: Explain a supported claim/limit and interpret the graph as interest, not proficiency.","KEEP + IMPROVE","rebuilt","VERIFICATION REQUIRED"
"CST-A3","1-2","Weekly","B","Reflection","Year B Showcase","Lessons/Grades_1-2_YearB/Week34_Showcase.md","Grade 1: Point to a comparable changed detail and compare two counts. Grade 2: Support a claim with records, name a limit and explain a purposeful revision to the visual explanation.","KEEP + IMPROVE","rebuilt","VERIFICATION REQUIRED"
"CST-A3","3-4","Bi-Weekly","A","Gratitude communication","Gratitude Tech","Lessons/Bi-Weekly/Grades_3-4_YearA/Session06_Gratitude_Tech.md","Individual: specific respectful message, observed digital actions, reader-backed revision and safe sharing choice.","KEEP + IMPROVE","rebuilt","VERIFICATION REQUIRED"
"CST-A3","3-4","Bi-Weekly","A","Circuits","Light and Circuits","Lessons/Bi-Weekly/Grades_3-4_YearA/Session07_Light_Circuits.md","Individual return-path/state prediction and two-cycle physical turn and repair plus revised message; hardware preflight required; paper is reasoning/art only","REBUILD","rebuilt","VERIFICATION REQUIRED"
"CST-A3","3-4","Bi-Weekly","A","Computing art","Scratch Animation","Lessons/Bi-Weekly/Grades_3-4_YearA/Session08_Scratch_Animation.md","Individual: correct three-event trace, observed operation and story revision.","KEEP + IMPROVE","rebuilt","VERIFICATION REQUIRED"
"CST-A3","3-4","Bi-Weekly","A","Faith and evidence","Catholic Scientists","Lessons/Bi-Weekly/Grades_3-4_YearA/Session09_Catholic_Scientists.md","Individual: sourced Mendel or Albert fact; observed model detail; three-three tally and six total; corrected classification and peer-backed visual revision; model versus historical evidence limit","KEEP + IMPROVE","rebuilt","VERIFICATION REQUIRED"
"CST-A3","3-4","Bi-Weekly","A","Faith communication","Easter Tech","Lessons/Bi-Weekly/Grades_3-4_YearA/Session13_Easter_Tech.md","Individual: accurate message distinction, observed operation, critique-backed revision/private plan.","KEEP + IMPROVE","rebuilt","VERIFICATION REQUIRED"
"CST-A3","3-4","Bi-Weekly","A","Portfolio","Year Exhibition","Lessons/Bi-Weekly/Grades_3-4_YearA/Session17_Exhibition.md","Individual: evidence-backed explanation, attributable demonstration and reasoned caption revision. Growth requires genuine records.","KEEP + IMPROVE","rebuilt","VERIFICATION REQUIRED"
"CST-A3","3-4","Bi-Weekly","B","Circuits","Christmas Circuits","Lessons/Bi-Weekly/Grades_3-4_YearB/Session07_Christmas_Circuits.md","Individual return path/gap/repair and two-cycle physical turn and revised Nativity message; hardware preflight required; paper is reasoning/art only","REBUILD","rebuilt","VERIFICATION REQUIRED"
"CST-A3","3-4","Bi-Weekly","B","Communication art","Digital Stories","Lessons/Bi-Weekly/Grades_3-4_YearB/Session08_Digital_Stories.md","Individual: coherent three-part story, actual operation, critique-backed revision and privacy choice.","KEEP + IMPROVE","rebuilt","VERIFICATION REQUIRED"
"CST-A3","3-4","Bi-Weekly","B","Faith communication","Easter Creation","Lessons/Bi-Weekly/Grades_3-4_YearB/Session13_Easter_Creation.md","Individual: purposeful composition, explicit criterion/test record and critique- backed revision, not enthusiasm.","KEEP + IMPROVE","rebuilt","VERIFICATION REQUIRED"
"CST-A3","3-4","Bi-Weekly","B","Portfolio","Year Celebration","Lessons/Bi-Weekly/Grades_3-4_YearB/Session17_Celebration.md","Individual: attributable evidence explanation/data reading and deliberate caption revision. Growth requires actual dated records, not invented improvement.","KEEP + IMPROVE","rebuilt","VERIFICATION REQUIRED"
"CST-A3","3-4","Weekly","A","Service design","Community Helpers","Lessons/Grades_3-4_YearA/Week07-09_Community_Helpers.md","Individual: user need/limits, real results, critique-backed revision and qualified recommendation.","KEEP + IMPROVE","rebuilt","VERIFICATION REQUIRED"
"CST-A3","3-4","Weekly","A","Gratitude","Coding Gratitude","Lessons/Grades_3-4_YearA/Week11_Coding_Gratitude.md","Individual: correct trigger/trace, observed operation and specific message revision.","KEEP + IMPROVE","rebuilt","VERIFICATION REQUIRED"
"CST-A3","3-4","Weekly","A","Portfolio","Fall STREAM Celebration","Lessons/Grades_3-4_YearA/Week13_Fall_Celebration.md","Individual: identifiable evidence, fresh reasoning demonstration, accurate limitation, caption revision and responsible return.","KEEP + IMPROVE","rebuilt","VERIFICATION REQUIRED"
"CST-A3","3-4","Weekly","A","Light","Light Science and Advent","Lessons/Grades_3-4_YearA/Week14-15_Light_Science_Advent.md","Individual: two accurate optical observations/path, explicit symbolic distinction and test-backed visual revision.","KEEP + IMPROVE","rebuilt","VERIFICATION REQUIRED"
"CST-A3","3-4","Weekly","A","Choice inquiry","Choice Labs","Lessons/Grades_3-4_YearA/Week19-22_Choice_Labs.md","Individual: common four readings/controls, repeated project tests and deliberate artistic revision with responsible stock use.","REBUILD","rebuilt","VERIFICATION REQUIRED"
"CST-A3","3-4","Weekly","A","Faith and evidence","Catholic Schools Week STREAM","Lessons/Grades_3-4_YearA/Week23_Catholic_Schools_Week.md","Individual: supported Agnesi fact and source distinction; correct four groups of three giving twelve with justified calculation; peer-backed visual explanation revision","KEEP + IMPROVE","rebuilt","VERIFICATION REQUIRED"
"CST-A3","3-4","Weekly","A","Portfolio","STREAM Expo","Lessons/Grades_3-4_YearA/Week34_STREAM_Expo.md","Individual: evidence-referenced claim, fresh individual reasoning and critique-backed caption; growth not credited without two genuine records.","KEEP + IMPROVE","rebuilt","VERIFICATION REQUIRED"
"CST-A3","3-4","Weekly","B","Gratitude data","Thanksgiving Gratitude","Lessons/Grades_3-4_YearB/Week11_Thanksgiving_Gratitude.md","Individual: accurate counts/labels, correct comparison and privacy/interpretation limit with visible revision.","KEEP + IMPROVE","rebuilt","VERIFICATION REQUIRED"
"CST-A3","3-4","Weekly","B","Light","Advent Preparation","Lessons/Grades_3-4_YearB/Week13_Advent_Preparation.md","Individual: accurate comparisons/path and critique-backed symbolic design, not beautiful decoration alone.","KEEP + IMPROVE","rebuilt","VERIFICATION REQUIRED"
"CST-A3","3-4","Weekly","B","Computing","Game Design Studio","Lessons/Grades_3-4_YearB/Week19-22_Game_Design.md","Individual 0-1-2-3-3 reset trace and test-backed revision; actual edits logged; desk simulation not live Scratch execution","REBUILD","rebuilt","VERIFICATION REQUIRED"
"CST-A3","3-4","Weekly","B","Community data","Catholic Schools Week","Lessons/Grades_3-4_YearB/Week23_Catholic_Schools.md","Individual: accurate chart/comparison, responsible caption/source and access choice.","KEEP + IMPROVE","rebuilt","VERIFICATION REQUIRED"
"CST-A3","3-4","Weekly","B","Easter design","Easter Engineering","Lessons/Grades_3-4_YearB/Week33_Easter_Engineering.md","Individual: functional criterion/test record, critique-backed revision and honest faith/model boundary.","KEEP + IMPROVE","rebuilt","VERIFICATION REQUIRED"
"CST-A3","3-4","Weekly","B","Portfolio","Year B Showcase","Lessons/Grades_3-4_YearB/Week34_Showcase.md","Individual: attributable explanation/data reading, accurate evidence label/limit, critique-backed caption. Growth credit requires actual dated records.","KEEP + IMPROVE","rebuilt","VERIFICATION REQUIRED"
"CST-A3","5-6","Bi-Weekly","A","Research","Catholic Scientists","Lessons/Bi-Weekly/Grades_5-6_YearA/Session09_Catholic_Scientists.md","Individual A 8/2 and B 7/3 tallies/totals and comparison and 15/5 model ratio plus historical claim/source/limit and revised poster","KEEP + IMPROVE","rebuilt","VERIFICATION REQUIRED"
"CST-A3","5-6","Bi-Weekly","A","Communication","Easter Technology","Lessons/Bi-Weekly/Grades_5-6_YearA/Session13_Easter_Tech.md","Individual message revision and source/paraphrase/original-media status and audience access; actual route explicit","KEEP + IMPROVE","rebuilt","VERIFICATION REQUIRED"
"CST-A3","5-6","Bi-Weekly","A","Communication","Year Exhibition","Lessons/Bi-Weekly/Grades_5-6_YearA/Session17_Exhibition.md","Individual tested-result/limit explanation and reader-backed caption revision and resource reason","KEEP + IMPROVE","rebuilt","VERIFICATION REQUIRED"
"CST-A3","5-6","Bi-Weekly","B","Service","Gratitude Design","Lessons/Bi-Weekly/Grades_5-6_YearB/Session06_Gratitude_Design.md","Individual specific thank-you message and reader-backed revision and recipient consent/private-sharing decision","KEEP + IMPROVE","rebuilt","VERIFICATION REQUIRED"
"CST-A3","5-6","Bi-Weekly","B","Computing","Advent Coding","Lessons/Bi-Weekly/Grades_5-6_YearB/Session07_Advent_Coding.md","Individual 0/1/1/0 state trace and corrected reset test and message revision/access reason; actual run separate","KEEP + IMPROVE","rebuilt","VERIFICATION REQUIRED"
"CST-A3","5-6","Bi-Weekly","B","Research","Science and Faith","Lessons/Bi-Weekly/Grades_5-6_YearB/Session09_Science_Faith.md","Individual measured line and supported claim/source/date/limit and rejected absolute and reader-backed explanation revision","KEEP + IMPROVE","rebuilt","VERIFICATION REQUIRED"
"CST-A3","5-6","Bi-Weekly","B","Communication","New Life Technology","Lessons/Bi-Weekly/Grades_5-6_YearB/Session13_New_Life_Tech.md","Individual coherent message and two four-beat bars and reader-backed revision and source/media/access reason; actual route explicit","KEEP + IMPROVE","rebuilt","VERIFICATION REQUIRED"
"CST-A3","5-6","Bi-Weekly","B","Communication","Celebration Exhibition","Lessons/Bi-Weekly/Grades_5-6_YearB/Session17_Celebration.md","Individual supported technical result/limit and reader-backed caption revision and resource tradeoff","KEEP + IMPROVE","rebuilt","VERIFICATION REQUIRED"
"CST-A3","5-6","Weekly","A","Communication","Fall Showcase","Lessons/Grades_5-6_YearA/Week13_Fall_Showcase.md","Individual recorded result/limit and reader question/caption revision and accessible sharing choice","KEEP + IMPROVE","rebuilt","VERIFICATION REQUIRED"
"CST-A3","5-6","Weekly","A","Environment","Environmental Science","Lessons/Grades_5-6_YearA/Week29-31_Environmental_Science.md","Individual controls/limit and 9 of 10 points and evidence-limited graph and revised message","REBUILD","rebuilt","VERIFICATION REQUIRED"
"CST-A3","5-6","Weekly","A","Physical Science","Easter Engineering","Lessons/Grades_5-6_YearA/Week33_Easter_Engineering.md","Individual three change categories and observed/reference distinction and revised panel and faith-symbol limit","KEEP + IMPROVE","rebuilt","VERIFICATION REQUIRED"
"CST-A3","5-6","Weekly","A","Communication","STREAM Expo","Lessons/Grades_5-6_YearA/Week34_STREAM_Expo.md","Individual supported result/limit defense and reader-backed caption revision and resource choice; event separately recorded","KEEP + IMPROVE","rebuilt","VERIFICATION REQUIRED"
"CST-A3","5-6","Weekly","B","Life Science","Easter Hope","Lessons/Grades_5-6_YearB/Week33_Easter_Hope.md","Individual two ordered living-development models and corrected misconception and caption revision and faith-symbol limit","KEEP + IMPROVE","rebuilt","VERIFICATION REQUIRED"
"CST-A3","5-6","Weekly","B","Communication","Year B Exhibition","Lessons/Grades_5-6_YearB/Week34_Exhibition.md","Individual tested-result/limit defense and reader-backed caption revision and resource reason","KEEP + IMPROVE","rebuilt","VERIFICATION REQUIRED"
"CST-A3","K","Bi-Weekly","Single","Service art","Thanksgiving Wonder","Lessons/Bi-Weekly/Kindergarten/Session06_Thanksgiving.md","Each child explains a respectful gratitude idea and an actual communication revision after listener feedback.","KEEP + IMPROVE","rebuilt","VERIFICATION REQUIRED"
"CST-A3","K","Bi-Weekly","Single","Community art","Our Catholic School","Lessons/Bi-Weekly/Kindergarten/Session09_Catholic_Schools.md","Each child names a school contribution and explains a visual-message clarification and identifies hypothetical private information and an adult sharing permission.","KEEP + IMPROVE","rebuilt","VERIFICATION REQUIRED"
"CST-A3","K","Bi-Weekly","Single","Service art and algorithms","Helping Others","Lessons/Bi-Weekly/Kindergarten/Session15_Helping_Others.md","Each child explains a respectful message choice and predicts the endpoint and tests a correction to two picture commands.","KEEP + IMPROVE","rebuilt","VERIFICATION REQUIRED"
"CST-A3","K","Bi-Weekly","Single","Reflection","Year Celebration","Lessons/Bi-Weekly/Kindergarten/Session17_Celebration.md","Each child shows an actual dated result or fresh demonstration and communicates an honest next practice step without certifying grade readiness.","KEEP + IMPROVE","rebuilt","VERIFICATION REQUIRED"
"CST-A3","K","Weekly","Single","Welcome","Welcome to C-STREAM","Lessons/Kindergarten/Week01_Welcome_to_CSTREAM.md","Each child represents an actual detail and asks or selects one observation question.","KEEP + IMPROVE","rebuilt","VERIFICATION REQUIRED"
"CST-A3","K","Weekly","Single","Algorithms","Coding Thankfulness","Lessons/Kindergarten/Week11_Coding_Thankfulness.md","Each child predicts the two-command endpoint and tests a correction while explaining a respectful message; software execution is separate.","REBUILD","rebuilt","VERIFICATION REQUIRED"
"CST-A3","K","Weekly","Single","Service art","Making Gifts for Others","Lessons/Kindergarten/Week12_Making_Gifts.md","Each child identifies a recipient and purposeful visual choice and explains a revision that clarified meaning.","KEEP + IMPROVE","rebuilt","VERIFICATION REQUIRED"
"CST-A3","K","Weekly","Single","Reflection","Fall Celebration","Lessons/Kindergarten/Week13_Fall_Celebration.md","Each child communicates one actual dated result or fresh demonstration with an honest limit; enjoyment is separate.","KEEP + IMPROVE","rebuilt","VERIFICATION REQUIRED"
"CST-A3","K","Weekly","Single","Reflection","New Year Goals","Lessons/Kindergarten/Week18_New_Year_Goals.md","Each child records an actual or explicitly sourced sky observation and states a checkable comparison goal; predictions are separate.","KEEP + IMPROVE","rebuilt","VERIFICATION REQUIRED"
"CST-A3","K","Weekly","Single","Reflection","Catholic Schools Week","Lessons/Kindergarten/Week23_Catholic_Schools_Week.md","Each child links a display to actual evidence and revises the explanation and identifies hypothetical private information and an adult to ask before sharing.","KEEP + IMPROVE","rebuilt","VERIFICATION REQUIRED"
"CST-A3","K","Weekly","Single","Reflection","Year Celebration","Lessons/Kindergarten/Week34_Year_Celebration.md","Each child communicates actual dated evidence and support needed with a next practice step; missing growth evidence is recorded.","KEEP + IMPROVE","rebuilt","VERIFICATION REQUIRED"
"CST-C1","1-2","Bi-Weekly","A","Light","Light in Darkness","Lessons/Bi-Weekly/Grades_1-2_YearA/Session07_Light_in_Darkness.md","Grade 1: Identify source/blocker and show a shadow difference. Grade 2: Explain changed versus kept-same positions and distinguish observed result from classroom symbolism.","KEEP + IMPROVE","rebuilt","VERIFICATION REQUIRED"
"CST-C1","1-2","Bi-Weekly","A","Faith and reason","Catholic Inventors","Lessons/Bi-Weekly/Grades_1-2_YearA/Session09_Catholic_Inventors.md","Grade 1: Sort by visible feature, count both groups and explain the panel. Grade 2: Interpret the equal counts, revise a clear data message and distinguish source-checked history from model data.","KEEP + IMPROVE","rebuilt","VERIFICATION REQUIRED"
"CST-C1","1-2","Bi-Weekly","A","Weather","Weather Watchers","Lessons/Bi-Weekly/Grades_1-2_YearA/Session10_Weather_Watchers.md","Grade 1: Represent three supported time records and count observed categories accurately. Grade 2: Interpret actual three-time category counts, identify the same-place condition and distinguish observation from forecast or unknown visibility.","KEEP + IMPROVE","rebuilt","VERIFICATION REQUIRED"
"CST-C1","1-2","Bi-Weekly","A","Life cycles","Life Cycles","Lessons/Bi-Weekly/Grades_1-2_YearA/Session12_Life_Cycles.md","Grade 1: Order at least seed/sprout/plant/new seeds with the six-card support and identify one connection. Grade 2: Explain all six represented stages, repair an order error and interpret coverage without claiming real growth timing.","KEEP + IMPROVE","rebuilt","VERIFICATION REQUIRED"
"CST-C1","1-2","Bi-Weekly","A","Reflection","Year Exhibition","Lessons/Bi-Weekly/Grades_1-2_YearA/Session17_Exhibition.md","Grade 1: Point to a changed feature and give an accurate count comparison. Grade 2: Explain a supported claim/limit and a visual revision, avoiding weekly-equivalent or all-domain claims.","KEEP + IMPROVE","rebuilt","VERIFICATION REQUIRED"
"CST-C1","1-2","Bi-Weekly","B","Adaptations","Animal Adaptations","Lessons/Bi-Weekly/Grades_1-2_YearB/Session04_Animal_Adaptations.md","Grade 1: Count noticed silhouettes in two trials and show a model feature. Grade 2: Interpret the two records, name a kept-same viewing condition and distinguish model visibility from survival or inherited change.","KEEP + IMPROVE","rebuilt","VERIFICATION REQUIRED"
"CST-C1","1-2","Bi-Weekly","B","Light","Star Makers","Lessons/Bi-Weekly/Grades_1-2_YearB/Session07_Star_Makers.md","Grade 1: Count six dots, show two matching positions and explain a visible design choice. Grade 2: Interpret the six-feature checklist and explain why folded paper does not show real stellar distances or emit light.","KEEP + IMPROVE","rebuilt","VERIFICATION REQUIRED"
"CST-C1","1-2","Bi-Weekly","B","Faith and reason","Faith Scientists","Lessons/Bi-Weekly/Grades_1-2_YearB/Session09_Faith_Scientists.md","Grade 1: Show two different six-counter splits and explain each with objects. Grade 2: Represent/check both equations and justify a clearer visual explanation, distinguishing source context from own evidence.","KEEP + IMPROVE","rebuilt","VERIFICATION REQUIRED"
"CST-C1","1-2","Bi-Weekly","B","Forces","Magnets and Motion","Lessons/Bi-Weekly/Grades_1-2_YearB/Session10_Magnets_Motion.md","Grade 1: Test or direct a test, sort actual outcomes and count groups totaling six. Grade 2: Compare predicted/actual counts, explain a mismatch and use sum/difference reasoning without assuming every metal attracts.","KEEP + IMPROVE","rebuilt","VERIFICATION REQUIRED"
"CST-C1","1-2","Bi-Weekly","B","Life cycles","Butterfly Wonder","Lessons/Bi-Weekly/Grades_1-2_YearB/Session12_Butterfly_Wonder.md","Grade 1: Order four supported stages and identify the living pupa. Grade 2: Explain adult -> new eggs, interpret coverage records and distinguish represented stages from measured timing.","KEEP + IMPROVE","rebuilt","VERIFICATION REQUIRED"
"CST-C1","1-2","Bi-Weekly","B","Reflection","Year Celebration","Lessons/Bi-Weekly/Grades_1-2_YearB/Session17_Celebration.md","Grade 1: Show a changed feature and compare two preference counts. Grade 2: Explain a claim/limit and a purposeful visual revision; distinguish preference from assessed competence.","KEEP + IMPROVE","rebuilt","VERIFICATION REQUIRED"
"CST-C1","1-2","Weekly","A","Welcome","Welcome to C-STREAM","Lessons/Grades_1-2_YearA/Week01_Welcome_to_CSTREAM.md","Grade 1: Point to two represented details and ask one oral question; choose one concrete first step. Grade 2: Distinguish observation from prediction, ask a testable question and give a reason for a useful next step.","KEEP + IMPROVE","rebuilt","VERIFICATION REQUIRED"
"CST-C1","1-2","Weekly","A","Light","Light Explorations","Lessons/Grades_1-2_YearA/Week14-15_Light_Explorations.md","Grade 1: Show blocked light and identify source/mirror using observed results. Grade 2: Compare two shadow conditions, name a kept-same condition and trace source -> mirror -> screen without calling a symbol data.","KEEP + IMPROVE","rebuilt","VERIFICATION REQUIRED"
"CST-C1","1-2","Weekly","A","Faith and reason","Catholic Schools Week STREAM","Lessons/Grades_1-2_YearA/Week23_Catholic_Schools_Week.md","Grade 1: Show two details and distinguish a classroom action from an object observation. Grade 2: Explain an open question, an evidence limit and a visual revision after feedback.","KEEP + IMPROVE","rebuilt","VERIFICATION REQUIRED"
"CST-C1","1-2","Weekly","A","Mathematics","Pi Day Circles","Lessons/Grades_1-2_YearA/Week28_Pi_Day_Circles.md","Individual same-endpoint boundary comparison two measured attempts pattern unit/next item and uncertainty","REBUILD","rebuilt","VERIFICATION REQUIRED"
"CST-C1","1-2","Weekly","A","Reflection","Year-End STREAM Celebration","Lessons/Grades_1-2_YearA/Week34_Year_Celebration.md","Grade 1: Point to a comparable changed detail and give an accurate two-column comparison. Grade 2: Justify a claim using two records, clarify a visual explanation and distinguish preference data from demonstrated skill.","KEEP + IMPROVE","rebuilt","VERIFICATION REQUIRED"
"CST-C1","1-2","Weekly","B","Observation","Welcome Back Scientists","Lessons/Grades_1-2_YearB/Week01_Welcome_Scientists.md","Grade 1: Show two observed details and ask one question. Grade 2: Ask a testable question and distinguish its prediction from an actual result.","KEEP + IMPROVE","rebuilt","VERIFICATION REQUIRED"
"CST-C1","1-2","Weekly","B","Motion","Ramp Races","Lessons/Grades_1-2_YearB/Week10_Ramp_Races.md","Individual no-push release same-reference measurement and low/high comparison; three trials/condition per team with honest uncertainty","REBUILD","rebuilt","VERIFICATION REQUIRED"
"CST-C1","1-2","Weekly","B","Light","Stars and Light","Lessons/Grades_1-2_YearB/Week14-15_Stars_Light.md","Grade 1: Count the pattern and individually switch a complete protected path ON/OFF, identifying output. Grade 2: Explain the open-versus-closed path result, safe connection procedure and star-model limitation; justify an artistic contrast choice.","KEEP + IMPROVE","rebuilt","VERIFICATION REQUIRED"
"CST-C1","1-2","Weekly","B","Winter","Winter Wonders","Lessons/Grades_1-2_YearB/Week16_Winter_Wonders.md","Individual ice before/after record two matching features and model limitation; no-melt reported honestly","REBUILD","rebuilt","VERIFICATION REQUIRED"
"CST-C1","1-2","Weekly","B","Faith and reason","Catholic Schools Celebration","Lessons/Grades_1-2_YearB/Week23_Catholic_Schools.md","Grade 1: Point to a clear record detail, revise one confusing feature and compare counts. Grade 2: Explain a supported claim/limit and interpret the graph as interest, not proficiency.","KEEP + IMPROVE","rebuilt","VERIFICATION REQUIRED"
"CST-C1","1-2","Weekly","B","Life cycles","Butterfly Engineering","Lessons/Grades_1-2_YearB/Week29-31_Butterfly_Engineering.md","Grade 1: Order four stages, identify the living pupa and show two matching wing features. Grade 2: Explain adult -> new eggs rather than adult -> caterpillar, interpret coverage checks and justify a purposeful visual revision/model limit.","KEEP + IMPROVE","rebuilt","VERIFICATION REQUIRED"
"CST-C1","1-2","Weekly","B","New life","New Life Celebration","Lessons/Grades_1-2_YearB/Week33_New_Life.md","Grade 1: Represent two visible features and compare their counts. Grade 2: Explain one seasonal-model relationship and an evidence limit without equating dormancy with death.","KEEP + IMPROVE","rebuilt","VERIFICATION REQUIRED"
"CST-C1","1-2","Weekly","B","Reflection","Year B Showcase","Lessons/Grades_1-2_YearB/Week34_Showcase.md","Grade 1: Point to a comparable changed detail and compare two counts. Grade 2: Support a claim with records, name a limit and explain a purposeful revision to the visual explanation.","KEEP + IMPROVE","rebuilt","VERIFICATION REQUIRED"
"CST-C1","3-4","Bi-Weekly","A","Faith and evidence","Catholic Scientists","Lessons/Bi-Weekly/Grades_3-4_YearA/Session09_Catholic_Scientists.md","Individual: sourced Mendel or Albert fact; observed model detail; three-three tally and six total; corrected classification and peer-backed visual revision; model versus historical evidence limit","KEEP + IMPROVE","rebuilt","VERIFICATION REQUIRED"
"CST-C1","3-4","Bi-Weekly","A","Life inquiry","Plants and Growth","Lessons/Bi-Weekly/Grades_3-4_YearA/Session12_Plants_Growth.md","Individual observation/variable/two controls/mm comparison; simulated roots labeled; optional real care assigned or dry setup","REBUILD","rebuilt","VERIFICATION REQUIRED"
"CST-C1","3-4","Bi-Weekly","A","Faith communication","Easter Tech","Lessons/Bi-Weekly/Grades_3-4_YearA/Session13_Easter_Tech.md","Individual: accurate message distinction, observed operation, critique-backed revision/private plan.","KEEP + IMPROVE","rebuilt","VERIFICATION REQUIRED"
"CST-C1","3-4","Bi-Weekly","B","Computing","Ozobot Coding","Lessons/Bi-Weekly/Grades_3-4_YearB/Session02_Ozobot_Coding.md","Individual prediction/debug and source distinction; real command test only if chart/pretest passes; CT fallback not robotics","REBUILD","rebuilt","VERIFICATION REQUIRED"
"CST-C1","3-4","Bi-Weekly","B","Faith and evidence","Faith and Science","Lessons/Bi-Weekly/Grades_3-4_YearB/Session09_Faith_Science.md","Individual: accurate source/claim, four readings/annotations and explicit model/ belief distinction.","KEEP + IMPROVE","rebuilt","VERIFICATION REQUIRED"
"CST-C1","3-4","Bi-Weekly","B","Earth systems","Geology Rocks","Lessons/Bi-Weekly/Grades_3-4_YearB/Session10_Geology_Rocks.md","Individual: observed detail/measurement, intelligible diagram and justified uncertain classification.","KEEP + IMPROVE","rebuilt","VERIFICATION REQUIRED"
"CST-C1","3-4","Bi-Weekly","B","Life systems","Life Cycles","Lessons/Bi-Weekly/Grades_3-4_YearB/Session12_Life_Cycles.md","Individual: two ordered diagrams, accurate pupa/no-pupa comparison/generation link and faith distinction.","KEEP + IMPROVE","rebuilt","VERIFICATION REQUIRED"
"CST-C1","3-4","Bi-Weekly","B","Faith communication","Easter Creation","Lessons/Bi-Weekly/Grades_3-4_YearB/Session13_Easter_Creation.md","Individual: purposeful composition, explicit criterion/test record and critique- backed revision, not enthusiasm.","KEEP + IMPROVE","rebuilt","VERIFICATION REQUIRED"
"CST-C1","3-4","Bi-Weekly","B","Computing","Ozobot Challenge","Lessons/Bi-Weekly/Grades_3-4_YearB/Session14_Ozobot_Challenge.md","Individual: verified input/output, individual construction/test and debug evidence.","KEEP + IMPROVE","rebuilt","VERIFICATION REQUIRED"
"CST-C1","3-4","Weekly","A","Foundations","Welcome to C-STREAM","Lessons/Grades_3-4_YearA/Week01_Welcome_to_CSTREAM.md","Individual: two verifiable details, investigable question and observed fair turn (C1/C2/S1). Partial = developing; missing = not yet evidenced; excitement not assessed.","KEEP + IMPROVE","rebuilt","VERIFICATION REQUIRED"
"CST-C1","3-4","Weekly","A","Inquiry","Scientific Method","Lessons/Grades_3-4_YearA/Week04_Scientific_Method.md","Individual: six cm readings, one change/two controls, evidence-based claim; prediction need not be right.","KEEP + IMPROVE","rebuilt","VERIFICATION REQUIRED"
"CST-C1","3-4","Weekly","A","Light","Light Science and Advent","Lessons/Grades_3-4_YearA/Week14-15_Light_Science_Advent.md","Individual: two accurate optical observations/path, explicit symbolic distinction and test-backed visual revision.","KEEP + IMPROVE","rebuilt","VERIFICATION REQUIRED"
"CST-C1","3-4","Weekly","A","Astronomy","Astronomy and the Star","Lessons/Grades_3-4_YearA/Week16_Astronomy_Star.md","Individual: three cm readings, two intelligible views, one model limitation and correct claim distinction (C1/S3/A1/M1).","KEEP + IMPROVE","rebuilt","VERIFICATION REQUIRED"
"CST-C1","3-4","Weekly","A","Faith and evidence","Catholic Schools Week STREAM","Lessons/Grades_3-4_YearA/Week23_Catholic_Schools_Week.md","Individual: supported Agnesi fact and source distinction; correct four groups of three giving twelve with justified calculation; peer-backed visual explanation revision","KEEP + IMPROVE","rebuilt","VERIFICATION REQUIRED"
"CST-C1","3-4","Weekly","A","Mathematics","Pi Day Circles","Lessons/Grades_3-4_YearA/Week28_Pi_Day_Circles.md","Individual: two measurement pairs with units, three-length comparison and honest limit.","KEEP + IMPROVE","rebuilt","VERIFICATION REQUIRED"
"CST-C1","3-4","Weekly","A","Life science","Resurrection and New Life Science","Lessons/Grades_3-4_YearA/Week33_Resurrection_Science.md","Individual: visible detail, ordered living stages/generation link, labeled visual revision and science/faith distinction.","KEEP + IMPROVE","rebuilt","VERIFICATION REQUIRED"
"CST-C1","3-4","Weekly","B","Foundations","Welcome Back Scientists","Lessons/Grades_3-4_YearB/Week01_Welcome_Scientists.md","Individual: three verifiable details, testable question and faithful visual revision.","KEEP + IMPROVE","rebuilt","VERIFICATION REQUIRED"
"CST-C1","3-4","Weekly","B","Flight","Flight Fundamentals","Lessons/Grades_3-4_YearB/Week02-03_Flight_Fundamentals.md","Individual force model and six whole-cm readings plus control/limitation; desk simulation only; approved lane required","REBUILD","rebuilt","VERIFICATION REQUIRED"
"CST-C1","3-4","Weekly","B","Flight","Paper Airplane Challenge","Lessons/Grades_3-4_YearB/Week04-06_Paper_Airplane.md","Individual: nine readings, clear version change/controls and evidence-supported recommendation.","KEEP + IMPROVE","rebuilt","VERIFICATION REQUIRED"
"CST-C1","3-4","Weekly","B","Light","Advent Preparation","Lessons/Grades_3-4_YearB/Week13_Advent_Preparation.md","Individual: accurate comparisons/path and critique-backed symbolic design, not beautiful decoration alone.","KEEP + IMPROVE","rebuilt","VERIFICATION REQUIRED"
"CST-C1","3-4","Weekly","B","Mathematics","Pi Day Activities","Lessons/Grades_3-4_YearB/Week28_Pi_Day.md","Individual: measurements/comparison and intentional repeated design, not polish.","KEEP + IMPROVE","rebuilt","VERIFICATION REQUIRED"
"CST-C1","3-4","Weekly","B","Easter design","Easter Engineering","Lessons/Grades_3-4_YearB/Week33_Easter_Engineering.md","Individual: functional criterion/test record, critique-backed revision and honest faith/model boundary.","KEEP + IMPROVE","rebuilt","VERIFICATION REQUIRED"
"CST-C1","5-6","Bi-Weekly","A","Research","Catholic Scientists","Lessons/Bi-Weekly/Grades_5-6_YearA/Session09_Catholic_Scientists.md","Individual A 8/2 and B 7/3 tallies/totals and comparison and 15/5 model ratio plus historical claim/source/limit and revised poster","KEEP + IMPROVE","rebuilt","VERIFICATION REQUIRED"
"CST-C1","5-6","Bi-Weekly","A","Life Science","Life Science","Lessons/Bi-Weekly/Grades_5-6_YearA/Session12_Life_Science.md","Individual four shared cell labels and 7 of 8 corrected DNA pairs and accurate exception/model/faith limit","REBUILD","rebuilt","VERIFICATION REQUIRED"
"CST-C1","5-6","Bi-Weekly","A","Physical Science","Physics and Motion","Lessons/Bi-Weekly/Grades_5-6_YearA/Session15_Physics_Motion.md","Individual six distances with cm and accurate force pair on different objects and measurement/faith limit","KEEP + IMPROVE","rebuilt","VERIFICATION REQUIRED"
"CST-C1","5-6","Bi-Weekly","B","Investigation","Forensic Science","Lessons/Bi-Weekly/Grades_5-6_YearB/Session04_Forensic_Science.md","Individual three observations and mark measurement and candidate comparison and source dependence/limit and dignity","REBUILD","rebuilt","VERIFICATION REQUIRED"
"CST-C1","5-6","Bi-Weekly","B","Research","Science and Faith","Lessons/Bi-Weekly/Grades_5-6_YearB/Session09_Science_Faith.md","Individual measured line and supported claim/source/date/limit and rejected absolute and reader-backed explanation revision","KEEP + IMPROVE","rebuilt","VERIFICATION REQUIRED"
"CST-C1","5-6","Bi-Weekly","B","Earth and Space","Space Science","Lessons/Bi-Weekly/Grades_5-6_YearB/Session10_Space_Science.md","Individual correct 1/2 AU scale and limit and matched mission criterion/6-credit constraint and fact/reflection distinction","KEEP + IMPROVE","rebuilt","VERIFICATION REQUIRED"
"CST-C1","5-6","Bi-Weekly","B","Physical Science","Energy Science","Lessons/Bi-Weekly/Grades_5-6_YearB/Session15_Energy_Science.md","Individual six heights with cm and supported support-change retest and energy chain including thermal/sound and faith/measurement limit","KEEP + IMPROVE","rebuilt","VERIFICATION REQUIRED"
"CST-C1","5-6","Weekly","A","Foundations","Welcome to C-STREAM","Lessons/Grades_5-6_YearA/Week01_Welcome_to_CSTREAM.md","Individual supported/unsupported distinction and testable criterion/constraint and listening action","KEEP + IMPROVE","rebuilt","VERIFICATION REQUIRED"
"CST-C1","5-6","Weekly","A","Investigation","Experimental Design","Lessons/Grades_5-6_YearA/Week04_Experimental_Design.md","Individual six valid values with cm and IV/DV/two controls and numerical comparison/limit","REBUILD","rebuilt","VERIFICATION REQUIRED"
"CST-C1","5-6","Weekly","A","Earth and Space","Astronomy","Lessons/Grades_5-6_YearA/Week16_Astronomy.md","Individual 1/2 AU conversions and distance-versus-size limit and evidence/faith distinction","KEEP + IMPROVE","rebuilt","VERIFICATION REQUIRED"
"CST-C1","5-6","Weekly","A","Mathematics","Pi Day","Lessons/Grades_5-6_YearA/Week28_Pi_Day.md","Individual three C/D pairs and checked ratio and repeat/uncertainty and numerical/philosophical distinction","KEEP + IMPROVE","rebuilt","VERIFICATION REQUIRED"
"CST-C1","5-6","Weekly","A","Physical Science","Easter Engineering","Lessons/Grades_5-6_YearA/Week33_Easter_Engineering.md","Individual three change categories and observed/reference distinction and revised panel and faith-symbol limit","KEEP + IMPROVE","rebuilt","VERIFICATION REQUIRED"
"CST-C1","5-6","Weekly","B","Foundations","Welcome Innovators","Lessons/Grades_5-6_YearB/Week01_Welcome_Innovators.md","Individual supported fact/source/limit and user criterion/constraint and listening action","KEEP + IMPROVE","rebuilt","VERIFICATION REQUIRED"
"CST-C1","5-6","Weekly","B","Life Science","Biotechnology","Lessons/Grades_5-6_YearB/Week02-04_Biotechnology.md","Individual five cell labels and 7 of 8 complementary letters and model limit and ethics safeguard","REBUILD","rebuilt","VERIFICATION REQUIRED"
"CST-C1","5-6","Weekly","B","Life Science","Easter Hope","Lessons/Grades_5-6_YearB/Week33_Easter_Hope.md","Individual two ordered living-development models and corrected misconception and caption revision and faith-symbol limit","KEEP + IMPROVE","rebuilt","VERIFICATION REQUIRED"
"CST-C1","K","Bi-Weekly","Single","Life cycles","Easter New Life","Lessons/Bi-Weekly/Kindergarten/Session13_Easter_New_Life.md","Each child orders four living stages and communicates a model limit; biology is distinct from Resurrection teaching.","REBUILD","rebuilt","VERIFICATION REQUIRED"
"CST-C1","K","Bi-Weekly","Single","Reflection","Year Celebration","Lessons/Bi-Weekly/Kindergarten/Session17_Celebration.md","Each child shows an actual dated result or fresh demonstration and communicates an honest next practice step without certifying grade readiness.","KEEP + IMPROVE","rebuilt","VERIFICATION REQUIRED"
"CST-C1","K","Weekly","Single","Reflection","Fall Celebration","Lessons/Kindergarten/Week13_Fall_Celebration.md","Each child communicates one actual dated result or fresh demonstration with an honest limit; enjoyment is separate.","KEEP + IMPROVE","rebuilt","VERIFICATION REQUIRED"
"CST-C1","K","Weekly","Single","Light","Light All Around","Lessons/Kindergarten/Week14-15_Light_All_Around.md","Each child compares a material at fixed distances and identifies flashlight input/output and an evidence-informed tissue design choice.","REBUILD","rebuilt","VERIFICATION REQUIRED"
"CST-C1","K","Weekly","Single","Reflection","New Year Goals","Lessons/Kindergarten/Week18_New_Year_Goals.md","Each child records an actual or explicitly sourced sky observation and states a checkable comparison goal; predictions are separate.","KEEP + IMPROVE","rebuilt","VERIFICATION REQUIRED"
"CST-C1","K","Weekly","Single","Reflection","Catholic Schools Week","Lessons/Kindergarten/Week23_Catholic_Schools_Week.md","Each child links a display to actual evidence and revises the explanation and identifies hypothetical private information and an adult to ask before sharing.","KEEP + IMPROVE","rebuilt","VERIFICATION REQUIRED"
"CST-C1","K","Weekly","Single","Shapes","Circles and Pi","Lessons/Kindergarten/Week28_Circles_and_Pi.md","Each child distinguishes circle/square/ball and extends AB pattern by two shapes; explains readable spacing/color choice.","REPLACE","rebuilt","VERIFICATION REQUIRED"
"CST-C1","K","Weekly","Single","Life cycles","New Life Engineering","Lessons/Kindergarten/Week33_New_Life_Engineering.md","Each child orders four living-insect stages and explains a model limit without equating metamorphosis and Resurrection.","REBUILD","rebuilt","VERIFICATION REQUIRED"
"CST-C1","K","Weekly","Single","Reflection","Year Celebration","Lessons/Kindergarten/Week34_Year_Celebration.md","Each child communicates actual dated evidence and support needed with a next practice step; missing growth evidence is recorded.","KEEP + IMPROVE","rebuilt","VERIFICATION REQUIRED"
"CST-C2","1-2","Bi-Weekly","A","Structures","Bridge Building","Lessons/Bi-Weekly/Grades_1-2_YearA/Session03_Bridge_Building.md","Each child compares flat/folded counts shows change identifies same span/load and who safe crossing serves","REBUILD","rebuilt","VERIFICATION REQUIRED"
"CST-C2","1-2","Bi-Weekly","A","Coding","Robot Friends","Lessons/Bi-Weekly/Grades_1-2_YearA/Session04_Robot_Friends.md","Each child predicts/runs two stored actions changes one and identifies responsible turn; token alternative not real robot mastery","REBUILD","rebuilt","VERIFICATION REQUIRED"
"CST-C2","1-2","Bi-Weekly","A","Service","Thanksgiving Service","Lessons/Bi-Weekly/Grades_1-2_YearA/Session06_Thanksgiving_Service.md","Grade 1: Tell the message and show two choices per child using groups/counting. Grade 2: Explain three groups of two, leftover choices at smaller teams and a recipient-based visual revision.","KEEP + IMPROVE","rebuilt","VERIFICATION REQUIRED"
"CST-C2","1-2","Bi-Weekly","A","Service","Lenten Engineers","Lessons/Bi-Weekly/Grades_1-2_YearA/Session11_Lenten_Engineers.md","Grade 1: Name the helper need, count upright cards and identify a revision. Grade 2: Distinguish criterion/constraint and explain a comparable before/after test.","KEEP + IMPROVE","rebuilt","VERIFICATION REQUIRED"
"CST-C2","1-2","Bi-Weekly","A","New life","Easter Innovation","Lessons/Bi-Weekly/Grades_1-2_YearA/Session13_Easter_Innovation.md","Grade 1: Show a standing test and identify a clearer message feature. Grade 2: Explain a base revision from the test and a separate communication revision from feedback.","KEEP + IMPROVE","rebuilt","VERIFICATION REQUIRED"
"CST-C2","1-2","Bi-Weekly","A","Sound","Sound Engineering","Lessons/Bi-Weekly/Grades_1-2_YearA/Session14_Sound_Engineering.md","Grade 1: Compare high/low outcomes and compose/repeat a four-beat phrase. Grade 2: Name the changed length and kept-same material, distinguish pitch/volume and explain an instrument/rhythm revision.","KEEP + IMPROVE","rebuilt","VERIFICATION REQUIRED"
"CST-C2","1-2","Bi-Weekly","A","Service","Community Helpers","Lessons/Bi-Weekly/Grades_1-2_YearA/Session16_Community_Helpers.md","Grade 1: Show two groups of three and identify a useful feature/test. Grade 2: Explain 3 + 3 = 6 with a model, a material constraint and a revision linked to retrieval evidence.","KEEP + IMPROVE","rebuilt","VERIFICATION REQUIRED"
"CST-C2","1-2","Bi-Weekly","B","Design","Design Detectives","Lessons/Bi-Weekly/Grades_1-2_YearB/Session01_Design_Detectives.md","Grade 1: Name a tool's job and compare lengths from aligned starts. Grade 2: Record a length with units and explain a user/access feature rather than call longest best.","KEEP + IMPROVE","rebuilt","VERIFICATION REQUIRED"
"CST-C2","1-2","Bi-Weekly","B","Service","Gratitude Gifts","Lessons/Bi-Weekly/Grades_1-2_YearB/Session06_Gratitude_Gifts.md","Grade 1: Show a two-part total of six with drawn spaces and tell the message. Grade 2: Explain the number relationship, offer another valid split and show an audience-based visual revision.","KEEP + IMPROVE","rebuilt","VERIFICATION REQUIRED"
"CST-C2","1-2","Bi-Weekly","B","Service","Lenten Love","Lessons/Bi-Weekly/Grades_1-2_YearB/Session11_Lenten_Love.md","Grade 1: Represent four-plus-four and show a useful function test. Grade 2: Explain the equation with groups, compare a nonmatching allocation and justify a test-based revision.","KEEP + IMPROVE","rebuilt","VERIFICATION REQUIRED"
"CST-C2","1-2","Bi-Weekly","B","New life","Easter Joy","Lessons/Bi-Weekly/Grades_1-2_YearB/Session13_Easter_Joy.md","Grade 1: Compose/repeat four positions and identify a purposeful beat/rest choice. Grade 2: Represent the repeated unit, predict its next four positions and explain a musical/gesture revision for audience meaning.","KEEP + IMPROVE","rebuilt","VERIFICATION REQUIRED"
"CST-C2","1-2","Bi-Weekly","B","Machines","Simple Machines","Lessons/Bi-Weekly/Grades_1-2_YearB/Session15_Simple_Machines.md","Grade 1: Compare path lengths and demonstrate/describe a safe lever lift. Grade 2: Calculate/explain the path-length difference within 20 using units and distinguish measured distance from unmeasured effort.","KEEP + IMPROVE","rebuilt","VERIFICATION REQUIRED"
"CST-C2","1-2","Weekly","A","Service","Engineering for Others","Lessons/Grades_1-2_YearA/Week07-09_Engineering_for_Others.md","Grade 1: Name the user need, show a safe test and identify a change. Grade 2: Distinguish criterion from material limit and compare successes out of two before and after a one-feature revision.","KEEP + IMPROVE","rebuilt","VERIFICATION REQUIRED"
"CST-C2","1-2","Weekly","A","Service","Making Gifts","Lessons/Grades_1-2_YearA/Week12_Making_Gifts.md","Grade 1: Show a successful page mark and tell one purposeful picture choice. Grade 2: Explain both the functional constraint and audience choice; show a revision following specific feedback.","KEEP + IMPROVE","rebuilt","VERIFICATION REQUIRED"
"CST-C2","1-2","Weekly","A","Reflection","New Year Goals","Lessons/Grades_1-2_YearA/Week18_New_Year_Goals.md","Grade 1: Order two or three concrete actions and identify one actual practice. Grade 2: Repair an order problem, explain how the action includes someone and distinguish an attempt from an outcome.","KEEP + IMPROVE","rebuilt","VERIFICATION REQUIRED"
"CST-C2","1-2","Weekly","A","Service","Helping Hands Design","Lessons/Grades_1-2_YearA/Week26-27_Helping_Hands_Design.md","Grade 1: Name the user need, demonstrate one criterion check and give a reason for a choice. Grade 2: Compare both options against three criteria, explain a test-based revision and a specific tradeoff.","KEEP + IMPROVE","rebuilt","VERIFICATION REQUIRED"
"CST-C2","1-2","Weekly","B","Coding","Dash Robot Adventures","Lessons/Grades_1-2_YearB/Week02-03_Dash_Adventures.md","Each child predicts/runs/stops changes one instruction compares target distance and fair turn; token alternative T2 only","REBUILD","rebuilt","VERIFICATION REQUIRED"
"CST-C2","1-2","Weekly","B","Observation","Senses and Discovery","Lessons/Grades_1-2_YearB/Week04_Senses_Discovery.md","Individual two details sketch comparison/property sort and inclusive method; Grade 2 two rules","REBUILD","rebuilt","VERIFICATION REQUIRED"
"CST-C2","1-2","Weekly","B","Service","Gifts for Others","Lessons/Grades_1-2_YearB/Week12_Gifts_Others.md","Grade 1: Show a page-marking test and explain one meaningful symbol. Grade 2: Identify the flatness constraint, audience choice and an evidence-based visual revision.","KEEP + IMPROVE","rebuilt","VERIFICATION REQUIRED"
"CST-C2","1-2","Weekly","B","Reflection","Growth Goals","Lessons/Grades_1-2_YearB/Week18_Growth_Goals.md","Grade 1: Measure from a common start and order a concrete helping routine. Grade 2: Record two lengths with units, explain a sequence repair and distinguish task data from personal worth.","KEEP + IMPROVE","rebuilt","VERIFICATION REQUIRED"
"CST-C2","1-2","Weekly","B","Invention","Invention Labs","Lessons/Grades_1-2_YearB/Week19-22_Invention_Labs.md","Grade 1: Name a user need and material limit, show a safe test and identify a revision from an actual result. Grade 2: Distinguish criterion/constraint, compare successes out of two before/after and defend a recommendation with a limitation/tradeoff.","KEEP + IMPROVE","rebuilt","VERIFICATION REQUIRED"
"CST-C2","1-2","Weekly","B","Motion","Friendship Machines","Lessons/Grades_1-2_YearB/Week24-25_Friendship_Machines.md","Grade 1: Show two events and count three trial successes. Grade 2: Compare before/after success counts, name a kept-same test condition and explain the metaphor limit.","KEEP + IMPROVE","rebuilt","VERIFICATION REQUIRED"
"CST-C2","1-2","Weekly","B","Mathematics","Math Day Games","Lessons/Grades_1-2_YearB/Week28_Math_Games.md","Grade 1: Combine within 10 using counters, compare two totals and extend AB by two elements. Grade 2: Use a demonstrated within-20 strategy, explain why one total is larger and repair an ABB/AAB pattern.","KEEP + IMPROVE","rebuilt","VERIFICATION REQUIRED"
"CST-C2","3-4","Bi-Weekly","A","Foundations","Engineering Design","Lessons/Bi-Weekly/Grades_3-4_YearA/Session01_Engineering_Design.md","Individual: user/criteria, two actual tests, justified change and individual fair turn.","KEEP + IMPROVE","rebuilt","VERIFICATION REQUIRED"
"CST-C2","3-4","Bi-Weekly","A","Computing","Dash and Code","Lessons/Bi-Weekly/Grades_3-4_YearA/Session02_Dash_Code.md","Individual route/debug and measured result; paper CT versus logged real operation; model labels gated; desk simulation only","REBUILD","rebuilt","VERIFICATION REQUIRED"
"CST-C2","3-4","Bi-Weekly","A","Structures","Bridge Engineering","Lessons/Bi-Weekly/Grades_3-4_YearA/Session03_Bridge_Engineering.md","Individual: measured span, two actual counts, criterion/control and evidence-based revision.","KEEP + IMPROVE","rebuilt","VERIFICATION REQUIRED"
"CST-C2","3-4","Bi-Weekly","A","Computing","Scratch Intro","Lessons/Bi-Weekly/Grades_3-4_YearA/Session05_Scratch_Intro.md","Individual: four-repeat prediction, correction/retest and observed operation/ fair turn.","KEEP + IMPROVE","rebuilt","VERIFICATION REQUIRED"
"CST-C2","3-4","Bi-Weekly","A","Gratitude communication","Gratitude Tech","Lessons/Bi-Weekly/Grades_3-4_YearA/Session06_Gratitude_Tech.md","Individual: specific respectful message, observed digital actions, reader-backed revision and safe sharing choice.","KEEP + IMPROVE","rebuilt","VERIFICATION REQUIRED"
"CST-C2","3-4","Bi-Weekly","A","Circuits","Light and Circuits","Lessons/Bi-Weekly/Grades_3-4_YearA/Session07_Light_Circuits.md","Individual return-path/state prediction and two-cycle physical turn and repair plus revised message; hardware preflight required; paper is reasoning/art only","REBUILD","rebuilt","VERIFICATION REQUIRED"
"CST-C2","3-4","Bi-Weekly","A","Computing art","Scratch Animation","Lessons/Bi-Weekly/Grades_3-4_YearA/Session08_Scratch_Animation.md","Individual: correct three-event trace, observed operation and story revision.","KEEP + IMPROVE","rebuilt","VERIFICATION REQUIRED"
"CST-C2","3-4","Bi-Weekly","A","Weather","Weather Science","Lessons/Bi-Weekly/Grades_3-4_YearA/Session10_Weather_Science.md","Individual: two actual depths/units, accurate cycle model, tool limit and inclusive message.","KEEP + IMPROVE","rebuilt","VERIFICATION REQUIRED"
"CST-C2","3-4","Bi-Weekly","A","Service design","Lenten Engineering","Lessons/Bi-Weekly/Grades_3-4_YearA/Session11_Lenten_Engineering.md","Individual: stated need, actual repeated user tests, justified revision and qualified recommendation; service completion separately requires teacher handover.","KEEP + IMPROVE","rebuilt","VERIFICATION REQUIRED"
"CST-C2","3-4","Bi-Weekly","A","Computing","Dash Challenge","Lessons/Bi-Weekly/Grades_3-4_YearA/Session14_Dash_Challenge.md","Individual: correct route/debug reasoning and observed operation/measurement.","KEEP + IMPROVE","rebuilt","VERIFICATION REQUIRED"
"CST-C2","3-4","Bi-Weekly","A","Circuits","Little Bits","Lessons/Bi-Weekly/Grades_3-4_YearA/Session16_Little_Bits.md","Individual: real contribution/two-cycle test, input-output explanation and tested label revision.","KEEP + IMPROVE","rebuilt","VERIFICATION REQUIRED"
"CST-C2","3-4","Bi-Weekly","B","Foundations","Design Thinking","Lessons/Bi-Weekly/Grades_3-4_YearB/Session01_Design_Thinking.md","Individual: user-centered statement, actual retests and justified visual choice.","KEEP + IMPROVE","rebuilt","VERIFICATION REQUIRED"
"CST-C2","3-4","Bi-Weekly","B","Computing","Scratch Games","Lessons/Bi-Weekly/Grades_3-4_YearB/Session05_Scratch_Games.md","Individual: boundary/reset trace, observed operation, explanation of correction or verified correct result.","REBUILD","rebuilt","VERIFICATION REQUIRED"
"CST-C2","3-4","Bi-Weekly","B","Gratitude design","Thanksgiving Design","Lessons/Bi-Weekly/Grades_3-4_YearB/Session06_Thanksgiving_Design.md","Individual: function/reader results and deliberate form revision, not emotional enthusiasm.","KEEP + IMPROVE","rebuilt","VERIFICATION REQUIRED"
"CST-C2","3-4","Bi-Weekly","B","Circuits","Christmas Circuits","Lessons/Bi-Weekly/Grades_3-4_YearB/Session07_Christmas_Circuits.md","Individual return path/gap/repair and two-cycle physical turn and revised Nativity message; hardware preflight required; paper is reasoning/art only","REBUILD","rebuilt","VERIFICATION REQUIRED"
"CST-C2","3-4","Bi-Weekly","B","Communication art","Digital Stories","Lessons/Bi-Weekly/Grades_3-4_YearB/Session08_Digital_Stories.md","Individual: coherent three-part story, actual operation, critique-backed revision and privacy choice.","KEEP + IMPROVE","rebuilt","VERIFICATION REQUIRED"
"CST-C2","3-4","Bi-Weekly","B","Service design","Lenten Service","Lessons/Bi-Weekly/Grades_3-4_YearB/Session11_Lenten_Service.md","Individual: user criterion, actual before/after, justified recommendation. Completed classroom service separately requires accepted card/use.","KEEP + IMPROVE","rebuilt","VERIFICATION REQUIRED"
"CST-C2","3-4","Bi-Weekly","B","Interactive tools","Makey Makey","Lessons/Bi-Weekly/Grades_3-4_YearB/Session16_Makey_Makey.md","Individual: two verified physical inputs/two cycles, correct trace and deliberate musical/interface revision.","KEEP + IMPROVE","rebuilt","VERIFICATION REQUIRED"
"CST-C2","3-4","Weekly","A","Foundations","Welcome to C-STREAM","Lessons/Grades_3-4_YearA/Week01_Welcome_to_CSTREAM.md","Individual: two verifiable details, investigable question and observed fair turn (C1/C2/S1). Partial = developing; missing = not yet evidenced; excitement not assessed.","KEEP + IMPROVE","rebuilt","VERIFICATION REQUIRED"
"CST-C2","3-4","Weekly","A","Computing","Sphero Advanced Coding","Lessons/Grades_3-4_YearA/Week02-03_Sphero_Advanced.md","Individual route and 8-roll trace plus debug; device edit/run logged separately; desk simulation only and model gate remains","REBUILD","rebuilt","VERIFICATION REQUIRED"
"CST-C2","3-4","Weekly","A","Service design","Community Helpers","Lessons/Grades_3-4_YearA/Week07-09_Community_Helpers.md","Individual: user need/limits, real results, critique-backed revision and qualified recommendation.","KEEP + IMPROVE","rebuilt","VERIFICATION REQUIRED"
"CST-C2","3-4","Weekly","A","Structures","Bridge Engineering","Lessons/Grades_3-4_YearA/Week10_Bridge_Engineering.md","Two capped counts and whole-number difference plus kept-same condition; 20-minute-prep desk simulation not classroom certification","REBUILD","rebuilt","VERIFICATION REQUIRED"
"CST-C2","3-4","Weekly","A","Gratitude","Coding Gratitude","Lessons/Grades_3-4_YearA/Week11_Coding_Gratitude.md","Individual: correct trigger/trace, observed operation and specific message revision.","KEEP + IMPROVE","rebuilt","VERIFICATION REQUIRED"
"CST-C2","3-4","Weekly","A","Service design","Giving Through Making","Lessons/Grades_3-4_YearA/Week12_Giving_Through_Making.md","Individual: stated user need, two versions actually tested, criterion checked and purposeful visual explanation (C2/E1/E2/A2).","KEEP + IMPROVE","rebuilt","VERIFICATION REQUIRED"
"CST-C2","3-4","Weekly","A","Computing","Scratch Programming","Lessons/Grades_3-4_YearA/Week24-25_Scratch_Programming.md","Individual: correct trace/condition/reset plus observed edit/run and rule revision.","KEEP + IMPROVE","rebuilt","VERIFICATION REQUIRED"
"CST-C2","3-4","Weekly","A","Circuits","Snap Circuits - Build Test and Design","Lessons/Grades_3-4_YearA/Week26-27_Little_Bits_Circuits.md","Individual return-path/state prediction and two-cycle physical turn and repair evidence and before/after 1 m label test; paper is reasoning only; kit inspection and classroom timing remain gated","KEEP + IMPROVE","rebuilt","VERIFICATION REQUIRED"
"CST-C2","3-4","Weekly","B","Structures","Architectural Marvels","Lessons/Grades_3-4_YearB/Week07-09_Architectural_Marvels.md","Individual: three understandable views, criteria/limits, actual retest and purposeful welcome/form explanation.","KEEP + IMPROVE","rebuilt","VERIFICATION REQUIRED"
"CST-C2","3-4","Weekly","B","Gratitude data","Thanksgiving Gratitude","Lessons/Grades_3-4_YearB/Week11_Thanksgiving_Gratitude.md","Individual: accurate counts/labels, correct comparison and privacy/interpretation limit with visible revision.","KEEP + IMPROVE","rebuilt","VERIFICATION REQUIRED"
"CST-C2","3-4","Weekly","B","Service design","Gifts for Others","Lessons/Grades_3-4_YearB/Week12_Gifts_Others.md","Individual: user/criterion, actual four test counts and justified layout revision.","KEEP + IMPROVE","rebuilt","VERIFICATION REQUIRED"
"CST-C2","3-4","Weekly","B","Computing","Game Design Studio","Lessons/Grades_3-4_YearB/Week19-22_Game_Design.md","Individual 0-1-2-3-3 reset trace and test-backed revision; actual edits logged; desk simulation not live Scratch execution","REBUILD","rebuilt","VERIFICATION REQUIRED"
"CST-C2","3-4","Weekly","B","Community data","Catholic Schools Week","Lessons/Grades_3-4_YearB/Week23_Catholic_Schools.md","Individual: accurate chart/comparison, responsible caption/source and access choice.","KEEP + IMPROVE","rebuilt","VERIFICATION REQUIRED"
"CST-C2","3-4","Weekly","B","Weather data","Weather Station","Lessons/Grades_3-4_YearB/Week29-31_Weather_Station.md","Individual units/source/graph comparison; simulated weather not actual forecast; three desk-simulated meetings only","REBUILD","rebuilt","VERIFICATION REQUIRED"
"CST-C2","5-6","Bi-Weekly","A","Foundations","Design Process","Lessons/Bi-Weekly/Grades_5-6_YearA/Session01_Design_Process.md","Individual stated need/criterion/constraint and baseline/retest counts and justified revision/dignity","KEEP + IMPROVE","rebuilt","VERIFICATION REQUIRED"
"CST-C2","5-6","Bi-Weekly","A","Computing","Sphero Advanced","Lessons/Bi-Weekly/Grades_5-6_YearA/Session02_Sphero_Advanced.md","Individual four outputs including boundary 30 and loop/input/output/debug/access reason; real readings separately logged","REBUILD","rebuilt","VERIFICATION REQUIRED"
"CST-C2","5-6","Bi-Weekly","A","Life Science","Body Systems","Lessons/Bi-Weekly/Grades_5-6_YearA/Session04_Body_Systems.md","Individual five-part directed loop and four chambers/functions and blood-color/model limit and dignity","KEEP + IMPROVE","rebuilt","VERIFICATION REQUIRED"
"CST-C2","5-6","Bi-Weekly","A","Computing","Scratch Advanced","Lessons/Bi-Weekly/Grades_5-6_YearA/Session05_Scratch_Advanced.md","Individual 0/1/2/3/3 trace and loop count and corrected bug and access choice","REBUILD","rebuilt","VERIFICATION REQUIRED"
"CST-C2","5-6","Bi-Weekly","A","Service","Thanksgiving Innovation","Lessons/Bi-Weekly/Grades_5-6_YearA/Session06_Thanksgiving_Innovation.md","Individual criterion/constraint and three request records/retest and supported limited pitch/consent","KEEP + IMPROVE","rebuilt","VERIFICATION REQUIRED"
"CST-C2","5-6","Bi-Weekly","A","Computing","App Inventor","Lessons/Bi-Weekly/Grades_5-6_YearA/Session08_App_Inventor.md","Individual four outputs and reset correction and observed edit/run and privacy/access reason; paper shift explicit","REBUILD","rebuilt","VERIFICATION REQUIRED"
"CST-C2","5-6","Bi-Weekly","A","Service","Lenten Engineering","Lessons/Bi-Weekly/Grades_5-6_YearA/Session11_Lenten_Engineering.md","Individual criterion/constraint and checked inventory/reader test and actual acceptance status and consent/impact limit","KEEP + IMPROVE","rebuilt","VERIFICATION REQUIRED"
"CST-C2","5-6","Bi-Weekly","A","Communication","Easter Technology","Lessons/Bi-Weekly/Grades_5-6_YearA/Session13_Easter_Tech.md","Individual message revision and source/paraphrase/original-media status and audience access; actual route explicit","KEEP + IMPROVE","rebuilt","VERIFICATION REQUIRED"
"CST-C2","5-6","Bi-Weekly","A","Computing","Sphero Challenge","Lessons/Bi-Weekly/Grades_5-6_YearA/Session14_Sphero_Challenge.md","Individual route correction/reset and baseline/retest and safety/access reason; actual robot endpoints separate","REBUILD","rebuilt","VERIFICATION REQUIRED"
"CST-C2","5-6","Bi-Weekly","A","Capstone","Advanced Invention","Lessons/Bi-Weekly/Grades_5-6_YearA/Session16_Advanced_Invention.md","Individual criterion/constraint and three baseline/retest records and justified revision/user-access limit","REBUILD","rebuilt","VERIFICATION REQUIRED"
"CST-C2","5-6","Bi-Weekly","B","Foundations","Engineering Thinking","Lessons/Bi-Weekly/Grades_5-6_YearB/Session01_Engineering_Thinking.md","Individual stated need/criterion/constraint and baseline/retest and supported revision/access reason","KEEP + IMPROVE","rebuilt","VERIFICATION REQUIRED"
"CST-C2","5-6","Bi-Weekly","B","Computing","Sphero Sensors","Lessons/Bi-Weekly/Grades_5-6_YearB/Session02_Sphero_Sensors.md","Individual four-output table and exact-boundary trace and corrected comparison and limitation","REBUILD","rebuilt","VERIFICATION REQUIRED"
"CST-C2","5-6","Bi-Weekly","B","Structures","Architecture","Lessons/Bi-Weekly/Grades_5-6_YearB/Session03_Architecture.md","Individual measured doorway/path and criterion and purposeful form revision and dignity/model limit","KEEP + IMPROVE","rebuilt","VERIFICATION REQUIRED"
"CST-C2","5-6","Bi-Weekly","B","Investigation","Forensic Science","Lessons/Bi-Weekly/Grades_5-6_YearB/Session04_Forensic_Science.md","Individual three observations and mark measurement and candidate comparison and source dependence/limit and dignity","REBUILD","rebuilt","VERIFICATION REQUIRED"
"CST-C2","5-6","Bi-Weekly","B","Computing","Scratch Games","Lessons/Bi-Weekly/Grades_5-6_YearB/Session05_Scratch_Games.md","Individual two-round score traces and reset correction/retest and observed run and welcoming feedback/play reason","REBUILD","rebuilt","VERIFICATION REQUIRED"
"CST-C2","5-6","Bi-Weekly","B","Service","Gratitude Design","Lessons/Bi-Weekly/Grades_5-6_YearB/Session06_Gratitude_Design.md","Individual specific thank-you message and reader-backed revision and recipient consent/private-sharing decision","KEEP + IMPROVE","rebuilt","VERIFICATION REQUIRED"
"CST-C2","5-6","Bi-Weekly","B","Computing","Advent Coding","Lessons/Bi-Weekly/Grades_5-6_YearB/Session07_Advent_Coding.md","Individual 0/1/1/0 state trace and corrected reset test and message revision/access reason; actual run separate","KEEP + IMPROVE","rebuilt","VERIFICATION REQUIRED"
"CST-C2","5-6","Bi-Weekly","B","Computing","App Design","Lessons/Bi-Weekly/Grades_5-6_YearB/Session08_App_Design.md","Individual three input traces and branch correction and observed run and privacy/access reason; paper shift explicit","REBUILD","rebuilt","VERIFICATION REQUIRED"
"CST-C2","5-6","Bi-Weekly","B","Service","Mercy Engineering","Lessons/Bi-Weekly/Grades_5-6_YearB/Session11_Mercy_Engineering.md","Individual criterion/constraint and two learner readings and revision/implementation status and consent/impact limit","KEEP + IMPROVE","rebuilt","VERIFICATION REQUIRED"
"CST-C2","5-6","Bi-Weekly","B","Communication","New Life Technology","Lessons/Bi-Weekly/Grades_5-6_YearB/Session13_New_Life_Tech.md","Individual coherent message and two four-beat bars and reader-backed revision and source/media/access reason; actual route explicit","KEEP + IMPROVE","rebuilt","VERIFICATION REQUIRED"
"CST-C2","5-6","Bi-Weekly","B","Computing","Robot Olympics","Lessons/Bi-Weekly/Grades_5-6_YearB/Session14_Robot_Olympics.md","Individual correct route/reset correction and baseline/retest and safe-role reason; actual endpoint evidence separate","REBUILD","rebuilt","VERIFICATION REQUIRED"
"CST-C2","5-6","Bi-Weekly","B","Capstone","Innovation Lab","Lessons/Bi-Weekly/Grades_5-6_YearB/Session16_Innovation_Lab.md","Individual criterion/constraint and three baseline/retest requests and justified revision/privacy/PASS safeguard","REBUILD","rebuilt","VERIFICATION REQUIRED"
"CST-C2","5-6","Weekly","A","Computing","Sphero Mastery","Lessons/Grades_5-6_YearA/Week02-03_Sphero_Mastery.md","Individual four-turn trace and three endpoint measurements and safety/access explanation","REBUILD","rebuilt","VERIFICATION REQUIRED"
"CST-C2","5-6","Weekly","A","Service","Social Innovation","Lessons/Grades_5-6_YearA/Week07-09_Social_Innovation.md","Individual criterion/constraint and four requests/retest and 2-dollar example and supported dignity/limit defense","KEEP + IMPROVE","rebuilt","VERIFICATION REQUIRED"
"CST-C2","5-6","Weekly","A","Computing","Gratitude Coding","Lessons/Grades_5-6_YearA/Week11_Gratitude_Coding.md","Individual 0/1/2/2/0 length trace and first-item retrieval and corrected test and privacy/opt-out reason; device turn separate","KEEP + IMPROVE","rebuilt","VERIFICATION REQUIRED"
"CST-C2","5-6","Weekly","A","Service","Giving and Making","Lessons/Grades_5-6_YearA/Week12_Giving_Making.md","Individual criterion/constraint and two reader checks/revision and purposeful layout/recipient choice","KEEP + IMPROVE","rebuilt","VERIFICATION REQUIRED"
"CST-C2","5-6","Weekly","A","Communication","Fall Showcase","Lessons/Grades_5-6_YearA/Week13_Fall_Showcase.md","Individual recorded result/limit and reader question/caption revision and accessible sharing choice","KEEP + IMPROVE","rebuilt","VERIFICATION REQUIRED"
"CST-C2","5-6","Weekly","A","Service","Catholic Schools Week","Lessons/Grades_5-6_YearA/Week23_Catholic_Schools_Week.md","Individual accurate concept/result/limit and learner response and revised instruction/access decision","KEEP + IMPROVE","rebuilt","VERIFICATION REQUIRED"
"CST-C2","5-6","Weekly","A","Physical Computing","Snap Circuits - Accessible Indicators","Lessons/Grades_5-6_YearA/Week26-27_Little_Bits.md","Individual full path and two-state predictions/two cycles and physical turn and repair and before/after 1 m label test and access tradeoff; separate protected-AA route retains four states; preflight remains gated","REBUILD","rebuilt","VERIFICATION REQUIRED"
"CST-C2","5-6","Weekly","B","Life Science","Biotechnology","Lessons/Grades_5-6_YearB/Week02-04_Biotechnology.md","Individual five cell labels and 7 of 8 complementary letters and model limit and ethics safeguard","REBUILD","rebuilt","VERIFICATION REQUIRED"
"CST-C2","5-6","Weekly","B","Data","Thanksgiving Data","Lessons/Grades_5-6_YearB/Week11_Thanksgiving_Data.md","Individual five bars/total 20 and difference 4 and private-data/opt-out reason","KEEP + IMPROVE","rebuilt","VERIFICATION REQUIRED"
"CST-C2","5-6","Weekly","B","Service","Gifts of Service","Lessons/Grades_5-6_YearB/Week12_Gifts_Service.md","Individual criterion/constraint and three-option reader test/revision and purposeful layout/consent","KEEP + IMPROVE","rebuilt","VERIFICATION REQUIRED"
"CST-C2","5-6","Weekly","B","Computing","App Development","Lessons/Grades_5-6_YearB/Week14-18_App_Development.md","Individual three-input trace and corrected bug and tested visual revision and privacy/access decision","REBUILD","rebuilt","VERIFICATION REQUIRED"
"CST-C2","5-6","Weekly","B","Service","Social Entrepreneurship","Lessons/Grades_5-6_YearB/Week20-23_Social_Entrepreneurship.md","Individual A/B budgets 12/7/5 and 6/7/-1 and 25-minute capacity and workflow retest and fair-access pitch/limit","KEEP + IMPROVE","rebuilt","VERIFICATION REQUIRED"
"CST-C2","5-6","Weekly","B","Service","Catholic Schools Week","Lessons/Grades_5-6_YearB/Week24_Catholic_Schools.md","Individual five bars/total 12 and comparison/source/date and learner response/inclusion reason","KEEP + IMPROVE","rebuilt","VERIFICATION REQUIRED"
"CST-C2","5-6","Weekly","B","Design","Health Technology","Lessons/Grades_5-6_YearB/Week25-28_Health_Technology.md","Individual criterion/constraint and six baseline/retest transitions and purposeful layout/revision and consent/access/nonclinical limit","KEEP + IMPROVE","rebuilt","VERIFICATION REQUIRED"
"CST-C2","K","Bi-Weekly","Single","Ramps","Simple Machines","Lessons/Bi-Weekly/Kindergarten/Session05_Simple_Machines.md","Each child reports roll or slide or stay and compares marked ramp rise with the same object and release point; no speed inference.","KEEP + IMPROVE","rebuilt","VERIFICATION REQUIRED"
"CST-C2","K","Bi-Weekly","Single","Service art","Thanksgiving Wonder","Lessons/Bi-Weekly/Kindergarten/Session06_Thanksgiving.md","Each child explains a respectful gratitude idea and an actual communication revision after listener feedback.","KEEP + IMPROVE","rebuilt","VERIFICATION REQUIRED"
"CST-C2","K","Bi-Weekly","Single","Light art","Advent Light","Lessons/Bi-Weekly/Kindergarten/Session07_Advent_Light.md","Each child counts chosen symbol points and explains a purposeful placement and kind message; paper is not a light source.","KEEP + IMPROVE","rebuilt","VERIFICATION REQUIRED"
"CST-C2","K","Bi-Weekly","Single","Community art","Our Catholic School","Lessons/Bi-Weekly/Kindergarten/Session09_Catholic_Schools.md","Each child names a school contribution and explains a visual-message clarification and identifies hypothetical private information and an adult sharing permission.","KEEP + IMPROVE","rebuilt","VERIFICATION REQUIRED"
"CST-C2","K","Bi-Weekly","Single","Sound","Sound and Music","Lessons/Bi-Weekly/Kindergarten/Session14_Sound_Music.md","Each child indicates an observed vibration and communicates an intentional four-beat sound or silence phrase with accessible roles.","KEEP + IMPROVE","rebuilt","VERIFICATION REQUIRED"
"CST-C2","K","Bi-Weekly","Single","Service art and algorithms","Helping Others","Lessons/Bi-Weekly/Kindergarten/Session15_Helping_Others.md","Each child explains a respectful message choice and predicts the endpoint and tests a correction to two picture commands.","KEEP + IMPROVE","rebuilt","VERIFICATION REQUIRED"
"CST-C2","K","Weekly","Single","Movement","Exploring Movement with Sphero","Lessons/Kindergarten/Week02-03_Sphero_Movement.md","Each child predicts two moves and corrects a wrong card; identifies input/output; hardware drive recorded only if performed; programming not assessed.","REBUILD","rebuilt","VERIFICATION REQUIRED"
"CST-C2","K","Weekly","Single","Service design","Engineering Helpers","Lessons/Kindergarten/Week07-09_Engineering_Helpers.md","Each child states the two-cup criterion and compares actual same-path results after one change with a plan drawing.","REBUILD","rebuilt","VERIFICATION REQUIRED"
"CST-C2","K","Weekly","Single","Structures","Bridges Connect Us","Lessons/Kindergarten/Week10_Bridges_Connect_Us.md","Each child identifies deck and supports and counts two supports and one load while comparing actual same-load tests.","KEEP + IMPROVE","rebuilt","VERIFICATION REQUIRED"
"CST-C2","K","Weekly","Single","Algorithms","Coding Thankfulness","Lessons/Kindergarten/Week11_Coding_Thankfulness.md","Each child predicts the two-command endpoint and tests a correction while explaining a respectful message; software execution is separate.","REBUILD","rebuilt","VERIFICATION REQUIRED"
"CST-C2","K","Weekly","Single","Service art","Making Gifts for Others","Lessons/Kindergarten/Week12_Making_Gifts.md","Each child identifies a recipient and purposeful visual choice and explains a revision that clarified meaning.","KEEP + IMPROVE","rebuilt","VERIFICATION REQUIRED"
"CST-C2","K","Weekly","Single","Algorithms","Dash Robot Friends","Lessons/Kindergarten/Week24-25_Dash_Robot_Friends.md","Each child predicts three-command endpoint and fixes wrong card; input/output and count checked; actual block execution on Dash recorded only if performed.","REBUILD","rebuilt","VERIFICATION REQUIRED"
"CST-C2","K","Weekly","Single","Service design","Helping Hands Engineering","Lessons/Kindergarten/Week26-27_Helping_Hands.md","Each child states the requested book-standing and picture-visibility criteria and compares two tests with a plan and tradeoff reason.","KEEP + IMPROVE","rebuilt","VERIFICATION REQUIRED"
"CST-C3","1-2","Bi-Weekly","A","Structures","Wonder Engineers","Lessons/Bi-Weekly/Grades_1-2_YearA/Session01_Wonder_Engineers.md","Grade 1: Show a standing test, count/compare height and point to a changed support. Grade 2: Name the criterion and limit, compare measured results and explain a test-based change.","KEEP + IMPROVE","rebuilt","VERIFICATION REQUIRED"
"CST-C3","1-2","Bi-Weekly","A","Patterns","Gods Patterns","Lessons/Bi-Weekly/Grades_1-2_YearA/Session02_Gods_Patterns.md","Grade 1: Identify AB, extend by two elements and explain one purposeful choice. Grade 2: Identify ABB/AAB, repair an error and explain the prediction using the unit.","KEEP + IMPROVE","rebuilt","VERIFICATION REQUIRED"
"CST-C3","1-2","Bi-Weekly","A","Observation","Nature Exploration","Lessons/Bi-Weekly/Grades_1-2_YearA/Session05_Nature_Exploration.md","Grade 1: Represent two details, distinguish leaf from stone and count visible features once. Grade 2: Explain all three categories and a count comparison without claiming a picture proves current growth.","KEEP + IMPROVE","rebuilt","VERIFICATION REQUIRED"
"CST-C3","1-2","Bi-Weekly","A","Coding","Coding Basics","Lessons/Bi-Weekly/Grades_1-2_YearA/Session08_Coding_Basics.md","Grade 1: Individually connect/run the sequence and identify the changed motion count. Grade 2: Predict the changed endpoint, explain the rerun/reset and distinguish digital steps from cm.","KEEP + IMPROVE","rebuilt","VERIFICATION REQUIRED"
"CST-C3","1-2","Bi-Weekly","A","Coding","Robot Challenge","Lessons/Bi-Weekly/Grades_1-2_YearA/Session15_Robot_Challenge.md","Grade 1: Individually Run/Stop a stored route and point to a changed block. Grade 2: Explain a reset/measured endpoint correction and trace both blue/red inputs without claiming robot sensing.","KEEP + IMPROVE","rebuilt","VERIFICATION REQUIRED"
"CST-C3","1-2","Bi-Weekly","B","Structures","Tower Power","Lessons/Bi-Weekly/Grades_1-2_YearB/Session02_Tower_Power.md","Grade 1: Measure from the table and show a tested base change. Grade 2: Record units/two results, interpret the chart and explain why matching height matters.","KEEP + IMPROVE","rebuilt","VERIFICATION REQUIRED"
"CST-C3","1-2","Bi-Weekly","B","Coding","Meet Sphero","Lessons/Bi-Weekly/Grades_1-2_YearB/Session03_Sphero_Intro.md","Individual predicts/runs/stops stored color/roll changes one block and names equipment care; token algorithm only","REBUILD","rebuilt","VERIFICATION REQUIRED"
"CST-C3","1-2","Bi-Weekly","B","Growth","Garden Engineers","Lessons/Bi-Weekly/Grades_1-2_YearB/Session05_Garden_Engineers.md","Individual two needs light/access constraints and layout test/revision; planting does not prove same-day growth","REBUILD","rebuilt","VERIFICATION REQUIRED"
"CST-C3","1-2","Bi-Weekly","B","Coding","Sphero Challenge","Lessons/Bi-Weekly/Grades_1-2_YearB/Session14_Sphero_Challenge.md","Grade 1: Individually Run/Stop a stored program and identify a changed block/result. Grade 2: Represent two measured endpoints with the same units, explain the one-parameter correction and a kept-same condition.","KEEP + IMPROVE","rebuilt","VERIFICATION REQUIRED"
"CST-C3","1-2","Bi-Weekly","B","Stewardship","Earth Care","Lessons/Bi-Weekly/Grades_1-2_YearB/Session16_Earth_Care.md","Grade 1: Sort with the supplied rules, count three groups and show a reuse action. Grade 2: Explain 4 + 4 + 4 = 12 and modeled 8 - 4 = 4, distinguish example data from actual waste and propose a feasible need/limit.","KEEP + IMPROVE","rebuilt","VERIFICATION REQUIRED"
"CST-C3","1-2","Weekly","A","Coding","Sphero Coding Adventures","Lessons/Grades_1-2_YearA/Week02-03_Sphero_Coding.md","Each child predicts/runs/stops ordered actions changes one parameter compares travel and records care; token path has T2 only","REBUILD","rebuilt","VERIFICATION REQUIRED"
"CST-C3","1-2","Weekly","A","Observation","Wonder Walk Scientists","Lessons/Grades_1-2_YearA/Week04_Wonder_Walk.md","Individual two details sketch one question category reason and protective action; no writing required for Grade 1","REBUILD","rebuilt","VERIFICATION REQUIRED"
"CST-C3","1-2","Weekly","A","Structures","KEVA Engineering Challenge","Lessons/Grades_1-2_YearA/Week05-06_KEVA_Engineering.md","Grade 1: Show a tested feature, count layers or supported loads and identify a change. Grade 2: Give two comparable counts/measurements with units and explain how keeping height/span/load conditions steady supports the comparison.","KEEP + IMPROVE","rebuilt","VERIFICATION REQUIRED"
"CST-C3","1-2","Weekly","A","Structures","Strong Bridges","Lessons/Grades_1-2_YearA/Week10_Strong_Bridges.md","Grade 1: Count supported loads and represent two results with one square per load. Grade 2: Label both results, explain the fixed span/load condition and justify a changed arrangement using counts.","KEEP + IMPROVE","rebuilt","VERIFICATION REQUIRED"
"CST-C3","1-2","Weekly","A","Stations","STREAM Exploration Stations","Lessons/Grades_1-2_YearA/Week19-22_Exploration_Stations.md","Individual structure test/change symmetry check pattern repair and same-unit object comparison over four meetings","REBUILD","rebuilt","VERIFICATION REQUIRED"
"CST-C3","1-2","Weekly","A","Coding","Dash Robot Adventures","Lessons/Grades_1-2_YearA/Week24-25_Dash_Robot_Adventures.md","Grade 1: Individually Run/Stop a stored sequence and identify a changed action; trace Repeat 2 with two cards. Grade 2: Predict and execute/modify a finite repeat, compare two measured outputs and explain why start/heading must be reset.","KEEP + IMPROVE","rebuilt","VERIFICATION REQUIRED"
"CST-C3","1-2","Weekly","A","Growth","Growing Things","Lessons/Grades_1-2_YearA/Week29-31_Growing_Things.md","Each child two dated observations same-baseline measures comparison and care action; Grade 2 distinguishes untested cause","REBUILD","rebuilt","VERIFICATION REQUIRED"
"CST-C3","1-2","Weekly","A","New life","New Life Engineering","Lessons/Grades_1-2_YearA/Week33_New_Life_Engineering.md","Grade 1: Show two observed details and a standing test/change. Grade 2: Explain a life-model limitation and a test-based design change without claiming growth from a picture.","KEEP + IMPROVE","rebuilt","VERIFICATION REQUIRED"
"CST-C3","1-2","Weekly","B","Structures","Tower Engineering","Lessons/Grades_1-2_YearB/Week05-06_Tower_Engineering.md","Grade 1: Measure/count height with aligned starts and show actual standing results. Grade 2: Record units and successes out of two for both designs; explain a kept-same condition and limit.","KEEP + IMPROVE","rebuilt","VERIFICATION REQUIRED"
"CST-C3","1-2","Weekly","B","Habitats","Animal Habitats","Lessons/Grades_1-2_YearB/Week07-09_Animal_Habitats.md","Grade 1: Show food, water and shelter connections and count checklist features. Grade 2: Explain all four connections, compare before/after coverage and name a model limit without inventing species facts.","KEEP + IMPROVE","rebuilt","VERIFICATION REQUIRED"
"CST-C3","1-2","Weekly","B","Growth","Garden Engineering","Lessons/Grades_1-2_YearB/Week26-27_Garden_Engineering.md","Grade 1: Count seeds/spaces, show a plant need and report an actual observation. Grade 2: Explain the four-plus-two layout limit, compare dated evidence honestly and distinguish an observation from an untested cause.","KEEP + IMPROVE","rebuilt","VERIFICATION REQUIRED"
"CST-C3","3-4","Bi-Weekly","A","Life science","Animal Habitats","Lessons/Bi-Weekly/Grades_3-4_YearA/Session04_Animal_Habitats.md","Individual: four needs, supported relationship, readable model and honest limit.","KEEP + IMPROVE","rebuilt","VERIFICATION REQUIRED"
"CST-C3","3-4","Bi-Weekly","A","Machines","Simple Machines","Lessons/Bi-Weekly/Grades_3-4_YearA/Session15_Simple_Machines.md","Individual: four arm lengths, correct labels/control and force-distance explanation without invented force data.","KEEP + IMPROVE","rebuilt","VERIFICATION REQUIRED"
"CST-C3","3-4","Bi-Weekly","A","Portfolio","Year Exhibition","Lessons/Bi-Weekly/Grades_3-4_YearA/Session17_Exhibition.md","Individual: evidence-backed explanation, attributable demonstration and reasoned caption revision. Growth requires genuine records.","KEEP + IMPROVE","rebuilt","VERIFICATION REQUIRED"
"CST-C3","3-4","Bi-Weekly","B","Structures","Tower Challenge","Lessons/Bi-Weekly/Grades_3-4_YearB/Session03_Tower_Challenge.md","Individual: criterion/constraint, two tests, justified revision/quantity comparison and responsible return.","KEEP + IMPROVE","rebuilt","VERIFICATION REQUIRED"
"CST-C3","3-4","Bi-Weekly","B","Life systems","Ecosystems","Lessons/Bi-Weekly/Grades_3-4_YearB/Session04_Ecosystems.md","Individual: accurate roles/arrows, 5/2 table and honest system limitation.","KEEP + IMPROVE","rebuilt","VERIFICATION REQUIRED"
"CST-C3","3-4","Bi-Weekly","B","Machines","Compound Machines","Lessons/Bi-Weekly/Grades_3-4_YearB/Session15_Compound_Machines.md","Individual: two correct functions, criterion/actual retest and labeled interaction/ work-care choice.","KEEP + IMPROVE","rebuilt","VERIFICATION REQUIRED"
"CST-C3","3-4","Bi-Weekly","B","Portfolio","Year Celebration","Lessons/Bi-Weekly/Grades_3-4_YearB/Session17_Celebration.md","Individual: attributable evidence explanation/data reading and deliberate caption revision. Growth requires actual dated records, not invented improvement.","KEEP + IMPROVE","rebuilt","VERIFICATION REQUIRED"
"CST-C3","3-4","Weekly","A","Structures","KEVA Engineering Challenges","Lessons/Grades_3-4_YearA/Week05-06_KEVA_Challenges.md","Individual: criterion/constraint, two measured results, test-backed change and count-back (C3/E1/E2/M1).","KEEP + IMPROVE","rebuilt","VERIFICATION REQUIRED"
"CST-C3","3-4","Weekly","A","Portfolio","Fall STREAM Celebration","Lessons/Grades_3-4_YearA/Week13_Fall_Celebration.md","Individual: identifiable evidence, fresh reasoning demonstration, accurate limitation, caption revision and responsible return.","KEEP + IMPROVE","rebuilt","VERIFICATION REQUIRED"
"CST-C3","3-4","Weekly","A","Reflection","SMART Goals","Lessons/Grades_3-4_YearA/Week18_SMART_Goals.md","Individual: one SMART goal, two real 0-3 records and evidence-based next action with responsible work choice.","KEEP + IMPROVE","rebuilt","VERIFICATION REQUIRED"
"CST-C3","3-4","Weekly","A","Choice inquiry","Choice Labs","Lessons/Grades_3-4_YearA/Week19-22_Choice_Labs.md","Individual: common four readings/controls, repeated project tests and deliberate artistic revision with responsible stock use.","REBUILD","rebuilt","VERIFICATION REQUIRED"
"CST-C3","3-4","Weekly","A","Stewardship","Environmental STREAM","Lessons/Grades_3-4_YearA/Week29-31_Environmental_STREAM.md","Individual: observations, criterion/limit, actual repeated counts and chart/impact distinction.","KEEP + IMPROVE","rebuilt","VERIFICATION REQUIRED"
"CST-C3","3-4","Weekly","A","Portfolio","STREAM Expo","Lessons/Grades_3-4_YearA/Week34_STREAM_Expo.md","Individual: evidence-referenced claim, fresh individual reasoning and critique-backed caption; growth not credited without two genuine records.","KEEP + IMPROVE","rebuilt","VERIFICATION REQUIRED"
"CST-C3","3-4","Weekly","B","Applied design","Fall Festival Engineering","Lessons/Grades_3-4_YearB/Week10_Fall_Festival.md","Individual: distance checked, four real counts and justified retest/stock choice.","KEEP + IMPROVE","rebuilt","VERIFICATION REQUIRED"
"CST-C3","3-4","Weekly","B","Marine systems","Marine Science Lab","Lessons/Grades_3-4_YearB/Week14-17_Marine_Science.md","Individual: zone/food models with limits, criterion and real repeated counts/chart.","KEEP + IMPROVE","rebuilt","VERIFICATION REQUIRED"
"CST-C3","3-4","Weekly","B","Reflection","New Year Goals","Lessons/Grades_3-4_YearB/Week18_New_Year_Goals.md","Individual: one measurable goal, two real check counts, accurate comparison and next action tied to result.","KEEP + IMPROVE","rebuilt","VERIFICATION REQUIRED"
"CST-C3","3-4","Weekly","B","Stewardship design","Sustainable City","Lessons/Grades_3-4_YearB/Week24-27_Sustainable_City.md","Individual: correct twenty-token budget, labeled model, real route retest and stewardship tradeoff.","KEEP + IMPROVE","rebuilt","VERIFICATION REQUIRED"
"CST-C3","3-4","Weekly","B","Portfolio","Year B Showcase","Lessons/Grades_3-4_YearB/Week34_Showcase.md","Individual: attributable explanation/data reading, accurate evidence label/limit, critique-backed caption. Growth credit requires actual dated records.","KEEP + IMPROVE","rebuilt","VERIFICATION REQUIRED"
"CST-C3","5-6","Bi-Weekly","A","Physical Computing","Christmas Electronics","Lessons/Bi-Weekly/Grades_5-6_YearA/Session07_Christmas_Electronics.md","Individual five-label circuit and four-state predictions and peer-tested visual choice","REBUILD","rebuilt","VERIFICATION REQUIRED"
"CST-C3","5-6","Bi-Weekly","A","Environment","Environmental Science","Lessons/Bi-Weekly/Grades_5-6_YearA/Session10_Environmental_Science.md","Individual six bars/totals 36/30 and difference 6 and sign criterion and privacy/causal/resource limit","REBUILD","rebuilt","VERIFICATION REQUIRED"
"CST-C3","5-6","Bi-Weekly","A","Communication","Year Exhibition","Lessons/Bi-Weekly/Grades_5-6_YearA/Session17_Exhibition.md","Individual tested-result/limit explanation and reader-backed caption revision and resource reason","KEEP + IMPROVE","rebuilt","VERIFICATION REQUIRED"
"CST-C3","5-6","Bi-Weekly","B","Life Science","Ecosystems","Lessons/Bi-Weekly/Grades_5-6_YearB/Session12_Ecosystems.md","Individual four food-to-consumer arrows and bounded perturbation/model limit and 6/10 versus 4/10 habitat tradeoff","KEEP + IMPROVE","rebuilt","VERIFICATION REQUIRED"
"CST-C3","5-6","Bi-Weekly","B","Communication","Celebration Exhibition","Lessons/Bi-Weekly/Grades_5-6_YearB/Session17_Celebration.md","Individual supported technical result/limit and reader-backed caption revision and resource tradeoff","KEEP + IMPROVE","rebuilt","VERIFICATION REQUIRED"
"CST-C3","5-6","Weekly","A","Planning","Goal Engineering","Lessons/Grades_5-6_YearA/Week18_Goal_Engineering.md","Individual criterion/constraint and three checkable milestones/dependency and correct budget/resource tradeoff","KEEP + IMPROVE","rebuilt","VERIFICATION REQUIRED"
"CST-C3","5-6","Weekly","A","Capstone","Passion Projects","Lessons/Grades_5-6_YearA/Week19-22_Passion_Projects.md","Individual approved proposal and baseline/retest and checked route math and supported defense/limit/resource choice; device evidence separate","REBUILD","rebuilt","VERIFICATION REQUIRED"
"CST-C3","5-6","Weekly","A","Environment","Environmental Science","Lessons/Grades_5-6_YearA/Week29-31_Environmental_Science.md","Individual controls/limit and 9 of 10 points and evidence-limited graph and revised message","REBUILD","rebuilt","VERIFICATION REQUIRED"
"CST-C3","5-6","Weekly","A","Communication","STREAM Expo","Lessons/Grades_5-6_YearA/Week34_STREAM_Expo.md","Individual supported result/limit defense and reader-backed caption revision and resource choice; event separately recorded","KEEP + IMPROVE","rebuilt","VERIFICATION REQUIRED"
"CST-C3","5-6","Weekly","B","Energy","Renewable Energy","Lessons/Grades_5-6_YearB/Week05-07_Renewable_Energy.md","Individual two controls and six rotation counts and uncertainty and stewardship tradeoff","REBUILD","rebuilt","VERIFICATION REQUIRED"
"CST-C3","5-6","Weekly","B","Design","Biomimicry","Lessons/Grades_5-6_YearB/Week08-10_Biomimicry.md","Individual three sketch labels and two safe loads and model limit and peer-tested visual revision","KEEP + IMPROVE","rebuilt","VERIFICATION REQUIRED"
"CST-C3","5-6","Weekly","B","Communication","Advent Technology","Lessons/Grades_5-6_YearB/Week13_Advent_Technology.md","Individual four panels and reader-backed layout revision and privacy/time rationale; paper/digital route explicit","KEEP + IMPROVE","rebuilt","VERIFICATION REQUIRED"
"CST-C3","5-6","Weekly","B","Planning","New Year Vision","Lessons/Grades_5-6_YearB/Week19_New_Year_Vision.md","Individual actual or labeled practice baseline and three milestones/30-minute sum and dependency/resource tradeoff","KEEP + IMPROVE","rebuilt","VERIFICATION REQUIRED"
"CST-C3","5-6","Weekly","B","Environment","Environmental Monitoring","Lessons/Grades_5-6_YearB/Week29-31_Environmental_Monitoring.md","Individual preserved raw/correction record and ten bars and totals 65/60 means 13/12 and causal/stewardship limit","REBUILD","rebuilt","VERIFICATION REQUIRED"
"CST-C3","5-6","Weekly","B","Communication","Year B Exhibition","Lessons/Grades_5-6_YearB/Week34_Exhibition.md","Individual tested-result/limit defense and reader-backed caption revision and resource reason","KEEP + IMPROVE","rebuilt","VERIFICATION REQUIRED"
"CST-C3","K","Bi-Weekly","Single","Welcome","Welcome to Wonder","Lessons/Bi-Weekly/Kindergarten/Session01_Welcome_Wonder.md","Each child shows an observed detail and question through a representation and demonstrates shared-material care.","KEEP + IMPROVE","rebuilt","VERIFICATION REQUIRED"
"CST-C3","K","Bi-Weekly","Single","Observation","God's Amazing World","Lessons/Bi-Weekly/Kindergarten/Session02_Gods_World.md","Each child sorts at least three pictures by a visible rule and represents the groups with a material-care action.","KEEP + IMPROVE","rebuilt","VERIFICATION REQUIRED"
"CST-C3","K","Bi-Weekly","Single","Structures","Building Basics","Lessons/Bi-Weekly/Kindergarten/Session03_Building_Basics.md","Each child counts selected blocks and compares same-time tower tests and a common ten-centimeter reference after a base change.","KEEP + IMPROVE","rebuilt","VERIFICATION REQUIRED"
"CST-C3","K","Bi-Weekly","Single","Water changes","Winter Science","Lessons/Bi-Weekly/Kindergarten/Session08_Winter_Science.md","Each child identifies solid/liquid and actual before/after change or no change using their cup or labeled earlier sample.","REBUILD","rebuilt","VERIFICATION REQUIRED"
"CST-C3","K","Bi-Weekly","Single","Plant observation","Growing Things","Lessons/Bi-Weekly/Kindergarten/Session11_Growing_Things.md","Each child identifies actual seed detail versus predicted change and chooses appropriate care; model-only evidence labeled if live seed unavailable.","REBUILD","rebuilt","VERIFICATION REQUIRED"
"CST-C3","K","Bi-Weekly","Single","Habitats","Animal Homes","Lessons/Bi-Weekly/Kindergarten/Session12_Animal_Homes.md","Each child identifies food and water and shelter and space with a model criterion and limitation and a care action.","KEEP + IMPROVE","rebuilt","VERIFICATION REQUIRED"
"CST-C3","K","Bi-Weekly","Single","Buoyancy","Water Wonder","Lessons/Bi-Weekly/Kindergarten/Session16_Water_Wonder.md","Each child reports prediction versus actual result; records two-row comparison and identifies foil redesign/retest; floating success not required.","REBUILD","rebuilt","VERIFICATION REQUIRED"
"CST-C3","K","Weekly","Single","Observation","Wonder Walk","Lessons/Kindergarten/Week04_Wonder_Walk.md","Each child shows two actual observed details and poses/selects one question; records stewardship action; no drawing-quality grade.","REBUILD","rebuilt","VERIFICATION REQUIRED"
"CST-C3","K","Weekly","Single","Structures","Building with KEVA Planks","Lessons/Kindergarten/Week05-06_KEVA_Building.md","Each child counts the selected blocks and compares actual ten-second tests before and after a base change.","KEEP + IMPROVE","rebuilt","VERIFICATION REQUIRED"
"CST-C3","K","Weekly","Single","Plant observation","Growing Things","Lessons/Kindergarten/Week29-31_Growing_Things.md","Each child records actual detail; compares dated views including no change; counts visible features and chooses justified care action; plant success not grade.","REBUILD","rebuilt","VERIFICATION REQUIRED"
"CST-E1","1-2","Bi-Weekly","A","Structures","Wonder Engineers","Lessons/Bi-Weekly/Grades_1-2_YearA/Session01_Wonder_Engineers.md","Grade 1: Show a standing test, count/compare height and point to a changed support. Grade 2: Name the criterion and limit, compare measured results and explain a test-based change.","KEEP + IMPROVE","rebuilt","VERIFICATION REQUIRED"
"CST-E1","1-2","Bi-Weekly","A","Structures","Bridge Building","Lessons/Bi-Weekly/Grades_1-2_YearA/Session03_Bridge_Building.md","Each child compares flat/folded counts shows change identifies same span/load and who safe crossing serves","REBUILD","rebuilt","VERIFICATION REQUIRED"
"CST-E1","1-2","Bi-Weekly","A","Service","Lenten Engineers","Lessons/Bi-Weekly/Grades_1-2_YearA/Session11_Lenten_Engineers.md","Grade 1: Name the helper need, count upright cards and identify a revision. Grade 2: Distinguish criterion/constraint and explain a comparable before/after test.","KEEP + IMPROVE","rebuilt","VERIFICATION REQUIRED"
"CST-E1","1-2","Bi-Weekly","A","Service","Community Helpers","Lessons/Bi-Weekly/Grades_1-2_YearA/Session16_Community_Helpers.md","Grade 1: Show two groups of three and identify a useful feature/test. Grade 2: Explain 3 + 3 = 6 with a model, a material constraint and a revision linked to retrieval evidence.","KEEP + IMPROVE","rebuilt","VERIFICATION REQUIRED"
"CST-E1","1-2","Bi-Weekly","B","Design","Design Detectives","Lessons/Bi-Weekly/Grades_1-2_YearB/Session01_Design_Detectives.md","Grade 1: Name a tool's job and compare lengths from aligned starts. Grade 2: Record a length with units and explain a user/access feature rather than call longest best.","KEEP + IMPROVE","rebuilt","VERIFICATION REQUIRED"
"CST-E1","1-2","Bi-Weekly","B","Growth","Garden Engineers","Lessons/Bi-Weekly/Grades_1-2_YearB/Session05_Garden_Engineers.md","Individual two needs light/access constraints and layout test/revision; planting does not prove same-day growth","REBUILD","rebuilt","VERIFICATION REQUIRED"
"CST-E1","1-2","Bi-Weekly","B","Service","Lenten Love","Lessons/Bi-Weekly/Grades_1-2_YearB/Session11_Lenten_Love.md","Grade 1: Represent four-plus-four and show a useful function test. Grade 2: Explain the equation with groups, compare a nonmatching allocation and justify a test-based revision.","KEEP + IMPROVE","rebuilt","VERIFICATION REQUIRED"
"CST-E1","1-2","Bi-Weekly","B","Stewardship","Earth Care","Lessons/Bi-Weekly/Grades_1-2_YearB/Session16_Earth_Care.md","Grade 1: Sort with the supplied rules, count three groups and show a reuse action. Grade 2: Explain 4 + 4 + 4 = 12 and modeled 8 - 4 = 4, distinguish example data from actual waste and propose a feasible need/limit.","KEEP + IMPROVE","rebuilt","VERIFICATION REQUIRED"
"CST-E1","1-2","Weekly","A","Service","Engineering for Others","Lessons/Grades_1-2_YearA/Week07-09_Engineering_for_Others.md","Grade 1: Name the user need, show a safe test and identify a change. Grade 2: Distinguish criterion from material limit and compare successes out of two before and after a one-feature revision.","KEEP + IMPROVE","rebuilt","VERIFICATION REQUIRED"
"CST-E1","1-2","Weekly","A","Service","Making Gifts","Lessons/Grades_1-2_YearA/Week12_Making_Gifts.md","Grade 1: Show a successful page mark and tell one purposeful picture choice. Grade 2: Explain both the functional constraint and audience choice; show a revision following specific feedback.","KEEP + IMPROVE","rebuilt","VERIFICATION REQUIRED"
"CST-E1","1-2","Weekly","A","Service","Helping Hands Design","Lessons/Grades_1-2_YearA/Week26-27_Helping_Hands_Design.md","Grade 1: Name the user need, demonstrate one criterion check and give a reason for a choice. Grade 2: Compare both options against three criteria, explain a test-based revision and a specific tradeoff.","KEEP + IMPROVE","rebuilt","VERIFICATION REQUIRED"
"CST-E1","1-2","Weekly","B","Service","Gifts for Others","Lessons/Grades_1-2_YearB/Week12_Gifts_Others.md","Grade 1: Show a page-marking test and explain one meaningful symbol. Grade 2: Identify the flatness constraint, audience choice and an evidence-based visual revision.","KEEP + IMPROVE","rebuilt","VERIFICATION REQUIRED"
"CST-E1","1-2","Weekly","B","Invention","Invention Labs","Lessons/Grades_1-2_YearB/Week19-22_Invention_Labs.md","Grade 1: Name a user need and material limit, show a safe test and identify a revision from an actual result. Grade 2: Distinguish criterion/constraint, compare successes out of two before/after and defend a recommendation with a limitation/tradeoff.","KEEP + IMPROVE","rebuilt","VERIFICATION REQUIRED"
"CST-E1","1-2","Weekly","B","Growth","Garden Engineering","Lessons/Grades_1-2_YearB/Week26-27_Garden_Engineering.md","Grade 1: Count seeds/spaces, show a plant need and report an actual observation. Grade 2: Explain the four-plus-two layout limit, compare dated evidence honestly and distinguish an observation from an untested cause.","KEEP + IMPROVE","rebuilt","VERIFICATION REQUIRED"
"CST-E1","3-4","Bi-Weekly","A","Foundations","Engineering Design","Lessons/Bi-Weekly/Grades_3-4_YearA/Session01_Engineering_Design.md","Individual: user/criteria, two actual tests, justified change and individual fair turn.","KEEP + IMPROVE","rebuilt","VERIFICATION REQUIRED"
"CST-E1","3-4","Bi-Weekly","A","Structures","Bridge Engineering","Lessons/Bi-Weekly/Grades_3-4_YearA/Session03_Bridge_Engineering.md","Individual: measured span, two actual counts, criterion/control and evidence-based revision.","KEEP + IMPROVE","rebuilt","VERIFICATION REQUIRED"
"CST-E1","3-4","Bi-Weekly","A","Service design","Lenten Engineering","Lessons/Bi-Weekly/Grades_3-4_YearA/Session11_Lenten_Engineering.md","Individual: stated need, actual repeated user tests, justified revision and qualified recommendation; service completion separately requires teacher handover.","KEEP + IMPROVE","rebuilt","VERIFICATION REQUIRED"
"CST-E1","3-4","Bi-Weekly","A","Circuits","Little Bits","Lessons/Bi-Weekly/Grades_3-4_YearA/Session16_Little_Bits.md","Individual: real contribution/two-cycle test, input-output explanation and tested label revision.","KEEP + IMPROVE","rebuilt","VERIFICATION REQUIRED"
"CST-E1","3-4","Bi-Weekly","B","Foundations","Design Thinking","Lessons/Bi-Weekly/Grades_3-4_YearB/Session01_Design_Thinking.md","Individual: user-centered statement, actual retests and justified visual choice.","KEEP + IMPROVE","rebuilt","VERIFICATION REQUIRED"
"CST-E1","3-4","Bi-Weekly","B","Structures","Tower Challenge","Lessons/Bi-Weekly/Grades_3-4_YearB/Session03_Tower_Challenge.md","Individual: criterion/constraint, two tests, justified revision/quantity comparison and responsible return.","KEEP + IMPROVE","rebuilt","VERIFICATION REQUIRED"
"CST-E1","3-4","Bi-Weekly","B","Gratitude design","Thanksgiving Design","Lessons/Bi-Weekly/Grades_3-4_YearB/Session06_Thanksgiving_Design.md","Individual: function/reader results and deliberate form revision, not emotional enthusiasm.","KEEP + IMPROVE","rebuilt","VERIFICATION REQUIRED"
"CST-E1","3-4","Bi-Weekly","B","Service design","Lenten Service","Lessons/Bi-Weekly/Grades_3-4_YearB/Session11_Lenten_Service.md","Individual: user criterion, actual before/after, justified recommendation. Completed classroom service separately requires accepted card/use.","KEEP + IMPROVE","rebuilt","VERIFICATION REQUIRED"
"CST-E1","3-4","Bi-Weekly","B","Faith communication","Easter Creation","Lessons/Bi-Weekly/Grades_3-4_YearB/Session13_Easter_Creation.md","Individual: purposeful composition, explicit criterion/test record and critique- backed revision, not enthusiasm.","KEEP + IMPROVE","rebuilt","VERIFICATION REQUIRED"
"CST-E1","3-4","Bi-Weekly","B","Machines","Compound Machines","Lessons/Bi-Weekly/Grades_3-4_YearB/Session15_Compound_Machines.md","Individual: two correct functions, criterion/actual retest and labeled interaction/ work-care choice.","KEEP + IMPROVE","rebuilt","VERIFICATION REQUIRED"
"CST-E1","3-4","Bi-Weekly","B","Interactive tools","Makey Makey","Lessons/Bi-Weekly/Grades_3-4_YearB/Session16_Makey_Makey.md","Individual: two verified physical inputs/two cycles, correct trace and deliberate musical/interface revision.","KEEP + IMPROVE","rebuilt","VERIFICATION REQUIRED"
"CST-E1","3-4","Weekly","A","Structures","KEVA Engineering Challenges","Lessons/Grades_3-4_YearA/Week05-06_KEVA_Challenges.md","Individual: criterion/constraint, two measured results, test-backed change and count-back (C3/E1/E2/M1).","KEEP + IMPROVE","rebuilt","VERIFICATION REQUIRED"
"CST-E1","3-4","Weekly","A","Service design","Community Helpers","Lessons/Grades_3-4_YearA/Week07-09_Community_Helpers.md","Individual: user need/limits, real results, critique-backed revision and qualified recommendation.","KEEP + IMPROVE","rebuilt","VERIFICATION REQUIRED"
"CST-E1","3-4","Weekly","A","Structures","Bridge Engineering","Lessons/Grades_3-4_YearA/Week10_Bridge_Engineering.md","Two capped counts and whole-number difference plus kept-same condition; 20-minute-prep desk simulation not classroom certification","REBUILD","rebuilt","VERIFICATION REQUIRED"
"CST-E1","3-4","Weekly","A","Service design","Giving Through Making","Lessons/Grades_3-4_YearA/Week12_Giving_Through_Making.md","Individual: stated user need, two versions actually tested, criterion checked and purposeful visual explanation (C2/E1/E2/A2).","KEEP + IMPROVE","rebuilt","VERIFICATION REQUIRED"
"CST-E1","3-4","Weekly","A","Circuits","Snap Circuits - Build Test and Design","Lessons/Grades_3-4_YearA/Week26-27_Little_Bits_Circuits.md","Individual return-path/state prediction and two-cycle physical turn and repair evidence and before/after 1 m label test; paper is reasoning only; kit inspection and classroom timing remain gated","KEEP + IMPROVE","rebuilt","VERIFICATION REQUIRED"
"CST-E1","3-4","Weekly","A","Stewardship","Environmental STREAM","Lessons/Grades_3-4_YearA/Week29-31_Environmental_STREAM.md","Individual: observations, criterion/limit, actual repeated counts and chart/impact distinction.","KEEP + IMPROVE","rebuilt","VERIFICATION REQUIRED"
"CST-E1","3-4","Weekly","B","Flight","Paper Airplane Challenge","Lessons/Grades_3-4_YearB/Week04-06_Paper_Airplane.md","Individual: nine readings, clear version change/controls and evidence-supported recommendation.","KEEP + IMPROVE","rebuilt","VERIFICATION REQUIRED"
"CST-E1","3-4","Weekly","B","Structures","Architectural Marvels","Lessons/Grades_3-4_YearB/Week07-09_Architectural_Marvels.md","Individual: three understandable views, criteria/limits, actual retest and purposeful welcome/form explanation.","KEEP + IMPROVE","rebuilt","VERIFICATION REQUIRED"
"CST-E1","3-4","Weekly","B","Applied design","Fall Festival Engineering","Lessons/Grades_3-4_YearB/Week10_Fall_Festival.md","Individual: distance checked, four real counts and justified retest/stock choice.","KEEP + IMPROVE","rebuilt","VERIFICATION REQUIRED"
"CST-E1","3-4","Weekly","B","Service design","Gifts for Others","Lessons/Grades_3-4_YearB/Week12_Gifts_Others.md","Individual: user/criterion, actual four test counts and justified layout revision.","KEEP + IMPROVE","rebuilt","VERIFICATION REQUIRED"
"CST-E1","3-4","Weekly","B","Marine systems","Marine Science Lab","Lessons/Grades_3-4_YearB/Week14-17_Marine_Science.md","Individual: zone/food models with limits, criterion and real repeated counts/chart.","KEEP + IMPROVE","rebuilt","VERIFICATION REQUIRED"
"CST-E1","3-4","Weekly","B","Stewardship design","Sustainable City","Lessons/Grades_3-4_YearB/Week24-27_Sustainable_City.md","Individual: correct twenty-token budget, labeled model, real route retest and stewardship tradeoff.","KEEP + IMPROVE","rebuilt","VERIFICATION REQUIRED"
"CST-E1","3-4","Weekly","B","Easter design","Easter Engineering","Lessons/Grades_3-4_YearB/Week33_Easter_Engineering.md","Individual: functional criterion/test record, critique-backed revision and honest faith/model boundary.","KEEP + IMPROVE","rebuilt","VERIFICATION REQUIRED"
"CST-E1","5-6","Bi-Weekly","A","Foundations","Design Process","Lessons/Bi-Weekly/Grades_5-6_YearA/Session01_Design_Process.md","Individual stated need/criterion/constraint and baseline/retest counts and justified revision/dignity","KEEP + IMPROVE","rebuilt","VERIFICATION REQUIRED"
"CST-E1","5-6","Bi-Weekly","A","Service","Thanksgiving Innovation","Lessons/Bi-Weekly/Grades_5-6_YearA/Session06_Thanksgiving_Innovation.md","Individual criterion/constraint and three request records/retest and supported limited pitch/consent","KEEP + IMPROVE","rebuilt","VERIFICATION REQUIRED"
"CST-E1","5-6","Bi-Weekly","A","Environment","Environmental Science","Lessons/Bi-Weekly/Grades_5-6_YearA/Session10_Environmental_Science.md","Individual six bars/totals 36/30 and difference 6 and sign criterion and privacy/causal/resource limit","REBUILD","rebuilt","VERIFICATION REQUIRED"
"CST-E1","5-6","Bi-Weekly","A","Service","Lenten Engineering","Lessons/Bi-Weekly/Grades_5-6_YearA/Session11_Lenten_Engineering.md","Individual criterion/constraint and checked inventory/reader test and actual acceptance status and consent/impact limit","KEEP + IMPROVE","rebuilt","VERIFICATION REQUIRED"
"CST-E1","5-6","Bi-Weekly","A","Capstone","Advanced Invention","Lessons/Bi-Weekly/Grades_5-6_YearA/Session16_Advanced_Invention.md","Individual criterion/constraint and three baseline/retest records and justified revision/user-access limit","REBUILD","rebuilt","VERIFICATION REQUIRED"
"CST-E1","5-6","Bi-Weekly","B","Foundations","Engineering Thinking","Lessons/Bi-Weekly/Grades_5-6_YearB/Session01_Engineering_Thinking.md","Individual stated need/criterion/constraint and baseline/retest and supported revision/access reason","KEEP + IMPROVE","rebuilt","VERIFICATION REQUIRED"
"CST-E1","5-6","Bi-Weekly","B","Structures","Architecture","Lessons/Bi-Weekly/Grades_5-6_YearB/Session03_Architecture.md","Individual measured doorway/path and criterion and purposeful form revision and dignity/model limit","KEEP + IMPROVE","rebuilt","VERIFICATION REQUIRED"
"CST-E1","5-6","Bi-Weekly","B","Earth and Space","Space Science","Lessons/Bi-Weekly/Grades_5-6_YearB/Session10_Space_Science.md","Individual correct 1/2 AU scale and limit and matched mission criterion/6-credit constraint and fact/reflection distinction","KEEP + IMPROVE","rebuilt","VERIFICATION REQUIRED"
"CST-E1","5-6","Bi-Weekly","B","Service","Mercy Engineering","Lessons/Bi-Weekly/Grades_5-6_YearB/Session11_Mercy_Engineering.md","Individual criterion/constraint and two learner readings and revision/implementation status and consent/impact limit","KEEP + IMPROVE","rebuilt","VERIFICATION REQUIRED"
"CST-E1","5-6","Bi-Weekly","B","Capstone","Innovation Lab","Lessons/Bi-Weekly/Grades_5-6_YearB/Session16_Innovation_Lab.md","Individual criterion/constraint and three baseline/retest requests and justified revision/privacy/PASS safeguard","REBUILD","rebuilt","VERIFICATION REQUIRED"
"CST-E1","5-6","Weekly","A","Foundations","Welcome to C-STREAM","Lessons/Grades_5-6_YearA/Week01_Welcome_to_CSTREAM.md","Individual supported/unsupported distinction and testable criterion/constraint and listening action","KEEP + IMPROVE","rebuilt","VERIFICATION REQUIRED"
"CST-E1","5-6","Weekly","A","Service","Social Innovation","Lessons/Grades_5-6_YearA/Week07-09_Social_Innovation.md","Individual criterion/constraint and four requests/retest and 2-dollar example and supported dignity/limit defense","KEEP + IMPROVE","rebuilt","VERIFICATION REQUIRED"
"CST-E1","5-6","Weekly","A","Service","Giving and Making","Lessons/Grades_5-6_YearA/Week12_Giving_Making.md","Individual criterion/constraint and two reader checks/revision and purposeful layout/recipient choice","KEEP + IMPROVE","rebuilt","VERIFICATION REQUIRED"
"CST-E1","5-6","Weekly","A","Planning","Goal Engineering","Lessons/Grades_5-6_YearA/Week18_Goal_Engineering.md","Individual criterion/constraint and three checkable milestones/dependency and correct budget/resource tradeoff","KEEP + IMPROVE","rebuilt","VERIFICATION REQUIRED"
"CST-E1","5-6","Weekly","A","Capstone","Passion Projects","Lessons/Grades_5-6_YearA/Week19-22_Passion_Projects.md","Individual approved proposal and baseline/retest and checked route math and supported defense/limit/resource choice; device evidence separate","REBUILD","rebuilt","VERIFICATION REQUIRED"
"CST-E1","5-6","Weekly","B","Foundations","Welcome Innovators","Lessons/Grades_5-6_YearB/Week01_Welcome_Innovators.md","Individual supported fact/source/limit and user criterion/constraint and listening action","KEEP + IMPROVE","rebuilt","VERIFICATION REQUIRED"
"CST-E1","5-6","Weekly","B","Service","Gifts of Service","Lessons/Grades_5-6_YearB/Week12_Gifts_Service.md","Individual criterion/constraint and three-option reader test/revision and purposeful layout/consent","KEEP + IMPROVE","rebuilt","VERIFICATION REQUIRED"
"CST-E1","5-6","Weekly","B","Planning","New Year Vision","Lessons/Grades_5-6_YearB/Week19_New_Year_Vision.md","Individual actual or labeled practice baseline and three milestones/30-minute sum and dependency/resource tradeoff","KEEP + IMPROVE","rebuilt","VERIFICATION REQUIRED"
"CST-E1","5-6","Weekly","B","Design","Health Technology","Lessons/Grades_5-6_YearB/Week25-28_Health_Technology.md","Individual criterion/constraint and six baseline/retest transitions and purposeful layout/revision and consent/access/nonclinical limit","KEEP + IMPROVE","rebuilt","VERIFICATION REQUIRED"
"CST-E1","K","Bi-Weekly","Single","Ramps","Simple Machines","Lessons/Bi-Weekly/Kindergarten/Session05_Simple_Machines.md","Each child reports roll or slide or stay and compares marked ramp rise with the same object and release point; no speed inference.","KEEP + IMPROVE","rebuilt","VERIFICATION REQUIRED"
"CST-E1","K","Bi-Weekly","Single","Habitats","Animal Homes","Lessons/Bi-Weekly/Kindergarten/Session12_Animal_Homes.md","Each child identifies food and water and shelter and space with a model criterion and limitation and a care action.","KEEP + IMPROVE","rebuilt","VERIFICATION REQUIRED"
"CST-E1","K","Weekly","Single","Service design","Engineering Helpers","Lessons/Kindergarten/Week07-09_Engineering_Helpers.md","Each child states the two-cup criterion and compares actual same-path results after one change with a plan drawing.","REBUILD","rebuilt","VERIFICATION REQUIRED"
"CST-E1","K","Weekly","Single","Structures","Bridges Connect Us","Lessons/Kindergarten/Week10_Bridges_Connect_Us.md","Each child identifies deck and supports and counts two supports and one load while comparing actual same-load tests.","KEEP + IMPROVE","rebuilt","VERIFICATION REQUIRED"
"CST-E1","K","Weekly","Single","Service design","Helping Hands Engineering","Lessons/Kindergarten/Week26-27_Helping_Hands.md","Each child states the requested book-standing and picture-visibility criteria and compares two tests with a plan and tradeoff reason.","KEEP + IMPROVE","rebuilt","VERIFICATION REQUIRED"
"CST-E2","1-2","Bi-Weekly","A","Structures","Wonder Engineers","Lessons/Bi-Weekly/Grades_1-2_YearA/Session01_Wonder_Engineers.md","Grade 1: Show a standing test, count/compare height and point to a changed support. Grade 2: Name the criterion and limit, compare measured results and explain a test-based change.","KEEP + IMPROVE","rebuilt","VERIFICATION REQUIRED"
"CST-E2","1-2","Bi-Weekly","A","Structures","Bridge Building","Lessons/Bi-Weekly/Grades_1-2_YearA/Session03_Bridge_Building.md","Each child compares flat/folded counts shows change identifies same span/load and who safe crossing serves","REBUILD","rebuilt","VERIFICATION REQUIRED"
"CST-E2","1-2","Bi-Weekly","A","Service","Lenten Engineers","Lessons/Bi-Weekly/Grades_1-2_YearA/Session11_Lenten_Engineers.md","Grade 1: Name the helper need, count upright cards and identify a revision. Grade 2: Distinguish criterion/constraint and explain a comparable before/after test.","KEEP + IMPROVE","rebuilt","VERIFICATION REQUIRED"
"CST-E2","1-2","Bi-Weekly","A","New life","Easter Innovation","Lessons/Bi-Weekly/Grades_1-2_YearA/Session13_Easter_Innovation.md","Grade 1: Show a standing test and identify a clearer message feature. Grade 2: Explain a base revision from the test and a separate communication revision from feedback.","KEEP + IMPROVE","rebuilt","VERIFICATION REQUIRED"
"CST-E2","1-2","Bi-Weekly","A","Sound","Sound Engineering","Lessons/Bi-Weekly/Grades_1-2_YearA/Session14_Sound_Engineering.md","Grade 1: Compare high/low outcomes and compose/repeat a four-beat phrase. Grade 2: Name the changed length and kept-same material, distinguish pitch/volume and explain an instrument/rhythm revision.","KEEP + IMPROVE","rebuilt","VERIFICATION REQUIRED"
"CST-E2","1-2","Bi-Weekly","A","Service","Community Helpers","Lessons/Bi-Weekly/Grades_1-2_YearA/Session16_Community_Helpers.md","Grade 1: Show two groups of three and identify a useful feature/test. Grade 2: Explain 3 + 3 = 6 with a model, a material constraint and a revision linked to retrieval evidence.","KEEP + IMPROVE","rebuilt","VERIFICATION REQUIRED"
"CST-E2","1-2","Bi-Weekly","B","Structures","Tower Power","Lessons/Bi-Weekly/Grades_1-2_YearB/Session02_Tower_Power.md","Grade 1: Measure from the table and show a tested base change. Grade 2: Record units/two results, interpret the chart and explain why matching height matters.","KEEP + IMPROVE","rebuilt","VERIFICATION REQUIRED"
"CST-E2","1-2","Bi-Weekly","B","Growth","Garden Engineers","Lessons/Bi-Weekly/Grades_1-2_YearB/Session05_Garden_Engineers.md","Individual two needs light/access constraints and layout test/revision; planting does not prove same-day growth","REBUILD","rebuilt","VERIFICATION REQUIRED"
"CST-E2","1-2","Bi-Weekly","B","Service","Lenten Love","Lessons/Bi-Weekly/Grades_1-2_YearB/Session11_Lenten_Love.md","Grade 1: Represent four-plus-four and show a useful function test. Grade 2: Explain the equation with groups, compare a nonmatching allocation and justify a test-based revision.","KEEP + IMPROVE","rebuilt","VERIFICATION REQUIRED"
"CST-E2","1-2","Weekly","A","Structures","KEVA Engineering Challenge","Lessons/Grades_1-2_YearA/Week05-06_KEVA_Engineering.md","Grade 1: Show a tested feature, count layers or supported loads and identify a change. Grade 2: Give two comparable counts/measurements with units and explain how keeping height/span/load conditions steady supports the comparison.","KEEP + IMPROVE","rebuilt","VERIFICATION REQUIRED"
"CST-E2","1-2","Weekly","A","Service","Engineering for Others","Lessons/Grades_1-2_YearA/Week07-09_Engineering_for_Others.md","Grade 1: Name the user need, show a safe test and identify a change. Grade 2: Distinguish criterion from material limit and compare successes out of two before and after a one-feature revision.","KEEP + IMPROVE","rebuilt","VERIFICATION REQUIRED"
"CST-E2","1-2","Weekly","A","Structures","Strong Bridges","Lessons/Grades_1-2_YearA/Week10_Strong_Bridges.md","Grade 1: Count supported loads and represent two results with one square per load. Grade 2: Label both results, explain the fixed span/load condition and justify a changed arrangement using counts.","KEEP + IMPROVE","rebuilt","VERIFICATION REQUIRED"
"CST-E2","1-2","Weekly","A","Stations","STREAM Exploration Stations","Lessons/Grades_1-2_YearA/Week19-22_Exploration_Stations.md","Individual structure test/change symmetry check pattern repair and same-unit object comparison over four meetings","REBUILD","rebuilt","VERIFICATION REQUIRED"
"CST-E2","1-2","Weekly","A","Service","Helping Hands Design","Lessons/Grades_1-2_YearA/Week26-27_Helping_Hands_Design.md","Grade 1: Name the user need, demonstrate one criterion check and give a reason for a choice. Grade 2: Compare both options against three criteria, explain a test-based revision and a specific tradeoff.","KEEP + IMPROVE","rebuilt","VERIFICATION REQUIRED"
"CST-E2","1-2","Weekly","A","New life","New Life Engineering","Lessons/Grades_1-2_YearA/Week33_New_Life_Engineering.md","Grade 1: Show two observed details and a standing test/change. Grade 2: Explain a life-model limitation and a test-based design change without claiming growth from a picture.","KEEP + IMPROVE","rebuilt","VERIFICATION REQUIRED"
"CST-E2","1-2","Weekly","B","Structures","Tower Engineering","Lessons/Grades_1-2_YearB/Week05-06_Tower_Engineering.md","Grade 1: Measure/count height with aligned starts and show actual standing results. Grade 2: Record units and successes out of two for both designs; explain a kept-same condition and limit.","KEEP + IMPROVE","rebuilt","VERIFICATION REQUIRED"
"CST-E2","1-2","Weekly","B","Invention","Invention Labs","Lessons/Grades_1-2_YearB/Week19-22_Invention_Labs.md","Grade 1: Name a user need and material limit, show a safe test and identify a revision from an actual result. Grade 2: Distinguish criterion/constraint, compare successes out of two before/after and defend a recommendation with a limitation/tradeoff.","KEEP + IMPROVE","rebuilt","VERIFICATION REQUIRED"
"CST-E2","1-2","Weekly","B","Motion","Friendship Machines","Lessons/Grades_1-2_YearB/Week24-25_Friendship_Machines.md","Grade 1: Show two events and count three trial successes. Grade 2: Compare before/after success counts, name a kept-same test condition and explain the metaphor limit.","KEEP + IMPROVE","rebuilt","VERIFICATION REQUIRED"
"CST-E2","3-4","Bi-Weekly","A","Foundations","Engineering Design","Lessons/Bi-Weekly/Grades_3-4_YearA/Session01_Engineering_Design.md","Individual: user/criteria, two actual tests, justified change and individual fair turn.","KEEP + IMPROVE","rebuilt","VERIFICATION REQUIRED"
"CST-E2","3-4","Bi-Weekly","A","Structures","Bridge Engineering","Lessons/Bi-Weekly/Grades_3-4_YearA/Session03_Bridge_Engineering.md","Individual: measured span, two actual counts, criterion/control and evidence-based revision.","KEEP + IMPROVE","rebuilt","VERIFICATION REQUIRED"
"CST-E2","3-4","Bi-Weekly","A","Service design","Lenten Engineering","Lessons/Bi-Weekly/Grades_3-4_YearA/Session11_Lenten_Engineering.md","Individual: stated need, actual repeated user tests, justified revision and qualified recommendation; service completion separately requires teacher handover.","KEEP + IMPROVE","rebuilt","VERIFICATION REQUIRED"
"CST-E2","3-4","Bi-Weekly","A","Circuits","Little Bits","Lessons/Bi-Weekly/Grades_3-4_YearA/Session16_Little_Bits.md","Individual: real contribution/two-cycle test, input-output explanation and tested label revision.","KEEP + IMPROVE","rebuilt","VERIFICATION REQUIRED"
"CST-E2","3-4","Bi-Weekly","B","Foundations","Design Thinking","Lessons/Bi-Weekly/Grades_3-4_YearB/Session01_Design_Thinking.md","Individual: user-centered statement, actual retests and justified visual choice.","KEEP + IMPROVE","rebuilt","VERIFICATION REQUIRED"
"CST-E2","3-4","Bi-Weekly","B","Structures","Tower Challenge","Lessons/Bi-Weekly/Grades_3-4_YearB/Session03_Tower_Challenge.md","Individual: criterion/constraint, two tests, justified revision/quantity comparison and responsible return.","KEEP + IMPROVE","rebuilt","VERIFICATION REQUIRED"
"CST-E2","3-4","Bi-Weekly","B","Gratitude design","Thanksgiving Design","Lessons/Bi-Weekly/Grades_3-4_YearB/Session06_Thanksgiving_Design.md","Individual: function/reader results and deliberate form revision, not emotional enthusiasm.","KEEP + IMPROVE","rebuilt","VERIFICATION REQUIRED"
"CST-E2","3-4","Bi-Weekly","B","Service design","Lenten Service","Lessons/Bi-Weekly/Grades_3-4_YearB/Session11_Lenten_Service.md","Individual: user criterion, actual before/after, justified recommendation. Completed classroom service separately requires accepted card/use.","KEEP + IMPROVE","rebuilt","VERIFICATION REQUIRED"
"CST-E2","3-4","Bi-Weekly","B","Machines","Compound Machines","Lessons/Bi-Weekly/Grades_3-4_YearB/Session15_Compound_Machines.md","Individual: two correct functions, criterion/actual retest and labeled interaction/ work-care choice.","KEEP + IMPROVE","rebuilt","VERIFICATION REQUIRED"
"CST-E2","3-4","Bi-Weekly","B","Interactive tools","Makey Makey","Lessons/Bi-Weekly/Grades_3-4_YearB/Session16_Makey_Makey.md","Individual: two verified physical inputs/two cycles, correct trace and deliberate musical/interface revision.","KEEP + IMPROVE","rebuilt","VERIFICATION REQUIRED"
"CST-E2","3-4","Weekly","A","Structures","KEVA Engineering Challenges","Lessons/Grades_3-4_YearA/Week05-06_KEVA_Challenges.md","Individual: criterion/constraint, two measured results, test-backed change and count-back (C3/E1/E2/M1).","KEEP + IMPROVE","rebuilt","VERIFICATION REQUIRED"
"CST-E2","3-4","Weekly","A","Service design","Community Helpers","Lessons/Grades_3-4_YearA/Week07-09_Community_Helpers.md","Individual: user need/limits, real results, critique-backed revision and qualified recommendation.","KEEP + IMPROVE","rebuilt","VERIFICATION REQUIRED"
"CST-E2","3-4","Weekly","A","Structures","Bridge Engineering","Lessons/Grades_3-4_YearA/Week10_Bridge_Engineering.md","Two capped counts and whole-number difference plus kept-same condition; 20-minute-prep desk simulation not classroom certification","REBUILD","rebuilt","VERIFICATION REQUIRED"
"CST-E2","3-4","Weekly","A","Service design","Giving Through Making","Lessons/Grades_3-4_YearA/Week12_Giving_Through_Making.md","Individual: stated user need, two versions actually tested, criterion checked and purposeful visual explanation (C2/E1/E2/A2).","KEEP + IMPROVE","rebuilt","VERIFICATION REQUIRED"
"CST-E2","3-4","Weekly","A","Choice inquiry","Choice Labs","Lessons/Grades_3-4_YearA/Week19-22_Choice_Labs.md","Individual: common four readings/controls, repeated project tests and deliberate artistic revision with responsible stock use.","REBUILD","rebuilt","VERIFICATION REQUIRED"
"CST-E2","3-4","Weekly","A","Circuits","Snap Circuits - Build Test and Design","Lessons/Grades_3-4_YearA/Week26-27_Little_Bits_Circuits.md","Individual return-path/state prediction and two-cycle physical turn and repair evidence and before/after 1 m label test; paper is reasoning only; kit inspection and classroom timing remain gated","KEEP + IMPROVE","rebuilt","VERIFICATION REQUIRED"
"CST-E2","3-4","Weekly","A","Stewardship","Environmental STREAM","Lessons/Grades_3-4_YearA/Week29-31_Environmental_STREAM.md","Individual: observations, criterion/limit, actual repeated counts and chart/impact distinction.","KEEP + IMPROVE","rebuilt","VERIFICATION REQUIRED"
"CST-E2","3-4","Weekly","B","Flight","Paper Airplane Challenge","Lessons/Grades_3-4_YearB/Week04-06_Paper_Airplane.md","Individual: nine readings, clear version change/controls and evidence-supported recommendation.","KEEP + IMPROVE","rebuilt","VERIFICATION REQUIRED"
"CST-E2","3-4","Weekly","B","Structures","Architectural Marvels","Lessons/Grades_3-4_YearB/Week07-09_Architectural_Marvels.md","Individual: three understandable views, criteria/limits, actual retest and purposeful welcome/form explanation.","KEEP + IMPROVE","rebuilt","VERIFICATION REQUIRED"
"CST-E2","3-4","Weekly","B","Applied design","Fall Festival Engineering","Lessons/Grades_3-4_YearB/Week10_Fall_Festival.md","Individual: distance checked, four real counts and justified retest/stock choice.","KEEP + IMPROVE","rebuilt","VERIFICATION REQUIRED"
"CST-E2","3-4","Weekly","B","Service design","Gifts for Others","Lessons/Grades_3-4_YearB/Week12_Gifts_Others.md","Individual: user/criterion, actual four test counts and justified layout revision.","KEEP + IMPROVE","rebuilt","VERIFICATION REQUIRED"
"CST-E2","3-4","Weekly","B","Marine systems","Marine Science Lab","Lessons/Grades_3-4_YearB/Week14-17_Marine_Science.md","Individual: zone/food models with limits, criterion and real repeated counts/chart.","KEEP + IMPROVE","rebuilt","VERIFICATION REQUIRED"
"CST-E2","3-4","Weekly","B","Stewardship design","Sustainable City","Lessons/Grades_3-4_YearB/Week24-27_Sustainable_City.md","Individual: correct twenty-token budget, labeled model, real route retest and stewardship tradeoff.","KEEP + IMPROVE","rebuilt","VERIFICATION REQUIRED"
"CST-E2","3-4","Weekly","B","Easter design","Easter Engineering","Lessons/Grades_3-4_YearB/Week33_Easter_Engineering.md","Individual: functional criterion/test record, critique-backed revision and honest faith/model boundary.","KEEP + IMPROVE","rebuilt","VERIFICATION REQUIRED"
"CST-E2","5-6","Bi-Weekly","A","Foundations","Design Process","Lessons/Bi-Weekly/Grades_5-6_YearA/Session01_Design_Process.md","Individual stated need/criterion/constraint and baseline/retest counts and justified revision/dignity","KEEP + IMPROVE","rebuilt","VERIFICATION REQUIRED"
"CST-E2","5-6","Bi-Weekly","A","Structures","Structural Engineering","Lessons/Bi-Weekly/Grades_5-6_YearA/Session03_Structural_Engineering.md","Individual force path and 20/40 g shape tests and span units and test-linked redesign/limit","KEEP + IMPROVE","rebuilt","VERIFICATION REQUIRED"
"CST-E2","5-6","Bi-Weekly","A","Computing","Sphero Challenge","Lessons/Bi-Weekly/Grades_5-6_YearA/Session14_Sphero_Challenge.md","Individual route correction/reset and baseline/retest and safety/access reason; actual robot endpoints separate","REBUILD","rebuilt","VERIFICATION REQUIRED"
"CST-E2","5-6","Bi-Weekly","A","Capstone","Advanced Invention","Lessons/Bi-Weekly/Grades_5-6_YearA/Session16_Advanced_Invention.md","Individual criterion/constraint and three baseline/retest records and justified revision/user-access limit","REBUILD","rebuilt","VERIFICATION REQUIRED"
"CST-E2","5-6","Bi-Weekly","B","Foundations","Engineering Thinking","Lessons/Bi-Weekly/Grades_5-6_YearB/Session01_Engineering_Thinking.md","Individual stated need/criterion/constraint and baseline/retest and supported revision/access reason","KEEP + IMPROVE","rebuilt","VERIFICATION REQUIRED"
"CST-E2","5-6","Bi-Weekly","B","Computing","Robot Olympics","Lessons/Bi-Weekly/Grades_5-6_YearB/Session14_Robot_Olympics.md","Individual correct route/reset correction and baseline/retest and safe-role reason; actual endpoint evidence separate","REBUILD","rebuilt","VERIFICATION REQUIRED"
"CST-E2","5-6","Bi-Weekly","B","Physical Science","Energy Science","Lessons/Bi-Weekly/Grades_5-6_YearB/Session15_Energy_Science.md","Individual six heights with cm and supported support-change retest and energy chain including thermal/sound and faith/measurement limit","KEEP + IMPROVE","rebuilt","VERIFICATION REQUIRED"
"CST-E2","5-6","Bi-Weekly","B","Capstone","Innovation Lab","Lessons/Bi-Weekly/Grades_5-6_YearB/Session16_Innovation_Lab.md","Individual criterion/constraint and three baseline/retest requests and justified revision/privacy/PASS safeguard","REBUILD","rebuilt","VERIFICATION REQUIRED"
"CST-E2","5-6","Weekly","A","Structures","Structural Engineering","Lessons/Grades_5-6_YearA/Week05-06_Structural_Engineering.md","Individual force path and two dated tests/revision and equal-unit ratio with actual or labeled fictional mass","KEEP + IMPROVE","rebuilt","VERIFICATION REQUIRED"
"CST-E2","5-6","Weekly","A","Structures","Advanced Bridges","Lessons/Grades_5-6_YearA/Week10_Advanced_Bridges.md","Individual two safe shape tests and force path and equal-unit ratio/revision with limitation","KEEP + IMPROVE","rebuilt","VERIFICATION REQUIRED"
"CST-E2","5-6","Weekly","A","Capstone","Passion Projects","Lessons/Grades_5-6_YearA/Week19-22_Passion_Projects.md","Individual approved proposal and baseline/retest and checked route math and supported defense/limit/resource choice; device evidence separate","REBUILD","rebuilt","VERIFICATION REQUIRED"
"CST-E2","5-6","Weekly","A","Physical Computing","Snap Circuits - Accessible Indicators","Lessons/Grades_5-6_YearA/Week26-27_Little_Bits.md","Individual full path and two-state predictions/two cycles and physical turn and repair and before/after 1 m label test and access tradeoff; separate protected-AA route retains four states; preflight remains gated","REBUILD","rebuilt","VERIFICATION REQUIRED"
"CST-E2","5-6","Weekly","B","Energy","Renewable Energy","Lessons/Grades_5-6_YearB/Week05-07_Renewable_Energy.md","Individual two controls and six rotation counts and uncertainty and stewardship tradeoff","REBUILD","rebuilt","VERIFICATION REQUIRED"
"CST-E2","5-6","Weekly","B","Design","Biomimicry","Lessons/Grades_5-6_YearB/Week08-10_Biomimicry.md","Individual three sketch labels and two safe loads and model limit and peer-tested visual revision","KEEP + IMPROVE","rebuilt","VERIFICATION REQUIRED"
"CST-E2","5-6","Weekly","B","Design","Health Technology","Lessons/Grades_5-6_YearB/Week25-28_Health_Technology.md","Individual criterion/constraint and six baseline/retest transitions and purposeful layout/revision and consent/access/nonclinical limit","KEEP + IMPROVE","rebuilt","VERIFICATION REQUIRED"
"CST-E2","K","Bi-Weekly","Single","Structures","Building Basics","Lessons/Bi-Weekly/Kindergarten/Session03_Building_Basics.md","Each child counts selected blocks and compares same-time tower tests and a common ten-centimeter reference after a base change.","KEEP + IMPROVE","rebuilt","VERIFICATION REQUIRED"
"CST-E2","K","Bi-Weekly","Single","Buoyancy","Water Wonder","Lessons/Bi-Weekly/Kindergarten/Session16_Water_Wonder.md","Each child reports prediction versus actual result; records two-row comparison and identifies foil redesign/retest; floating success not required.","REBUILD","rebuilt","VERIFICATION REQUIRED"
"CST-E2","K","Weekly","Single","Structures","Building with KEVA Planks","Lessons/Kindergarten/Week05-06_KEVA_Building.md","Each child counts the selected blocks and compares actual ten-second tests before and after a base change.","KEEP + IMPROVE","rebuilt","VERIFICATION REQUIRED"
"CST-E2","K","Weekly","Single","Service design","Engineering Helpers","Lessons/Kindergarten/Week07-09_Engineering_Helpers.md","Each child states the two-cup criterion and compares actual same-path results after one change with a plan drawing.","REBUILD","rebuilt","VERIFICATION REQUIRED"
"CST-E2","K","Weekly","Single","Structures","Bridges Connect Us","Lessons/Kindergarten/Week10_Bridges_Connect_Us.md","Each child identifies deck and supports and counts two supports and one load while comparing actual same-load tests.","KEEP + IMPROVE","rebuilt","VERIFICATION REQUIRED"
"CST-E2","K","Weekly","Single","Practice stations","Exploration Stations","Lessons/Kindergarten/Week19-22_Exploration_Stations.md","Each child compares a tower retest and two labeled weather records and explains a readable repeat and tested algorithm correction.","REBUILD","rebuilt","VERIFICATION REQUIRED"
"CST-E2","K","Weekly","Single","Service design","Helping Hands Engineering","Lessons/Kindergarten/Week26-27_Helping_Hands.md","Each child states the requested book-standing and picture-visibility criteria and compares two tests with a plan and tradeoff reason.","KEEP + IMPROVE","rebuilt","VERIFICATION REQUIRED"
"CST-E3","1-2","Weekly","A","Service","Helping Hands Design","Lessons/Grades_1-2_YearA/Week26-27_Helping_Hands_Design.md","Grade 1: Name the user need, demonstrate one criterion check and give a reason for a choice. Grade 2: Compare both options against three criteria, explain a test-based revision and a specific tradeoff.","KEEP + IMPROVE","rebuilt","VERIFICATION REQUIRED"
"CST-E3","1-2","Weekly","B","Invention","Invention Labs","Lessons/Grades_1-2_YearB/Week19-22_Invention_Labs.md","Grade 1: Name a user need and material limit, show a safe test and identify a revision from an actual result. Grade 2: Distinguish criterion/constraint, compare successes out of two before/after and defend a recommendation with a limitation/tradeoff.","KEEP + IMPROVE","rebuilt","VERIFICATION REQUIRED"
"CST-E3","3-4","Bi-Weekly","A","Service design","Lenten Engineering","Lessons/Bi-Weekly/Grades_3-4_YearA/Session11_Lenten_Engineering.md","Individual: stated need, actual repeated user tests, justified revision and qualified recommendation; service completion separately requires teacher handover.","KEEP + IMPROVE","rebuilt","VERIFICATION REQUIRED"
"CST-E3","3-4","Bi-Weekly","A","Portfolio","Year Exhibition","Lessons/Bi-Weekly/Grades_3-4_YearA/Session17_Exhibition.md","Individual: evidence-backed explanation, attributable demonstration and reasoned caption revision. Growth requires genuine records.","KEEP + IMPROVE","rebuilt","VERIFICATION REQUIRED"
"CST-E3","3-4","Bi-Weekly","B","Service design","Lenten Service","Lessons/Bi-Weekly/Grades_3-4_YearB/Session11_Lenten_Service.md","Individual: user criterion, actual before/after, justified recommendation. Completed classroom service separately requires accepted card/use.","KEEP + IMPROVE","rebuilt","VERIFICATION REQUIRED"
"CST-E3","3-4","Bi-Weekly","B","Portfolio","Year Celebration","Lessons/Bi-Weekly/Grades_3-4_YearB/Session17_Celebration.md","Individual: attributable evidence explanation/data reading and deliberate caption revision. Growth requires actual dated records, not invented improvement.","KEEP + IMPROVE","rebuilt","VERIFICATION REQUIRED"
"CST-E3","3-4","Weekly","A","Service design","Community Helpers","Lessons/Grades_3-4_YearA/Week07-09_Community_Helpers.md","Individual: user need/limits, real results, critique-backed revision and qualified recommendation.","KEEP + IMPROVE","rebuilt","VERIFICATION REQUIRED"
"CST-E3","3-4","Weekly","A","Portfolio","Fall STREAM Celebration","Lessons/Grades_3-4_YearA/Week13_Fall_Celebration.md","Individual: identifiable evidence, fresh reasoning demonstration, accurate limitation, caption revision and responsible return.","KEEP + IMPROVE","rebuilt","VERIFICATION REQUIRED"
"CST-E3","3-4","Weekly","A","Portfolio","STREAM Expo","Lessons/Grades_3-4_YearA/Week34_STREAM_Expo.md","Individual: evidence-referenced claim, fresh individual reasoning and critique-backed caption; growth not credited without two genuine records.","KEEP + IMPROVE","rebuilt","VERIFICATION REQUIRED"
"CST-E3","3-4","Weekly","B","Portfolio","Year B Showcase","Lessons/Grades_3-4_YearB/Week34_Showcase.md","Individual: attributable explanation/data reading, accurate evidence label/limit, critique-backed caption. Growth credit requires actual dated records.","KEEP + IMPROVE","rebuilt","VERIFICATION REQUIRED"
"CST-E3","5-6","Bi-Weekly","A","Service","Thanksgiving Innovation","Lessons/Bi-Weekly/Grades_5-6_YearA/Session06_Thanksgiving_Innovation.md","Individual criterion/constraint and three request records/retest and supported limited pitch/consent","KEEP + IMPROVE","rebuilt","VERIFICATION REQUIRED"
"CST-E3","5-6","Bi-Weekly","A","Service","Lenten Engineering","Lessons/Bi-Weekly/Grades_5-6_YearA/Session11_Lenten_Engineering.md","Individual criterion/constraint and checked inventory/reader test and actual acceptance status and consent/impact limit","KEEP + IMPROVE","rebuilt","VERIFICATION REQUIRED"
"CST-E3","5-6","Bi-Weekly","A","Communication","Year Exhibition","Lessons/Bi-Weekly/Grades_5-6_YearA/Session17_Exhibition.md","Individual tested-result/limit explanation and reader-backed caption revision and resource reason","KEEP + IMPROVE","rebuilt","VERIFICATION REQUIRED"
"CST-E3","5-6","Bi-Weekly","B","Service","Mercy Engineering","Lessons/Bi-Weekly/Grades_5-6_YearB/Session11_Mercy_Engineering.md","Individual criterion/constraint and two learner readings and revision/implementation status and consent/impact limit","KEEP + IMPROVE","rebuilt","VERIFICATION REQUIRED"
"CST-E3","5-6","Bi-Weekly","B","Communication","Celebration Exhibition","Lessons/Bi-Weekly/Grades_5-6_YearB/Session17_Celebration.md","Individual supported technical result/limit and reader-backed caption revision and resource tradeoff","KEEP + IMPROVE","rebuilt","VERIFICATION REQUIRED"
"CST-E3","5-6","Weekly","A","Service","Social Innovation","Lessons/Grades_5-6_YearA/Week07-09_Social_Innovation.md","Individual criterion/constraint and four requests/retest and 2-dollar example and supported dignity/limit defense","KEEP + IMPROVE","rebuilt","VERIFICATION REQUIRED"
"CST-E3","5-6","Weekly","A","Communication","Fall Showcase","Lessons/Grades_5-6_YearA/Week13_Fall_Showcase.md","Individual recorded result/limit and reader question/caption revision and accessible sharing choice","KEEP + IMPROVE","rebuilt","VERIFICATION REQUIRED"
"CST-E3","5-6","Weekly","A","Capstone","Passion Projects","Lessons/Grades_5-6_YearA/Week19-22_Passion_Projects.md","Individual approved proposal and baseline/retest and checked route math and supported defense/limit/resource choice; device evidence separate","REBUILD","rebuilt","VERIFICATION REQUIRED"
"CST-E3","5-6","Weekly","A","Service","Catholic Schools Week","Lessons/Grades_5-6_YearA/Week23_Catholic_Schools_Week.md","Individual accurate concept/result/limit and learner response and revised instruction/access decision","KEEP + IMPROVE","rebuilt","VERIFICATION REQUIRED"
"CST-E3","5-6","Weekly","A","Communication","STREAM Expo","Lessons/Grades_5-6_YearA/Week34_STREAM_Expo.md","Individual supported result/limit defense and reader-backed caption revision and resource choice; event separately recorded","KEEP + IMPROVE","rebuilt","VERIFICATION REQUIRED"
"CST-E3","5-6","Weekly","B","Service","Social Entrepreneurship","Lessons/Grades_5-6_YearB/Week20-23_Social_Entrepreneurship.md","Individual A/B budgets 12/7/5 and 6/7/-1 and 25-minute capacity and workflow retest and fair-access pitch/limit","KEEP + IMPROVE","rebuilt","VERIFICATION REQUIRED"
"CST-E3","5-6","Weekly","B","Service","Catholic Schools Week","Lessons/Grades_5-6_YearB/Week24_Catholic_Schools.md","Individual five bars/total 12 and comparison/source/date and learner response/inclusion reason","KEEP + IMPROVE","rebuilt","VERIFICATION REQUIRED"
"CST-E3","5-6","Weekly","B","Communication","Year B Exhibition","Lessons/Grades_5-6_YearB/Week34_Exhibition.md","Individual tested-result/limit defense and reader-backed caption revision and resource reason","KEEP + IMPROVE","rebuilt","VERIFICATION REQUIRED"
"CST-E3","K","Weekly","Single","Service design","Helping Hands Engineering","Lessons/Kindergarten/Week26-27_Helping_Hands.md","Each child states the requested book-standing and picture-visibility criteria and compares two tests with a plan and tradeoff reason.","KEEP + IMPROVE","rebuilt","VERIFICATION REQUIRED"
"CST-M1","1-2","Bi-Weekly","A","Structures","Wonder Engineers","Lessons/Bi-Weekly/Grades_1-2_YearA/Session01_Wonder_Engineers.md","Grade 1: Show a standing test, count/compare height and point to a changed support. Grade 2: Name the criterion and limit, compare measured results and explain a test-based change.","KEEP + IMPROVE","rebuilt","VERIFICATION REQUIRED"
"CST-M1","1-2","Bi-Weekly","A","Structures","Bridge Building","Lessons/Bi-Weekly/Grades_1-2_YearA/Session03_Bridge_Building.md","Each child compares flat/folded counts shows change identifies same span/load and who safe crossing serves","REBUILD","rebuilt","VERIFICATION REQUIRED"
"CST-M1","1-2","Bi-Weekly","A","Observation","Nature Exploration","Lessons/Bi-Weekly/Grades_1-2_YearA/Session05_Nature_Exploration.md","Grade 1: Represent two details, distinguish leaf from stone and count visible features once. Grade 2: Explain all three categories and a count comparison without claiming a picture proves current growth.","KEEP + IMPROVE","rebuilt","VERIFICATION REQUIRED"
"CST-M1","1-2","Bi-Weekly","A","Coding","Coding Basics","Lessons/Bi-Weekly/Grades_1-2_YearA/Session08_Coding_Basics.md","Grade 1: Individually connect/run the sequence and identify the changed motion count. Grade 2: Predict the changed endpoint, explain the rerun/reset and distinguish digital steps from cm.","KEEP + IMPROVE","rebuilt","VERIFICATION REQUIRED"
"CST-M1","1-2","Bi-Weekly","A","Service","Lenten Engineers","Lessons/Bi-Weekly/Grades_1-2_YearA/Session11_Lenten_Engineers.md","Grade 1: Name the helper need, count upright cards and identify a revision. Grade 2: Distinguish criterion/constraint and explain a comparable before/after test.","KEEP + IMPROVE","rebuilt","VERIFICATION REQUIRED"
"CST-M1","1-2","Bi-Weekly","A","Coding","Robot Challenge","Lessons/Bi-Weekly/Grades_1-2_YearA/Session15_Robot_Challenge.md","Grade 1: Individually Run/Stop a stored route and point to a changed block. Grade 2: Explain a reset/measured endpoint correction and trace both blue/red inputs without claiming robot sensing.","KEEP + IMPROVE","rebuilt","VERIFICATION REQUIRED"
"CST-M1","1-2","Bi-Weekly","B","Design","Design Detectives","Lessons/Bi-Weekly/Grades_1-2_YearB/Session01_Design_Detectives.md","Grade 1: Name a tool's job and compare lengths from aligned starts. Grade 2: Record a length with units and explain a user/access feature rather than call longest best.","KEEP + IMPROVE","rebuilt","VERIFICATION REQUIRED"
"CST-M1","1-2","Bi-Weekly","B","Structures","Tower Power","Lessons/Bi-Weekly/Grades_1-2_YearB/Session02_Tower_Power.md","Grade 1: Measure from the table and show a tested base change. Grade 2: Record units/two results, interpret the chart and explain why matching height matters.","KEEP + IMPROVE","rebuilt","VERIFICATION REQUIRED"
"CST-M1","1-2","Bi-Weekly","B","Light","Star Makers","Lessons/Bi-Weekly/Grades_1-2_YearB/Session07_Star_Makers.md","Grade 1: Count six dots, show two matching positions and explain a visible design choice. Grade 2: Interpret the six-feature checklist and explain why folded paper does not show real stellar distances or emit light.","KEEP + IMPROVE","rebuilt","VERIFICATION REQUIRED"
"CST-M1","1-2","Bi-Weekly","B","Coding","Sphero Challenge","Lessons/Bi-Weekly/Grades_1-2_YearB/Session14_Sphero_Challenge.md","Grade 1: Individually Run/Stop a stored program and identify a changed block/result. Grade 2: Represent two measured endpoints with the same units, explain the one-parameter correction and a kept-same condition.","KEEP + IMPROVE","rebuilt","VERIFICATION REQUIRED"
"CST-M1","1-2","Bi-Weekly","B","Machines","Simple Machines","Lessons/Bi-Weekly/Grades_1-2_YearB/Session15_Simple_Machines.md","Grade 1: Compare path lengths and demonstrate/describe a safe lever lift. Grade 2: Calculate/explain the path-length difference within 20 using units and distinguish measured distance from unmeasured effort.","KEEP + IMPROVE","rebuilt","VERIFICATION REQUIRED"
"CST-M1","1-2","Weekly","A","Coding","Sphero Coding Adventures","Lessons/Grades_1-2_YearA/Week02-03_Sphero_Coding.md","Each child predicts/runs/stops ordered actions changes one parameter compares travel and records care; token path has T2 only","REBUILD","rebuilt","VERIFICATION REQUIRED"
"CST-M1","1-2","Weekly","A","Structures","KEVA Engineering Challenge","Lessons/Grades_1-2_YearA/Week05-06_KEVA_Engineering.md","Grade 1: Show a tested feature, count layers or supported loads and identify a change. Grade 2: Give two comparable counts/measurements with units and explain how keeping height/span/load conditions steady supports the comparison.","KEEP + IMPROVE","rebuilt","VERIFICATION REQUIRED"
"CST-M1","1-2","Weekly","A","Service","Engineering for Others","Lessons/Grades_1-2_YearA/Week07-09_Engineering_for_Others.md","Grade 1: Name the user need, show a safe test and identify a change. Grade 2: Distinguish criterion from material limit and compare successes out of two before and after a one-feature revision.","KEEP + IMPROVE","rebuilt","VERIFICATION REQUIRED"
"CST-M1","1-2","Weekly","A","Structures","Strong Bridges","Lessons/Grades_1-2_YearA/Week10_Strong_Bridges.md","Grade 1: Count supported loads and represent two results with one square per load. Grade 2: Label both results, explain the fixed span/load condition and justify a changed arrangement using counts.","KEEP + IMPROVE","rebuilt","VERIFICATION REQUIRED"
"CST-M1","1-2","Weekly","A","Light","Star of Wonder","Lessons/Grades_1-2_YearA/Week16_Star_of_Wonder.md","Grade 1: Count six dots and point to two position details matching the reference. Grade 2: Represent the arrangement accurately enough to compare and explain one real-sky/model difference.","KEEP + IMPROVE","rebuilt","VERIFICATION REQUIRED"
"CST-M1","1-2","Weekly","A","Stations","STREAM Exploration Stations","Lessons/Grades_1-2_YearA/Week19-22_Exploration_Stations.md","Individual structure test/change symmetry check pattern repair and same-unit object comparison over four meetings","REBUILD","rebuilt","VERIFICATION REQUIRED"
"CST-M1","1-2","Weekly","A","Coding","Dash Robot Adventures","Lessons/Grades_1-2_YearA/Week24-25_Dash_Robot_Adventures.md","Grade 1: Individually Run/Stop a stored sequence and identify a changed action; trace Repeat 2 with two cards. Grade 2: Predict and execute/modify a finite repeat, compare two measured outputs and explain why start/heading must be reset.","KEEP + IMPROVE","rebuilt","VERIFICATION REQUIRED"
"CST-M1","1-2","Weekly","A","Mathematics","Pi Day Circles","Lessons/Grades_1-2_YearA/Week28_Pi_Day_Circles.md","Individual same-endpoint boundary comparison two measured attempts pattern unit/next item and uncertainty","REBUILD","rebuilt","VERIFICATION REQUIRED"
"CST-M1","1-2","Weekly","A","Growth","Growing Things","Lessons/Grades_1-2_YearA/Week29-31_Growing_Things.md","Each child two dated observations same-baseline measures comparison and care action; Grade 2 distinguishes untested cause","REBUILD","rebuilt","VERIFICATION REQUIRED"
"CST-M1","1-2","Weekly","B","Coding","Dash Robot Adventures","Lessons/Grades_1-2_YearB/Week02-03_Dash_Adventures.md","Each child predicts/runs/stops changes one instruction compares target distance and fair turn; token alternative T2 only","REBUILD","rebuilt","VERIFICATION REQUIRED"
"CST-M1","1-2","Weekly","B","Structures","Tower Engineering","Lessons/Grades_1-2_YearB/Week05-06_Tower_Engineering.md","Grade 1: Measure/count height with aligned starts and show actual standing results. Grade 2: Record units and successes out of two for both designs; explain a kept-same condition and limit.","KEEP + IMPROVE","rebuilt","VERIFICATION REQUIRED"
"CST-M1","1-2","Weekly","B","Motion","Ramp Races","Lessons/Grades_1-2_YearB/Week10_Ramp_Races.md","Individual no-push release same-reference measurement and low/high comparison; three trials/condition per team with honest uncertainty","REBUILD","rebuilt","VERIFICATION REQUIRED"
"CST-M1","1-2","Weekly","B","Light","Stars and Light","Lessons/Grades_1-2_YearB/Week14-15_Stars_Light.md","Grade 1: Count the pattern and individually switch a complete protected path ON/OFF, identifying output. Grade 2: Explain the open-versus-closed path result, safe connection procedure and star-model limitation; justify an artistic contrast choice.","KEEP + IMPROVE","rebuilt","VERIFICATION REQUIRED"
"CST-M1","1-2","Weekly","B","Reflection","Growth Goals","Lessons/Grades_1-2_YearB/Week18_Growth_Goals.md","Grade 1: Measure from a common start and order a concrete helping routine. Grade 2: Record two lengths with units, explain a sequence repair and distinguish task data from personal worth.","KEEP + IMPROVE","rebuilt","VERIFICATION REQUIRED"
"CST-M1","1-2","Weekly","B","Growth","Garden Engineering","Lessons/Grades_1-2_YearB/Week26-27_Garden_Engineering.md","Grade 1: Count seeds/spaces, show a plant need and report an actual observation. Grade 2: Explain the four-plus-two layout limit, compare dated evidence honestly and distinguish an observation from an untested cause.","KEEP + IMPROVE","rebuilt","VERIFICATION REQUIRED"
"CST-M1","1-2","Weekly","B","Mathematics","Math Day Games","Lessons/Grades_1-2_YearB/Week28_Math_Games.md","Grade 1: Combine within 10 using counters, compare two totals and extend AB by two elements. Grade 2: Use a demonstrated within-20 strategy, explain why one total is larger and repair an ABB/AAB pattern.","KEEP + IMPROVE","rebuilt","VERIFICATION REQUIRED"
"CST-M1","3-4","Bi-Weekly","A","Foundations","Engineering Design","Lessons/Bi-Weekly/Grades_3-4_YearA/Session01_Engineering_Design.md","Individual: user/criteria, two actual tests, justified change and individual fair turn.","KEEP + IMPROVE","rebuilt","VERIFICATION REQUIRED"
"CST-M1","3-4","Bi-Weekly","A","Computing","Dash and Code","Lessons/Bi-Weekly/Grades_3-4_YearA/Session02_Dash_Code.md","Individual route/debug and measured result; paper CT versus logged real operation; model labels gated; desk simulation only","REBUILD","rebuilt","VERIFICATION REQUIRED"
"CST-M1","3-4","Bi-Weekly","A","Structures","Bridge Engineering","Lessons/Bi-Weekly/Grades_3-4_YearA/Session03_Bridge_Engineering.md","Individual: measured span, two actual counts, criterion/control and evidence-based revision.","KEEP + IMPROVE","rebuilt","VERIFICATION REQUIRED"
"CST-M1","3-4","Bi-Weekly","A","Weather","Weather Science","Lessons/Bi-Weekly/Grades_3-4_YearA/Session10_Weather_Science.md","Individual: two actual depths/units, accurate cycle model, tool limit and inclusive message.","KEEP + IMPROVE","rebuilt","VERIFICATION REQUIRED"
"CST-M1","3-4","Bi-Weekly","A","Life inquiry","Plants and Growth","Lessons/Bi-Weekly/Grades_3-4_YearA/Session12_Plants_Growth.md","Individual observation/variable/two controls/mm comparison; simulated roots labeled; optional real care assigned or dry setup","REBUILD","rebuilt","VERIFICATION REQUIRED"
"CST-M1","3-4","Bi-Weekly","A","Computing","Dash Challenge","Lessons/Bi-Weekly/Grades_3-4_YearA/Session14_Dash_Challenge.md","Individual: correct route/debug reasoning and observed operation/measurement.","KEEP + IMPROVE","rebuilt","VERIFICATION REQUIRED"
"CST-M1","3-4","Bi-Weekly","A","Machines","Simple Machines","Lessons/Bi-Weekly/Grades_3-4_YearA/Session15_Simple_Machines.md","Individual: four arm lengths, correct labels/control and force-distance explanation without invented force data.","KEEP + IMPROVE","rebuilt","VERIFICATION REQUIRED"
"CST-M1","3-4","Bi-Weekly","B","Structures","Tower Challenge","Lessons/Bi-Weekly/Grades_3-4_YearB/Session03_Tower_Challenge.md","Individual: criterion/constraint, two tests, justified revision/quantity comparison and responsible return.","KEEP + IMPROVE","rebuilt","VERIFICATION REQUIRED"
"CST-M1","3-4","Bi-Weekly","B","Faith and evidence","Faith and Science","Lessons/Bi-Weekly/Grades_3-4_YearB/Session09_Faith_Science.md","Individual: accurate source/claim, four readings/annotations and explicit model/ belief distinction.","KEEP + IMPROVE","rebuilt","VERIFICATION REQUIRED"
"CST-M1","3-4","Bi-Weekly","B","Earth systems","Geology Rocks","Lessons/Bi-Weekly/Grades_3-4_YearB/Session10_Geology_Rocks.md","Individual: observed detail/measurement, intelligible diagram and justified uncertain classification.","KEEP + IMPROVE","rebuilt","VERIFICATION REQUIRED"
"CST-M1","3-4","Bi-Weekly","B","Computing","Ozobot Challenge","Lessons/Bi-Weekly/Grades_3-4_YearB/Session14_Ozobot_Challenge.md","Individual: verified input/output, individual construction/test and debug evidence.","KEEP + IMPROVE","rebuilt","VERIFICATION REQUIRED"
"CST-M1","3-4","Weekly","A","Computing","Sphero Advanced Coding","Lessons/Grades_3-4_YearA/Week02-03_Sphero_Advanced.md","Individual route and 8-roll trace plus debug; device edit/run logged separately; desk simulation only and model gate remains","REBUILD","rebuilt","VERIFICATION REQUIRED"
"CST-M1","3-4","Weekly","A","Inquiry","Scientific Method","Lessons/Grades_3-4_YearA/Week04_Scientific_Method.md","Individual: six cm readings, one change/two controls, evidence-based claim; prediction need not be right.","KEEP + IMPROVE","rebuilt","VERIFICATION REQUIRED"
"CST-M1","3-4","Weekly","A","Structures","KEVA Engineering Challenges","Lessons/Grades_3-4_YearA/Week05-06_KEVA_Challenges.md","Individual: criterion/constraint, two measured results, test-backed change and count-back (C3/E1/E2/M1).","KEEP + IMPROVE","rebuilt","VERIFICATION REQUIRED"
"CST-M1","3-4","Weekly","A","Structures","Bridge Engineering","Lessons/Grades_3-4_YearA/Week10_Bridge_Engineering.md","Two capped counts and whole-number difference plus kept-same condition; 20-minute-prep desk simulation not classroom certification","REBUILD","rebuilt","VERIFICATION REQUIRED"
"CST-M1","3-4","Weekly","A","Astronomy","Astronomy and the Star","Lessons/Grades_3-4_YearA/Week16_Astronomy_Star.md","Individual: three cm readings, two intelligible views, one model limitation and correct claim distinction (C1/S3/A1/M1).","KEEP + IMPROVE","rebuilt","VERIFICATION REQUIRED"
"CST-M1","3-4","Weekly","A","Choice inquiry","Choice Labs","Lessons/Grades_3-4_YearA/Week19-22_Choice_Labs.md","Individual: common four readings/controls, repeated project tests and deliberate artistic revision with responsible stock use.","REBUILD","rebuilt","VERIFICATION REQUIRED"
"CST-M1","3-4","Weekly","A","Mathematics","Pi Day Circles","Lessons/Grades_3-4_YearA/Week28_Pi_Day_Circles.md","Individual: two measurement pairs with units, three-length comparison and honest limit.","KEEP + IMPROVE","rebuilt","VERIFICATION REQUIRED"
"CST-M1","3-4","Weekly","B","Flight","Flight Fundamentals","Lessons/Grades_3-4_YearB/Week02-03_Flight_Fundamentals.md","Individual force model and six whole-cm readings plus control/limitation; desk simulation only; approved lane required","REBUILD","rebuilt","VERIFICATION REQUIRED"
"CST-M1","3-4","Weekly","B","Flight","Paper Airplane Challenge","Lessons/Grades_3-4_YearB/Week04-06_Paper_Airplane.md","Individual: nine readings, clear version change/controls and evidence-supported recommendation.","KEEP + IMPROVE","rebuilt","VERIFICATION REQUIRED"
"CST-M1","3-4","Weekly","B","Applied design","Fall Festival Engineering","Lessons/Grades_3-4_YearB/Week10_Fall_Festival.md","Individual: distance checked, four real counts and justified retest/stock choice.","KEEP + IMPROVE","rebuilt","VERIFICATION REQUIRED"
"CST-M1","3-4","Weekly","B","Mathematics","Pi Day Activities","Lessons/Grades_3-4_YearB/Week28_Pi_Day.md","Individual: measurements/comparison and intentional repeated design, not polish.","KEEP + IMPROVE","rebuilt","VERIFICATION REQUIRED"
"CST-M1","5-6","Bi-Weekly","A","Structures","Structural Engineering","Lessons/Bi-Weekly/Grades_5-6_YearA/Session03_Structural_Engineering.md","Individual force path and 20/40 g shape tests and span units and test-linked redesign/limit","KEEP + IMPROVE","rebuilt","VERIFICATION REQUIRED"
"CST-M1","5-6","Bi-Weekly","A","Computing","Scratch Advanced","Lessons/Bi-Weekly/Grades_5-6_YearA/Session05_Scratch_Advanced.md","Individual 0/1/2/3/3 trace and loop count and corrected bug and access choice","REBUILD","rebuilt","VERIFICATION REQUIRED"
"CST-M1","5-6","Bi-Weekly","A","Physical Science","Physics and Motion","Lessons/Bi-Weekly/Grades_5-6_YearA/Session15_Physics_Motion.md","Individual six distances with cm and accurate force pair on different objects and measurement/faith limit","KEEP + IMPROVE","rebuilt","VERIFICATION REQUIRED"
"CST-M1","5-6","Bi-Weekly","B","Structures","Architecture","Lessons/Bi-Weekly/Grades_5-6_YearB/Session03_Architecture.md","Individual measured doorway/path and criterion and purposeful form revision and dignity/model limit","KEEP + IMPROVE","rebuilt","VERIFICATION REQUIRED"
"CST-M1","5-6","Bi-Weekly","B","Investigation","Forensic Science","Lessons/Bi-Weekly/Grades_5-6_YearB/Session04_Forensic_Science.md","Individual three observations and mark measurement and candidate comparison and source dependence/limit and dignity","REBUILD","rebuilt","VERIFICATION REQUIRED"
"CST-M1","5-6","Weekly","A","Computing","Sphero Mastery","Lessons/Grades_5-6_YearA/Week02-03_Sphero_Mastery.md","Individual four-turn trace and three endpoint measurements and safety/access explanation","REBUILD","rebuilt","VERIFICATION REQUIRED"
"CST-M1","K","Bi-Weekly","Single","Structures","Building Basics","Lessons/Bi-Weekly/Kindergarten/Session03_Building_Basics.md","Each child counts selected blocks and compares same-time tower tests and a common ten-centimeter reference after a base change.","KEEP + IMPROVE","rebuilt","VERIFICATION REQUIRED"
"CST-M1","K","Bi-Weekly","Single","Ramps","Simple Machines","Lessons/Bi-Weekly/Kindergarten/Session05_Simple_Machines.md","Each child reports roll or slide or stay and compares marked ramp rise with the same object and release point; no speed inference.","KEEP + IMPROVE","rebuilt","VERIFICATION REQUIRED"
"CST-M1","K","Bi-Weekly","Single","Light art","Advent Light","Lessons/Bi-Weekly/Kindergarten/Session07_Advent_Light.md","Each child counts chosen symbol points and explains a purposeful placement and kind message; paper is not a light source.","KEEP + IMPROVE","rebuilt","VERIFICATION REQUIRED"
"CST-M1","K","Weekly","Single","Movement","Exploring Movement with Sphero","Lessons/Kindergarten/Week02-03_Sphero_Movement.md","Each child predicts two moves and corrects a wrong card; identifies input/output; hardware drive recorded only if performed; programming not assessed.","REBUILD","rebuilt","VERIFICATION REQUIRED"
"CST-M1","K","Weekly","Single","Structures","Building with KEVA Planks","Lessons/Kindergarten/Week05-06_KEVA_Building.md","Each child counts the selected blocks and compares actual ten-second tests before and after a base change.","KEEP + IMPROVE","rebuilt","VERIFICATION REQUIRED"
"CST-M1","K","Weekly","Single","Service design","Engineering Helpers","Lessons/Kindergarten/Week07-09_Engineering_Helpers.md","Each child states the two-cup criterion and compares actual same-path results after one change with a plan drawing.","REBUILD","rebuilt","VERIFICATION REQUIRED"
"CST-M1","K","Weekly","Single","Structures","Bridges Connect Us","Lessons/Kindergarten/Week10_Bridges_Connect_Us.md","Each child identifies deck and supports and counts two supports and one load while comparing actual same-load tests.","KEEP + IMPROVE","rebuilt","VERIFICATION REQUIRED"
"CST-M1","K","Weekly","Single","Stars","Star of Wonder","Lessons/Kindergarten/Week16_Star_of_Wonder.md","Each child counts three to five model dots and distinguishes the drawing from real light-producing stars.","KEEP + IMPROVE","rebuilt","VERIFICATION REQUIRED"
"CST-M1","K","Weekly","Single","Algorithms","Dash Robot Friends","Lessons/Kindergarten/Week24-25_Dash_Robot_Friends.md","Each child predicts three-command endpoint and fixes wrong card; input/output and count checked; actual block execution on Dash recorded only if performed.","REBUILD","rebuilt","VERIFICATION REQUIRED"
"CST-M1","K","Weekly","Single","Shapes","Circles and Pi","Lessons/Kindergarten/Week28_Circles_and_Pi.md","Each child distinguishes circle/square/ball and extends AB pattern by two shapes; explains readable spacing/color choice.","REPLACE","rebuilt","VERIFICATION REQUIRED"
"CST-M1","K","Weekly","Single","Plant observation","Growing Things","Lessons/Kindergarten/Week29-31_Growing_Things.md","Each child records actual detail; compares dated views including no change; counts visible features and chooses justified care action; plant success not grade.","REBUILD","rebuilt","VERIFICATION REQUIRED"
"CST-M2","1-2","Bi-Weekly","A","Patterns","Gods Patterns","Lessons/Bi-Weekly/Grades_1-2_YearA/Session02_Gods_Patterns.md","Grade 1: Identify AB, extend by two elements and explain one purposeful choice. Grade 2: Identify ABB/AAB, repair an error and explain the prediction using the unit.","KEEP + IMPROVE","rebuilt","VERIFICATION REQUIRED"
"CST-M2","1-2","Bi-Weekly","A","Structures","Bridge Building","Lessons/Bi-Weekly/Grades_1-2_YearA/Session03_Bridge_Building.md","Each child compares flat/folded counts shows change identifies same span/load and who safe crossing serves","REBUILD","rebuilt","VERIFICATION REQUIRED"
"CST-M2","1-2","Bi-Weekly","A","Faith and reason","Catholic Inventors","Lessons/Bi-Weekly/Grades_1-2_YearA/Session09_Catholic_Inventors.md","Grade 1: Sort by visible feature, count both groups and explain the panel. Grade 2: Interpret the equal counts, revise a clear data message and distinguish source-checked history from model data.","KEEP + IMPROVE","rebuilt","VERIFICATION REQUIRED"
"CST-M2","1-2","Bi-Weekly","A","Weather","Weather Watchers","Lessons/Bi-Weekly/Grades_1-2_YearA/Session10_Weather_Watchers.md","Grade 1: Represent three supported time records and count observed categories accurately. Grade 2: Interpret actual three-time category counts, identify the same-place condition and distinguish observation from forecast or unknown visibility.","KEEP + IMPROVE","rebuilt","VERIFICATION REQUIRED"
"CST-M2","1-2","Bi-Weekly","A","Life cycles","Life Cycles","Lessons/Bi-Weekly/Grades_1-2_YearA/Session12_Life_Cycles.md","Grade 1: Order at least seed/sprout/plant/new seeds with the six-card support and identify one connection. Grade 2: Explain all six represented stages, repair an order error and interpret coverage without claiming real growth timing.","KEEP + IMPROVE","rebuilt","VERIFICATION REQUIRED"
"CST-M2","1-2","Bi-Weekly","A","Sound","Sound Engineering","Lessons/Bi-Weekly/Grades_1-2_YearA/Session14_Sound_Engineering.md","Grade 1: Compare high/low outcomes and compose/repeat a four-beat phrase. Grade 2: Name the changed length and kept-same material, distinguish pitch/volume and explain an instrument/rhythm revision.","KEEP + IMPROVE","rebuilt","VERIFICATION REQUIRED"
"CST-M2","1-2","Bi-Weekly","A","Reflection","Year Exhibition","Lessons/Bi-Weekly/Grades_1-2_YearA/Session17_Exhibition.md","Grade 1: Point to a changed feature and give an accurate count comparison. Grade 2: Explain a supported claim/limit and a visual revision, avoiding weekly-equivalent or all-domain claims.","KEEP + IMPROVE","rebuilt","VERIFICATION REQUIRED"
"CST-M2","1-2","Bi-Weekly","B","Structures","Tower Power","Lessons/Bi-Weekly/Grades_1-2_YearB/Session02_Tower_Power.md","Grade 1: Measure from the table and show a tested base change. Grade 2: Record units/two results, interpret the chart and explain why matching height matters.","KEEP + IMPROVE","rebuilt","VERIFICATION REQUIRED"
"CST-M2","1-2","Bi-Weekly","B","Adaptations","Animal Adaptations","Lessons/Bi-Weekly/Grades_1-2_YearB/Session04_Animal_Adaptations.md","Grade 1: Count noticed silhouettes in two trials and show a model feature. Grade 2: Interpret the two records, name a kept-same viewing condition and distinguish model visibility from survival or inherited change.","KEEP + IMPROVE","rebuilt","VERIFICATION REQUIRED"
"CST-M2","1-2","Bi-Weekly","B","Light","Star Makers","Lessons/Bi-Weekly/Grades_1-2_YearB/Session07_Star_Makers.md","Grade 1: Count six dots, show two matching positions and explain a visible design choice. Grade 2: Interpret the six-feature checklist and explain why folded paper does not show real stellar distances or emit light.","KEEP + IMPROVE","rebuilt","VERIFICATION REQUIRED"
"CST-M2","1-2","Bi-Weekly","B","Art","Digital Art","Lessons/Bi-Weekly/Grades_1-2_YearB/Session08_Digital_Art.md","Grade 1: Individually use a digital tool/Undo and compare visible-feature counts with support. Grade 2: Explain tool input/output, justify a message revision and a privacy decision; counts describe features, not quality.","KEEP + IMPROVE","rebuilt","VERIFICATION REQUIRED"
"CST-M2","1-2","Bi-Weekly","B","Forces","Magnets and Motion","Lessons/Bi-Weekly/Grades_1-2_YearB/Session10_Magnets_Motion.md","Grade 1: Test or direct a test, sort actual outcomes and count groups totaling six. Grade 2: Compare predicted/actual counts, explain a mismatch and use sum/difference reasoning without assuming every metal attracts.","KEEP + IMPROVE","rebuilt","VERIFICATION REQUIRED"
"CST-M2","1-2","Bi-Weekly","B","Life cycles","Butterfly Wonder","Lessons/Bi-Weekly/Grades_1-2_YearB/Session12_Butterfly_Wonder.md","Grade 1: Order four supported stages and identify the living pupa. Grade 2: Explain adult -> new eggs, interpret coverage records and distinguish represented stages from measured timing.","KEEP + IMPROVE","rebuilt","VERIFICATION REQUIRED"
"CST-M2","1-2","Bi-Weekly","B","New life","Easter Joy","Lessons/Bi-Weekly/Grades_1-2_YearB/Session13_Easter_Joy.md","Grade 1: Compose/repeat four positions and identify a purposeful beat/rest choice. Grade 2: Represent the repeated unit, predict its next four positions and explain a musical/gesture revision for audience meaning.","KEEP + IMPROVE","rebuilt","VERIFICATION REQUIRED"
"CST-M2","1-2","Bi-Weekly","B","Coding","Sphero Challenge","Lessons/Bi-Weekly/Grades_1-2_YearB/Session14_Sphero_Challenge.md","Grade 1: Individually Run/Stop a stored program and identify a changed block/result. Grade 2: Represent two measured endpoints with the same units, explain the one-parameter correction and a kept-same condition.","KEEP + IMPROVE","rebuilt","VERIFICATION REQUIRED"
"CST-M2","1-2","Bi-Weekly","B","Stewardship","Earth Care","Lessons/Bi-Weekly/Grades_1-2_YearB/Session16_Earth_Care.md","Grade 1: Sort with the supplied rules, count three groups and show a reuse action. Grade 2: Explain 4 + 4 + 4 = 12 and modeled 8 - 4 = 4, distinguish example data from actual waste and propose a feasible need/limit.","KEEP + IMPROVE","rebuilt","VERIFICATION REQUIRED"
"CST-M2","1-2","Bi-Weekly","B","Reflection","Year Celebration","Lessons/Bi-Weekly/Grades_1-2_YearB/Session17_Celebration.md","Grade 1: Show a changed feature and compare two preference counts. Grade 2: Explain a claim/limit and a purposeful visual revision; distinguish preference from assessed competence.","KEEP + IMPROVE","rebuilt","VERIFICATION REQUIRED"
"CST-M2","1-2","Weekly","A","Structures","Strong Bridges","Lessons/Grades_1-2_YearA/Week10_Strong_Bridges.md","Grade 1: Count supported loads and represent two results with one square per load. Grade 2: Label both results, explain the fixed span/load condition and justify a changed arrangement using counts.","KEEP + IMPROVE","rebuilt","VERIFICATION REQUIRED"
"CST-M2","1-2","Weekly","A","Reflection","Fall STREAM Celebration","Lessons/Grades_1-2_YearA/Week13_Fall_Celebration.md","Grade 1: Point to an actual change and compare two card counts. Grade 2: Explain why the visual change makes the explanation clearer and distinguish a preference count from a skill score.","KEEP + IMPROVE","rebuilt","VERIFICATION REQUIRED"
"CST-M2","1-2","Weekly","A","Reflection","New Year Goals","Lessons/Grades_1-2_YearA/Week18_New_Year_Goals.md","Grade 1: Order two or three concrete actions and identify one actual practice. Grade 2: Repair an order problem, explain how the action includes someone and distinguish an attempt from an outcome.","KEEP + IMPROVE","rebuilt","VERIFICATION REQUIRED"
"CST-M2","1-2","Weekly","A","Stations","STREAM Exploration Stations","Lessons/Grades_1-2_YearA/Week19-22_Exploration_Stations.md","Individual structure test/change symmetry check pattern repair and same-unit object comparison over four meetings","REBUILD","rebuilt","VERIFICATION REQUIRED"
"CST-M2","1-2","Weekly","A","Mathematics","Pi Day Circles","Lessons/Grades_1-2_YearA/Week28_Pi_Day_Circles.md","Individual same-endpoint boundary comparison two measured attempts pattern unit/next item and uncertainty","REBUILD","rebuilt","VERIFICATION REQUIRED"
"CST-M2","1-2","Weekly","A","Growth","Growing Things","Lessons/Grades_1-2_YearA/Week29-31_Growing_Things.md","Each child two dated observations same-baseline measures comparison and care action; Grade 2 distinguishes untested cause","REBUILD","rebuilt","VERIFICATION REQUIRED"
"CST-M2","1-2","Weekly","A","Reflection","Year-End STREAM Celebration","Lessons/Grades_1-2_YearA/Week34_Year_Celebration.md","Grade 1: Point to a comparable changed detail and give an accurate two-column comparison. Grade 2: Justify a claim using two records, clarify a visual explanation and distinguish preference data from demonstrated skill.","KEEP + IMPROVE","rebuilt","VERIFICATION REQUIRED"
"CST-M2","1-2","Weekly","B","Observation","Senses and Discovery","Lessons/Grades_1-2_YearB/Week04_Senses_Discovery.md","Individual two details sketch comparison/property sort and inclusive method; Grade 2 two rules","REBUILD","rebuilt","VERIFICATION REQUIRED"
"CST-M2","1-2","Weekly","B","Structures","Tower Engineering","Lessons/Grades_1-2_YearB/Week05-06_Tower_Engineering.md","Grade 1: Measure/count height with aligned starts and show actual standing results. Grade 2: Record units and successes out of two for both designs; explain a kept-same condition and limit.","KEEP + IMPROVE","rebuilt","VERIFICATION REQUIRED"
"CST-M2","1-2","Weekly","B","Habitats","Animal Habitats","Lessons/Grades_1-2_YearB/Week07-09_Animal_Habitats.md","Grade 1: Show food, water and shelter connections and count checklist features. Grade 2: Explain all four connections, compare before/after coverage and name a model limit without inventing species facts.","KEEP + IMPROVE","rebuilt","VERIFICATION REQUIRED"
"CST-M2","1-2","Weekly","B","Motion","Ramp Races","Lessons/Grades_1-2_YearB/Week10_Ramp_Races.md","Individual no-push release same-reference measurement and low/high comparison; three trials/condition per team with honest uncertainty","REBUILD","rebuilt","VERIFICATION REQUIRED"
"CST-M2","1-2","Weekly","B","Reflection","Fall Festival","Lessons/Grades_1-2_YearB/Week13_Fall_Festival.md","Grade 1: Point to an actual changed feature and compare two counts. Grade 2: Explain a visual revision and interpret the preference graph without calling it a mastery score.","KEEP + IMPROVE","rebuilt","VERIFICATION REQUIRED"
"CST-M2","1-2","Weekly","B","Winter","Winter Wonders","Lessons/Grades_1-2_YearB/Week16_Winter_Wonders.md","Individual ice before/after record two matching features and model limitation; no-melt reported honestly","REBUILD","rebuilt","VERIFICATION REQUIRED"
"CST-M2","1-2","Weekly","B","Reflection","Growth Goals","Lessons/Grades_1-2_YearB/Week18_Growth_Goals.md","Grade 1: Measure from a common start and order a concrete helping routine. Grade 2: Record two lengths with units, explain a sequence repair and distinguish task data from personal worth.","KEEP + IMPROVE","rebuilt","VERIFICATION REQUIRED"
"CST-M2","1-2","Weekly","B","Invention","Invention Labs","Lessons/Grades_1-2_YearB/Week19-22_Invention_Labs.md","Grade 1: Name a user need and material limit, show a safe test and identify a revision from an actual result. Grade 2: Distinguish criterion/constraint, compare successes out of two before/after and defend a recommendation with a limitation/tradeoff.","KEEP + IMPROVE","rebuilt","VERIFICATION REQUIRED"
"CST-M2","1-2","Weekly","B","Faith and reason","Catholic Schools Celebration","Lessons/Grades_1-2_YearB/Week23_Catholic_Schools.md","Grade 1: Point to a clear record detail, revise one confusing feature and compare counts. Grade 2: Explain a supported claim/limit and interpret the graph as interest, not proficiency.","KEEP + IMPROVE","rebuilt","VERIFICATION REQUIRED"
"CST-M2","1-2","Weekly","B","Motion","Friendship Machines","Lessons/Grades_1-2_YearB/Week24-25_Friendship_Machines.md","Grade 1: Show two events and count three trial successes. Grade 2: Compare before/after success counts, name a kept-same test condition and explain the metaphor limit.","KEEP + IMPROVE","rebuilt","VERIFICATION REQUIRED"
"CST-M2","1-2","Weekly","B","Growth","Garden Engineering","Lessons/Grades_1-2_YearB/Week26-27_Garden_Engineering.md","Grade 1: Count seeds/spaces, show a plant need and report an actual observation. Grade 2: Explain the four-plus-two layout limit, compare dated evidence honestly and distinguish an observation from an untested cause.","KEEP + IMPROVE","rebuilt","VERIFICATION REQUIRED"
"CST-M2","1-2","Weekly","B","Mathematics","Math Day Games","Lessons/Grades_1-2_YearB/Week28_Math_Games.md","Grade 1: Combine within 10 using counters, compare two totals and extend AB by two elements. Grade 2: Use a demonstrated within-20 strategy, explain why one total is larger and repair an ABB/AAB pattern.","KEEP + IMPROVE","rebuilt","VERIFICATION REQUIRED"
"CST-M2","1-2","Weekly","B","Life cycles","Butterfly Engineering","Lessons/Grades_1-2_YearB/Week29-31_Butterfly_Engineering.md","Grade 1: Order four stages, identify the living pupa and show two matching wing features. Grade 2: Explain adult -> new eggs rather than adult -> caterpillar, interpret coverage checks and justify a purposeful visual revision/model limit.","KEEP + IMPROVE","rebuilt","VERIFICATION REQUIRED"
"CST-M2","1-2","Weekly","B","New life","New Life Celebration","Lessons/Grades_1-2_YearB/Week33_New_Life.md","Grade 1: Represent two visible features and compare their counts. Grade 2: Explain one seasonal-model relationship and an evidence limit without equating dormancy with death.","KEEP + IMPROVE","rebuilt","VERIFICATION REQUIRED"
"CST-M2","1-2","Weekly","B","Reflection","Year B Showcase","Lessons/Grades_1-2_YearB/Week34_Showcase.md","Grade 1: Point to a comparable changed detail and compare two counts. Grade 2: Support a claim with records, name a limit and explain a purposeful revision to the visual explanation.","KEEP + IMPROVE","rebuilt","VERIFICATION REQUIRED"
"CST-M2","3-4","Bi-Weekly","A","Faith and evidence","Catholic Scientists","Lessons/Bi-Weekly/Grades_3-4_YearA/Session09_Catholic_Scientists.md","Individual: sourced Mendel or Albert fact; observed model detail; three-three tally and six total; corrected classification and peer-backed visual revision; model versus historical evidence limit","KEEP + IMPROVE","rebuilt","VERIFICATION REQUIRED"
"CST-M2","3-4","Bi-Weekly","B","Life systems","Ecosystems","Lessons/Bi-Weekly/Grades_3-4_YearB/Session04_Ecosystems.md","Individual: accurate roles/arrows, 5/2 table and honest system limitation.","KEEP + IMPROVE","rebuilt","VERIFICATION REQUIRED"
"CST-M2","3-4","Bi-Weekly","B","Life systems","Life Cycles","Lessons/Bi-Weekly/Grades_3-4_YearB/Session12_Life_Cycles.md","Individual: two ordered diagrams, accurate pupa/no-pupa comparison/generation link and faith distinction.","KEEP + IMPROVE","rebuilt","VERIFICATION REQUIRED"
"CST-M2","3-4","Bi-Weekly","B","Portfolio","Year Celebration","Lessons/Bi-Weekly/Grades_3-4_YearB/Session17_Celebration.md","Individual: attributable evidence explanation/data reading and deliberate caption revision. Growth requires actual dated records, not invented improvement.","KEEP + IMPROVE","rebuilt","VERIFICATION REQUIRED"
"CST-M2","3-4","Weekly","A","Reflection","SMART Goals","Lessons/Grades_3-4_YearA/Week18_SMART_Goals.md","Individual: one SMART goal, two real 0-3 records and evidence-based next action with responsible work choice.","KEEP + IMPROVE","rebuilt","VERIFICATION REQUIRED"
"CST-M2","3-4","Weekly","A","Stewardship","Environmental STREAM","Lessons/Grades_3-4_YearA/Week29-31_Environmental_STREAM.md","Individual: observations, criterion/limit, actual repeated counts and chart/impact distinction.","KEEP + IMPROVE","rebuilt","VERIFICATION REQUIRED"
"CST-M2","3-4","Weekly","B","Gratitude data","Thanksgiving Gratitude","Lessons/Grades_3-4_YearB/Week11_Thanksgiving_Gratitude.md","Individual: accurate counts/labels, correct comparison and privacy/interpretation limit with visible revision.","KEEP + IMPROVE","rebuilt","VERIFICATION REQUIRED"
"CST-M2","3-4","Weekly","B","Marine systems","Marine Science Lab","Lessons/Grades_3-4_YearB/Week14-17_Marine_Science.md","Individual: zone/food models with limits, criterion and real repeated counts/chart.","KEEP + IMPROVE","rebuilt","VERIFICATION REQUIRED"
"CST-M2","3-4","Weekly","B","Reflection","New Year Goals","Lessons/Grades_3-4_YearB/Week18_New_Year_Goals.md","Individual: one measurable goal, two real check counts, accurate comparison and next action tied to result.","KEEP + IMPROVE","rebuilt","VERIFICATION REQUIRED"
"CST-M2","3-4","Weekly","B","Community data","Catholic Schools Week","Lessons/Grades_3-4_YearB/Week23_Catholic_Schools.md","Individual: accurate chart/comparison, responsible caption/source and access choice.","KEEP + IMPROVE","rebuilt","VERIFICATION REQUIRED"
"CST-M2","3-4","Weekly","B","Weather data","Weather Station","Lessons/Grades_3-4_YearB/Week29-31_Weather_Station.md","Individual units/source/graph comparison; simulated weather not actual forecast; three desk-simulated meetings only","REBUILD","rebuilt","VERIFICATION REQUIRED"
"CST-M2","3-4","Weekly","B","Portfolio","Year B Showcase","Lessons/Grades_3-4_YearB/Week34_Showcase.md","Individual: attributable explanation/data reading, accurate evidence label/limit, critique-backed caption. Growth credit requires actual dated records.","KEEP + IMPROVE","rebuilt","VERIFICATION REQUIRED"
"CST-M2","5-6","Bi-Weekly","A","Environment","Environmental Science","Lessons/Bi-Weekly/Grades_5-6_YearA/Session10_Environmental_Science.md","Individual six bars/totals 36/30 and difference 6 and sign criterion and privacy/causal/resource limit","REBUILD","rebuilt","VERIFICATION REQUIRED"
"CST-M2","5-6","Bi-Weekly","B","Computing","Sphero Sensors","Lessons/Bi-Weekly/Grades_5-6_YearB/Session02_Sphero_Sensors.md","Individual four-output table and exact-boundary trace and corrected comparison and limitation","REBUILD","rebuilt","VERIFICATION REQUIRED"
"CST-M2","5-6","Weekly","A","Investigation","Experimental Design","Lessons/Grades_5-6_YearA/Week04_Experimental_Design.md","Individual six valid values with cm and IV/DV/two controls and numerical comparison/limit","REBUILD","rebuilt","VERIFICATION REQUIRED"
"CST-M2","5-6","Weekly","A","Planning","Goal Engineering","Lessons/Grades_5-6_YearA/Week18_Goal_Engineering.md","Individual criterion/constraint and three checkable milestones/dependency and correct budget/resource tradeoff","KEEP + IMPROVE","rebuilt","VERIFICATION REQUIRED"
"CST-M2","5-6","Weekly","A","Environment","Environmental Science","Lessons/Grades_5-6_YearA/Week29-31_Environmental_Science.md","Individual controls/limit and 9 of 10 points and evidence-limited graph and revised message","REBUILD","rebuilt","VERIFICATION REQUIRED"
"CST-M2","5-6","Weekly","B","Energy","Renewable Energy","Lessons/Grades_5-6_YearB/Week05-07_Renewable_Energy.md","Individual two controls and six rotation counts and uncertainty and stewardship tradeoff","REBUILD","rebuilt","VERIFICATION REQUIRED"
"CST-M2","5-6","Weekly","B","Data","Thanksgiving Data","Lessons/Grades_5-6_YearB/Week11_Thanksgiving_Data.md","Individual five bars/total 20 and difference 4 and private-data/opt-out reason","KEEP + IMPROVE","rebuilt","VERIFICATION REQUIRED"
"CST-M2","5-6","Weekly","B","Planning","New Year Vision","Lessons/Grades_5-6_YearB/Week19_New_Year_Vision.md","Individual actual or labeled practice baseline and three milestones/30-minute sum and dependency/resource tradeoff","KEEP + IMPROVE","rebuilt","VERIFICATION REQUIRED"
"CST-M2","5-6","Weekly","B","Service","Catholic Schools Week","Lessons/Grades_5-6_YearB/Week24_Catholic_Schools.md","Individual five bars/total 12 and comparison/source/date and learner response/inclusion reason","KEEP + IMPROVE","rebuilt","VERIFICATION REQUIRED"
"CST-M2","5-6","Weekly","B","Environment","Environmental Monitoring","Lessons/Grades_5-6_YearB/Week29-31_Environmental_Monitoring.md","Individual preserved raw/correction record and ten bars and totals 65/60 means 13/12 and causal/stewardship limit","REBUILD","rebuilt","VERIFICATION REQUIRED"
"CST-M2","K","Bi-Weekly","Single","Observation","God's Amazing World","Lessons/Bi-Weekly/Kindergarten/Session02_Gods_World.md","Each child sorts at least three pictures by a visible rule and represents the groups with a material-care action.","KEEP + IMPROVE","rebuilt","VERIFICATION REQUIRED"
"CST-M2","K","Bi-Weekly","Single","Weather","Weather Wonder","Lessons/Bi-Weekly/Kindergarten/Session10_Weather_Wonder.md","Each child represents and compares two actual dated or explicitly sourced sky records and distinguishes observation from prediction.","KEEP + IMPROVE","rebuilt","VERIFICATION REQUIRED"
"CST-M2","K","Bi-Weekly","Single","Buoyancy","Water Wonder","Lessons/Bi-Weekly/Kindergarten/Session16_Water_Wonder.md","Each child reports prediction versus actual result; records two-row comparison and identifies foil redesign/retest; floating success not required.","REBUILD","rebuilt","VERIFICATION REQUIRED"
"CST-M2","K","Weekly","Single","Reflection","New Year Goals","Lessons/Kindergarten/Week18_New_Year_Goals.md","Each child records an actual or explicitly sourced sky observation and states a checkable comparison goal; predictions are separate.","KEEP + IMPROVE","rebuilt","VERIFICATION REQUIRED"
"CST-M2","K","Weekly","Single","Practice stations","Exploration Stations","Lessons/Kindergarten/Week19-22_Exploration_Stations.md","Each child compares a tower retest and two labeled weather records and explains a readable repeat and tested algorithm correction.","REBUILD","rebuilt","VERIFICATION REQUIRED"
"CST-M2","K","Weekly","Single","Shapes","Circles and Pi","Lessons/Kindergarten/Week28_Circles_and_Pi.md","Each child distinguishes circle/square/ball and extends AB pattern by two shapes; explains readable spacing/color choice.","REPLACE","rebuilt","VERIFICATION REQUIRED"
"CST-M3","1-2","Bi-Weekly","A","Service","Thanksgiving Service","Lessons/Bi-Weekly/Grades_1-2_YearA/Session06_Thanksgiving_Service.md","Grade 1: Tell the message and show two choices per child using groups/counting. Grade 2: Explain three groups of two, leftover choices at smaller teams and a recipient-based visual revision.","KEEP + IMPROVE","rebuilt","VERIFICATION REQUIRED"
"CST-M3","1-2","Bi-Weekly","A","Service","Community Helpers","Lessons/Bi-Weekly/Grades_1-2_YearA/Session16_Community_Helpers.md","Grade 1: Show two groups of three and identify a useful feature/test. Grade 2: Explain 3 + 3 = 6 with a model, a material constraint and a revision linked to retrieval evidence.","KEEP + IMPROVE","rebuilt","VERIFICATION REQUIRED"
"CST-M3","1-2","Bi-Weekly","B","Service","Gratitude Gifts","Lessons/Bi-Weekly/Grades_1-2_YearB/Session06_Gratitude_Gifts.md","Grade 1: Show a two-part total of six with drawn spaces and tell the message. Grade 2: Explain the number relationship, offer another valid split and show an audience-based visual revision.","KEEP + IMPROVE","rebuilt","VERIFICATION REQUIRED"
"CST-M3","1-2","Bi-Weekly","B","Faith and reason","Faith Scientists","Lessons/Bi-Weekly/Grades_1-2_YearB/Session09_Faith_Scientists.md","Grade 1: Show two different six-counter splits and explain each with objects. Grade 2: Represent/check both equations and justify a clearer visual explanation, distinguishing source context from own evidence.","KEEP + IMPROVE","rebuilt","VERIFICATION REQUIRED"
"CST-M3","1-2","Bi-Weekly","B","Forces","Magnets and Motion","Lessons/Bi-Weekly/Grades_1-2_YearB/Session10_Magnets_Motion.md","Grade 1: Test or direct a test, sort actual outcomes and count groups totaling six. Grade 2: Compare predicted/actual counts, explain a mismatch and use sum/difference reasoning without assuming every metal attracts.","KEEP + IMPROVE","rebuilt","VERIFICATION REQUIRED"
"CST-M3","1-2","Bi-Weekly","B","Service","Lenten Love","Lessons/Bi-Weekly/Grades_1-2_YearB/Session11_Lenten_Love.md","Grade 1: Represent four-plus-four and show a useful function test. Grade 2: Explain the equation with groups, compare a nonmatching allocation and justify a test-based revision.","KEEP + IMPROVE","rebuilt","VERIFICATION REQUIRED"
"CST-M3","1-2","Bi-Weekly","B","Machines","Simple Machines","Lessons/Bi-Weekly/Grades_1-2_YearB/Session15_Simple_Machines.md","Grade 1: Compare path lengths and demonstrate/describe a safe lever lift. Grade 2: Calculate/explain the path-length difference within 20 using units and distinguish measured distance from unmeasured effort.","KEEP + IMPROVE","rebuilt","VERIFICATION REQUIRED"
"CST-M3","1-2","Bi-Weekly","B","Stewardship","Earth Care","Lessons/Bi-Weekly/Grades_1-2_YearB/Session16_Earth_Care.md","Grade 1: Sort with the supplied rules, count three groups and show a reuse action. Grade 2: Explain 4 + 4 + 4 = 12 and modeled 8 - 4 = 4, distinguish example data from actual waste and propose a feasible need/limit.","KEEP + IMPROVE","rebuilt","VERIFICATION REQUIRED"
"CST-M3","1-2","Weekly","B","Mathematics","Math Day Games","Lessons/Grades_1-2_YearB/Week28_Math_Games.md","Grade 1: Combine within 10 using counters, compare two totals and extend AB by two elements. Grade 2: Use a demonstrated within-20 strategy, explain why one total is larger and repair an ABB/AAB pattern.","KEEP + IMPROVE","rebuilt","VERIFICATION REQUIRED"
"CST-M3","3-4","Bi-Weekly","A","Computing","Scratch Intro","Lessons/Bi-Weekly/Grades_3-4_YearA/Session05_Scratch_Intro.md","Individual: four-repeat prediction, correction/retest and observed operation/ fair turn.","KEEP + IMPROVE","rebuilt","VERIFICATION REQUIRED"
"CST-M3","3-4","Bi-Weekly","B","Computing","Scratch Games","Lessons/Bi-Weekly/Grades_3-4_YearB/Session05_Scratch_Games.md","Individual: boundary/reset trace, observed operation, explanation of correction or verified correct result.","REBUILD","rebuilt","VERIFICATION REQUIRED"
"CST-M3","3-4","Weekly","A","Structures","Bridge Engineering","Lessons/Grades_3-4_YearA/Week10_Bridge_Engineering.md","Two capped counts and whole-number difference plus kept-same condition; 20-minute-prep desk simulation not classroom certification","REBUILD","rebuilt","VERIFICATION REQUIRED"
"CST-M3","3-4","Weekly","A","Reflection","SMART Goals","Lessons/Grades_3-4_YearA/Week18_SMART_Goals.md","Individual: one SMART goal, two real 0-3 records and evidence-based next action with responsible work choice.","KEEP + IMPROVE","rebuilt","VERIFICATION REQUIRED"
"CST-M3","3-4","Weekly","A","Faith and evidence","Catholic Schools Week STREAM","Lessons/Grades_3-4_YearA/Week23_Catholic_Schools_Week.md","Individual: supported Agnesi fact and source distinction; correct four groups of three giving twelve with justified calculation; peer-backed visual explanation revision","KEEP + IMPROVE","rebuilt","VERIFICATION REQUIRED"
"CST-M3","3-4","Weekly","A","Computing","Scratch Programming","Lessons/Grades_3-4_YearA/Week24-25_Scratch_Programming.md","Individual: correct trace/condition/reset plus observed edit/run and rule revision.","KEEP + IMPROVE","rebuilt","VERIFICATION REQUIRED"
"CST-M3","3-4","Weekly","A","Mathematics","Pi Day Circles","Lessons/Grades_3-4_YearA/Week28_Pi_Day_Circles.md","Individual: two measurement pairs with units, three-length comparison and honest limit.","KEEP + IMPROVE","rebuilt","VERIFICATION REQUIRED"
"CST-M3","3-4","Weekly","B","Gratitude data","Thanksgiving Gratitude","Lessons/Grades_3-4_YearB/Week11_Thanksgiving_Gratitude.md","Individual: accurate counts/labels, correct comparison and privacy/interpretation limit with visible revision.","KEEP + IMPROVE","rebuilt","VERIFICATION REQUIRED"
"CST-M3","3-4","Weekly","B","Reflection","New Year Goals","Lessons/Grades_3-4_YearB/Week18_New_Year_Goals.md","Individual: one measurable goal, two real check counts, accurate comparison and next action tied to result.","KEEP + IMPROVE","rebuilt","VERIFICATION REQUIRED"
"CST-M3","3-4","Weekly","B","Computing","Game Design Studio","Lessons/Grades_3-4_YearB/Week19-22_Game_Design.md","Individual 0-1-2-3-3 reset trace and test-backed revision; actual edits logged; desk simulation not live Scratch execution","REBUILD","rebuilt","VERIFICATION REQUIRED"
"CST-M3","3-4","Weekly","B","Community data","Catholic Schools Week","Lessons/Grades_3-4_YearB/Week23_Catholic_Schools.md","Individual: accurate chart/comparison, responsible caption/source and access choice.","KEEP + IMPROVE","rebuilt","VERIFICATION REQUIRED"
"CST-M3","3-4","Weekly","B","Stewardship design","Sustainable City","Lessons/Grades_3-4_YearB/Week24-27_Sustainable_City.md","Individual: correct twenty-token budget, labeled model, real route retest and stewardship tradeoff.","KEEP + IMPROVE","rebuilt","VERIFICATION REQUIRED"
"CST-M3","3-4","Weekly","B","Mathematics","Pi Day Activities","Lessons/Grades_3-4_YearB/Week28_Pi_Day.md","Individual: measurements/comparison and intentional repeated design, not polish.","KEEP + IMPROVE","rebuilt","VERIFICATION REQUIRED"
"CST-M3","5-6","Bi-Weekly","B","Life Science","Ecosystems","Lessons/Bi-Weekly/Grades_5-6_YearB/Session12_Ecosystems.md","Individual four food-to-consumer arrows and bounded perturbation/model limit and 6/10 versus 4/10 habitat tradeoff","KEEP + IMPROVE","rebuilt","VERIFICATION REQUIRED"
"CST-M3","5-6","Weekly","A","Structures","Structural Engineering","Lessons/Grades_5-6_YearA/Week05-06_Structural_Engineering.md","Individual force path and two dated tests/revision and equal-unit ratio with actual or labeled fictional mass","KEEP + IMPROVE","rebuilt","VERIFICATION REQUIRED"
"CST-M3","5-6","Weekly","A","Service","Social Innovation","Lessons/Grades_5-6_YearA/Week07-09_Social_Innovation.md","Individual criterion/constraint and four requests/retest and 2-dollar example and supported dignity/limit defense","KEEP + IMPROVE","rebuilt","VERIFICATION REQUIRED"
"CST-M3","5-6","Weekly","A","Structures","Advanced Bridges","Lessons/Grades_5-6_YearA/Week10_Advanced_Bridges.md","Individual two safe shape tests and force path and equal-unit ratio/revision with limitation","KEEP + IMPROVE","rebuilt","VERIFICATION REQUIRED"
"CST-M3","5-6","Weekly","A","Earth and Space","Astronomy","Lessons/Grades_5-6_YearA/Week16_Astronomy.md","Individual 1/2 AU conversions and distance-versus-size limit and evidence/faith distinction","KEEP + IMPROVE","rebuilt","VERIFICATION REQUIRED"
"CST-M3","5-6","Weekly","A","Mathematics","Pi Day","Lessons/Grades_5-6_YearA/Week28_Pi_Day.md","Individual three C/D pairs and checked ratio and repeat/uncertainty and numerical/philosophical distinction","KEEP + IMPROVE","rebuilt","VERIFICATION REQUIRED"
"CST-M3","5-6","Weekly","B","Service","Social Entrepreneurship","Lessons/Grades_5-6_YearB/Week20-23_Social_Entrepreneurship.md","Individual A/B budgets 12/7/5 and 6/7/-1 and 25-minute capacity and workflow retest and fair-access pitch/limit","KEEP + IMPROVE","rebuilt","VERIFICATION REQUIRED"
"CST-S1","1-2","Bi-Weekly","A","Observation","Nature Exploration","Lessons/Bi-Weekly/Grades_1-2_YearA/Session05_Nature_Exploration.md","Grade 1: Represent two details, distinguish leaf from stone and count visible features once. Grade 2: Explain all three categories and a count comparison without claiming a picture proves current growth.","KEEP + IMPROVE","rebuilt","VERIFICATION REQUIRED"
"CST-S1","1-2","Bi-Weekly","A","Faith and reason","Catholic Inventors","Lessons/Bi-Weekly/Grades_1-2_YearA/Session09_Catholic_Inventors.md","Grade 1: Sort by visible feature, count both groups and explain the panel. Grade 2: Interpret the equal counts, revise a clear data message and distinguish source-checked history from model data.","KEEP + IMPROVE","rebuilt","VERIFICATION REQUIRED"
"CST-S1","1-2","Bi-Weekly","A","Weather","Weather Watchers","Lessons/Bi-Weekly/Grades_1-2_YearA/Session10_Weather_Watchers.md","Grade 1: Represent three supported time records and count observed categories accurately. Grade 2: Interpret actual three-time category counts, identify the same-place condition and distinguish observation from forecast or unknown visibility.","KEEP + IMPROVE","rebuilt","VERIFICATION REQUIRED"
"CST-S1","1-2","Weekly","A","Welcome","Welcome to C-STREAM","Lessons/Grades_1-2_YearA/Week01_Welcome_to_CSTREAM.md","Grade 1: Point to two represented details and ask one oral question; choose one concrete first step. Grade 2: Distinguish observation from prediction, ask a testable question and give a reason for a useful next step.","KEEP + IMPROVE","rebuilt","VERIFICATION REQUIRED"
"CST-S1","1-2","Weekly","A","Observation","Wonder Walk Scientists","Lessons/Grades_1-2_YearA/Week04_Wonder_Walk.md","Individual two details sketch one question category reason and protective action; no writing required for Grade 1","REBUILD","rebuilt","VERIFICATION REQUIRED"
"CST-S1","1-2","Weekly","A","Faith and reason","Catholic Schools Week STREAM","Lessons/Grades_1-2_YearA/Week23_Catholic_Schools_Week.md","Grade 1: Show two details and distinguish a classroom action from an object observation. Grade 2: Explain an open question, an evidence limit and a visual revision after feedback.","KEEP + IMPROVE","rebuilt","VERIFICATION REQUIRED"
"CST-S1","1-2","Weekly","A","Growth","Growing Things","Lessons/Grades_1-2_YearA/Week29-31_Growing_Things.md","Each child two dated observations same-baseline measures comparison and care action; Grade 2 distinguishes untested cause","REBUILD","rebuilt","VERIFICATION REQUIRED"
"CST-S1","1-2","Weekly","B","Observation","Welcome Back Scientists","Lessons/Grades_1-2_YearB/Week01_Welcome_Scientists.md","Grade 1: Show two observed details and ask one question. Grade 2: Ask a testable question and distinguish its prediction from an actual result.","KEEP + IMPROVE","rebuilt","VERIFICATION REQUIRED"
"CST-S1","1-2","Weekly","B","Observation","Senses and Discovery","Lessons/Grades_1-2_YearB/Week04_Senses_Discovery.md","Individual two details sketch comparison/property sort and inclusive method; Grade 2 two rules","REBUILD","rebuilt","VERIFICATION REQUIRED"
"CST-S1","1-2","Weekly","B","Winter","Winter Wonders","Lessons/Grades_1-2_YearB/Week16_Winter_Wonders.md","Individual ice before/after record two matching features and model limitation; no-melt reported honestly","REBUILD","rebuilt","VERIFICATION REQUIRED"
"CST-S1","3-4","Bi-Weekly","A","Faith and evidence","Catholic Scientists","Lessons/Bi-Weekly/Grades_3-4_YearA/Session09_Catholic_Scientists.md","Individual: sourced Mendel or Albert fact; observed model detail; three-three tally and six total; corrected classification and peer-backed visual revision; model versus historical evidence limit","KEEP + IMPROVE","rebuilt","VERIFICATION REQUIRED"
"CST-S1","3-4","Bi-Weekly","A","Weather","Weather Science","Lessons/Bi-Weekly/Grades_3-4_YearA/Session10_Weather_Science.md","Individual: two actual depths/units, accurate cycle model, tool limit and inclusive message.","KEEP + IMPROVE","rebuilt","VERIFICATION REQUIRED"
"CST-S1","3-4","Bi-Weekly","A","Life inquiry","Plants and Growth","Lessons/Bi-Weekly/Grades_3-4_YearA/Session12_Plants_Growth.md","Individual observation/variable/two controls/mm comparison; simulated roots labeled; optional real care assigned or dry setup","REBUILD","rebuilt","VERIFICATION REQUIRED"
"CST-S1","3-4","Bi-Weekly","B","Earth systems","Geology Rocks","Lessons/Bi-Weekly/Grades_3-4_YearB/Session10_Geology_Rocks.md","Individual: observed detail/measurement, intelligible diagram and justified uncertain classification.","KEEP + IMPROVE","rebuilt","VERIFICATION REQUIRED"
"CST-S1","3-4","Weekly","A","Foundations","Welcome to C-STREAM","Lessons/Grades_3-4_YearA/Week01_Welcome_to_CSTREAM.md","Individual: two verifiable details, investigable question and observed fair turn (C1/C2/S1). Partial = developing; missing = not yet evidenced; excitement not assessed.","KEEP + IMPROVE","rebuilt","VERIFICATION REQUIRED"
"CST-S1","3-4","Weekly","A","Inquiry","Scientific Method","Lessons/Grades_3-4_YearA/Week04_Scientific_Method.md","Individual: six cm readings, one change/two controls, evidence-based claim; prediction need not be right.","KEEP + IMPROVE","rebuilt","VERIFICATION REQUIRED"
"CST-S1","3-4","Weekly","A","Light","Light Science and Advent","Lessons/Grades_3-4_YearA/Week14-15_Light_Science_Advent.md","Individual: two accurate optical observations/path, explicit symbolic distinction and test-backed visual revision.","KEEP + IMPROVE","rebuilt","VERIFICATION REQUIRED"
"CST-S1","3-4","Weekly","A","Stewardship","Environmental STREAM","Lessons/Grades_3-4_YearA/Week29-31_Environmental_STREAM.md","Individual: observations, criterion/limit, actual repeated counts and chart/impact distinction.","KEEP + IMPROVE","rebuilt","VERIFICATION REQUIRED"
"CST-S1","3-4","Weekly","A","Life science","Resurrection and New Life Science","Lessons/Grades_3-4_YearA/Week33_Resurrection_Science.md","Individual: visible detail, ordered living stages/generation link, labeled visual revision and science/faith distinction.","KEEP + IMPROVE","rebuilt","VERIFICATION REQUIRED"
"CST-S1","3-4","Weekly","B","Foundations","Welcome Back Scientists","Lessons/Grades_3-4_YearB/Week01_Welcome_Scientists.md","Individual: three verifiable details, testable question and faithful visual revision.","KEEP + IMPROVE","rebuilt","VERIFICATION REQUIRED"
"CST-S1","3-4","Weekly","B","Light","Advent Preparation","Lessons/Grades_3-4_YearB/Week13_Advent_Preparation.md","Individual: accurate comparisons/path and critique-backed symbolic design, not beautiful decoration alone.","KEEP + IMPROVE","rebuilt","VERIFICATION REQUIRED"
"CST-S1","3-4","Weekly","B","Weather data","Weather Station","Lessons/Grades_3-4_YearB/Week29-31_Weather_Station.md","Individual units/source/graph comparison; simulated weather not actual forecast; three desk-simulated meetings only","REBUILD","rebuilt","VERIFICATION REQUIRED"
"CST-S1","5-6","Bi-Weekly","B","Investigation","Forensic Science","Lessons/Bi-Weekly/Grades_5-6_YearB/Session04_Forensic_Science.md","Individual three observations and mark measurement and candidate comparison and source dependence/limit and dignity","REBUILD","rebuilt","VERIFICATION REQUIRED"
"CST-S1","5-6","Weekly","B","Environment","Environmental Monitoring","Lessons/Grades_5-6_YearB/Week29-31_Environmental_Monitoring.md","Individual preserved raw/correction record and ten bars and totals 65/60 means 13/12 and causal/stewardship limit","REBUILD","rebuilt","VERIFICATION REQUIRED"
"CST-S1","K","Bi-Weekly","Single","Welcome","Welcome to Wonder","Lessons/Bi-Weekly/Kindergarten/Session01_Welcome_Wonder.md","Each child shows an observed detail and question through a representation and demonstrates shared-material care.","KEEP + IMPROVE","rebuilt","VERIFICATION REQUIRED"
"CST-S1","K","Bi-Weekly","Single","Observation","God's Amazing World","Lessons/Bi-Weekly/Kindergarten/Session02_Gods_World.md","Each child sorts at least three pictures by a visible rule and represents the groups with a material-care action.","KEEP + IMPROVE","rebuilt","VERIFICATION REQUIRED"
"CST-S1","K","Bi-Weekly","Single","Water changes","Winter Science","Lessons/Bi-Weekly/Kindergarten/Session08_Winter_Science.md","Each child identifies solid/liquid and actual before/after change or no change using their cup or labeled earlier sample.","REBUILD","rebuilt","VERIFICATION REQUIRED"
"CST-S1","K","Bi-Weekly","Single","Weather","Weather Wonder","Lessons/Bi-Weekly/Kindergarten/Session10_Weather_Wonder.md","Each child represents and compares two actual dated or explicitly sourced sky records and distinguishes observation from prediction.","KEEP + IMPROVE","rebuilt","VERIFICATION REQUIRED"
"CST-S1","K","Bi-Weekly","Single","Plant observation","Growing Things","Lessons/Bi-Weekly/Kindergarten/Session11_Growing_Things.md","Each child identifies actual seed detail versus predicted change and chooses appropriate care; model-only evidence labeled if live seed unavailable.","REBUILD","rebuilt","VERIFICATION REQUIRED"
"CST-S1","K","Bi-Weekly","Single","Sound","Sound and Music","Lessons/Bi-Weekly/Kindergarten/Session14_Sound_Music.md","Each child indicates an observed vibration and communicates an intentional four-beat sound or silence phrase with accessible roles.","KEEP + IMPROVE","rebuilt","VERIFICATION REQUIRED"
"CST-S1","K","Weekly","Single","Welcome","Welcome to C-STREAM","Lessons/Kindergarten/Week01_Welcome_to_CSTREAM.md","Each child represents an actual detail and asks or selects one observation question.","KEEP + IMPROVE","rebuilt","VERIFICATION REQUIRED"
"CST-S1","K","Weekly","Single","Observation","Wonder Walk","Lessons/Kindergarten/Week04_Wonder_Walk.md","Each child shows two actual observed details and poses/selects one question; records stewardship action; no drawing-quality grade.","REBUILD","rebuilt","VERIFICATION REQUIRED"
"CST-S1","K","Weekly","Single","Reflection","New Year Goals","Lessons/Kindergarten/Week18_New_Year_Goals.md","Each child records an actual or explicitly sourced sky observation and states a checkable comparison goal; predictions are separate.","KEEP + IMPROVE","rebuilt","VERIFICATION REQUIRED"
"CST-S1","K","Weekly","Single","Practice stations","Exploration Stations","Lessons/Kindergarten/Week19-22_Exploration_Stations.md","Each child compares a tower retest and two labeled weather records and explains a readable repeat and tested algorithm correction.","REBUILD","rebuilt","VERIFICATION REQUIRED"
"CST-S1","K","Weekly","Single","Plant observation","Growing Things","Lessons/Kindergarten/Week29-31_Growing_Things.md","Each child records actual detail; compares dated views including no change; counts visible features and chooses justified care action; plant success not grade.","REBUILD","rebuilt","VERIFICATION REQUIRED"
"CST-S2","1-2","Bi-Weekly","A","Light","Light in Darkness","Lessons/Bi-Weekly/Grades_1-2_YearA/Session07_Light_in_Darkness.md","Grade 1: Identify source/blocker and show a shadow difference. Grade 2: Explain changed versus kept-same positions and distinguish observed result from classroom symbolism.","KEEP + IMPROVE","rebuilt","VERIFICATION REQUIRED"
"CST-S2","1-2","Bi-Weekly","A","Sound","Sound Engineering","Lessons/Bi-Weekly/Grades_1-2_YearA/Session14_Sound_Engineering.md","Grade 1: Compare high/low outcomes and compose/repeat a four-beat phrase. Grade 2: Name the changed length and kept-same material, distinguish pitch/volume and explain an instrument/rhythm revision.","KEEP + IMPROVE","rebuilt","VERIFICATION REQUIRED"
"CST-S2","1-2","Bi-Weekly","B","Adaptations","Animal Adaptations","Lessons/Bi-Weekly/Grades_1-2_YearB/Session04_Animal_Adaptations.md","Grade 1: Count noticed silhouettes in two trials and show a model feature. Grade 2: Interpret the two records, name a kept-same viewing condition and distinguish model visibility from survival or inherited change.","KEEP + IMPROVE","rebuilt","VERIFICATION REQUIRED"
"CST-S2","1-2","Bi-Weekly","B","Forces","Magnets and Motion","Lessons/Bi-Weekly/Grades_1-2_YearB/Session10_Magnets_Motion.md","Grade 1: Test or direct a test, sort actual outcomes and count groups totaling six. Grade 2: Compare predicted/actual counts, explain a mismatch and use sum/difference reasoning without assuming every metal attracts.","KEEP + IMPROVE","rebuilt","VERIFICATION REQUIRED"
"CST-S2","1-2","Bi-Weekly","B","Machines","Simple Machines","Lessons/Bi-Weekly/Grades_1-2_YearB/Session15_Simple_Machines.md","Grade 1: Compare path lengths and demonstrate/describe a safe lever lift. Grade 2: Calculate/explain the path-length difference within 20 using units and distinguish measured distance from unmeasured effort.","KEEP + IMPROVE","rebuilt","VERIFICATION REQUIRED"
"CST-S2","1-2","Weekly","A","Light","Light Explorations","Lessons/Grades_1-2_YearA/Week14-15_Light_Explorations.md","Grade 1: Show blocked light and identify source/mirror using observed results. Grade 2: Compare two shadow conditions, name a kept-same condition and trace source -> mirror -> screen without calling a symbol data.","KEEP + IMPROVE","rebuilt","VERIFICATION REQUIRED"
"CST-S2","1-2","Weekly","B","Motion","Ramp Races","Lessons/Grades_1-2_YearB/Week10_Ramp_Races.md","Individual no-push release same-reference measurement and low/high comparison; three trials/condition per team with honest uncertainty","REBUILD","rebuilt","VERIFICATION REQUIRED"
"CST-S2","1-2","Weekly","B","Motion","Friendship Machines","Lessons/Grades_1-2_YearB/Week24-25_Friendship_Machines.md","Grade 1: Show two events and count three trial successes. Grade 2: Compare before/after success counts, name a kept-same test condition and explain the metaphor limit.","KEEP + IMPROVE","rebuilt","VERIFICATION REQUIRED"
"CST-S2","3-4","Bi-Weekly","A","Life inquiry","Plants and Growth","Lessons/Bi-Weekly/Grades_3-4_YearA/Session12_Plants_Growth.md","Individual observation/variable/two controls/mm comparison; simulated roots labeled; optional real care assigned or dry setup","REBUILD","rebuilt","VERIFICATION REQUIRED"
"CST-S2","3-4","Bi-Weekly","A","Machines","Simple Machines","Lessons/Bi-Weekly/Grades_3-4_YearA/Session15_Simple_Machines.md","Individual: four arm lengths, correct labels/control and force-distance explanation without invented force data.","KEEP + IMPROVE","rebuilt","VERIFICATION REQUIRED"
"CST-S2","3-4","Weekly","A","Inquiry","Scientific Method","Lessons/Grades_3-4_YearA/Week04_Scientific_Method.md","Individual: six cm readings, one change/two controls, evidence-based claim; prediction need not be right.","KEEP + IMPROVE","rebuilt","VERIFICATION REQUIRED"
"CST-S2","3-4","Weekly","A","Choice inquiry","Choice Labs","Lessons/Grades_3-4_YearA/Week19-22_Choice_Labs.md","Individual: common four readings/controls, repeated project tests and deliberate artistic revision with responsible stock use.","REBUILD","rebuilt","VERIFICATION REQUIRED"
"CST-S2","3-4","Weekly","B","Flight","Flight Fundamentals","Lessons/Grades_3-4_YearB/Week02-03_Flight_Fundamentals.md","Individual force model and six whole-cm readings plus control/limitation; desk simulation only; approved lane required","REBUILD","rebuilt","VERIFICATION REQUIRED"
"CST-S2","3-4","Weekly","B","Flight","Paper Airplane Challenge","Lessons/Grades_3-4_YearB/Week04-06_Paper_Airplane.md","Individual: nine readings, clear version change/controls and evidence-supported recommendation.","KEEP + IMPROVE","rebuilt","VERIFICATION REQUIRED"
"CST-S2","3-4","Weekly","B","Weather data","Weather Station","Lessons/Grades_3-4_YearB/Week29-31_Weather_Station.md","Individual units/source/graph comparison; simulated weather not actual forecast; three desk-simulated meetings only","REBUILD","rebuilt","VERIFICATION REQUIRED"
"CST-S2","5-6","Weekly","A","Investigation","Experimental Design","Lessons/Grades_5-6_YearA/Week04_Experimental_Design.md","Individual six valid values with cm and IV/DV/two controls and numerical comparison/limit","REBUILD","rebuilt","VERIFICATION REQUIRED"
"CST-S2","5-6","Weekly","A","Mathematics","Pi Day","Lessons/Grades_5-6_YearA/Week28_Pi_Day.md","Individual three C/D pairs and checked ratio and repeat/uncertainty and numerical/philosophical distinction","KEEP + IMPROVE","rebuilt","VERIFICATION REQUIRED"
"CST-S2","5-6","Weekly","A","Environment","Environmental Science","Lessons/Grades_5-6_YearA/Week29-31_Environmental_Science.md","Individual controls/limit and 9 of 10 points and evidence-limited graph and revised message","REBUILD","rebuilt","VERIFICATION REQUIRED"
"CST-S2","5-6","Weekly","B","Energy","Renewable Energy","Lessons/Grades_5-6_YearB/Week05-07_Renewable_Energy.md","Individual two controls and six rotation counts and uncertainty and stewardship tradeoff","REBUILD","rebuilt","VERIFICATION REQUIRED"
"CST-S2","K","Bi-Weekly","Single","Light","Colors and Light","Lessons/Bi-Weekly/Kindergarten/Session04_Colors_Light.md","Each child predicts and reports an actual shadow comparison and changed or kept-same conditions with light input/output.","KEEP + IMPROVE","rebuilt","VERIFICATION REQUIRED"
"CST-S2","K","Bi-Weekly","Single","Ramps","Simple Machines","Lessons/Bi-Weekly/Kindergarten/Session05_Simple_Machines.md","Each child reports roll or slide or stay and compares marked ramp rise with the same object and release point; no speed inference.","KEEP + IMPROVE","rebuilt","VERIFICATION REQUIRED"
"CST-S2","K","Bi-Weekly","Single","Buoyancy","Water Wonder","Lessons/Bi-Weekly/Kindergarten/Session16_Water_Wonder.md","Each child reports prediction versus actual result; records two-row comparison and identifies foil redesign/retest; floating success not required.","REBUILD","rebuilt","VERIFICATION REQUIRED"
"CST-S2","K","Weekly","Single","Light","Light All Around","Lessons/Kindergarten/Week14-15_Light_All_Around.md","Each child compares a material at fixed distances and identifies flashlight input/output and an evidence-informed tissue design choice.","REBUILD","rebuilt","VERIFICATION REQUIRED"
"CST-S3","1-2","Bi-Weekly","A","Observation","Nature Exploration","Lessons/Bi-Weekly/Grades_1-2_YearA/Session05_Nature_Exploration.md","Grade 1: Represent two details, distinguish leaf from stone and count visible features once. Grade 2: Explain all three categories and a count comparison without claiming a picture proves current growth.","KEEP + IMPROVE","rebuilt","VERIFICATION REQUIRED"
"CST-S3","1-2","Bi-Weekly","A","Light","Light in Darkness","Lessons/Bi-Weekly/Grades_1-2_YearA/Session07_Light_in_Darkness.md","Grade 1: Identify source/blocker and show a shadow difference. Grade 2: Explain changed versus kept-same positions and distinguish observed result from classroom symbolism.","KEEP + IMPROVE","rebuilt","VERIFICATION REQUIRED"
"CST-S3","1-2","Bi-Weekly","A","Weather","Weather Watchers","Lessons/Bi-Weekly/Grades_1-2_YearA/Session10_Weather_Watchers.md","Grade 1: Represent three supported time records and count observed categories accurately. Grade 2: Interpret actual three-time category counts, identify the same-place condition and distinguish observation from forecast or unknown visibility.","KEEP + IMPROVE","rebuilt","VERIFICATION REQUIRED"
"CST-S3","1-2","Bi-Weekly","A","Life cycles","Life Cycles","Lessons/Bi-Weekly/Grades_1-2_YearA/Session12_Life_Cycles.md","Grade 1: Order at least seed/sprout/plant/new seeds with the six-card support and identify one connection. Grade 2: Explain all six represented stages, repair an order error and interpret coverage without claiming real growth timing.","KEEP + IMPROVE","rebuilt","VERIFICATION REQUIRED"
"CST-S3","1-2","Bi-Weekly","B","Adaptations","Animal Adaptations","Lessons/Bi-Weekly/Grades_1-2_YearB/Session04_Animal_Adaptations.md","Grade 1: Count noticed silhouettes in two trials and show a model feature. Grade 2: Interpret the two records, name a kept-same viewing condition and distinguish model visibility from survival or inherited change.","KEEP + IMPROVE","rebuilt","VERIFICATION REQUIRED"
"CST-S3","1-2","Bi-Weekly","B","Growth","Garden Engineers","Lessons/Bi-Weekly/Grades_1-2_YearB/Session05_Garden_Engineers.md","Individual two needs light/access constraints and layout test/revision; planting does not prove same-day growth","REBUILD","rebuilt","VERIFICATION REQUIRED"
"CST-S3","1-2","Bi-Weekly","B","Light","Star Makers","Lessons/Bi-Weekly/Grades_1-2_YearB/Session07_Star_Makers.md","Grade 1: Count six dots, show two matching positions and explain a visible design choice. Grade 2: Interpret the six-feature checklist and explain why folded paper does not show real stellar distances or emit light.","KEEP + IMPROVE","rebuilt","VERIFICATION REQUIRED"
"CST-S3","1-2","Bi-Weekly","B","Life cycles","Butterfly Wonder","Lessons/Bi-Weekly/Grades_1-2_YearB/Session12_Butterfly_Wonder.md","Grade 1: Order four supported stages and identify the living pupa. Grade 2: Explain adult -> new eggs, interpret coverage records and distinguish represented stages from measured timing.","KEEP + IMPROVE","rebuilt","VERIFICATION REQUIRED"
"CST-S3","1-2","Bi-Weekly","B","Stewardship","Earth Care","Lessons/Bi-Weekly/Grades_1-2_YearB/Session16_Earth_Care.md","Grade 1: Sort with the supplied rules, count three groups and show a reuse action. Grade 2: Explain 4 + 4 + 4 = 12 and modeled 8 - 4 = 4, distinguish example data from actual waste and propose a feasible need/limit.","KEEP + IMPROVE","rebuilt","VERIFICATION REQUIRED"
"CST-S3","1-2","Weekly","A","Observation","Wonder Walk Scientists","Lessons/Grades_1-2_YearA/Week04_Wonder_Walk.md","Individual two details sketch one question category reason and protective action; no writing required for Grade 1","REBUILD","rebuilt","VERIFICATION REQUIRED"
"CST-S3","1-2","Weekly","A","Light","Light Explorations","Lessons/Grades_1-2_YearA/Week14-15_Light_Explorations.md","Grade 1: Show blocked light and identify source/mirror using observed results. Grade 2: Compare two shadow conditions, name a kept-same condition and trace source -> mirror -> screen without calling a symbol data.","KEEP + IMPROVE","rebuilt","VERIFICATION REQUIRED"
"CST-S3","1-2","Weekly","A","Light","Star of Wonder","Lessons/Grades_1-2_YearA/Week16_Star_of_Wonder.md","Grade 1: Count six dots and point to two position details matching the reference. Grade 2: Represent the arrangement accurately enough to compare and explain one real-sky/model difference.","KEEP + IMPROVE","rebuilt","VERIFICATION REQUIRED"
"CST-S3","1-2","Weekly","A","Growth","Growing Things","Lessons/Grades_1-2_YearA/Week29-31_Growing_Things.md","Each child two dated observations same-baseline measures comparison and care action; Grade 2 distinguishes untested cause","REBUILD","rebuilt","VERIFICATION REQUIRED"
"CST-S3","1-2","Weekly","A","New life","New Life Engineering","Lessons/Grades_1-2_YearA/Week33_New_Life_Engineering.md","Grade 1: Show two observed details and a standing test/change. Grade 2: Explain a life-model limitation and a test-based design change without claiming growth from a picture.","KEEP + IMPROVE","rebuilt","VERIFICATION REQUIRED"
"CST-S3","1-2","Weekly","B","Habitats","Animal Habitats","Lessons/Grades_1-2_YearB/Week07-09_Animal_Habitats.md","Grade 1: Show food, water and shelter connections and count checklist features. Grade 2: Explain all four connections, compare before/after coverage and name a model limit without inventing species facts.","KEEP + IMPROVE","rebuilt","VERIFICATION REQUIRED"
"CST-S3","1-2","Weekly","B","Motion","Ramp Races","Lessons/Grades_1-2_YearB/Week10_Ramp_Races.md","Individual no-push release same-reference measurement and low/high comparison; three trials/condition per team with honest uncertainty","REBUILD","rebuilt","VERIFICATION REQUIRED"
"CST-S3","1-2","Weekly","B","Light","Stars and Light","Lessons/Grades_1-2_YearB/Week14-15_Stars_Light.md","Grade 1: Count the pattern and individually switch a complete protected path ON/OFF, identifying output. Grade 2: Explain the open-versus-closed path result, safe connection procedure and star-model limitation; justify an artistic contrast choice.","KEEP + IMPROVE","rebuilt","VERIFICATION REQUIRED"
"CST-S3","1-2","Weekly","B","Winter","Winter Wonders","Lessons/Grades_1-2_YearB/Week16_Winter_Wonders.md","Individual ice before/after record two matching features and model limitation; no-melt reported honestly","REBUILD","rebuilt","VERIFICATION REQUIRED"
"CST-S3","1-2","Weekly","B","Growth","Garden Engineering","Lessons/Grades_1-2_YearB/Week26-27_Garden_Engineering.md","Grade 1: Count seeds/spaces, show a plant need and report an actual observation. Grade 2: Explain the four-plus-two layout limit, compare dated evidence honestly and distinguish an observation from an untested cause.","KEEP + IMPROVE","rebuilt","VERIFICATION REQUIRED"
"CST-S3","1-2","Weekly","B","Life cycles","Butterfly Engineering","Lessons/Grades_1-2_YearB/Week29-31_Butterfly_Engineering.md","Grade 1: Order four stages, identify the living pupa and show two matching wing features. Grade 2: Explain adult -> new eggs rather than adult -> caterpillar, interpret coverage checks and justify a purposeful visual revision/model limit.","KEEP + IMPROVE","rebuilt","VERIFICATION REQUIRED"
"CST-S3","1-2","Weekly","B","New life","New Life Celebration","Lessons/Grades_1-2_YearB/Week33_New_Life.md","Grade 1: Represent two visible features and compare their counts. Grade 2: Explain one seasonal-model relationship and an evidence limit without equating dormancy with death.","KEEP + IMPROVE","rebuilt","VERIFICATION REQUIRED"
"CST-S3","3-4","Bi-Weekly","A","Life science","Animal Habitats","Lessons/Bi-Weekly/Grades_3-4_YearA/Session04_Animal_Habitats.md","Individual: four needs, supported relationship, readable model and honest limit.","KEEP + IMPROVE","rebuilt","VERIFICATION REQUIRED"
"CST-S3","3-4","Bi-Weekly","A","Circuits","Light and Circuits","Lessons/Bi-Weekly/Grades_3-4_YearA/Session07_Light_Circuits.md","Individual return-path/state prediction and two-cycle physical turn and repair plus revised message; hardware preflight required; paper is reasoning/art only","REBUILD","rebuilt","VERIFICATION REQUIRED"
"CST-S3","3-4","Bi-Weekly","A","Weather","Weather Science","Lessons/Bi-Weekly/Grades_3-4_YearA/Session10_Weather_Science.md","Individual: two actual depths/units, accurate cycle model, tool limit and inclusive message.","KEEP + IMPROVE","rebuilt","VERIFICATION REQUIRED"
"CST-S3","3-4","Bi-Weekly","A","Machines","Simple Machines","Lessons/Bi-Weekly/Grades_3-4_YearA/Session15_Simple_Machines.md","Individual: four arm lengths, correct labels/control and force-distance explanation without invented force data.","KEEP + IMPROVE","rebuilt","VERIFICATION REQUIRED"
"CST-S3","3-4","Bi-Weekly","B","Life systems","Ecosystems","Lessons/Bi-Weekly/Grades_3-4_YearB/Session04_Ecosystems.md","Individual: accurate roles/arrows, 5/2 table and honest system limitation.","KEEP + IMPROVE","rebuilt","VERIFICATION REQUIRED"
"CST-S3","3-4","Bi-Weekly","B","Circuits","Christmas Circuits","Lessons/Bi-Weekly/Grades_3-4_YearB/Session07_Christmas_Circuits.md","Individual return path/gap/repair and two-cycle physical turn and revised Nativity message; hardware preflight required; paper is reasoning/art only","REBUILD","rebuilt","VERIFICATION REQUIRED"
"CST-S3","3-4","Bi-Weekly","B","Faith and evidence","Faith and Science","Lessons/Bi-Weekly/Grades_3-4_YearB/Session09_Faith_Science.md","Individual: accurate source/claim, four readings/annotations and explicit model/ belief distinction.","KEEP + IMPROVE","rebuilt","VERIFICATION REQUIRED"
"CST-S3","3-4","Bi-Weekly","B","Earth systems","Geology Rocks","Lessons/Bi-Weekly/Grades_3-4_YearB/Session10_Geology_Rocks.md","Individual: observed detail/measurement, intelligible diagram and justified uncertain classification.","KEEP + IMPROVE","rebuilt","VERIFICATION REQUIRED"
"CST-S3","3-4","Bi-Weekly","B","Life systems","Life Cycles","Lessons/Bi-Weekly/Grades_3-4_YearB/Session12_Life_Cycles.md","Individual: two ordered diagrams, accurate pupa/no-pupa comparison/generation link and faith distinction.","KEEP + IMPROVE","rebuilt","VERIFICATION REQUIRED"
"CST-S3","3-4","Bi-Weekly","B","Machines","Compound Machines","Lessons/Bi-Weekly/Grades_3-4_YearB/Session15_Compound_Machines.md","Individual: two correct functions, criterion/actual retest and labeled interaction/ work-care choice.","KEEP + IMPROVE","rebuilt","VERIFICATION REQUIRED"
"CST-S3","3-4","Weekly","A","Light","Light Science and Advent","Lessons/Grades_3-4_YearA/Week14-15_Light_Science_Advent.md","Individual: two accurate optical observations/path, explicit symbolic distinction and test-backed visual revision.","KEEP + IMPROVE","rebuilt","VERIFICATION REQUIRED"
"CST-S3","3-4","Weekly","A","Astronomy","Astronomy and the Star","Lessons/Grades_3-4_YearA/Week16_Astronomy_Star.md","Individual: three cm readings, two intelligible views, one model limitation and correct claim distinction (C1/S3/A1/M1).","KEEP + IMPROVE","rebuilt","VERIFICATION REQUIRED"
"CST-S3","3-4","Weekly","A","Circuits","Snap Circuits - Build Test and Design","Lessons/Grades_3-4_YearA/Week26-27_Little_Bits_Circuits.md","Individual return-path/state prediction and two-cycle physical turn and repair evidence and before/after 1 m label test; paper is reasoning only; kit inspection and classroom timing remain gated","KEEP + IMPROVE","rebuilt","VERIFICATION REQUIRED"
"CST-S3","3-4","Weekly","A","Life science","Resurrection and New Life Science","Lessons/Grades_3-4_YearA/Week33_Resurrection_Science.md","Individual: visible detail, ordered living stages/generation link, labeled visual revision and science/faith distinction.","KEEP + IMPROVE","rebuilt","VERIFICATION REQUIRED"
"CST-S3","3-4","Weekly","B","Flight","Flight Fundamentals","Lessons/Grades_3-4_YearB/Week02-03_Flight_Fundamentals.md","Individual force model and six whole-cm readings plus control/limitation; desk simulation only; approved lane required","REBUILD","rebuilt","VERIFICATION REQUIRED"
"CST-S3","3-4","Weekly","B","Light","Advent Preparation","Lessons/Grades_3-4_YearB/Week13_Advent_Preparation.md","Individual: accurate comparisons/path and critique-backed symbolic design, not beautiful decoration alone.","KEEP + IMPROVE","rebuilt","VERIFICATION REQUIRED"
"CST-S3","3-4","Weekly","B","Marine systems","Marine Science Lab","Lessons/Grades_3-4_YearB/Week14-17_Marine_Science.md","Individual: zone/food models with limits, criterion and real repeated counts/chart.","KEEP + IMPROVE","rebuilt","VERIFICATION REQUIRED"
"CST-S3","5-6","Bi-Weekly","A","Structures","Structural Engineering","Lessons/Bi-Weekly/Grades_5-6_YearA/Session03_Structural_Engineering.md","Individual force path and 20/40 g shape tests and span units and test-linked redesign/limit","KEEP + IMPROVE","rebuilt","VERIFICATION REQUIRED"
"CST-S3","5-6","Bi-Weekly","A","Life Science","Body Systems","Lessons/Bi-Weekly/Grades_5-6_YearA/Session04_Body_Systems.md","Individual five-part directed loop and four chambers/functions and blood-color/model limit and dignity","KEEP + IMPROVE","rebuilt","VERIFICATION REQUIRED"
"CST-S3","5-6","Bi-Weekly","A","Physical Computing","Christmas Electronics","Lessons/Bi-Weekly/Grades_5-6_YearA/Session07_Christmas_Electronics.md","Individual five-label circuit and four-state predictions and peer-tested visual choice","REBUILD","rebuilt","VERIFICATION REQUIRED"
"CST-S3","5-6","Bi-Weekly","A","Life Science","Life Science","Lessons/Bi-Weekly/Grades_5-6_YearA/Session12_Life_Science.md","Individual four shared cell labels and 7 of 8 corrected DNA pairs and accurate exception/model/faith limit","REBUILD","rebuilt","VERIFICATION REQUIRED"
"CST-S3","5-6","Bi-Weekly","A","Physical Science","Physics and Motion","Lessons/Bi-Weekly/Grades_5-6_YearA/Session15_Physics_Motion.md","Individual six distances with cm and accurate force pair on different objects and measurement/faith limit","KEEP + IMPROVE","rebuilt","VERIFICATION REQUIRED"
"CST-S3","5-6","Bi-Weekly","B","Earth and Space","Space Science","Lessons/Bi-Weekly/Grades_5-6_YearB/Session10_Space_Science.md","Individual correct 1/2 AU scale and limit and matched mission criterion/6-credit constraint and fact/reflection distinction","KEEP + IMPROVE","rebuilt","VERIFICATION REQUIRED"
"CST-S3","5-6","Bi-Weekly","B","Life Science","Ecosystems","Lessons/Bi-Weekly/Grades_5-6_YearB/Session12_Ecosystems.md","Individual four food-to-consumer arrows and bounded perturbation/model limit and 6/10 versus 4/10 habitat tradeoff","KEEP + IMPROVE","rebuilt","VERIFICATION REQUIRED"
"CST-S3","5-6","Bi-Weekly","B","Physical Science","Energy Science","Lessons/Bi-Weekly/Grades_5-6_YearB/Session15_Energy_Science.md","Individual six heights with cm and supported support-change retest and energy chain including thermal/sound and faith/measurement limit","KEEP + IMPROVE","rebuilt","VERIFICATION REQUIRED"
"CST-S3","5-6","Weekly","A","Structures","Structural Engineering","Lessons/Grades_5-6_YearA/Week05-06_Structural_Engineering.md","Individual force path and two dated tests/revision and equal-unit ratio with actual or labeled fictional mass","KEEP + IMPROVE","rebuilt","VERIFICATION REQUIRED"
"CST-S3","5-6","Weekly","A","Structures","Advanced Bridges","Lessons/Grades_5-6_YearA/Week10_Advanced_Bridges.md","Individual two safe shape tests and force path and equal-unit ratio/revision with limitation","KEEP + IMPROVE","rebuilt","VERIFICATION REQUIRED"
"CST-S3","5-6","Weekly","A","Physical Science","Optics and Light","Lessons/Grades_5-6_YearA/Week14-15_Optics_Light.md","Individual process distinction and three-segment ray path and observed tool turn/repair and model limit","KEEP + IMPROVE","rebuilt","VERIFICATION REQUIRED"
"CST-S3","5-6","Weekly","A","Earth and Space","Astronomy","Lessons/Grades_5-6_YearA/Week16_Astronomy.md","Individual 1/2 AU conversions and distance-versus-size limit and evidence/faith distinction","KEEP + IMPROVE","rebuilt","VERIFICATION REQUIRED"
"CST-S3","5-6","Weekly","A","Physical Computing","Snap Circuits - Accessible Indicators","Lessons/Grades_5-6_YearA/Week26-27_Little_Bits.md","Individual full path and two-state predictions/two cycles and physical turn and repair and before/after 1 m label test and access tradeoff; separate protected-AA route retains four states; preflight remains gated","REBUILD","rebuilt","VERIFICATION REQUIRED"
"CST-S3","5-6","Weekly","A","Physical Science","Easter Engineering","Lessons/Grades_5-6_YearA/Week33_Easter_Engineering.md","Individual three change categories and observed/reference distinction and revised panel and faith-symbol limit","KEEP + IMPROVE","rebuilt","VERIFICATION REQUIRED"
"CST-S3","5-6","Weekly","B","Life Science","Biotechnology","Lessons/Grades_5-6_YearB/Week02-04_Biotechnology.md","Individual five cell labels and 7 of 8 complementary letters and model limit and ethics safeguard","REBUILD","rebuilt","VERIFICATION REQUIRED"
"CST-S3","5-6","Weekly","B","Design","Biomimicry","Lessons/Grades_5-6_YearB/Week08-10_Biomimicry.md","Individual three sketch labels and two safe loads and model limit and peer-tested visual revision","KEEP + IMPROVE","rebuilt","VERIFICATION REQUIRED"
"CST-S3","5-6","Weekly","B","Life Science","Easter Hope","Lessons/Grades_5-6_YearB/Week33_Easter_Hope.md","Individual two ordered living-development models and corrected misconception and caption revision and faith-symbol limit","KEEP + IMPROVE","rebuilt","VERIFICATION REQUIRED"
"CST-S3","K","Bi-Weekly","Single","Water changes","Winter Science","Lessons/Bi-Weekly/Kindergarten/Session08_Winter_Science.md","Each child identifies solid/liquid and actual before/after change or no change using their cup or labeled earlier sample.","REBUILD","rebuilt","VERIFICATION REQUIRED"
"CST-S3","K","Bi-Weekly","Single","Weather","Weather Wonder","Lessons/Bi-Weekly/Kindergarten/Session10_Weather_Wonder.md","Each child represents and compares two actual dated or explicitly sourced sky records and distinguishes observation from prediction.","KEEP + IMPROVE","rebuilt","VERIFICATION REQUIRED"
"CST-S3","K","Bi-Weekly","Single","Plant observation","Growing Things","Lessons/Bi-Weekly/Kindergarten/Session11_Growing_Things.md","Each child identifies actual seed detail versus predicted change and chooses appropriate care; model-only evidence labeled if live seed unavailable.","REBUILD","rebuilt","VERIFICATION REQUIRED"
"CST-S3","K","Bi-Weekly","Single","Habitats","Animal Homes","Lessons/Bi-Weekly/Kindergarten/Session12_Animal_Homes.md","Each child identifies food and water and shelter and space with a model criterion and limitation and a care action.","KEEP + IMPROVE","rebuilt","VERIFICATION REQUIRED"
"CST-S3","K","Bi-Weekly","Single","Life cycles","Easter New Life","Lessons/Bi-Weekly/Kindergarten/Session13_Easter_New_Life.md","Each child orders four living stages and communicates a model limit; biology is distinct from Resurrection teaching.","REBUILD","rebuilt","VERIFICATION REQUIRED"
"CST-S3","K","Weekly","Single","Stars","Star of Wonder","Lessons/Kindergarten/Week16_Star_of_Wonder.md","Each child counts three to five model dots and distinguishes the drawing from real light-producing stars.","KEEP + IMPROVE","rebuilt","VERIFICATION REQUIRED"
"CST-S3","K","Weekly","Single","Reflection","New Year Goals","Lessons/Kindergarten/Week18_New_Year_Goals.md","Each child records an actual or explicitly sourced sky observation and states a checkable comparison goal; predictions are separate.","KEEP + IMPROVE","rebuilt","VERIFICATION REQUIRED"
"CST-S3","K","Weekly","Single","Plant observation","Growing Things","Lessons/Kindergarten/Week29-31_Growing_Things.md","Each child records actual detail; compares dated views including no change; counts visible features and chooses justified care action; plant success not grade.","REBUILD","rebuilt","VERIFICATION REQUIRED"
"CST-S3","K","Weekly","Single","Life cycles","New Life Engineering","Lessons/Kindergarten/Week33_New_Life_Engineering.md","Each child orders four living-insect stages and explains a model limit without equating metamorphosis and Resurrection.","REBUILD","rebuilt","VERIFICATION REQUIRED"
"CST-T1","1-2","Bi-Weekly","A","Coding","Robot Friends","Lessons/Bi-Weekly/Grades_1-2_YearA/Session04_Robot_Friends.md","Each child predicts/runs two stored actions changes one and identifies responsible turn; token alternative not real robot mastery","REBUILD","rebuilt","VERIFICATION REQUIRED"
"CST-T1","1-2","Bi-Weekly","A","Coding","Coding Basics","Lessons/Bi-Weekly/Grades_1-2_YearA/Session08_Coding_Basics.md","Grade 1: Individually connect/run the sequence and identify the changed motion count. Grade 2: Predict the changed endpoint, explain the rerun/reset and distinguish digital steps from cm.","KEEP + IMPROVE","rebuilt","VERIFICATION REQUIRED"
"CST-T1","1-2","Bi-Weekly","A","Coding","Robot Challenge","Lessons/Bi-Weekly/Grades_1-2_YearA/Session15_Robot_Challenge.md","Grade 1: Individually Run/Stop a stored route and point to a changed block. Grade 2: Explain a reset/measured endpoint correction and trace both blue/red inputs without claiming robot sensing.","KEEP + IMPROVE","rebuilt","VERIFICATION REQUIRED"
"CST-T1","1-2","Bi-Weekly","B","Design","Design Detectives","Lessons/Bi-Weekly/Grades_1-2_YearB/Session01_Design_Detectives.md","Grade 1: Name a tool's job and compare lengths from aligned starts. Grade 2: Record a length with units and explain a user/access feature rather than call longest best.","KEEP + IMPROVE","rebuilt","VERIFICATION REQUIRED"
"CST-T1","1-2","Bi-Weekly","B","Coding","Meet Sphero","Lessons/Bi-Weekly/Grades_1-2_YearB/Session03_Sphero_Intro.md","Individual predicts/runs/stops stored color/roll changes one block and names equipment care; token algorithm only","REBUILD","rebuilt","VERIFICATION REQUIRED"
"CST-T1","1-2","Bi-Weekly","B","Art","Digital Art","Lessons/Bi-Weekly/Grades_1-2_YearB/Session08_Digital_Art.md","Grade 1: Individually use a digital tool/Undo and compare visible-feature counts with support. Grade 2: Explain tool input/output, justify a message revision and a privacy decision; counts describe features, not quality.","KEEP + IMPROVE","rebuilt","VERIFICATION REQUIRED"
"CST-T1","1-2","Bi-Weekly","B","Forces","Magnets and Motion","Lessons/Bi-Weekly/Grades_1-2_YearB/Session10_Magnets_Motion.md","Grade 1: Test or direct a test, sort actual outcomes and count groups totaling six. Grade 2: Compare predicted/actual counts, explain a mismatch and use sum/difference reasoning without assuming every metal attracts.","KEEP + IMPROVE","rebuilt","VERIFICATION REQUIRED"
"CST-T1","1-2","Bi-Weekly","B","Coding","Sphero Challenge","Lessons/Bi-Weekly/Grades_1-2_YearB/Session14_Sphero_Challenge.md","Grade 1: Individually Run/Stop a stored program and identify a changed block/result. Grade 2: Represent two measured endpoints with the same units, explain the one-parameter correction and a kept-same condition.","KEEP + IMPROVE","rebuilt","VERIFICATION REQUIRED"
"CST-T1","1-2","Bi-Weekly","B","Machines","Simple Machines","Lessons/Bi-Weekly/Grades_1-2_YearB/Session15_Simple_Machines.md","Grade 1: Compare path lengths and demonstrate/describe a safe lever lift. Grade 2: Calculate/explain the path-length difference within 20 using units and distinguish measured distance from unmeasured effort.","KEEP + IMPROVE","rebuilt","VERIFICATION REQUIRED"
"CST-T1","1-2","Weekly","A","Coding","Sphero Coding Adventures","Lessons/Grades_1-2_YearA/Week02-03_Sphero_Coding.md","Each child predicts/runs/stops ordered actions changes one parameter compares travel and records care; token path has T2 only","REBUILD","rebuilt","VERIFICATION REQUIRED"
"CST-T1","1-2","Weekly","A","Coding","Thankful Coding","Lessons/Grades_1-2_YearA/Week11_Thankful_Coding.md","Grade 1: Individually connect/run a three-block sequence, point to the changed motion and tell the visual message. Grade 2: Predict the direction/step-count difference, explain the rerun and revise a purposeful visual choice after feedback.","KEEP + IMPROVE","rebuilt","VERIFICATION REQUIRED"
"CST-T1","1-2","Weekly","A","Coding","Dash Robot Adventures","Lessons/Grades_1-2_YearA/Week24-25_Dash_Robot_Adventures.md","Grade 1: Individually Run/Stop a stored sequence and identify a changed action; trace Repeat 2 with two cards. Grade 2: Predict and execute/modify a finite repeat, compare two measured outputs and explain why start/heading must be reset.","KEEP + IMPROVE","rebuilt","VERIFICATION REQUIRED"
"CST-T1","1-2","Weekly","B","Coding","Dash Robot Adventures","Lessons/Grades_1-2_YearB/Week02-03_Dash_Adventures.md","Each child predicts/runs/stops changes one instruction compares target distance and fair turn; token alternative T2 only","REBUILD","rebuilt","VERIFICATION REQUIRED"
"CST-T1","1-2","Weekly","B","Coding","Thanksgiving Coding","Lessons/Grades_1-2_YearB/Week11_Thanksgiving_Coding.md","Grade 1: Select a character, Run its stored script and identify a changed action; reject sharing a name/photo. Grade 2: Explain the two-script order, rerun a changed block and justify a specific privacy/message revision.","KEEP + IMPROVE","rebuilt","VERIFICATION REQUIRED"
"CST-T1","1-2","Weekly","B","Light","Stars and Light","Lessons/Grades_1-2_YearB/Week14-15_Stars_Light.md","Grade 1: Count the pattern and individually switch a complete protected path ON/OFF, identifying output. Grade 2: Explain the open-versus-closed path result, safe connection procedure and star-model limitation; justify an artistic contrast choice.","KEEP + IMPROVE","rebuilt","VERIFICATION REQUIRED"
"CST-T1","3-4","Bi-Weekly","A","Computing","Dash and Code","Lessons/Bi-Weekly/Grades_3-4_YearA/Session02_Dash_Code.md","Individual route/debug and measured result; paper CT versus logged real operation; model labels gated; desk simulation only","REBUILD","rebuilt","VERIFICATION REQUIRED"
"CST-T1","3-4","Bi-Weekly","A","Computing","Scratch Intro","Lessons/Bi-Weekly/Grades_3-4_YearA/Session05_Scratch_Intro.md","Individual: four-repeat prediction, correction/retest and observed operation/ fair turn.","KEEP + IMPROVE","rebuilt","VERIFICATION REQUIRED"
"CST-T1","3-4","Bi-Weekly","A","Gratitude communication","Gratitude Tech","Lessons/Bi-Weekly/Grades_3-4_YearA/Session06_Gratitude_Tech.md","Individual: specific respectful message, observed digital actions, reader-backed revision and safe sharing choice.","KEEP + IMPROVE","rebuilt","VERIFICATION REQUIRED"
"CST-T1","3-4","Bi-Weekly","A","Circuits","Light and Circuits","Lessons/Bi-Weekly/Grades_3-4_YearA/Session07_Light_Circuits.md","Individual return-path/state prediction and two-cycle physical turn and repair plus revised message; hardware preflight required; paper is reasoning/art only","REBUILD","rebuilt","VERIFICATION REQUIRED"
"CST-T1","3-4","Bi-Weekly","A","Computing art","Scratch Animation","Lessons/Bi-Weekly/Grades_3-4_YearA/Session08_Scratch_Animation.md","Individual: correct three-event trace, observed operation and story revision.","KEEP + IMPROVE","rebuilt","VERIFICATION REQUIRED"
"CST-T1","3-4","Bi-Weekly","A","Weather","Weather Science","Lessons/Bi-Weekly/Grades_3-4_YearA/Session10_Weather_Science.md","Individual: two actual depths/units, accurate cycle model, tool limit and inclusive message.","KEEP + IMPROVE","rebuilt","VERIFICATION REQUIRED"
"CST-T1","3-4","Bi-Weekly","A","Faith communication","Easter Tech","Lessons/Bi-Weekly/Grades_3-4_YearA/Session13_Easter_Tech.md","Individual: accurate message distinction, observed operation, critique-backed revision/private plan.","KEEP + IMPROVE","rebuilt","VERIFICATION REQUIRED"
"CST-T1","3-4","Bi-Weekly","A","Computing","Dash Challenge","Lessons/Bi-Weekly/Grades_3-4_YearA/Session14_Dash_Challenge.md","Individual: correct route/debug reasoning and observed operation/measurement.","KEEP + IMPROVE","rebuilt","VERIFICATION REQUIRED"
"CST-T1","3-4","Bi-Weekly","A","Circuits","Little Bits","Lessons/Bi-Weekly/Grades_3-4_YearA/Session16_Little_Bits.md","Individual: real contribution/two-cycle test, input-output explanation and tested label revision.","KEEP + IMPROVE","rebuilt","VERIFICATION REQUIRED"
"CST-T1","3-4","Bi-Weekly","B","Computing","Ozobot Coding","Lessons/Bi-Weekly/Grades_3-4_YearB/Session02_Ozobot_Coding.md","Individual prediction/debug and source distinction; real command test only if chart/pretest passes; CT fallback not robotics","REBUILD","rebuilt","VERIFICATION REQUIRED"
"CST-T1","3-4","Bi-Weekly","B","Computing","Scratch Games","Lessons/Bi-Weekly/Grades_3-4_YearB/Session05_Scratch_Games.md","Individual: boundary/reset trace, observed operation, explanation of correction or verified correct result.","REBUILD","rebuilt","VERIFICATION REQUIRED"
"CST-T1","3-4","Bi-Weekly","B","Circuits","Christmas Circuits","Lessons/Bi-Weekly/Grades_3-4_YearB/Session07_Christmas_Circuits.md","Individual return path/gap/repair and two-cycle physical turn and revised Nativity message; hardware preflight required; paper is reasoning/art only","REBUILD","rebuilt","VERIFICATION REQUIRED"
"CST-T1","3-4","Bi-Weekly","B","Communication art","Digital Stories","Lessons/Bi-Weekly/Grades_3-4_YearB/Session08_Digital_Stories.md","Individual: coherent three-part story, actual operation, critique-backed revision and privacy choice.","KEEP + IMPROVE","rebuilt","VERIFICATION REQUIRED"
"CST-T1","3-4","Bi-Weekly","B","Computing","Ozobot Challenge","Lessons/Bi-Weekly/Grades_3-4_YearB/Session14_Ozobot_Challenge.md","Individual: verified input/output, individual construction/test and debug evidence.","KEEP + IMPROVE","rebuilt","VERIFICATION REQUIRED"
"CST-T1","3-4","Bi-Weekly","B","Interactive tools","Makey Makey","Lessons/Bi-Weekly/Grades_3-4_YearB/Session16_Makey_Makey.md","Individual: two verified physical inputs/two cycles, correct trace and deliberate musical/interface revision.","KEEP + IMPROVE","rebuilt","VERIFICATION REQUIRED"
"CST-T1","3-4","Weekly","A","Computing","Sphero Advanced Coding","Lessons/Grades_3-4_YearA/Week02-03_Sphero_Advanced.md","Individual route and 8-roll trace plus debug; device edit/run logged separately; desk simulation only and model gate remains","REBUILD","rebuilt","VERIFICATION REQUIRED"
"CST-T1","3-4","Weekly","A","Gratitude","Coding Gratitude","Lessons/Grades_3-4_YearA/Week11_Coding_Gratitude.md","Individual: correct trigger/trace, observed operation and specific message revision.","KEEP + IMPROVE","rebuilt","VERIFICATION REQUIRED"
"CST-T1","3-4","Weekly","A","Computing","Scratch Programming","Lessons/Grades_3-4_YearA/Week24-25_Scratch_Programming.md","Individual: correct trace/condition/reset plus observed edit/run and rule revision.","KEEP + IMPROVE","rebuilt","VERIFICATION REQUIRED"
"CST-T1","3-4","Weekly","A","Circuits","Snap Circuits - Build Test and Design","Lessons/Grades_3-4_YearA/Week26-27_Little_Bits_Circuits.md","Individual return-path/state prediction and two-cycle physical turn and repair evidence and before/after 1 m label test; paper is reasoning only; kit inspection and classroom timing remain gated","KEEP + IMPROVE","rebuilt","VERIFICATION REQUIRED"
"CST-T1","3-4","Weekly","B","Computing","Game Design Studio","Lessons/Grades_3-4_YearB/Week19-22_Game_Design.md","Individual 0-1-2-3-3 reset trace and test-backed revision; actual edits logged; desk simulation not live Scratch execution","REBUILD","rebuilt","VERIFICATION REQUIRED"
"CST-T1","3-4","Weekly","B","Weather data","Weather Station","Lessons/Grades_3-4_YearB/Week29-31_Weather_Station.md","Individual units/source/graph comparison; simulated weather not actual forecast; three desk-simulated meetings only","REBUILD","rebuilt","VERIFICATION REQUIRED"
"CST-T1","5-6","Bi-Weekly","A","Computing","Sphero Advanced","Lessons/Bi-Weekly/Grades_5-6_YearA/Session02_Sphero_Advanced.md","Individual four outputs including boundary 30 and loop/input/output/debug/access reason; real readings separately logged","REBUILD","rebuilt","VERIFICATION REQUIRED"
"CST-T1","5-6","Bi-Weekly","A","Physical Computing","Christmas Electronics","Lessons/Bi-Weekly/Grades_5-6_YearA/Session07_Christmas_Electronics.md","Individual five-label circuit and four-state predictions and peer-tested visual choice","REBUILD","rebuilt","VERIFICATION REQUIRED"
"CST-T1","5-6","Bi-Weekly","B","Computing","Sphero Sensors","Lessons/Bi-Weekly/Grades_5-6_YearB/Session02_Sphero_Sensors.md","Individual four-output table and exact-boundary trace and corrected comparison and limitation","REBUILD","rebuilt","VERIFICATION REQUIRED"
"CST-T1","5-6","Weekly","A","Physical Science","Optics and Light","Lessons/Grades_5-6_YearA/Week14-15_Optics_Light.md","Individual process distinction and three-segment ray path and observed tool turn/repair and model limit","KEEP + IMPROVE","rebuilt","VERIFICATION REQUIRED"
"CST-T1","5-6","Weekly","A","Physical Computing","Snap Circuits - Accessible Indicators","Lessons/Grades_5-6_YearA/Week26-27_Little_Bits.md","Individual full path and two-state predictions/two cycles and physical turn and repair and before/after 1 m label test and access tradeoff; separate protected-AA route retains four states; preflight remains gated","REBUILD","rebuilt","VERIFICATION REQUIRED"
"CST-T1","K","Bi-Weekly","Single","Light","Colors and Light","Lessons/Bi-Weekly/Kindergarten/Session04_Colors_Light.md","Each child predicts and reports an actual shadow comparison and changed or kept-same conditions with light input/output.","KEEP + IMPROVE","rebuilt","VERIFICATION REQUIRED"
"CST-T1","K","Weekly","Single","Movement","Exploring Movement with Sphero","Lessons/Kindergarten/Week02-03_Sphero_Movement.md","Each child predicts two moves and corrects a wrong card; identifies input/output; hardware drive recorded only if performed; programming not assessed.","REBUILD","rebuilt","VERIFICATION REQUIRED"
"CST-T1","K","Weekly","Single","Light","Light All Around","Lessons/Kindergarten/Week14-15_Light_All_Around.md","Each child compares a material at fixed distances and identifies flashlight input/output and an evidence-informed tissue design choice.","REBUILD","rebuilt","VERIFICATION REQUIRED"
"CST-T1","K","Weekly","Single","Algorithms","Dash Robot Friends","Lessons/Kindergarten/Week24-25_Dash_Robot_Friends.md","Each child predicts three-command endpoint and fixes wrong card; input/output and count checked; actual block execution on Dash recorded only if performed.","REBUILD","rebuilt","VERIFICATION REQUIRED"
"CST-T2","1-2","Bi-Weekly","A","Coding","Robot Friends","Lessons/Bi-Weekly/Grades_1-2_YearA/Session04_Robot_Friends.md","Each child predicts/runs two stored actions changes one and identifies responsible turn; token alternative not real robot mastery","REBUILD","rebuilt","VERIFICATION REQUIRED"
"CST-T2","1-2","Bi-Weekly","A","Coding","Coding Basics","Lessons/Bi-Weekly/Grades_1-2_YearA/Session08_Coding_Basics.md","Grade 1: Individually connect/run the sequence and identify the changed motion count. Grade 2: Predict the changed endpoint, explain the rerun/reset and distinguish digital steps from cm.","KEEP + IMPROVE","rebuilt","VERIFICATION REQUIRED"
"CST-T2","1-2","Bi-Weekly","A","Coding","Robot Challenge","Lessons/Bi-Weekly/Grades_1-2_YearA/Session15_Robot_Challenge.md","Grade 1: Individually Run/Stop a stored route and point to a changed block. Grade 2: Explain a reset/measured endpoint correction and trace both blue/red inputs without claiming robot sensing.","KEEP + IMPROVE","rebuilt","VERIFICATION REQUIRED"
"CST-T2","1-2","Bi-Weekly","B","Coding","Meet Sphero","Lessons/Bi-Weekly/Grades_1-2_YearB/Session03_Sphero_Intro.md","Individual predicts/runs/stops stored color/roll changes one block and names equipment care; token algorithm only","REBUILD","rebuilt","VERIFICATION REQUIRED"
"CST-T2","1-2","Bi-Weekly","B","Coding","Sphero Challenge","Lessons/Bi-Weekly/Grades_1-2_YearB/Session14_Sphero_Challenge.md","Grade 1: Individually Run/Stop a stored program and identify a changed block/result. Grade 2: Represent two measured endpoints with the same units, explain the one-parameter correction and a kept-same condition.","KEEP + IMPROVE","rebuilt","VERIFICATION REQUIRED"
"CST-T2","1-2","Weekly","A","Coding","Sphero Coding Adventures","Lessons/Grades_1-2_YearA/Week02-03_Sphero_Coding.md","Each child predicts/runs/stops ordered actions changes one parameter compares travel and records care; token path has T2 only","REBUILD","rebuilt","VERIFICATION REQUIRED"
"CST-T2","1-2","Weekly","A","Coding","Thankful Coding","Lessons/Grades_1-2_YearA/Week11_Thankful_Coding.md","Grade 1: Individually connect/run a three-block sequence, point to the changed motion and tell the visual message. Grade 2: Predict the direction/step-count difference, explain the rerun and revise a purposeful visual choice after feedback.","KEEP + IMPROVE","rebuilt","VERIFICATION REQUIRED"
"CST-T2","1-2","Weekly","A","Reflection","New Year Goals","Lessons/Grades_1-2_YearA/Week18_New_Year_Goals.md","Grade 1: Order two or three concrete actions and identify one actual practice. Grade 2: Repair an order problem, explain how the action includes someone and distinguish an attempt from an outcome.","KEEP + IMPROVE","rebuilt","VERIFICATION REQUIRED"
"CST-T2","1-2","Weekly","A","Coding","Dash Robot Adventures","Lessons/Grades_1-2_YearA/Week24-25_Dash_Robot_Adventures.md","Grade 1: Individually Run/Stop a stored sequence and identify a changed action; trace Repeat 2 with two cards. Grade 2: Predict and execute/modify a finite repeat, compare two measured outputs and explain why start/heading must be reset.","KEEP + IMPROVE","rebuilt","VERIFICATION REQUIRED"
"CST-T2","1-2","Weekly","B","Coding","Dash Robot Adventures","Lessons/Grades_1-2_YearB/Week02-03_Dash_Adventures.md","Each child predicts/runs/stops changes one instruction compares target distance and fair turn; token alternative T2 only","REBUILD","rebuilt","VERIFICATION REQUIRED"
"CST-T2","1-2","Weekly","B","Coding","Thanksgiving Coding","Lessons/Grades_1-2_YearB/Week11_Thanksgiving_Coding.md","Grade 1: Select a character, Run its stored script and identify a changed action; reject sharing a name/photo. Grade 2: Explain the two-script order, rerun a changed block and justify a specific privacy/message revision.","KEEP + IMPROVE","rebuilt","VERIFICATION REQUIRED"
"CST-T2","1-2","Weekly","B","Reflection","Growth Goals","Lessons/Grades_1-2_YearB/Week18_Growth_Goals.md","Grade 1: Measure from a common start and order a concrete helping routine. Grade 2: Record two lengths with units, explain a sequence repair and distinguish task data from personal worth.","KEEP + IMPROVE","rebuilt","VERIFICATION REQUIRED"
"CST-T2","3-4","Bi-Weekly","A","Computing","Dash and Code","Lessons/Bi-Weekly/Grades_3-4_YearA/Session02_Dash_Code.md","Individual route/debug and measured result; paper CT versus logged real operation; model labels gated; desk simulation only","REBUILD","rebuilt","VERIFICATION REQUIRED"
"CST-T2","3-4","Bi-Weekly","A","Computing","Scratch Intro","Lessons/Bi-Weekly/Grades_3-4_YearA/Session05_Scratch_Intro.md","Individual: four-repeat prediction, correction/retest and observed operation/ fair turn.","KEEP + IMPROVE","rebuilt","VERIFICATION REQUIRED"
"CST-T2","3-4","Bi-Weekly","A","Computing art","Scratch Animation","Lessons/Bi-Weekly/Grades_3-4_YearA/Session08_Scratch_Animation.md","Individual: correct three-event trace, observed operation and story revision.","KEEP + IMPROVE","rebuilt","VERIFICATION REQUIRED"
"CST-T2","3-4","Bi-Weekly","A","Computing","Dash Challenge","Lessons/Bi-Weekly/Grades_3-4_YearA/Session14_Dash_Challenge.md","Individual: correct route/debug reasoning and observed operation/measurement.","KEEP + IMPROVE","rebuilt","VERIFICATION REQUIRED"
"CST-T2","3-4","Bi-Weekly","B","Computing","Ozobot Coding","Lessons/Bi-Weekly/Grades_3-4_YearB/Session02_Ozobot_Coding.md","Individual prediction/debug and source distinction; real command test only if chart/pretest passes; CT fallback not robotics","REBUILD","rebuilt","VERIFICATION REQUIRED"
"CST-T2","3-4","Bi-Weekly","B","Computing","Scratch Games","Lessons/Bi-Weekly/Grades_3-4_YearB/Session05_Scratch_Games.md","Individual: boundary/reset trace, observed operation, explanation of correction or verified correct result.","REBUILD","rebuilt","VERIFICATION REQUIRED"
"CST-T2","3-4","Bi-Weekly","B","Computing","Ozobot Challenge","Lessons/Bi-Weekly/Grades_3-4_YearB/Session14_Ozobot_Challenge.md","Individual: verified input/output, individual construction/test and debug evidence.","KEEP + IMPROVE","rebuilt","VERIFICATION REQUIRED"
"CST-T2","3-4","Weekly","A","Computing","Sphero Advanced Coding","Lessons/Grades_3-4_YearA/Week02-03_Sphero_Advanced.md","Individual route and 8-roll trace plus debug; device edit/run logged separately; desk simulation only and model gate remains","REBUILD","rebuilt","VERIFICATION REQUIRED"
"CST-T2","3-4","Weekly","A","Gratitude","Coding Gratitude","Lessons/Grades_3-4_YearA/Week11_Coding_Gratitude.md","Individual: correct trigger/trace, observed operation and specific message revision.","KEEP + IMPROVE","rebuilt","VERIFICATION REQUIRED"
"CST-T2","3-4","Weekly","A","Computing","Scratch Programming","Lessons/Grades_3-4_YearA/Week24-25_Scratch_Programming.md","Individual: correct trace/condition/reset plus observed edit/run and rule revision.","KEEP + IMPROVE","rebuilt","VERIFICATION REQUIRED"
"CST-T2","3-4","Weekly","B","Computing","Game Design Studio","Lessons/Grades_3-4_YearB/Week19-22_Game_Design.md","Individual 0-1-2-3-3 reset trace and test-backed revision; actual edits logged; desk simulation not live Scratch execution","REBUILD","rebuilt","VERIFICATION REQUIRED"
"CST-T2","5-6","Bi-Weekly","A","Computing","Sphero Advanced","Lessons/Bi-Weekly/Grades_5-6_YearA/Session02_Sphero_Advanced.md","Individual four outputs including boundary 30 and loop/input/output/debug/access reason; real readings separately logged","REBUILD","rebuilt","VERIFICATION REQUIRED"
"CST-T2","5-6","Bi-Weekly","A","Computing","Scratch Advanced","Lessons/Bi-Weekly/Grades_5-6_YearA/Session05_Scratch_Advanced.md","Individual 0/1/2/3/3 trace and loop count and corrected bug and access choice","REBUILD","rebuilt","VERIFICATION REQUIRED"
"CST-T2","5-6","Bi-Weekly","A","Computing","App Inventor","Lessons/Bi-Weekly/Grades_5-6_YearA/Session08_App_Inventor.md","Individual four outputs and reset correction and observed edit/run and privacy/access reason; paper shift explicit","REBUILD","rebuilt","VERIFICATION REQUIRED"
"CST-T2","5-6","Bi-Weekly","A","Computing","Sphero Challenge","Lessons/Bi-Weekly/Grades_5-6_YearA/Session14_Sphero_Challenge.md","Individual route correction/reset and baseline/retest and safety/access reason; actual robot endpoints separate","REBUILD","rebuilt","VERIFICATION REQUIRED"
"CST-T2","5-6","Bi-Weekly","B","Computing","Sphero Sensors","Lessons/Bi-Weekly/Grades_5-6_YearB/Session02_Sphero_Sensors.md","Individual four-output table and exact-boundary trace and corrected comparison and limitation","REBUILD","rebuilt","VERIFICATION REQUIRED"
"CST-T2","5-6","Bi-Weekly","B","Computing","Scratch Games","Lessons/Bi-Weekly/Grades_5-6_YearB/Session05_Scratch_Games.md","Individual two-round score traces and reset correction/retest and observed run and welcoming feedback/play reason","REBUILD","rebuilt","VERIFICATION REQUIRED"
"CST-T2","5-6","Bi-Weekly","B","Computing","Advent Coding","Lessons/Bi-Weekly/Grades_5-6_YearB/Session07_Advent_Coding.md","Individual 0/1/1/0 state trace and corrected reset test and message revision/access reason; actual run separate","KEEP + IMPROVE","rebuilt","VERIFICATION REQUIRED"
"CST-T2","5-6","Bi-Weekly","B","Computing","App Design","Lessons/Bi-Weekly/Grades_5-6_YearB/Session08_App_Design.md","Individual three input traces and branch correction and observed run and privacy/access reason; paper shift explicit","REBUILD","rebuilt","VERIFICATION REQUIRED"
"CST-T2","5-6","Bi-Weekly","B","Computing","Robot Olympics","Lessons/Bi-Weekly/Grades_5-6_YearB/Session14_Robot_Olympics.md","Individual correct route/reset correction and baseline/retest and safe-role reason; actual endpoint evidence separate","REBUILD","rebuilt","VERIFICATION REQUIRED"
"CST-T2","5-6","Weekly","A","Computing","Sphero Mastery","Lessons/Grades_5-6_YearA/Week02-03_Sphero_Mastery.md","Individual four-turn trace and three endpoint measurements and safety/access explanation","REBUILD","rebuilt","VERIFICATION REQUIRED"
"CST-T2","5-6","Weekly","A","Computing","Gratitude Coding","Lessons/Grades_5-6_YearA/Week11_Gratitude_Coding.md","Individual 0/1/2/2/0 length trace and first-item retrieval and corrected test and privacy/opt-out reason; device turn separate","KEEP + IMPROVE","rebuilt","VERIFICATION REQUIRED"
"CST-T2","5-6","Weekly","A","Computing","Advanced Scratch","Lessons/Grades_5-6_YearA/Week24-25_Advanced_Scratch.md","Individual 160/320-step call check and clone slots/positions and corrected test and feedback/storage reason; runtime turn separate","REBUILD","rebuilt","VERIFICATION REQUIRED"
"CST-T2","5-6","Weekly","B","Computing","App Development","Lessons/Grades_5-6_YearB/Week14-18_App_Development.md","Individual three-input trace and corrected bug and tested visual revision and privacy/access decision","REBUILD","rebuilt","VERIFICATION REQUIRED"
"CST-T2","K","Bi-Weekly","Single","Service art and algorithms","Helping Others","Lessons/Bi-Weekly/Kindergarten/Session15_Helping_Others.md","Each child explains a respectful message choice and predicts the endpoint and tests a correction to two picture commands.","KEEP + IMPROVE","rebuilt","VERIFICATION REQUIRED"
"CST-T2","K","Weekly","Single","Movement","Exploring Movement with Sphero","Lessons/Kindergarten/Week02-03_Sphero_Movement.md","Each child predicts two moves and corrects a wrong card; identifies input/output; hardware drive recorded only if performed; programming not assessed.","REBUILD","rebuilt","VERIFICATION REQUIRED"
"CST-T2","K","Weekly","Single","Algorithms","Coding Thankfulness","Lessons/Kindergarten/Week11_Coding_Thankfulness.md","Each child predicts the two-command endpoint and tests a correction while explaining a respectful message; software execution is separate.","REBUILD","rebuilt","VERIFICATION REQUIRED"
"CST-T2","K","Weekly","Single","Practice stations","Exploration Stations","Lessons/Kindergarten/Week19-22_Exploration_Stations.md","Each child compares a tower retest and two labeled weather records and explains a readable repeat and tested algorithm correction.","REBUILD","rebuilt","VERIFICATION REQUIRED"
"CST-T2","K","Weekly","Single","Algorithms","Dash Robot Friends","Lessons/Kindergarten/Week24-25_Dash_Robot_Friends.md","Each child predicts three-command endpoint and fixes wrong card; input/output and count checked; actual block execution on Dash recorded only if performed.","REBUILD","rebuilt","VERIFICATION REQUIRED"
"CST-T3","1-2","Bi-Weekly","B","Art","Digital Art","Lessons/Bi-Weekly/Grades_1-2_YearB/Session08_Digital_Art.md","Grade 1: Individually use a digital tool/Undo and compare visible-feature counts with support. Grade 2: Explain tool input/output, justify a message revision and a privacy decision; counts describe features, not quality.","KEEP + IMPROVE","rebuilt","VERIFICATION REQUIRED"
"CST-T3","1-2","Weekly","B","Coding","Thanksgiving Coding","Lessons/Grades_1-2_YearB/Week11_Thanksgiving_Coding.md","Grade 1: Select a character, Run its stored script and identify a changed action; reject sharing a name/photo. Grade 2: Explain the two-script order, rerun a changed block and justify a specific privacy/message revision.","KEEP + IMPROVE","rebuilt","VERIFICATION REQUIRED"
"CST-T3","3-4","Bi-Weekly","A","Gratitude communication","Gratitude Tech","Lessons/Bi-Weekly/Grades_3-4_YearA/Session06_Gratitude_Tech.md","Individual: specific respectful message, observed digital actions, reader-backed revision and safe sharing choice.","KEEP + IMPROVE","rebuilt","VERIFICATION REQUIRED"
"CST-T3","3-4","Bi-Weekly","A","Faith and evidence","Catholic Scientists","Lessons/Bi-Weekly/Grades_3-4_YearA/Session09_Catholic_Scientists.md","Individual: sourced Mendel or Albert fact; observed model detail; three-three tally and six total; corrected classification and peer-backed visual revision; model versus historical evidence limit","KEEP + IMPROVE","rebuilt","VERIFICATION REQUIRED"
"CST-T3","3-4","Bi-Weekly","A","Faith communication","Easter Tech","Lessons/Bi-Weekly/Grades_3-4_YearA/Session13_Easter_Tech.md","Individual: accurate message distinction, observed operation, critique-backed revision/private plan.","KEEP + IMPROVE","rebuilt","VERIFICATION REQUIRED"
"CST-T3","3-4","Bi-Weekly","B","Communication art","Digital Stories","Lessons/Bi-Weekly/Grades_3-4_YearB/Session08_Digital_Stories.md","Individual: coherent three-part story, actual operation, critique-backed revision and privacy choice.","KEEP + IMPROVE","rebuilt","VERIFICATION REQUIRED"
"CST-T3","3-4","Bi-Weekly","B","Faith and evidence","Faith and Science","Lessons/Bi-Weekly/Grades_3-4_YearB/Session09_Faith_Science.md","Individual: accurate source/claim, four readings/annotations and explicit model/ belief distinction.","KEEP + IMPROVE","rebuilt","VERIFICATION REQUIRED"
"CST-T3","3-4","Weekly","A","Faith and evidence","Catholic Schools Week STREAM","Lessons/Grades_3-4_YearA/Week23_Catholic_Schools_Week.md","Individual: supported Agnesi fact and source distinction; correct four groups of three giving twelve with justified calculation; peer-backed visual explanation revision","KEEP + IMPROVE","rebuilt","VERIFICATION REQUIRED"
"CST-T3","3-4","Weekly","B","Community data","Catholic Schools Week","Lessons/Grades_3-4_YearB/Week23_Catholic_Schools.md","Individual: accurate chart/comparison, responsible caption/source and access choice.","KEEP + IMPROVE","rebuilt","VERIFICATION REQUIRED"
"CST-T3","5-6","Bi-Weekly","A","Computing","App Inventor","Lessons/Bi-Weekly/Grades_5-6_YearA/Session08_App_Inventor.md","Individual four outputs and reset correction and observed edit/run and privacy/access reason; paper shift explicit","REBUILD","rebuilt","VERIFICATION REQUIRED"
"CST-T3","5-6","Bi-Weekly","A","Research","Catholic Scientists","Lessons/Bi-Weekly/Grades_5-6_YearA/Session09_Catholic_Scientists.md","Individual A 8/2 and B 7/3 tallies/totals and comparison and 15/5 model ratio plus historical claim/source/limit and revised poster","KEEP + IMPROVE","rebuilt","VERIFICATION REQUIRED"
"CST-T3","5-6","Bi-Weekly","A","Communication","Easter Technology","Lessons/Bi-Weekly/Grades_5-6_YearA/Session13_Easter_Tech.md","Individual message revision and source/paraphrase/original-media status and audience access; actual route explicit","KEEP + IMPROVE","rebuilt","VERIFICATION REQUIRED"
"CST-T3","5-6","Bi-Weekly","B","Computing","App Design","Lessons/Bi-Weekly/Grades_5-6_YearB/Session08_App_Design.md","Individual three input traces and branch correction and observed run and privacy/access reason; paper shift explicit","REBUILD","rebuilt","VERIFICATION REQUIRED"
"CST-T3","5-6","Bi-Weekly","B","Research","Science and Faith","Lessons/Bi-Weekly/Grades_5-6_YearB/Session09_Science_Faith.md","Individual measured line and supported claim/source/date/limit and rejected absolute and reader-backed explanation revision","KEEP + IMPROVE","rebuilt","VERIFICATION REQUIRED"
"CST-T3","5-6","Bi-Weekly","B","Communication","New Life Technology","Lessons/Bi-Weekly/Grades_5-6_YearB/Session13_New_Life_Tech.md","Individual coherent message and two four-beat bars and reader-backed revision and source/media/access reason; actual route explicit","KEEP + IMPROVE","rebuilt","VERIFICATION REQUIRED"
"CST-T3","5-6","Weekly","A","Computing","Gratitude Coding","Lessons/Grades_5-6_YearA/Week11_Gratitude_Coding.md","Individual 0/1/2/2/0 length trace and first-item retrieval and corrected test and privacy/opt-out reason; device turn separate","KEEP + IMPROVE","rebuilt","VERIFICATION REQUIRED"
"CST-T3","5-6","Weekly","A","Computing","Advanced Scratch","Lessons/Grades_5-6_YearA/Week24-25_Advanced_Scratch.md","Individual 160/320-step call check and clone slots/positions and corrected test and feedback/storage reason; runtime turn separate","REBUILD","rebuilt","VERIFICATION REQUIRED"
"CST-T3","5-6","Weekly","B","Data","Thanksgiving Data","Lessons/Grades_5-6_YearB/Week11_Thanksgiving_Data.md","Individual five bars/total 20 and difference 4 and private-data/opt-out reason","KEEP + IMPROVE","rebuilt","VERIFICATION REQUIRED"
"CST-T3","5-6","Weekly","B","Communication","Advent Technology","Lessons/Grades_5-6_YearB/Week13_Advent_Technology.md","Individual four panels and reader-backed layout revision and privacy/time rationale; paper/digital route explicit","KEEP + IMPROVE","rebuilt","VERIFICATION REQUIRED"
"CST-T3","5-6","Weekly","B","Computing","App Development","Lessons/Grades_5-6_YearB/Week14-18_App_Development.md","Individual three-input trace and corrected bug and tested visual revision and privacy/access decision","REBUILD","rebuilt","VERIFICATION REQUIRED"
"CST-T3","5-6","Weekly","B","Environment","Environmental Monitoring","Lessons/Grades_5-6_YearB/Week29-31_Environmental_Monitoring.md","Individual preserved raw/correction record and ten bars and totals 65/60 means 13/12 and causal/stewardship limit","REBUILD","rebuilt","VERIFICATION REQUIRED"
"CST-T3","K","Bi-Weekly","Single","Community art","Our Catholic School","Lessons/Bi-Weekly/Kindergarten/Session09_Catholic_Schools.md","Each child names a school contribution and explains a visual-message clarification and identifies hypothetical private information and an adult sharing permission.","KEEP + IMPROVE","rebuilt","VERIFICATION REQUIRED"
"CST-T3","K","Weekly","Single","Reflection","Catholic Schools Week","Lessons/Kindergarten/Week23_Catholic_Schools_Week.md","Each child links a display to actual evidence and revises the explanation and identifies hypothetical private information and an adult to ask before sharing.","KEEP + IMPROVE","rebuilt","VERIFICATION REQUIRED"
