"lesson_path","grade_band","schedule","rotation","unit","lesson_title","printable_student_materials","answer_key_or_expected_evidence","worked_example_if_build","finished_example_if_build","visual_example_if_helpful","board_or_chart_setup","expected_discussion_responses","kit_contents_list","kit_label_text","cleanup_instructions","kit_reset_instructions","unfinished_work_directions","common_misconceptions","annotated_exemplar","common_error_interpretation","reteaching_option","safety_risk_classification","adult_supervision_ratio","sds_product_gate","external_service_compliance","print_accessibility_check","required_artifact_count","not_applicable_artifact_count","missing_required_artifact_count","required_artifacts","not_applicable_artifacts","missing_readiness_sections","linked_artifact_paths","invalid_artifact_links","release_status","missing_artifacts","audit_method"
"Lessons/Bi-Weekly/Grades_1-2_YearA/Session01_Wonder_Engineers.md","1-2","Bi-Weekly","A","Structures","Wonder Engineers","PRESENT IN LESSON","PRESENT IN LESSON","PRESENT IN LESSON","PRESENT IN LESSON","PRESENT IN LESSON","PRESENT IN LESSON","PRESENT IN LESSON","PRESENT IN LESSON","PRESENT IN LESSON","PRESENT IN LESSON","PRESENT IN LESSON","PRESENT IN LESSON","PRESENT IN LESSON","PRESENT IN LESSON","PRESENT IN LESSON","PRESENT IN LESSON","PRESENT IN LESSON","PRESENT IN LESSON","PRESENT IN LESSON","NOT APPLICABLE - TECHNOLOGY NONE","PRESENT IN LESSON","20","1","0","printable_student_materials|answer_key_or_expected_evidence|worked_example_if_build|finished_example_if_build|visual_example_if_helpful|board_or_chart_setup|expected_discussion_responses|kit_contents_list|kit_label_text|cleanup_instructions|kit_reset_instructions|unfinished_work_directions|common_misconceptions|annotated_exemplar|common_error_interpretation|reteaching_option|safety_risk_classification|adult_supervision_ratio|sds_product_gate|print_accessibility_check","external_service_compliance","None","../../../Review/Local_Standards.md|../../../Review/Standards_Sources.md|../../../Review/Safety_Data_Sheet_Register.csv","None","DOCUMENT ARTIFACT CHECK COMPLETE - LOCAL RELEASE STILL REQUIRED","None detected","Text-presence and local-link screen only; a teacher must verify correctness, usability and physical kit state."
"Lessons/Bi-Weekly/Grades_1-2_YearA/Session02_Gods_Patterns.md","1-2","Bi-Weekly","A","Patterns","Gods Patterns","PRESENT IN LESSON","PRESENT IN LESSON","PRESENT IN LESSON","PRESENT IN LESSON","PRESENT IN LESSON","PRESENT IN LESSON","PRESENT IN LESSON","PRESENT IN LESSON","PRESENT IN LESSON","PRESENT IN LESSON","PRESENT IN LESSON","PRESENT IN LESSON","PRESENT IN LESSON","PRESENT IN LESSON","PRESENT IN LESSON","PRESENT IN LESSON","PRESENT IN LESSON","PRESENT IN LESSON","PRESENT IN LESSON","NOT APPLICABLE - TECHNOLOGY NONE","PRESENT IN LESSON","20","1","0","printable_student_materials|answer_key_or_expected_evidence|worked_example_if_build|finished_example_if_build|visual_example_if_helpful|board_or_chart_setup|expected_discussion_responses|kit_contents_list|kit_label_text|cleanup_instructions|kit_reset_instructions|unfinished_work_directions|common_misconceptions|annotated_exemplar|common_error_interpretation|reteaching_option|safety_risk_classification|adult_supervision_ratio|sds_product_gate|print_accessibility_check","external_service_compliance","None","../../../Review/Local_Standards.md|../../../Review/Standards_Sources.md|../../../Review/Safety_Data_Sheet_Register.csv","None","DOCUMENT ARTIFACT CHECK COMPLETE - LOCAL RELEASE STILL REQUIRED","None detected","Text-presence and local-link screen only; a teacher must verify correctness, usability and physical kit state."
"Lessons/Bi-Weekly/Grades_1-2_YearA/Session03_Bridge_Building.md","1-2","Bi-Weekly","A","Structures","Bridge Building","PRESENT IN LESSON","PRESENT IN LESSON","PRESENT IN LESSON","PRESENT IN LESSON","PRESENT IN LESSON","PRESENT IN LESSON","PRESENT IN LESSON","PRESENT IN LESSON","PRESENT IN LESSON","PRESENT IN LESSON","PRESENT IN LESSON","PRESENT IN LESSON","PRESENT IN LESSON","PRESENT IN LESSON","PRESENT IN LESSON","PRESENT IN LESSON","PRESENT IN LESSON","PRESENT IN LESSON","PRESENT IN LESSON","NOT APPLICABLE - TECHNOLOGY NONE","PRESENT IN LESSON","20","1","0","printable_student_materials|answer_key_or_expected_evidence|worked_example_if_build|finished_example_if_build|visual_example_if_helpful|board_or_chart_setup|expected_discussion_responses|kit_contents_list|kit_label_text|cleanup_instructions|kit_reset_instructions|unfinished_work_directions|common_misconceptions|annotated_exemplar|common_error_interpretation|reteaching_option|safety_risk_classification|adult_supervision_ratio|sds_product_gate|print_accessibility_check","external_service_compliance","None","./Session02_Gods_Patterns.md|./Session04_Robot_Friends.md|../../../Review/Safety_Data_Sheet_Register.csv","None","DOCUMENT ARTIFACT CHECK COMPLETE - LOCAL RELEASE STILL REQUIRED","None detected","Text-presence and local-link screen only; a teacher must verify correctness, usability and physical kit state."
"Lessons/Bi-Weekly/Grades_1-2_YearA/Session04_Robot_Friends.md","1-2","Bi-Weekly","A","Coding","Robot Friends","PRESENT IN LESSON","PRESENT IN LESSON","PRESENT IN LESSON","PRESENT IN LESSON","PRESENT IN LESSON","PRESENT IN LESSON","PRESENT IN LESSON","PRESENT IN LESSON","PRESENT IN LESSON","PRESENT IN LESSON","PRESENT IN LESSON","PRESENT IN LESSON","PRESENT IN LESSON","PRESENT IN LESSON","PRESENT IN LESSON","PRESENT IN LESSON","PRESENT IN LESSON","PRESENT IN LESSON","PRESENT IN LESSON","PRESENT IN LESSON","PRESENT IN LESSON","21","0","0","printable_student_materials|answer_key_or_expected_evidence|worked_example_if_build|finished_example_if_build|visual_example_if_helpful|board_or_chart_setup|expected_discussion_responses|kit_contents_list|kit_label_text|cleanup_instructions|kit_reset_instructions|unfinished_work_directions|common_misconceptions|annotated_exemplar|common_error_interpretation|reteaching_option|safety_risk_classification|adult_supervision_ratio|sds_product_gate|external_service_compliance|print_accessibility_check","None","None","./Session03_Bridge_Building.md|./Session05_Nature_Exploration.md|../../../Review/Safety_Data_Sheet_Register.csv","None","DOCUMENT ARTIFACT CHECK COMPLETE - LOCAL RELEASE STILL REQUIRED","None detected","Text-presence and local-link screen only; a teacher must verify correctness, usability and physical kit state."
"Lessons/Bi-Weekly/Grades_1-2_YearA/Session05_Nature_Exploration.md","1-2","Bi-Weekly","A","Observation","Nature Exploration","PRESENT IN LESSON","PRESENT IN LESSON","PRESENT IN LESSON","PRESENT IN LESSON","PRESENT IN LESSON","PRESENT IN LESSON","PRESENT IN LESSON","PRESENT IN LESSON","PRESENT IN LESSON","PRESENT IN LESSON","PRESENT IN LESSON","PRESENT IN LESSON","PRESENT IN LESSON","PRESENT IN LESSON","PRESENT IN LESSON","PRESENT IN LESSON","PRESENT IN LESSON","PRESENT IN LESSON","PRESENT IN LESSON","NOT APPLICABLE - TECHNOLOGY NONE","PRESENT IN LESSON","20","1","0","printable_student_materials|answer_key_or_expected_evidence|worked_example_if_build|finished_example_if_build|visual_example_if_helpful|board_or_chart_setup|expected_discussion_responses|kit_contents_list|kit_label_text|cleanup_instructions|kit_reset_instructions|unfinished_work_directions|common_misconceptions|annotated_exemplar|common_error_interpretation|reteaching_option|safety_risk_classification|adult_supervision_ratio|sds_product_gate|print_accessibility_check","external_service_compliance","None","../../../Review/Local_Standards.md|../../../Review/Standards_Sources.md|../../../Review/Safety_Data_Sheet_Register.csv","None","DOCUMENT ARTIFACT CHECK COMPLETE - LOCAL RELEASE STILL REQUIRED","None detected","Text-presence and local-link screen only; a teacher must verify correctness, usability and physical kit state."
"Lessons/Bi-Weekly/Grades_1-2_YearA/Session06_Thanksgiving_Service.md","1-2","Bi-Weekly","A","Service","Thanksgiving Service","PRESENT IN LESSON","PRESENT IN LESSON","PRESENT IN LESSON","PRESENT IN LESSON","PRESENT IN LESSON","PRESENT IN LESSON","PRESENT IN LESSON","PRESENT IN LESSON","PRESENT IN LESSON","PRESENT IN LESSON","PRESENT IN LESSON","PRESENT IN LESSON","PRESENT IN LESSON","PRESENT IN LESSON","PRESENT IN LESSON","PRESENT IN LESSON","PRESENT IN LESSON","PRESENT IN LESSON","PRESENT IN LESSON","NOT APPLICABLE - TECHNOLOGY NONE","PRESENT IN LESSON","20","1","0","printable_student_materials|answer_key_or_expected_evidence|worked_example_if_build|finished_example_if_build|visual_example_if_helpful|board_or_chart_setup|expected_discussion_responses|kit_contents_list|kit_label_text|cleanup_instructions|kit_reset_instructions|unfinished_work_directions|common_misconceptions|annotated_exemplar|common_error_interpretation|reteaching_option|safety_risk_classification|adult_supervision_ratio|sds_product_gate|print_accessibility_check","external_service_compliance","None","../../../Review/Local_Standards.md|../../../Review/Standards_Sources.md|../../../Review/Safety_Data_Sheet_Register.csv","None","DOCUMENT ARTIFACT CHECK COMPLETE - LOCAL RELEASE STILL REQUIRED","None detected","Text-presence and local-link screen only; a teacher must verify correctness, usability and physical kit state."
"Lessons/Bi-Weekly/Grades_1-2_YearA/Session07_Light_in_Darkness.md","1-2","Bi-Weekly","A","Light","Light in Darkness","PRESENT IN LESSON","PRESENT IN LESSON","PRESENT IN LESSON","PRESENT IN LESSON","PRESENT IN LESSON","PRESENT IN LESSON","PRESENT IN LESSON","PRESENT IN LESSON","PRESENT IN LESSON","PRESENT IN LESSON","PRESENT IN LESSON","PRESENT IN LESSON","PRESENT IN LESSON","PRESENT IN LESSON","PRESENT IN LESSON","PRESENT IN LESSON","PRESENT IN LESSON","PRESENT IN LESSON","PRESENT IN LESSON","NOT APPLICABLE - TECHNOLOGY NONE","PRESENT IN LESSON","20","1","0","printable_student_materials|answer_key_or_expected_evidence|worked_example_if_build|finished_example_if_build|visual_example_if_helpful|board_or_chart_setup|expected_discussion_responses|kit_contents_list|kit_label_text|cleanup_instructions|kit_reset_instructions|unfinished_work_directions|common_misconceptions|annotated_exemplar|common_error_interpretation|reteaching_option|safety_risk_classification|adult_supervision_ratio|sds_product_gate|print_accessibility_check","external_service_compliance","None","../../../Review/Local_Standards.md|../../../Review/Standards_Sources.md|../../../Review/Safety_Data_Sheet_Register.csv","None","DOCUMENT ARTIFACT CHECK COMPLETE - LOCAL RELEASE STILL REQUIRED","None detected","Text-presence and local-link screen only; a teacher must verify correctness, usability and physical kit state."
"Lessons/Bi-Weekly/Grades_1-2_YearA/Session08_Coding_Basics.md","1-2","Bi-Weekly","A","Coding","Coding Basics","PRESENT IN LESSON","PRESENT IN LESSON","PRESENT IN LESSON","PRESENT IN LESSON","PRESENT IN LESSON","PRESENT IN LESSON","PRESENT IN LESSON","PRESENT IN LESSON","PRESENT IN LESSON","PRESENT IN LESSON","PRESENT IN LESSON","PRESENT IN LESSON","PRESENT IN LESSON","PRESENT IN LESSON","PRESENT IN LESSON","PRESENT IN LESSON","PRESENT IN LESSON","PRESENT IN LESSON","PRESENT IN LESSON","PRESENT IN LESSON","PRESENT IN LESSON","21","0","0","printable_student_materials|answer_key_or_expected_evidence|worked_example_if_build|finished_example_if_build|visual_example_if_helpful|board_or_chart_setup|expected_discussion_responses|kit_contents_list|kit_label_text|cleanup_instructions|kit_reset_instructions|unfinished_work_directions|common_misconceptions|annotated_exemplar|common_error_interpretation|reteaching_option|safety_risk_classification|adult_supervision_ratio|sds_product_gate|external_service_compliance|print_accessibility_check","None","None","../../../Review/Local_Standards.md|../../../Review/Standards_Sources.md|../../../Review/Safety_Data_Sheet_Register.csv","None","DOCUMENT ARTIFACT CHECK COMPLETE - LOCAL RELEASE STILL REQUIRED","None detected","Text-presence and local-link screen only; a teacher must verify correctness, usability and physical kit state."
"Lessons/Bi-Weekly/Grades_1-2_YearA/Session09_Catholic_Inventors.md","1-2","Bi-Weekly","A","Faith and reason","Catholic Inventors","PRESENT IN LESSON","PRESENT IN LESSON","PRESENT IN LESSON","PRESENT IN LESSON","PRESENT IN LESSON","PRESENT IN LESSON","PRESENT IN LESSON","PRESENT IN LESSON","PRESENT IN LESSON","PRESENT IN LESSON","PRESENT IN LESSON","PRESENT IN LESSON","PRESENT IN LESSON","PRESENT IN LESSON","PRESENT IN LESSON","PRESENT IN LESSON","PRESENT IN LESSON","PRESENT IN LESSON","PRESENT IN LESSON","NOT APPLICABLE - TECHNOLOGY NONE","PRESENT IN LESSON","20","1","0","printable_student_materials|answer_key_or_expected_evidence|worked_example_if_build|finished_example_if_build|visual_example_if_helpful|board_or_chart_setup|expected_discussion_responses|kit_contents_list|kit_label_text|cleanup_instructions|kit_reset_instructions|unfinished_work_directions|common_misconceptions|annotated_exemplar|common_error_interpretation|reteaching_option|safety_risk_classification|adult_supervision_ratio|sds_product_gate|print_accessibility_check","external_service_compliance","None","../../../Resources/Catholic_Scientists_Heritage.md|../../../Resources/Catholic_Scientists_Heritage.md|../../../Review/Local_Standards.md|../../../Review/Standards_Sources.md|../../../Resources/Catholic_Scientists_Heritage.md|../../../Review/Safety_Data_Sheet_Register.csv","None","DOCUMENT ARTIFACT CHECK COMPLETE - LOCAL RELEASE STILL REQUIRED","None detected","Text-presence and local-link screen only; a teacher must verify correctness, usability and physical kit state."
"Lessons/Bi-Weekly/Grades_1-2_YearA/Session10_Weather_Watchers.md","1-2","Bi-Weekly","A","Weather","Weather Watchers","PRESENT IN LESSON","PRESENT IN LESSON","PRESENT IN LESSON","PRESENT IN LESSON","PRESENT IN LESSON","PRESENT IN LESSON","PRESENT IN LESSON","PRESENT IN LESSON","PRESENT IN LESSON","PRESENT IN LESSON","PRESENT IN LESSON","PRESENT IN LESSON","PRESENT IN LESSON","PRESENT IN LESSON","PRESENT IN LESSON","PRESENT IN LESSON","PRESENT IN LESSON","PRESENT IN LESSON","PRESENT IN LESSON","NOT APPLICABLE - TECHNOLOGY NONE","PRESENT IN LESSON","20","1","0","printable_student_materials|answer_key_or_expected_evidence|worked_example_if_build|finished_example_if_build|visual_example_if_helpful|board_or_chart_setup|expected_discussion_responses|kit_contents_list|kit_label_text|cleanup_instructions|kit_reset_instructions|unfinished_work_directions|common_misconceptions|annotated_exemplar|common_error_interpretation|reteaching_option|safety_risk_classification|adult_supervision_ratio|sds_product_gate|print_accessibility_check","external_service_compliance","None","../../../Review/Local_Standards.md|../../../Review/Standards_Sources.md|../../../Review/Safety_Data_Sheet_Register.csv","None","DOCUMENT ARTIFACT CHECK COMPLETE - LOCAL RELEASE STILL REQUIRED","None detected","Text-presence and local-link screen only; a teacher must verify correctness, usability and physical kit state."
"Lessons/Bi-Weekly/Grades_1-2_YearA/Session11_Lenten_Engineers.md","1-2","Bi-Weekly","A","Service","Lenten Engineers","PRESENT IN LESSON","PRESENT IN LESSON","PRESENT IN LESSON","PRESENT IN LESSON","PRESENT IN LESSON","PRESENT IN LESSON","PRESENT IN LESSON","PRESENT IN LESSON","PRESENT IN LESSON","PRESENT IN LESSON","PRESENT IN LESSON","PRESENT IN LESSON","PRESENT IN LESSON","PRESENT IN LESSON","PRESENT IN LESSON","PRESENT IN LESSON","PRESENT IN LESSON","PRESENT IN LESSON","PRESENT IN LESSON","NOT APPLICABLE - TECHNOLOGY NONE","PRESENT IN LESSON","20","1","0","printable_student_materials|answer_key_or_expected_evidence|worked_example_if_build|finished_example_if_build|visual_example_if_helpful|board_or_chart_setup|expected_discussion_responses|kit_contents_list|kit_label_text|cleanup_instructions|kit_reset_instructions|unfinished_work_directions|common_misconceptions|annotated_exemplar|common_error_interpretation|reteaching_option|safety_risk_classification|adult_supervision_ratio|sds_product_gate|print_accessibility_check","external_service_compliance","None","../../../Review/Local_Standards.md|../../../Review/Standards_Sources.md|../../../Review/Safety_Data_Sheet_Register.csv","None","DOCUMENT ARTIFACT CHECK COMPLETE - LOCAL RELEASE STILL REQUIRED","None detected","Text-presence and local-link screen only; a teacher must verify correctness, usability and physical kit state."
"Lessons/Bi-Weekly/Grades_1-2_YearA/Session12_Life_Cycles.md","1-2","Bi-Weekly","A","Life cycles","Life Cycles","PRESENT IN LESSON","PRESENT IN LESSON","PRESENT IN LESSON","PRESENT IN LESSON","PRESENT IN LESSON","PRESENT IN LESSON","PRESENT IN LESSON","PRESENT IN LESSON","PRESENT IN LESSON","PRESENT IN LESSON","PRESENT IN LESSON","PRESENT IN LESSON","PRESENT IN LESSON","PRESENT IN LESSON","PRESENT IN LESSON","PRESENT IN LESSON","PRESENT IN LESSON","PRESENT IN LESSON","PRESENT IN LESSON","NOT APPLICABLE - TECHNOLOGY NONE","PRESENT IN LESSON","20","1","0","printable_student_materials|answer_key_or_expected_evidence|worked_example_if_build|finished_example_if_build|visual_example_if_helpful|board_or_chart_setup|expected_discussion_responses|kit_contents_list|kit_label_text|cleanup_instructions|kit_reset_instructions|unfinished_work_directions|common_misconceptions|annotated_exemplar|common_error_interpretation|reteaching_option|safety_risk_classification|adult_supervision_ratio|sds_product_gate|print_accessibility_check","external_service_compliance","None","../../../Review/Local_Standards.md|../../../Review/Standards_Sources.md|../../../Review/Safety_Data_Sheet_Register.csv","None","DOCUMENT ARTIFACT CHECK COMPLETE - LOCAL RELEASE STILL REQUIRED","None detected","Text-presence and local-link screen only; a teacher must verify correctness, usability and physical kit state."
"Lessons/Bi-Weekly/Grades_1-2_YearA/Session13_Easter_Innovation.md","1-2","Bi-Weekly","A","New life","Easter Innovation","PRESENT IN LESSON","PRESENT IN LESSON","PRESENT IN LESSON","PRESENT IN LESSON","PRESENT IN LESSON","PRESENT IN LESSON","PRESENT IN LESSON","PRESENT IN LESSON","PRESENT IN LESSON","PRESENT IN LESSON","PRESENT IN LESSON","PRESENT IN LESSON","PRESENT IN LESSON","PRESENT IN LESSON","PRESENT IN LESSON","PRESENT IN LESSON","PRESENT IN LESSON","PRESENT IN LESSON","PRESENT IN LESSON","NOT APPLICABLE - TECHNOLOGY NONE","PRESENT IN LESSON","20","1","0","printable_student_materials|answer_key_or_expected_evidence|worked_example_if_build|finished_example_if_build|visual_example_if_helpful|board_or_chart_setup|expected_discussion_responses|kit_contents_list|kit_label_text|cleanup_instructions|kit_reset_instructions|unfinished_work_directions|common_misconceptions|annotated_exemplar|common_error_interpretation|reteaching_option|safety_risk_classification|adult_supervision_ratio|sds_product_gate|print_accessibility_check","external_service_compliance","None","../../../Review/Local_Standards.md|../../../Review/Standards_Sources.md|../../../Review/Safety_Data_Sheet_Register.csv","None","DOCUMENT ARTIFACT CHECK COMPLETE - LOCAL RELEASE STILL REQUIRED","None detected","Text-presence and local-link screen only; a teacher must verify correctness, usability and physical kit state."
"Lessons/Bi-Weekly/Grades_1-2_YearA/Session14_Sound_Engineering.md","1-2","Bi-Weekly","A","Sound","Sound Engineering","PRESENT IN LESSON","PRESENT IN LESSON","PRESENT IN LESSON","PRESENT IN LESSON","PRESENT IN LESSON","PRESENT IN LESSON","PRESENT IN LESSON","PRESENT IN LESSON","PRESENT IN LESSON","PRESENT IN LESSON","PRESENT IN LESSON","PRESENT IN LESSON","PRESENT IN LESSON","PRESENT IN LESSON","PRESENT IN LESSON","PRESENT IN LESSON","PRESENT IN LESSON","PRESENT IN LESSON","PRESENT IN LESSON","NOT APPLICABLE - TECHNOLOGY NONE","PRESENT IN LESSON","20","1","0","printable_student_materials|answer_key_or_expected_evidence|worked_example_if_build|finished_example_if_build|visual_example_if_helpful|board_or_chart_setup|expected_discussion_responses|kit_contents_list|kit_label_text|cleanup_instructions|kit_reset_instructions|unfinished_work_directions|common_misconceptions|annotated_exemplar|common_error_interpretation|reteaching_option|safety_risk_classification|adult_supervision_ratio|sds_product_gate|print_accessibility_check","external_service_compliance","None","../../../Review/Local_Standards.md|../../../Review/Standards_Sources.md|../../../Review/Safety_Data_Sheet_Register.csv","None","DOCUMENT ARTIFACT CHECK COMPLETE - LOCAL RELEASE STILL REQUIRED","None detected","Text-presence and local-link screen only; a teacher must verify correctness, usability and physical kit state."
"Lessons/Bi-Weekly/Grades_1-2_YearA/Session15_Robot_Challenge.md","1-2","Bi-Weekly","A","Coding","Robot Challenge","PRESENT IN LESSON","PRESENT IN LESSON","PRESENT IN LESSON","PRESENT IN LESSON","PRESENT IN LESSON","PRESENT IN LESSON","PRESENT IN LESSON","PRESENT IN LESSON","PRESENT IN LESSON","PRESENT IN LESSON","PRESENT IN LESSON","PRESENT IN LESSON","PRESENT IN LESSON","PRESENT IN LESSON","PRESENT IN LESSON","PRESENT IN LESSON","PRESENT IN LESSON","PRESENT IN LESSON","PRESENT IN LESSON","PRESENT IN LESSON","PRESENT IN LESSON","21","0","0","printable_student_materials|answer_key_or_expected_evidence|worked_example_if_build|finished_example_if_build|visual_example_if_helpful|board_or_chart_setup|expected_discussion_responses|kit_contents_list|kit_label_text|cleanup_instructions|kit_reset_instructions|unfinished_work_directions|common_misconceptions|annotated_exemplar|common_error_interpretation|reteaching_option|safety_risk_classification|adult_supervision_ratio|sds_product_gate|external_service_compliance|print_accessibility_check","None","None","../../../Review/Local_Standards.md|../../../Review/Standards_Sources.md|../../../Review/Safety_Data_Sheet_Register.csv","None","DOCUMENT ARTIFACT CHECK COMPLETE - LOCAL RELEASE STILL REQUIRED","None detected","Text-presence and local-link screen only; a teacher must verify correctness, usability and physical kit state."
"Lessons/Bi-Weekly/Grades_1-2_YearA/Session16_Community_Helpers.md","1-2","Bi-Weekly","A","Service","Community Helpers","PRESENT IN LESSON","PRESENT IN LESSON","PRESENT IN LESSON","PRESENT IN LESSON","PRESENT IN LESSON","PRESENT IN LESSON","PRESENT IN LESSON","PRESENT IN LESSON","PRESENT IN LESSON","PRESENT IN LESSON","PRESENT IN LESSON","PRESENT IN LESSON","PRESENT IN LESSON","PRESENT IN LESSON","PRESENT IN LESSON","PRESENT IN LESSON","PRESENT IN LESSON","PRESENT IN LESSON","PRESENT IN LESSON","NOT APPLICABLE - TECHNOLOGY NONE","PRESENT IN LESSON","20","1","0","printable_student_materials|answer_key_or_expected_evidence|worked_example_if_build|finished_example_if_build|visual_example_if_helpful|board_or_chart_setup|expected_discussion_responses|kit_contents_list|kit_label_text|cleanup_instructions|kit_reset_instructions|unfinished_work_directions|common_misconceptions|annotated_exemplar|common_error_interpretation|reteaching_option|safety_risk_classification|adult_supervision_ratio|sds_product_gate|print_accessibility_check","external_service_compliance","None","../../../Review/Local_Standards.md|../../../Review/Standards_Sources.md|../../../Review/Safety_Data_Sheet_Register.csv","None","DOCUMENT ARTIFACT CHECK COMPLETE - LOCAL RELEASE STILL REQUIRED","None detected","Text-presence and local-link screen only; a teacher must verify correctness, usability and physical kit state."
"Lessons/Bi-Weekly/Grades_1-2_YearA/Session17_Exhibition.md","1-2","Bi-Weekly","A","Reflection","Year Exhibition","PRESENT IN LESSON","PRESENT IN LESSON","PRESENT IN LESSON","PRESENT IN LESSON","PRESENT IN LESSON","PRESENT IN LESSON","PRESENT IN LESSON","PRESENT IN LESSON","PRESENT IN LESSON","PRESENT IN LESSON","PRESENT IN LESSON","PRESENT IN LESSON","PRESENT IN LESSON","PRESENT IN LESSON","PRESENT IN LESSON","PRESENT IN LESSON","PRESENT IN LESSON","PRESENT IN LESSON","PRESENT IN LESSON","NOT APPLICABLE - TECHNOLOGY NONE","PRESENT IN LESSON","20","1","0","printable_student_materials|answer_key_or_expected_evidence|worked_example_if_build|finished_example_if_build|visual_example_if_helpful|board_or_chart_setup|expected_discussion_responses|kit_contents_list|kit_label_text|cleanup_instructions|kit_reset_instructions|unfinished_work_directions|common_misconceptions|annotated_exemplar|common_error_interpretation|reteaching_option|safety_risk_classification|adult_supervision_ratio|sds_product_gate|print_accessibility_check","external_service_compliance","None","../../../Review/Local_Standards.md|../../../Review/Standards_Sources.md|../../../Review/Safety_Data_Sheet_Register.csv","None","DOCUMENT ARTIFACT CHECK COMPLETE - LOCAL RELEASE STILL REQUIRED","None detected","Text-presence and local-link screen only; a teacher must verify correctness, usability and physical kit state."
"Lessons/Bi-Weekly/Grades_1-2_YearB/Session01_Design_Detectives.md","1-2","Bi-Weekly","B","Design","Design Detectives","PRESENT IN LESSON","PRESENT IN LESSON","PRESENT IN LESSON","PRESENT IN LESSON","PRESENT IN LESSON","PRESENT IN LESSON","PRESENT IN LESSON","PRESENT IN LESSON","PRESENT IN LESSON","PRESENT IN LESSON","PRESENT IN LESSON","PRESENT IN LESSON","PRESENT IN LESSON","PRESENT IN LESSON","PRESENT IN LESSON","PRESENT IN LESSON","PRESENT IN LESSON","PRESENT IN LESSON","PRESENT IN LESSON","NOT APPLICABLE - TECHNOLOGY NONE","PRESENT IN LESSON","20","1","0","printable_student_materials|answer_key_or_expected_evidence|worked_example_if_build|finished_example_if_build|visual_example_if_helpful|board_or_chart_setup|expected_discussion_responses|kit_contents_list|kit_label_text|cleanup_instructions|kit_reset_instructions|unfinished_work_directions|common_misconceptions|annotated_exemplar|common_error_interpretation|reteaching_option|safety_risk_classification|adult_supervision_ratio|sds_product_gate|print_accessibility_check","external_service_compliance","None","../../../Review/Local_Standards.md|../../../Review/Standards_Sources.md|../../../Review/Safety_Data_Sheet_Register.csv","None","DOCUMENT ARTIFACT CHECK COMPLETE - LOCAL RELEASE STILL REQUIRED","None detected","Text-presence and local-link screen only; a teacher must verify correctness, usability and physical kit state."
"Lessons/Bi-Weekly/Grades_1-2_YearB/Session02_Tower_Power.md","1-2","Bi-Weekly","B","Structures","Tower Power","PRESENT IN LESSON","PRESENT IN LESSON","PRESENT IN LESSON","PRESENT IN LESSON","PRESENT IN LESSON","PRESENT IN LESSON","PRESENT IN LESSON","PRESENT IN LESSON","PRESENT IN LESSON","PRESENT IN LESSON","PRESENT IN LESSON","PRESENT IN LESSON","PRESENT IN LESSON","PRESENT IN LESSON","PRESENT IN LESSON","PRESENT IN LESSON","PRESENT IN LESSON","PRESENT IN LESSON","PRESENT IN LESSON","NOT APPLICABLE - TECHNOLOGY NONE","PRESENT IN LESSON","20","1","0","printable_student_materials|answer_key_or_expected_evidence|worked_example_if_build|finished_example_if_build|visual_example_if_helpful|board_or_chart_setup|expected_discussion_responses|kit_contents_list|kit_label_text|cleanup_instructions|kit_reset_instructions|unfinished_work_directions|common_misconceptions|annotated_exemplar|common_error_interpretation|reteaching_option|safety_risk_classification|adult_supervision_ratio|sds_product_gate|print_accessibility_check","external_service_compliance","None","../../../Review/Local_Standards.md|../../../Review/Standards_Sources.md|../../../Review/Safety_Data_Sheet_Register.csv","None","DOCUMENT ARTIFACT CHECK COMPLETE - LOCAL RELEASE STILL REQUIRED","None detected","Text-presence and local-link screen only; a teacher must verify correctness, usability and physical kit state."
"Lessons/Bi-Weekly/Grades_1-2_YearB/Session03_Sphero_Intro.md","1-2","Bi-Weekly","B","Coding","Meet Sphero","PRESENT IN LESSON","PRESENT IN LESSON","PRESENT IN LESSON","PRESENT IN LESSON","PRESENT IN LESSON","PRESENT IN LESSON","PRESENT IN LESSON","PRESENT IN LESSON","PRESENT IN LESSON","PRESENT IN LESSON","PRESENT IN LESSON","PRESENT IN LESSON","PRESENT IN LESSON","PRESENT IN LESSON","PRESENT IN LESSON","PRESENT IN LESSON","PRESENT IN LESSON","PRESENT IN LESSON","PRESENT IN LESSON","PRESENT IN LESSON","PRESENT IN LESSON","21","0","0","printable_student_materials|answer_key_or_expected_evidence|worked_example_if_build|finished_example_if_build|visual_example_if_helpful|board_or_chart_setup|expected_discussion_responses|kit_contents_list|kit_label_text|cleanup_instructions|kit_reset_instructions|unfinished_work_directions|common_misconceptions|annotated_exemplar|common_error_interpretation|reteaching_option|safety_risk_classification|adult_supervision_ratio|sds_product_gate|external_service_compliance|print_accessibility_check","None","None","./Session02_Tower_Power.md|./Session04_Animal_Adaptations.md|../../../Review/Safety_Data_Sheet_Register.csv","None","DOCUMENT ARTIFACT CHECK COMPLETE - LOCAL RELEASE STILL REQUIRED","None detected","Text-presence and local-link screen only; a teacher must verify correctness, usability and physical kit state."
"Lessons/Bi-Weekly/Grades_1-2_YearB/Session04_Animal_Adaptations.md","1-2","Bi-Weekly","B","Adaptations","Animal Adaptations","PRESENT IN LESSON","PRESENT IN LESSON","PRESENT IN LESSON","PRESENT IN LESSON","PRESENT IN LESSON","PRESENT IN LESSON","PRESENT IN LESSON","PRESENT IN LESSON","PRESENT IN LESSON","PRESENT IN LESSON","PRESENT IN LESSON","PRESENT IN LESSON","PRESENT IN LESSON","PRESENT IN LESSON","PRESENT IN LESSON","PRESENT IN LESSON","PRESENT IN LESSON","PRESENT IN LESSON","PRESENT IN LESSON","NOT APPLICABLE - TECHNOLOGY NONE","PRESENT IN LESSON","20","1","0","printable_student_materials|answer_key_or_expected_evidence|worked_example_if_build|finished_example_if_build|visual_example_if_helpful|board_or_chart_setup|expected_discussion_responses|kit_contents_list|kit_label_text|cleanup_instructions|kit_reset_instructions|unfinished_work_directions|common_misconceptions|annotated_exemplar|common_error_interpretation|reteaching_option|safety_risk_classification|adult_supervision_ratio|sds_product_gate|print_accessibility_check","external_service_compliance","None","../../../Review/Local_Standards.md|../../../Review/Standards_Sources.md|../../../Review/Safety_Data_Sheet_Register.csv","None","DOCUMENT ARTIFACT CHECK COMPLETE - LOCAL RELEASE STILL REQUIRED","None detected","Text-presence and local-link screen only; a teacher must verify correctness, usability and physical kit state."
"Lessons/Bi-Weekly/Grades_1-2_YearB/Session05_Garden_Engineers.md","1-2","Bi-Weekly","B","Growth","Garden Engineers","PRESENT IN LESSON","PRESENT IN LESSON","PRESENT IN LESSON","PRESENT IN LESSON","PRESENT IN LESSON","PRESENT IN LESSON","PRESENT IN LESSON","PRESENT IN LESSON","PRESENT IN LESSON","PRESENT IN LESSON","PRESENT IN LESSON","PRESENT IN LESSON","PRESENT IN LESSON","PRESENT IN LESSON","PRESENT IN LESSON","PRESENT IN LESSON","PRESENT IN LESSON","PRESENT IN LESSON","PRESENT IN LESSON","NOT APPLICABLE - TECHNOLOGY NONE","PRESENT IN LESSON","20","1","0","printable_student_materials|answer_key_or_expected_evidence|worked_example_if_build|finished_example_if_build|visual_example_if_helpful|board_or_chart_setup|expected_discussion_responses|kit_contents_list|kit_label_text|cleanup_instructions|kit_reset_instructions|unfinished_work_directions|common_misconceptions|annotated_exemplar|common_error_interpretation|reteaching_option|safety_risk_classification|adult_supervision_ratio|sds_product_gate|print_accessibility_check","external_service_compliance","None","./Session04_Animal_Adaptations.md|./Session06_Gratitude_Gifts.md|../../../Review/Safety_Data_Sheet_Register.csv","None","DOCUMENT ARTIFACT CHECK COMPLETE - LOCAL RELEASE STILL REQUIRED","None detected","Text-presence and local-link screen only; a teacher must verify correctness, usability and physical kit state."
"Lessons/Bi-Weekly/Grades_1-2_YearB/Session06_Gratitude_Gifts.md","1-2","Bi-Weekly","B","Service","Gratitude Gifts","PRESENT IN LESSON","PRESENT IN LESSON","PRESENT IN LESSON","PRESENT IN LESSON","PRESENT IN LESSON","PRESENT IN LESSON","PRESENT IN LESSON","PRESENT IN LESSON","PRESENT IN LESSON","PRESENT IN LESSON","PRESENT IN LESSON","PRESENT IN LESSON","PRESENT IN LESSON","PRESENT IN LESSON","PRESENT IN LESSON","PRESENT IN LESSON","PRESENT IN LESSON","PRESENT IN LESSON","PRESENT IN LESSON","NOT APPLICABLE - TECHNOLOGY NONE","PRESENT IN LESSON","20","1","0","printable_student_materials|answer_key_or_expected_evidence|worked_example_if_build|finished_example_if_build|visual_example_if_helpful|board_or_chart_setup|expected_discussion_responses|kit_contents_list|kit_label_text|cleanup_instructions|kit_reset_instructions|unfinished_work_directions|common_misconceptions|annotated_exemplar|common_error_interpretation|reteaching_option|safety_risk_classification|adult_supervision_ratio|sds_product_gate|print_accessibility_check","external_service_compliance","None","../../../Review/Local_Standards.md|../../../Review/Standards_Sources.md|../../../Review/Safety_Data_Sheet_Register.csv","None","DOCUMENT ARTIFACT CHECK COMPLETE - LOCAL RELEASE STILL REQUIRED","None detected","Text-presence and local-link screen only; a teacher must verify correctness, usability and physical kit state."
"Lessons/Bi-Weekly/Grades_1-2_YearB/Session07_Star_Makers.md","1-2","Bi-Weekly","B","Light","Star Makers","PRESENT IN LESSON","PRESENT IN LESSON","PRESENT IN LESSON","PRESENT IN LESSON","PRESENT IN LESSON","PRESENT IN LESSON","PRESENT IN LESSON","PRESENT IN LESSON","PRESENT IN LESSON","PRESENT IN LESSON","PRESENT IN LESSON","PRESENT IN LESSON","PRESENT IN LESSON","PRESENT IN LESSON","PRESENT IN LESSON","PRESENT IN LESSON","PRESENT IN LESSON","PRESENT IN LESSON","PRESENT IN LESSON","NOT APPLICABLE - TECHNOLOGY NONE","PRESENT IN LESSON","20","1","0","printable_student_materials|answer_key_or_expected_evidence|worked_example_if_build|finished_example_if_build|visual_example_if_helpful|board_or_chart_setup|expected_discussion_responses|kit_contents_list|kit_label_text|cleanup_instructions|kit_reset_instructions|unfinished_work_directions|common_misconceptions|annotated_exemplar|common_error_interpretation|reteaching_option|safety_risk_classification|adult_supervision_ratio|sds_product_gate|print_accessibility_check","external_service_compliance","None","../../../Review/Local_Standards.md|../../../Review/Standards_Sources.md|../../../Review/Safety_Data_Sheet_Register.csv","None","DOCUMENT ARTIFACT CHECK COMPLETE - LOCAL RELEASE STILL REQUIRED","None detected","Text-presence and local-link screen only; a teacher must verify correctness, usability and physical kit state."
"Lessons/Bi-Weekly/Grades_1-2_YearB/Session08_Digital_Art.md","1-2","Bi-Weekly","B","Art","Digital Art","PRESENT IN LESSON","PRESENT IN LESSON","PRESENT IN LESSON","PRESENT IN LESSON","PRESENT IN LESSON","PRESENT IN LESSON","PRESENT IN LESSON","PRESENT IN LESSON","PRESENT IN LESSON","PRESENT IN LESSON","PRESENT IN LESSON","PRESENT IN LESSON","PRESENT IN LESSON","PRESENT IN LESSON","PRESENT IN LESSON","PRESENT IN LESSON","PRESENT IN LESSON","PRESENT IN LESSON","PRESENT IN LESSON","PRESENT IN LESSON","PRESENT IN LESSON","21","0","0","printable_student_materials|answer_key_or_expected_evidence|worked_example_if_build|finished_example_if_build|visual_example_if_helpful|board_or_chart_setup|expected_discussion_responses|kit_contents_list|kit_label_text|cleanup_instructions|kit_reset_instructions|unfinished_work_directions|common_misconceptions|annotated_exemplar|common_error_interpretation|reteaching_option|safety_risk_classification|adult_supervision_ratio|sds_product_gate|external_service_compliance|print_accessibility_check","None","None","../../../Review/Local_Standards.md|../../../Review/Standards_Sources.md|../../../Review/Safety_Data_Sheet_Register.csv","None","DOCUMENT ARTIFACT CHECK COMPLETE - LOCAL RELEASE STILL REQUIRED","None detected","Text-presence and local-link screen only; a teacher must verify correctness, usability and physical kit state."
"Lessons/Bi-Weekly/Grades_1-2_YearB/Session09_Faith_Scientists.md","1-2","Bi-Weekly","B","Faith and reason","Faith Scientists","PRESENT IN LESSON","PRESENT IN LESSON","PRESENT IN LESSON","PRESENT IN LESSON","PRESENT IN LESSON","PRESENT IN LESSON","PRESENT IN LESSON","PRESENT IN LESSON","PRESENT IN LESSON","PRESENT IN LESSON","PRESENT IN LESSON","PRESENT IN LESSON","PRESENT IN LESSON","PRESENT IN LESSON","PRESENT IN LESSON","PRESENT IN LESSON","PRESENT IN LESSON","PRESENT IN LESSON","PRESENT IN LESSON","NOT APPLICABLE - TECHNOLOGY NONE","PRESENT IN LESSON","20","1","0","printable_student_materials|answer_key_or_expected_evidence|worked_example_if_build|finished_example_if_build|visual_example_if_helpful|board_or_chart_setup|expected_discussion_responses|kit_contents_list|kit_label_text|cleanup_instructions|kit_reset_instructions|unfinished_work_directions|common_misconceptions|annotated_exemplar|common_error_interpretation|reteaching_option|safety_risk_classification|adult_supervision_ratio|sds_product_gate|print_accessibility_check","external_service_compliance","None","../../../Review/Local_Standards.md|../../../Review/Standards_Sources.md|../../../Review/Safety_Data_Sheet_Register.csv","None","DOCUMENT ARTIFACT CHECK COMPLETE - LOCAL RELEASE STILL REQUIRED","None detected","Text-presence and local-link screen only; a teacher must verify correctness, usability and physical kit state."
"Lessons/Bi-Weekly/Grades_1-2_YearB/Session10_Magnets_Motion.md","1-2","Bi-Weekly","B","Forces","Magnets and Motion","PRESENT IN LESSON","PRESENT IN LESSON","PRESENT IN LESSON","PRESENT IN LESSON","PRESENT IN LESSON","PRESENT IN LESSON","PRESENT IN LESSON","PRESENT IN LESSON","PRESENT IN LESSON","PRESENT IN LESSON","PRESENT IN LESSON","PRESENT IN LESSON","PRESENT IN LESSON","PRESENT IN LESSON","PRESENT IN LESSON","PRESENT IN LESSON","PRESENT IN LESSON","PRESENT IN LESSON","PRESENT IN LESSON","NOT APPLICABLE - TECHNOLOGY NONE","PRESENT IN LESSON","20","1","0","printable_student_materials|answer_key_or_expected_evidence|worked_example_if_build|finished_example_if_build|visual_example_if_helpful|board_or_chart_setup|expected_discussion_responses|kit_contents_list|kit_label_text|cleanup_instructions|kit_reset_instructions|unfinished_work_directions|common_misconceptions|annotated_exemplar|common_error_interpretation|reteaching_option|safety_risk_classification|adult_supervision_ratio|sds_product_gate|print_accessibility_check","external_service_compliance","None","../../../Review/Local_Standards.md|../../../Review/Standards_Sources.md|../../../Review/Safety_Data_Sheet_Register.csv","None","DOCUMENT ARTIFACT CHECK COMPLETE - LOCAL RELEASE STILL REQUIRED","None detected","Text-presence and local-link screen only; a teacher must verify correctness, usability and physical kit state."
"Lessons/Bi-Weekly/Grades_1-2_YearB/Session11_Lenten_Love.md","1-2","Bi-Weekly","B","Service","Lenten Love","PRESENT IN LESSON","PRESENT IN LESSON","PRESENT IN LESSON","PRESENT IN LESSON","PRESENT IN LESSON","PRESENT IN LESSON","PRESENT IN LESSON","PRESENT IN LESSON","PRESENT IN LESSON","PRESENT IN LESSON","PRESENT IN LESSON","PRESENT IN LESSON","PRESENT IN LESSON","PRESENT IN LESSON","PRESENT IN LESSON","PRESENT IN LESSON","PRESENT IN LESSON","PRESENT IN LESSON","PRESENT IN LESSON","NOT APPLICABLE - TECHNOLOGY NONE","PRESENT IN LESSON","20","1","0","printable_student_materials|answer_key_or_expected_evidence|worked_example_if_build|finished_example_if_build|visual_example_if_helpful|board_or_chart_setup|expected_discussion_responses|kit_contents_list|kit_label_text|cleanup_instructions|kit_reset_instructions|unfinished_work_directions|common_misconceptions|annotated_exemplar|common_error_interpretation|reteaching_option|safety_risk_classification|adult_supervision_ratio|sds_product_gate|print_accessibility_check","external_service_compliance","None","../../../Review/Local_Standards.md|../../../Review/Standards_Sources.md|../../../Review/Safety_Data_Sheet_Register.csv","None","DOCUMENT ARTIFACT CHECK COMPLETE - LOCAL RELEASE STILL REQUIRED","None detected","Text-presence and local-link screen only; a teacher must verify correctness, usability and physical kit state."
"Lessons/Bi-Weekly/Grades_1-2_YearB/Session12_Butterfly_Wonder.md","1-2","Bi-Weekly","B","Life cycles","Butterfly Wonder","PRESENT IN LESSON","PRESENT IN LESSON","PRESENT IN LESSON","PRESENT IN LESSON","PRESENT IN LESSON","PRESENT IN LESSON","PRESENT IN LESSON","PRESENT IN LESSON","PRESENT IN LESSON","PRESENT IN LESSON","PRESENT IN LESSON","PRESENT IN LESSON","PRESENT IN LESSON","PRESENT IN LESSON","PRESENT IN LESSON","PRESENT IN LESSON","PRESENT IN LESSON","PRESENT IN LESSON","PRESENT IN LESSON","NOT APPLICABLE - TECHNOLOGY NONE","PRESENT IN LESSON","20","1","0","printable_student_materials|answer_key_or_expected_evidence|worked_example_if_build|finished_example_if_build|visual_example_if_helpful|board_or_chart_setup|expected_discussion_responses|kit_contents_list|kit_label_text|cleanup_instructions|kit_reset_instructions|unfinished_work_directions|common_misconceptions|annotated_exemplar|common_error_interpretation|reteaching_option|safety_risk_classification|adult_supervision_ratio|sds_product_gate|print_accessibility_check","external_service_compliance","None","../../../Review/Local_Standards.md|../../../Review/Standards_Sources.md|../../../Review/Safety_Data_Sheet_Register.csv","None","DOCUMENT ARTIFACT CHECK COMPLETE - LOCAL RELEASE STILL REQUIRED","None detected","Text-presence and local-link screen only; a teacher must verify correctness, usability and physical kit state."
"Lessons/Bi-Weekly/Grades_1-2_YearB/Session13_Easter_Joy.md","1-2","Bi-Weekly","B","New life","Easter Joy","PRESENT IN LESSON","PRESENT IN LESSON","PRESENT IN LESSON","PRESENT IN LESSON","PRESENT IN LESSON","PRESENT IN LESSON","PRESENT IN LESSON","PRESENT IN LESSON","PRESENT IN LESSON","PRESENT IN LESSON","PRESENT IN LESSON","PRESENT IN LESSON","PRESENT IN LESSON","PRESENT IN LESSON","PRESENT IN LESSON","PRESENT IN LESSON","PRESENT IN LESSON","PRESENT IN LESSON","PRESENT IN LESSON","NOT APPLICABLE - TECHNOLOGY NONE","PRESENT IN LESSON","20","1","0","printable_student_materials|answer_key_or_expected_evidence|worked_example_if_build|finished_example_if_build|visual_example_if_helpful|board_or_chart_setup|expected_discussion_responses|kit_contents_list|kit_label_text|cleanup_instructions|kit_reset_instructions|unfinished_work_directions|common_misconceptions|annotated_exemplar|common_error_interpretation|reteaching_option|safety_risk_classification|adult_supervision_ratio|sds_product_gate|print_accessibility_check","external_service_compliance","None","../../../Review/Local_Standards.md|../../../Review/Standards_Sources.md|../../../Review/Safety_Data_Sheet_Register.csv","None","DOCUMENT ARTIFACT CHECK COMPLETE - LOCAL RELEASE STILL REQUIRED","None detected","Text-presence and local-link screen only; a teacher must verify correctness, usability and physical kit state."
"Lessons/Bi-Weekly/Grades_1-2_YearB/Session14_Sphero_Challenge.md","1-2","Bi-Weekly","B","Coding","Sphero Challenge","PRESENT IN LESSON","PRESENT IN LESSON","PRESENT IN LESSON","PRESENT IN LESSON","PRESENT IN LESSON","PRESENT IN LESSON","PRESENT IN LESSON","PRESENT IN LESSON","PRESENT IN LESSON","PRESENT IN LESSON","PRESENT IN LESSON","PRESENT IN LESSON","PRESENT IN LESSON","PRESENT IN LESSON","PRESENT IN LESSON","PRESENT IN LESSON","PRESENT IN LESSON","PRESENT IN LESSON","PRESENT IN LESSON","PRESENT IN LESSON","PRESENT IN LESSON","21","0","0","printable_student_materials|answer_key_or_expected_evidence|worked_example_if_build|finished_example_if_build|visual_example_if_helpful|board_or_chart_setup|expected_discussion_responses|kit_contents_list|kit_label_text|cleanup_instructions|kit_reset_instructions|unfinished_work_directions|common_misconceptions|annotated_exemplar|common_error_interpretation|reteaching_option|safety_risk_classification|adult_supervision_ratio|sds_product_gate|external_service_compliance|print_accessibility_check","None","None","../../../Review/Local_Standards.md|../../../Review/Standards_Sources.md|../../../Review/Safety_Data_Sheet_Register.csv","None","DOCUMENT ARTIFACT CHECK COMPLETE - LOCAL RELEASE STILL REQUIRED","None detected","Text-presence and local-link screen only; a teacher must verify correctness, usability and physical kit state."
"Lessons/Bi-Weekly/Grades_1-2_YearB/Session15_Simple_Machines.md","1-2","Bi-Weekly","B","Machines","Simple Machines","PRESENT IN LESSON","PRESENT IN LESSON","PRESENT IN LESSON","PRESENT IN LESSON","PRESENT IN LESSON","PRESENT IN LESSON","PRESENT IN LESSON","PRESENT IN LESSON","PRESENT IN LESSON","PRESENT IN LESSON","PRESENT IN LESSON","PRESENT IN LESSON","PRESENT IN LESSON","PRESENT IN LESSON","PRESENT IN LESSON","PRESENT IN LESSON","PRESENT IN LESSON","PRESENT IN LESSON","PRESENT IN LESSON","NOT APPLICABLE - TECHNOLOGY NONE","PRESENT IN LESSON","20","1","0","printable_student_materials|answer_key_or_expected_evidence|worked_example_if_build|finished_example_if_build|visual_example_if_helpful|board_or_chart_setup|expected_discussion_responses|kit_contents_list|kit_label_text|cleanup_instructions|kit_reset_instructions|unfinished_work_directions|common_misconceptions|annotated_exemplar|common_error_interpretation|reteaching_option|safety_risk_classification|adult_supervision_ratio|sds_product_gate|print_accessibility_check","external_service_compliance","None","../../../Review/Local_Standards.md|../../../Review/Standards_Sources.md|../../../Review/Safety_Data_Sheet_Register.csv","None","DOCUMENT ARTIFACT CHECK COMPLETE - LOCAL RELEASE STILL REQUIRED","None detected","Text-presence and local-link screen only; a teacher must verify correctness, usability and physical kit state."
"Lessons/Bi-Weekly/Grades_1-2_YearB/Session16_Earth_Care.md","1-2","Bi-Weekly","B","Stewardship","Earth Care","PRESENT IN LESSON","PRESENT IN LESSON","PRESENT IN LESSON","PRESENT IN LESSON","PRESENT IN LESSON","PRESENT IN LESSON","PRESENT IN LESSON","PRESENT IN LESSON","PRESENT IN LESSON","PRESENT IN LESSON","PRESENT IN LESSON","PRESENT IN LESSON","PRESENT IN LESSON","PRESENT IN LESSON","PRESENT IN LESSON","PRESENT IN LESSON","PRESENT IN LESSON","PRESENT IN LESSON","PRESENT IN LESSON","NOT APPLICABLE - TECHNOLOGY NONE","PRESENT IN LESSON","20","1","0","printable_student_materials|answer_key_or_expected_evidence|worked_example_if_build|finished_example_if_build|visual_example_if_helpful|board_or_chart_setup|expected_discussion_responses|kit_contents_list|kit_label_text|cleanup_instructions|kit_reset_instructions|unfinished_work_directions|common_misconceptions|annotated_exemplar|common_error_interpretation|reteaching_option|safety_risk_classification|adult_supervision_ratio|sds_product_gate|print_accessibility_check","external_service_compliance","None","../../../Review/Local_Standards.md|../../../Review/Standards_Sources.md|../../../Review/Safety_Data_Sheet_Register.csv","None","DOCUMENT ARTIFACT CHECK COMPLETE - LOCAL RELEASE STILL REQUIRED","None detected","Text-presence and local-link screen only; a teacher must verify correctness, usability and physical kit state."
"Lessons/Bi-Weekly/Grades_1-2_YearB/Session17_Celebration.md","1-2","Bi-Weekly","B","Reflection","Year Celebration","PRESENT IN LESSON","PRESENT IN LESSON","PRESENT IN LESSON","PRESENT IN LESSON","PRESENT IN LESSON","PRESENT IN LESSON","PRESENT IN LESSON","PRESENT IN LESSON","PRESENT IN LESSON","PRESENT IN LESSON","PRESENT IN LESSON","PRESENT IN LESSON","PRESENT IN LESSON","PRESENT IN LESSON","PRESENT IN LESSON","PRESENT IN LESSON","PRESENT IN LESSON","PRESENT IN LESSON","PRESENT IN LESSON","NOT APPLICABLE - TECHNOLOGY NONE","PRESENT IN LESSON","20","1","0","printable_student_materials|answer_key_or_expected_evidence|worked_example_if_build|finished_example_if_build|visual_example_if_helpful|board_or_chart_setup|expected_discussion_responses|kit_contents_list|kit_label_text|cleanup_instructions|kit_reset_instructions|unfinished_work_directions|common_misconceptions|annotated_exemplar|common_error_interpretation|reteaching_option|safety_risk_classification|adult_supervision_ratio|sds_product_gate|print_accessibility_check","external_service_compliance","None","../../../Review/Local_Standards.md|../../../Review/Standards_Sources.md|../../../Review/Safety_Data_Sheet_Register.csv","None","DOCUMENT ARTIFACT CHECK COMPLETE - LOCAL RELEASE STILL REQUIRED","None detected","Text-presence and local-link screen only; a teacher must verify correctness, usability and physical kit state."
"Lessons/Bi-Weekly/Grades_3-4_YearA/Session01_Engineering_Design.md","3-4","Bi-Weekly","A","Foundations","Engineering Design","PRESENT IN LESSON","PRESENT IN LESSON","PRESENT IN LESSON","PRESENT IN LESSON","PRESENT IN LESSON","PRESENT IN LESSON","PRESENT IN LESSON","PRESENT IN LESSON","PRESENT IN LESSON","PRESENT IN LESSON","PRESENT IN LESSON","PRESENT IN LESSON","PRESENT IN LESSON","PRESENT IN LESSON","PRESENT IN LESSON","PRESENT IN LESSON","PRESENT IN LESSON","PRESENT IN LESSON","PRESENT IN LESSON","NOT APPLICABLE - TECHNOLOGY NONE","PRESENT IN LESSON","20","1","0","printable_student_materials|answer_key_or_expected_evidence|worked_example_if_build|finished_example_if_build|visual_example_if_helpful|board_or_chart_setup|expected_discussion_responses|kit_contents_list|kit_label_text|cleanup_instructions|kit_reset_instructions|unfinished_work_directions|common_misconceptions|annotated_exemplar|common_error_interpretation|reteaching_option|safety_risk_classification|adult_supervision_ratio|sds_product_gate|print_accessibility_check","external_service_compliance","None","../../../Review/Safety_Data_Sheet_Register.csv","None","DOCUMENT ARTIFACT CHECK COMPLETE - LOCAL RELEASE STILL REQUIRED","None detected","Text-presence and local-link screen only; a teacher must verify correctness, usability and physical kit state."
"Lessons/Bi-Weekly/Grades_3-4_YearA/Session02_Dash_Code.md","3-4","Bi-Weekly","A","Computing","Dash and Code","PRESENT IN LESSON","PRESENT IN LESSON","PRESENT IN LESSON","PRESENT IN LESSON","PRESENT IN LESSON","PRESENT IN LESSON","PRESENT IN LESSON","PRESENT IN LESSON","PRESENT IN LESSON","PRESENT IN LESSON","PRESENT IN LESSON","PRESENT IN LESSON","PRESENT IN LESSON","PRESENT IN LESSON","PRESENT IN LESSON","PRESENT IN LESSON","PRESENT IN LESSON","PRESENT IN LESSON","PRESENT IN LESSON","PRESENT IN LESSON","PRESENT IN LESSON","21","0","0","printable_student_materials|answer_key_or_expected_evidence|worked_example_if_build|finished_example_if_build|visual_example_if_helpful|board_or_chart_setup|expected_discussion_responses|kit_contents_list|kit_label_text|cleanup_instructions|kit_reset_instructions|unfinished_work_directions|common_misconceptions|annotated_exemplar|common_error_interpretation|reteaching_option|safety_risk_classification|adult_supervision_ratio|sds_product_gate|external_service_compliance|print_accessibility_check","None","None","./Session01_Engineering_Design.md|./Session03_Bridge_Engineering.md|../../../Review/Safety_Data_Sheet_Register.csv","None","DOCUMENT ARTIFACT CHECK COMPLETE - LOCAL RELEASE STILL REQUIRED","None detected","Text-presence and local-link screen only; a teacher must verify correctness, usability and physical kit state."
"Lessons/Bi-Weekly/Grades_3-4_YearA/Session03_Bridge_Engineering.md","3-4","Bi-Weekly","A","Structures","Bridge Engineering","PRESENT IN LESSON","PRESENT IN LESSON","PRESENT IN LESSON","PRESENT IN LESSON","PRESENT IN LESSON","PRESENT IN LESSON","PRESENT IN LESSON","PRESENT IN LESSON","PRESENT IN LESSON","PRESENT IN LESSON","PRESENT IN LESSON","PRESENT IN LESSON","PRESENT IN LESSON","PRESENT IN LESSON","PRESENT IN LESSON","PRESENT IN LESSON","PRESENT IN LESSON","PRESENT IN LESSON","PRESENT IN LESSON","NOT APPLICABLE - TECHNOLOGY NONE","PRESENT IN LESSON","20","1","0","printable_student_materials|answer_key_or_expected_evidence|worked_example_if_build|finished_example_if_build|visual_example_if_helpful|board_or_chart_setup|expected_discussion_responses|kit_contents_list|kit_label_text|cleanup_instructions|kit_reset_instructions|unfinished_work_directions|common_misconceptions|annotated_exemplar|common_error_interpretation|reteaching_option|safety_risk_classification|adult_supervision_ratio|sds_product_gate|print_accessibility_check","external_service_compliance","None","None","None","DOCUMENT ARTIFACT CHECK COMPLETE - LOCAL RELEASE STILL REQUIRED","None detected","Text-presence and local-link screen only; a teacher must verify correctness, usability and physical kit state."
"Lessons/Bi-Weekly/Grades_3-4_YearA/Session04_Animal_Habitats.md","3-4","Bi-Weekly","A","Life science","Animal Habitats","PRESENT IN LESSON","PRESENT IN LESSON","PRESENT IN LESSON","PRESENT IN LESSON","PRESENT IN LESSON","PRESENT IN LESSON","PRESENT IN LESSON","PRESENT IN LESSON","PRESENT IN LESSON","PRESENT IN LESSON","PRESENT IN LESSON","PRESENT IN LESSON","PRESENT IN LESSON","PRESENT IN LESSON","PRESENT IN LESSON","PRESENT IN LESSON","PRESENT IN LESSON","PRESENT IN LESSON","PRESENT IN LESSON","NOT APPLICABLE - TECHNOLOGY NONE","PRESENT IN LESSON","20","1","0","printable_student_materials|answer_key_or_expected_evidence|worked_example_if_build|finished_example_if_build|visual_example_if_helpful|board_or_chart_setup|expected_discussion_responses|kit_contents_list|kit_label_text|cleanup_instructions|kit_reset_instructions|unfinished_work_directions|common_misconceptions|annotated_exemplar|common_error_interpretation|reteaching_option|safety_risk_classification|adult_supervision_ratio|sds_product_gate|print_accessibility_check","external_service_compliance","None","../../../Review/Safety_Data_Sheet_Register.csv","None","DOCUMENT ARTIFACT CHECK COMPLETE - LOCAL RELEASE STILL REQUIRED","None detected","Text-presence and local-link screen only; a teacher must verify correctness, usability and physical kit state."
"Lessons/Bi-Weekly/Grades_3-4_YearA/Session05_Scratch_Intro.md","3-4","Bi-Weekly","A","Computing","Scratch Intro","PRESENT IN LESSON","PRESENT IN LESSON","PRESENT IN LESSON","PRESENT IN LESSON","PRESENT IN LESSON","PRESENT IN LESSON","PRESENT IN LESSON","PRESENT IN LESSON","PRESENT IN LESSON","PRESENT IN LESSON","PRESENT IN LESSON","PRESENT IN LESSON","PRESENT IN LESSON","PRESENT IN LESSON","PRESENT IN LESSON","PRESENT IN LESSON","PRESENT IN LESSON","PRESENT IN LESSON","NOT APPLICABLE - NO CHEMICAL TERM DETECTED","PRESENT IN LESSON","PRESENT IN LESSON","20","1","0","printable_student_materials|answer_key_or_expected_evidence|worked_example_if_build|finished_example_if_build|visual_example_if_helpful|board_or_chart_setup|expected_discussion_responses|kit_contents_list|kit_label_text|cleanup_instructions|kit_reset_instructions|unfinished_work_directions|common_misconceptions|annotated_exemplar|common_error_interpretation|reteaching_option|safety_risk_classification|adult_supervision_ratio|external_service_compliance|print_accessibility_check","sds_product_gate","None","None","None","DOCUMENT ARTIFACT CHECK COMPLETE - LOCAL RELEASE STILL REQUIRED","None detected","Text-presence and local-link screen only; a teacher must verify correctness, usability and physical kit state."
"Lessons/Bi-Weekly/Grades_3-4_YearA/Session06_Gratitude_Tech.md","3-4","Bi-Weekly","A","Gratitude communication","Gratitude Tech","PRESENT IN LESSON","PRESENT IN LESSON","PRESENT IN LESSON","PRESENT IN LESSON","PRESENT IN LESSON","PRESENT IN LESSON","PRESENT IN LESSON","PRESENT IN LESSON","PRESENT IN LESSON","PRESENT IN LESSON","PRESENT IN LESSON","PRESENT IN LESSON","PRESENT IN LESSON","PRESENT IN LESSON","PRESENT IN LESSON","PRESENT IN LESSON","PRESENT IN LESSON","PRESENT IN LESSON","PRESENT IN LESSON","PRESENT IN LESSON","PRESENT IN LESSON","21","0","0","printable_student_materials|answer_key_or_expected_evidence|worked_example_if_build|finished_example_if_build|visual_example_if_helpful|board_or_chart_setup|expected_discussion_responses|kit_contents_list|kit_label_text|cleanup_instructions|kit_reset_instructions|unfinished_work_directions|common_misconceptions|annotated_exemplar|common_error_interpretation|reteaching_option|safety_risk_classification|adult_supervision_ratio|sds_product_gate|external_service_compliance|print_accessibility_check","None","None","None","None","DOCUMENT ARTIFACT CHECK COMPLETE - LOCAL RELEASE STILL REQUIRED","None detected","Text-presence and local-link screen only; a teacher must verify correctness, usability and physical kit state."
"Lessons/Bi-Weekly/Grades_3-4_YearA/Session07_Light_Circuits.md","3-4","Bi-Weekly","A","Circuits","Light and Circuits","PRESENT IN LESSON","PRESENT IN LESSON","PRESENT IN LESSON","PRESENT IN LESSON","PRESENT IN LESSON","PRESENT IN LESSON","PRESENT IN LESSON","PRESENT IN LESSON","PRESENT IN LESSON","PRESENT IN LESSON","PRESENT IN LESSON","PRESENT IN LESSON","PRESENT IN LESSON","PRESENT IN LESSON","PRESENT IN LESSON","PRESENT IN LESSON","PRESENT IN LESSON","PRESENT IN LESSON","PRESENT IN LESSON","NOT APPLICABLE - TECHNOLOGY NONE","PRESENT IN LESSON","20","1","0","printable_student_materials|answer_key_or_expected_evidence|worked_example_if_build|finished_example_if_build|visual_example_if_helpful|board_or_chart_setup|expected_discussion_responses|kit_contents_list|kit_label_text|cleanup_instructions|kit_reset_instructions|unfinished_work_directions|common_misconceptions|annotated_exemplar|common_error_interpretation|reteaching_option|safety_risk_classification|adult_supervision_ratio|sds_product_gate|print_accessibility_check","external_service_compliance","None","../../../Resources/Snap_Circuits_Classroom_Guide.md|./Session06_Gratitude_Tech.md|./Session08_Scratch_Animation.md|../../../Review/Safety_Data_Sheet_Register.csv","None","DOCUMENT ARTIFACT CHECK COMPLETE - LOCAL RELEASE STILL REQUIRED","None detected","Text-presence and local-link screen only; a teacher must verify correctness, usability and physical kit state."
"Lessons/Bi-Weekly/Grades_3-4_YearA/Session08_Scratch_Animation.md","3-4","Bi-Weekly","A","Computing art","Scratch Animation","PRESENT IN LESSON","PRESENT IN LESSON","PRESENT IN LESSON","PRESENT IN LESSON","PRESENT IN LESSON","PRESENT IN LESSON","PRESENT IN LESSON","PRESENT IN LESSON","PRESENT IN LESSON","PRESENT IN LESSON","PRESENT IN LESSON","PRESENT IN LESSON","PRESENT IN LESSON","PRESENT IN LESSON","PRESENT IN LESSON","PRESENT IN LESSON","PRESENT IN LESSON","PRESENT IN LESSON","NOT APPLICABLE - NO CHEMICAL TERM DETECTED","PRESENT IN LESSON","PRESENT IN LESSON","20","1","0","printable_student_materials|answer_key_or_expected_evidence|worked_example_if_build|finished_example_if_build|visual_example_if_helpful|board_or_chart_setup|expected_discussion_responses|kit_contents_list|kit_label_text|cleanup_instructions|kit_reset_instructions|unfinished_work_directions|common_misconceptions|annotated_exemplar|common_error_interpretation|reteaching_option|safety_risk_classification|adult_supervision_ratio|external_service_compliance|print_accessibility_check","sds_product_gate","None","None","None","DOCUMENT ARTIFACT CHECK COMPLETE - LOCAL RELEASE STILL REQUIRED","None detected","Text-presence and local-link screen only; a teacher must verify correctness, usability and physical kit state."
"Lessons/Bi-Weekly/Grades_3-4_YearA/Session09_Catholic_Scientists.md","3-4","Bi-Weekly","A","Faith and evidence","Catholic Scientists","PRESENT IN LESSON","PRESENT IN LESSON","PRESENT IN LESSON","PRESENT IN LESSON","PRESENT IN LESSON","PRESENT IN LESSON","PRESENT IN LESSON","PRESENT IN LESSON","PRESENT IN LESSON","PRESENT IN LESSON","PRESENT IN LESSON","PRESENT IN LESSON","PRESENT IN LESSON","PRESENT IN LESSON","PRESENT IN LESSON","PRESENT IN LESSON","PRESENT IN LESSON","PRESENT IN LESSON","PRESENT IN LESSON","NOT APPLICABLE - TECHNOLOGY NONE","PRESENT IN LESSON","20","1","0","printable_student_materials|answer_key_or_expected_evidence|worked_example_if_build|finished_example_if_build|visual_example_if_helpful|board_or_chart_setup|expected_discussion_responses|kit_contents_list|kit_label_text|cleanup_instructions|kit_reset_instructions|unfinished_work_directions|common_misconceptions|annotated_exemplar|common_error_interpretation|reteaching_option|safety_risk_classification|adult_supervision_ratio|sds_product_gate|print_accessibility_check","external_service_compliance","None","../../../Resources/Catholic_Scientists_Heritage.md|../../../Review/Safety_Data_Sheet_Register.csv","None","DOCUMENT ARTIFACT CHECK COMPLETE - LOCAL RELEASE STILL REQUIRED","None detected","Text-presence and local-link screen only; a teacher must verify correctness, usability and physical kit state."
"Lessons/Bi-Weekly/Grades_3-4_YearA/Session10_Weather_Science.md","3-4","Bi-Weekly","A","Weather","Weather Science","PRESENT IN LESSON","PRESENT IN LESSON","PRESENT IN LESSON","PRESENT IN LESSON","PRESENT IN LESSON","PRESENT IN LESSON","PRESENT IN LESSON","PRESENT IN LESSON","PRESENT IN LESSON","PRESENT IN LESSON","PRESENT IN LESSON","PRESENT IN LESSON","PRESENT IN LESSON","PRESENT IN LESSON","PRESENT IN LESSON","PRESENT IN LESSON","PRESENT IN LESSON","PRESENT IN LESSON","NOT APPLICABLE - NO CHEMICAL TERM DETECTED","NOT APPLICABLE - TECHNOLOGY NONE","PRESENT IN LESSON","19","2","0","printable_student_materials|answer_key_or_expected_evidence|worked_example_if_build|finished_example_if_build|visual_example_if_helpful|board_or_chart_setup|expected_discussion_responses|kit_contents_list|kit_label_text|cleanup_instructions|kit_reset_instructions|unfinished_work_directions|common_misconceptions|annotated_exemplar|common_error_interpretation|reteaching_option|safety_risk_classification|adult_supervision_ratio|print_accessibility_check","sds_product_gate|external_service_compliance","None","None","None","DOCUMENT ARTIFACT CHECK COMPLETE - LOCAL RELEASE STILL REQUIRED","None detected","Text-presence and local-link screen only; a teacher must verify correctness, usability and physical kit state."
"Lessons/Bi-Weekly/Grades_3-4_YearA/Session11_Lenten_Engineering.md","3-4","Bi-Weekly","A","Service design","Lenten Engineering","PRESENT IN LESSON","PRESENT IN LESSON","PRESENT IN LESSON","PRESENT IN LESSON","PRESENT IN LESSON","PRESENT IN LESSON","PRESENT IN LESSON","PRESENT IN LESSON","PRESENT IN LESSON","PRESENT IN LESSON","PRESENT IN LESSON","PRESENT IN LESSON","PRESENT IN LESSON","PRESENT IN LESSON","PRESENT IN LESSON","PRESENT IN LESSON","PRESENT IN LESSON","PRESENT IN LESSON","PRESENT IN LESSON","NOT APPLICABLE - TECHNOLOGY NONE","PRESENT IN LESSON","20","1","0","printable_student_materials|answer_key_or_expected_evidence|worked_example_if_build|finished_example_if_build|visual_example_if_helpful|board_or_chart_setup|expected_discussion_responses|kit_contents_list|kit_label_text|cleanup_instructions|kit_reset_instructions|unfinished_work_directions|common_misconceptions|annotated_exemplar|common_error_interpretation|reteaching_option|safety_risk_classification|adult_supervision_ratio|sds_product_gate|print_accessibility_check","external_service_compliance","None","../../../Review/Safety_Data_Sheet_Register.csv","None","DOCUMENT ARTIFACT CHECK COMPLETE - LOCAL RELEASE STILL REQUIRED","None detected","Text-presence and local-link screen only; a teacher must verify correctness, usability and physical kit state."
"Lessons/Bi-Weekly/Grades_3-4_YearA/Session12_Plants_Growth.md","3-4","Bi-Weekly","A","Life inquiry","Plants and Growth","PRESENT IN LESSON","PRESENT IN LESSON","PRESENT IN LESSON","PRESENT IN LESSON","PRESENT IN LESSON","PRESENT IN LESSON","PRESENT IN LESSON","PRESENT IN LESSON","PRESENT IN LESSON","PRESENT IN LESSON","PRESENT IN LESSON","PRESENT IN LESSON","PRESENT IN LESSON","PRESENT IN LESSON","PRESENT IN LESSON","PRESENT IN LESSON","PRESENT IN LESSON","PRESENT IN LESSON","NOT APPLICABLE - NO CHEMICAL TERM DETECTED","NOT APPLICABLE - TECHNOLOGY NONE","PRESENT IN LESSON","19","2","0","printable_student_materials|answer_key_or_expected_evidence|worked_example_if_build|finished_example_if_build|visual_example_if_helpful|board_or_chart_setup|expected_discussion_responses|kit_contents_list|kit_label_text|cleanup_instructions|kit_reset_instructions|unfinished_work_directions|common_misconceptions|annotated_exemplar|common_error_interpretation|reteaching_option|safety_risk_classification|adult_supervision_ratio|print_accessibility_check","sds_product_gate|external_service_compliance","None","./Session11_Lenten_Engineering.md|./Session13_Easter_Tech.md","None","DOCUMENT ARTIFACT CHECK COMPLETE - LOCAL RELEASE STILL REQUIRED","None detected","Text-presence and local-link screen only; a teacher must verify correctness, usability and physical kit state."
"Lessons/Bi-Weekly/Grades_3-4_YearA/Session13_Easter_Tech.md","3-4","Bi-Weekly","A","Faith communication","Easter Tech","PRESENT IN LESSON","PRESENT IN LESSON","PRESENT IN LESSON","PRESENT IN LESSON","PRESENT IN LESSON","PRESENT IN LESSON","PRESENT IN LESSON","PRESENT IN LESSON","PRESENT IN LESSON","PRESENT IN LESSON","PRESENT IN LESSON","PRESENT IN LESSON","PRESENT IN LESSON","PRESENT IN LESSON","PRESENT IN LESSON","PRESENT IN LESSON","PRESENT IN LESSON","PRESENT IN LESSON","PRESENT IN LESSON","PRESENT IN LESSON","PRESENT IN LESSON","21","0","0","printable_student_materials|answer_key_or_expected_evidence|worked_example_if_build|finished_example_if_build|visual_example_if_helpful|board_or_chart_setup|expected_discussion_responses|kit_contents_list|kit_label_text|cleanup_instructions|kit_reset_instructions|unfinished_work_directions|common_misconceptions|annotated_exemplar|common_error_interpretation|reteaching_option|safety_risk_classification|adult_supervision_ratio|sds_product_gate|external_service_compliance|print_accessibility_check","None","None","None","None","DOCUMENT ARTIFACT CHECK COMPLETE - LOCAL RELEASE STILL REQUIRED","None detected","Text-presence and local-link screen only; a teacher must verify correctness, usability and physical kit state."
"Lessons/Bi-Weekly/Grades_3-4_YearA/Session14_Dash_Challenge.md","3-4","Bi-Weekly","A","Computing","Dash Challenge","PRESENT IN LESSON","PRESENT IN LESSON","PRESENT IN LESSON","PRESENT IN LESSON","PRESENT IN LESSON","PRESENT IN LESSON","PRESENT IN LESSON","PRESENT IN LESSON","PRESENT IN LESSON","PRESENT IN LESSON","PRESENT IN LESSON","PRESENT IN LESSON","PRESENT IN LESSON","PRESENT IN LESSON","PRESENT IN LESSON","PRESENT IN LESSON","PRESENT IN LESSON","PRESENT IN LESSON","PRESENT IN LESSON","PRESENT IN LESSON","PRESENT IN LESSON","21","0","0","printable_student_materials|answer_key_or_expected_evidence|worked_example_if_build|finished_example_if_build|visual_example_if_helpful|board_or_chart_setup|expected_discussion_responses|kit_contents_list|kit_label_text|cleanup_instructions|kit_reset_instructions|unfinished_work_directions|common_misconceptions|annotated_exemplar|common_error_interpretation|reteaching_option|safety_risk_classification|adult_supervision_ratio|sds_product_gate|external_service_compliance|print_accessibility_check","None","None","Session02_Dash_Code.md|../../../Review/Safety_Data_Sheet_Register.csv","None","DOCUMENT ARTIFACT CHECK COMPLETE - LOCAL RELEASE STILL REQUIRED","None detected","Text-presence and local-link screen only; a teacher must verify correctness, usability and physical kit state."
"Lessons/Bi-Weekly/Grades_3-4_YearA/Session15_Simple_Machines.md","3-4","Bi-Weekly","A","Machines","Simple Machines","PRESENT IN LESSON","PRESENT IN LESSON","PRESENT IN LESSON","PRESENT IN LESSON","PRESENT IN LESSON","PRESENT IN LESSON","PRESENT IN LESSON","PRESENT IN LESSON","PRESENT IN LESSON","PRESENT IN LESSON","PRESENT IN LESSON","PRESENT IN LESSON","PRESENT IN LESSON","PRESENT IN LESSON","PRESENT IN LESSON","PRESENT IN LESSON","PRESENT IN LESSON","PRESENT IN LESSON","PRESENT IN LESSON","NOT APPLICABLE - TECHNOLOGY NONE","PRESENT IN LESSON","20","1","0","printable_student_materials|answer_key_or_expected_evidence|worked_example_if_build|finished_example_if_build|visual_example_if_helpful|board_or_chart_setup|expected_discussion_responses|kit_contents_list|kit_label_text|cleanup_instructions|kit_reset_instructions|unfinished_work_directions|common_misconceptions|annotated_exemplar|common_error_interpretation|reteaching_option|safety_risk_classification|adult_supervision_ratio|sds_product_gate|print_accessibility_check","external_service_compliance","None","../../../Review/Safety_Data_Sheet_Register.csv","None","DOCUMENT ARTIFACT CHECK COMPLETE - LOCAL RELEASE STILL REQUIRED","None detected","Text-presence and local-link screen only; a teacher must verify correctness, usability and physical kit state."
"Lessons/Bi-Weekly/Grades_3-4_YearA/Session16_Little_Bits.md","3-4","Bi-Weekly","A","Circuits","Little Bits","PRESENT IN LESSON","PRESENT IN LESSON","PRESENT IN LESSON","PRESENT IN LESSON","PRESENT IN LESSON","PRESENT IN LESSON","PRESENT IN LESSON","PRESENT IN LESSON","PRESENT IN LESSON","PRESENT IN LESSON","PRESENT IN LESSON","PRESENT IN LESSON","PRESENT IN LESSON","PRESENT IN LESSON","PRESENT IN LESSON","PRESENT IN LESSON","PRESENT IN LESSON","PRESENT IN LESSON","PRESENT IN LESSON","NOT APPLICABLE - TECHNOLOGY NONE","PRESENT IN LESSON","20","1","0","printable_student_materials|answer_key_or_expected_evidence|worked_example_if_build|finished_example_if_build|visual_example_if_helpful|board_or_chart_setup|expected_discussion_responses|kit_contents_list|kit_label_text|cleanup_instructions|kit_reset_instructions|unfinished_work_directions|common_misconceptions|annotated_exemplar|common_error_interpretation|reteaching_option|safety_risk_classification|adult_supervision_ratio|sds_product_gate|print_accessibility_check","external_service_compliance","None","../../../Resources/Snap_Circuits_Classroom_Guide.md|../../../Review/Safety_Data_Sheet_Register.csv","None","DOCUMENT ARTIFACT CHECK COMPLETE - LOCAL RELEASE STILL REQUIRED","None detected","Text-presence and local-link screen only; a teacher must verify correctness, usability and physical kit state."
"Lessons/Bi-Weekly/Grades_3-4_YearA/Session17_Exhibition.md","3-4","Bi-Weekly","A","Portfolio","Year Exhibition","PRESENT IN LESSON","PRESENT IN LESSON","PRESENT IN LESSON","PRESENT IN LESSON","PRESENT IN LESSON","PRESENT IN LESSON","PRESENT IN LESSON","PRESENT IN LESSON","PRESENT IN LESSON","PRESENT IN LESSON","PRESENT IN LESSON","PRESENT IN LESSON","PRESENT IN LESSON","PRESENT IN LESSON","PRESENT IN LESSON","PRESENT IN LESSON","PRESENT IN LESSON","PRESENT IN LESSON","PRESENT IN LESSON","NOT APPLICABLE - TECHNOLOGY NONE","PRESENT IN LESSON","20","1","0","printable_student_materials|answer_key_or_expected_evidence|worked_example_if_build|finished_example_if_build|visual_example_if_helpful|board_or_chart_setup|expected_discussion_responses|kit_contents_list|kit_label_text|cleanup_instructions|kit_reset_instructions|unfinished_work_directions|common_misconceptions|annotated_exemplar|common_error_interpretation|reteaching_option|safety_risk_classification|adult_supervision_ratio|sds_product_gate|print_accessibility_check","external_service_compliance","None","../../../Review/Safety_Data_Sheet_Register.csv","None","DOCUMENT ARTIFACT CHECK COMPLETE - LOCAL RELEASE STILL REQUIRED","None detected","Text-presence and local-link screen only; a teacher must verify correctness, usability and physical kit state."
"Lessons/Bi-Weekly/Grades_3-4_YearB/Session01_Design_Thinking.md","3-4","Bi-Weekly","B","Foundations","Design Thinking","PRESENT IN LESSON","PRESENT IN LESSON","PRESENT IN LESSON","PRESENT IN LESSON","PRESENT IN LESSON","PRESENT IN LESSON","PRESENT IN LESSON","PRESENT IN LESSON","PRESENT IN LESSON","PRESENT IN LESSON","PRESENT IN LESSON","PRESENT IN LESSON","PRESENT IN LESSON","PRESENT IN LESSON","PRESENT IN LESSON","PRESENT IN LESSON","PRESENT IN LESSON","PRESENT IN LESSON","PRESENT IN LESSON","NOT APPLICABLE - TECHNOLOGY NONE","PRESENT IN LESSON","20","1","0","printable_student_materials|answer_key_or_expected_evidence|worked_example_if_build|finished_example_if_build|visual_example_if_helpful|board_or_chart_setup|expected_discussion_responses|kit_contents_list|kit_label_text|cleanup_instructions|kit_reset_instructions|unfinished_work_directions|common_misconceptions|annotated_exemplar|common_error_interpretation|reteaching_option|safety_risk_classification|adult_supervision_ratio|sds_product_gate|print_accessibility_check","external_service_compliance","None","../../../Review/Safety_Data_Sheet_Register.csv","None","DOCUMENT ARTIFACT CHECK COMPLETE - LOCAL RELEASE STILL REQUIRED","None detected","Text-presence and local-link screen only; a teacher must verify correctness, usability and physical kit state."
"Lessons/Bi-Weekly/Grades_3-4_YearB/Session02_Ozobot_Coding.md","3-4","Bi-Weekly","B","Computing","Ozobot Coding","PRESENT IN LESSON","PRESENT IN LESSON","PRESENT IN LESSON","PRESENT IN LESSON","PRESENT IN LESSON","PRESENT IN LESSON","PRESENT IN LESSON","PRESENT IN LESSON","PRESENT IN LESSON","PRESENT IN LESSON","PRESENT IN LESSON","PRESENT IN LESSON","PRESENT IN LESSON","PRESENT IN LESSON","PRESENT IN LESSON","PRESENT IN LESSON","PRESENT IN LESSON","PRESENT IN LESSON","PRESENT IN LESSON","PRESENT IN LESSON","PRESENT IN LESSON","21","0","0","printable_student_materials|answer_key_or_expected_evidence|worked_example_if_build|finished_example_if_build|visual_example_if_helpful|board_or_chart_setup|expected_discussion_responses|kit_contents_list|kit_label_text|cleanup_instructions|kit_reset_instructions|unfinished_work_directions|common_misconceptions|annotated_exemplar|common_error_interpretation|reteaching_option|safety_risk_classification|adult_supervision_ratio|sds_product_gate|external_service_compliance|print_accessibility_check","None","None","./Session01_Design_Thinking.md|./Session03_Tower_Challenge.md|../../../Review/Safety_Data_Sheet_Register.csv","None","DOCUMENT ARTIFACT CHECK COMPLETE - LOCAL RELEASE STILL REQUIRED","None detected","Text-presence and local-link screen only; a teacher must verify correctness, usability and physical kit state."
"Lessons/Bi-Weekly/Grades_3-4_YearB/Session03_Tower_Challenge.md","3-4","Bi-Weekly","B","Structures","Tower Challenge","PRESENT IN LESSON","PRESENT IN LESSON","PRESENT IN LESSON","PRESENT IN LESSON","PRESENT IN LESSON","PRESENT IN LESSON","PRESENT IN LESSON","PRESENT IN LESSON","PRESENT IN LESSON","PRESENT IN LESSON","PRESENT IN LESSON","PRESENT IN LESSON","PRESENT IN LESSON","PRESENT IN LESSON","PRESENT IN LESSON","PRESENT IN LESSON","PRESENT IN LESSON","PRESENT IN LESSON","PRESENT IN LESSON","NOT APPLICABLE - TECHNOLOGY NONE","PRESENT IN LESSON","20","1","0","printable_student_materials|answer_key_or_expected_evidence|worked_example_if_build|finished_example_if_build|visual_example_if_helpful|board_or_chart_setup|expected_discussion_responses|kit_contents_list|kit_label_text|cleanup_instructions|kit_reset_instructions|unfinished_work_directions|common_misconceptions|annotated_exemplar|common_error_interpretation|reteaching_option|safety_risk_classification|adult_supervision_ratio|sds_product_gate|print_accessibility_check","external_service_compliance","None","../../../Review/Safety_Data_Sheet_Register.csv","None","DOCUMENT ARTIFACT CHECK COMPLETE - LOCAL RELEASE STILL REQUIRED","None detected","Text-presence and local-link screen only; a teacher must verify correctness, usability and physical kit state."
"Lessons/Bi-Weekly/Grades_3-4_YearB/Session04_Ecosystems.md","3-4","Bi-Weekly","B","Life systems","Ecosystems","PRESENT IN LESSON","PRESENT IN LESSON","PRESENT IN LESSON","PRESENT IN LESSON","PRESENT IN LESSON","PRESENT IN LESSON","PRESENT IN LESSON","PRESENT IN LESSON","PRESENT IN LESSON","PRESENT IN LESSON","PRESENT IN LESSON","PRESENT IN LESSON","PRESENT IN LESSON","PRESENT IN LESSON","PRESENT IN LESSON","PRESENT IN LESSON","PRESENT IN LESSON","PRESENT IN LESSON","PRESENT IN LESSON","NOT APPLICABLE - TECHNOLOGY NONE","PRESENT IN LESSON","20","1","0","printable_student_materials|answer_key_or_expected_evidence|worked_example_if_build|finished_example_if_build|visual_example_if_helpful|board_or_chart_setup|expected_discussion_responses|kit_contents_list|kit_label_text|cleanup_instructions|kit_reset_instructions|unfinished_work_directions|common_misconceptions|annotated_exemplar|common_error_interpretation|reteaching_option|safety_risk_classification|adult_supervision_ratio|sds_product_gate|print_accessibility_check","external_service_compliance","None","../../../Review/Safety_Data_Sheet_Register.csv","None","DOCUMENT ARTIFACT CHECK COMPLETE - LOCAL RELEASE STILL REQUIRED","None detected","Text-presence and local-link screen only; a teacher must verify correctness, usability and physical kit state."
"Lessons/Bi-Weekly/Grades_3-4_YearB/Session05_Scratch_Games.md","3-4","Bi-Weekly","B","Computing","Scratch Games","PRESENT IN LESSON","PRESENT IN LESSON","PRESENT IN LESSON","PRESENT IN LESSON","PRESENT IN LESSON","PRESENT IN LESSON","PRESENT IN LESSON","PRESENT IN LESSON","PRESENT IN LESSON","PRESENT IN LESSON","PRESENT IN LESSON","PRESENT IN LESSON","PRESENT IN LESSON","PRESENT IN LESSON","PRESENT IN LESSON","PRESENT IN LESSON","PRESENT IN LESSON","PRESENT IN LESSON","NOT APPLICABLE - NO CHEMICAL TERM DETECTED","PRESENT IN LESSON","PRESENT IN LESSON","20","1","0","printable_student_materials|answer_key_or_expected_evidence|worked_example_if_build|finished_example_if_build|visual_example_if_helpful|board_or_chart_setup|expected_discussion_responses|kit_contents_list|kit_label_text|cleanup_instructions|kit_reset_instructions|unfinished_work_directions|common_misconceptions|annotated_exemplar|common_error_interpretation|reteaching_option|safety_risk_classification|adult_supervision_ratio|external_service_compliance|print_accessibility_check","sds_product_gate","None","None","None","DOCUMENT ARTIFACT CHECK COMPLETE - LOCAL RELEASE STILL REQUIRED","None detected","Text-presence and local-link screen only; a teacher must verify correctness, usability and physical kit state."
"Lessons/Bi-Weekly/Grades_3-4_YearB/Session06_Thanksgiving_Design.md","3-4","Bi-Weekly","B","Gratitude design","Thanksgiving Design","PRESENT IN LESSON","PRESENT IN LESSON","NOT APPLICABLE - NO BUILD DETECTED","NOT APPLICABLE - NO BUILD DETECTED","PRESENT IN LESSON","PRESENT IN LESSON","PRESENT IN LESSON","PRESENT IN LESSON","PRESENT IN LESSON","PRESENT IN LESSON","PRESENT IN LESSON","PRESENT IN LESSON","PRESENT IN LESSON","PRESENT IN LESSON","PRESENT IN LESSON","PRESENT IN LESSON","PRESENT IN LESSON","PRESENT IN LESSON","PRESENT IN LESSON","NOT APPLICABLE - TECHNOLOGY NONE","PRESENT IN LESSON","18","3","0","printable_student_materials|answer_key_or_expected_evidence|visual_example_if_helpful|board_or_chart_setup|expected_discussion_responses|kit_contents_list|kit_label_text|cleanup_instructions|kit_reset_instructions|unfinished_work_directions|common_misconceptions|annotated_exemplar|common_error_interpretation|reteaching_option|safety_risk_classification|adult_supervision_ratio|sds_product_gate|print_accessibility_check","worked_example_if_build|finished_example_if_build|external_service_compliance","None","../../../Review/Safety_Data_Sheet_Register.csv","None","DOCUMENT ARTIFACT CHECK COMPLETE - LOCAL RELEASE STILL REQUIRED","None detected","Text-presence and local-link screen only; a teacher must verify correctness, usability and physical kit state."
"Lessons/Bi-Weekly/Grades_3-4_YearB/Session07_Christmas_Circuits.md","3-4","Bi-Weekly","B","Circuits","Christmas Circuits","PRESENT IN LESSON","PRESENT IN LESSON","PRESENT IN LESSON","PRESENT IN LESSON","PRESENT IN LESSON","PRESENT IN LESSON","PRESENT IN LESSON","PRESENT IN LESSON","PRESENT IN LESSON","PRESENT IN LESSON","PRESENT IN LESSON","PRESENT IN LESSON","PRESENT IN LESSON","PRESENT IN LESSON","PRESENT IN LESSON","PRESENT IN LESSON","PRESENT IN LESSON","PRESENT IN LESSON","PRESENT IN LESSON","NOT APPLICABLE - TECHNOLOGY NONE","PRESENT IN LESSON","20","1","0","printable_student_materials|answer_key_or_expected_evidence|worked_example_if_build|finished_example_if_build|visual_example_if_helpful|board_or_chart_setup|expected_discussion_responses|kit_contents_list|kit_label_text|cleanup_instructions|kit_reset_instructions|unfinished_work_directions|common_misconceptions|annotated_exemplar|common_error_interpretation|reteaching_option|safety_risk_classification|adult_supervision_ratio|sds_product_gate|print_accessibility_check","external_service_compliance","None","../../../Resources/Snap_Circuits_Classroom_Guide.md|./Session06_Thanksgiving_Design.md|./Session08_Digital_Stories.md|../../../Review/Safety_Data_Sheet_Register.csv","None","DOCUMENT ARTIFACT CHECK COMPLETE - LOCAL RELEASE STILL REQUIRED","None detected","Text-presence and local-link screen only; a teacher must verify correctness, usability and physical kit state."
"Lessons/Bi-Weekly/Grades_3-4_YearB/Session08_Digital_Stories.md","3-4","Bi-Weekly","B","Communication art","Digital Stories","PRESENT IN LESSON","PRESENT IN LESSON","PRESENT IN LESSON","PRESENT IN LESSON","PRESENT IN LESSON","PRESENT IN LESSON","PRESENT IN LESSON","PRESENT IN LESSON","PRESENT IN LESSON","PRESENT IN LESSON","PRESENT IN LESSON","PRESENT IN LESSON","PRESENT IN LESSON","PRESENT IN LESSON","PRESENT IN LESSON","PRESENT IN LESSON","PRESENT IN LESSON","PRESENT IN LESSON","NOT APPLICABLE - NO CHEMICAL TERM DETECTED","PRESENT IN LESSON","PRESENT IN LESSON","20","1","0","printable_student_materials|answer_key_or_expected_evidence|worked_example_if_build|finished_example_if_build|visual_example_if_helpful|board_or_chart_setup|expected_discussion_responses|kit_contents_list|kit_label_text|cleanup_instructions|kit_reset_instructions|unfinished_work_directions|common_misconceptions|annotated_exemplar|common_error_interpretation|reteaching_option|safety_risk_classification|adult_supervision_ratio|external_service_compliance|print_accessibility_check","sds_product_gate","None","None","None","DOCUMENT ARTIFACT CHECK COMPLETE - LOCAL RELEASE STILL REQUIRED","None detected","Text-presence and local-link screen only; a teacher must verify correctness, usability and physical kit state."
"Lessons/Bi-Weekly/Grades_3-4_YearB/Session09_Faith_Science.md","3-4","Bi-Weekly","B","Faith and evidence","Faith and Science","PRESENT IN LESSON","PRESENT IN LESSON","PRESENT IN LESSON","PRESENT IN LESSON","PRESENT IN LESSON","PRESENT IN LESSON","PRESENT IN LESSON","PRESENT IN LESSON","PRESENT IN LESSON","PRESENT IN LESSON","PRESENT IN LESSON","PRESENT IN LESSON","PRESENT IN LESSON","PRESENT IN LESSON","PRESENT IN LESSON","PRESENT IN LESSON","PRESENT IN LESSON","PRESENT IN LESSON","PRESENT IN LESSON","NOT APPLICABLE - TECHNOLOGY NONE","PRESENT IN LESSON","20","1","0","printable_student_materials|answer_key_or_expected_evidence|worked_example_if_build|finished_example_if_build|visual_example_if_helpful|board_or_chart_setup|expected_discussion_responses|kit_contents_list|kit_label_text|cleanup_instructions|kit_reset_instructions|unfinished_work_directions|common_misconceptions|annotated_exemplar|common_error_interpretation|reteaching_option|safety_risk_classification|adult_supervision_ratio|sds_product_gate|print_accessibility_check","external_service_compliance","None","../../../Resources/Catholic_Scientists_Heritage.md","None","DOCUMENT ARTIFACT CHECK COMPLETE - LOCAL RELEASE STILL REQUIRED","None detected","Text-presence and local-link screen only; a teacher must verify correctness, usability and physical kit state."
"Lessons/Bi-Weekly/Grades_3-4_YearB/Session10_Geology_Rocks.md","3-4","Bi-Weekly","B","Earth systems","Geology Rocks","PRESENT IN LESSON","PRESENT IN LESSON","PRESENT IN LESSON","PRESENT IN LESSON","PRESENT IN LESSON","PRESENT IN LESSON","PRESENT IN LESSON","PRESENT IN LESSON","PRESENT IN LESSON","PRESENT IN LESSON","PRESENT IN LESSON","PRESENT IN LESSON","PRESENT IN LESSON","PRESENT IN LESSON","PRESENT IN LESSON","PRESENT IN LESSON","PRESENT IN LESSON","PRESENT IN LESSON","PRESENT IN LESSON","NOT APPLICABLE - TECHNOLOGY NONE","PRESENT IN LESSON","20","1","0","printable_student_materials|answer_key_or_expected_evidence|worked_example_if_build|finished_example_if_build|visual_example_if_helpful|board_or_chart_setup|expected_discussion_responses|kit_contents_list|kit_label_text|cleanup_instructions|kit_reset_instructions|unfinished_work_directions|common_misconceptions|annotated_exemplar|common_error_interpretation|reteaching_option|safety_risk_classification|adult_supervision_ratio|sds_product_gate|print_accessibility_check","external_service_compliance","None","None","None","DOCUMENT ARTIFACT CHECK COMPLETE - LOCAL RELEASE STILL REQUIRED","None detected","Text-presence and local-link screen only; a teacher must verify correctness, usability and physical kit state."
"Lessons/Bi-Weekly/Grades_3-4_YearB/Session11_Lenten_Service.md","3-4","Bi-Weekly","B","Service design","Lenten Service","PRESENT IN LESSON","PRESENT IN LESSON","PRESENT IN LESSON","PRESENT IN LESSON","PRESENT IN LESSON","PRESENT IN LESSON","PRESENT IN LESSON","PRESENT IN LESSON","PRESENT IN LESSON","PRESENT IN LESSON","PRESENT IN LESSON","PRESENT IN LESSON","PRESENT IN LESSON","PRESENT IN LESSON","PRESENT IN LESSON","PRESENT IN LESSON","PRESENT IN LESSON","PRESENT IN LESSON","PRESENT IN LESSON","NOT APPLICABLE - TECHNOLOGY NONE","PRESENT IN LESSON","20","1","0","printable_student_materials|answer_key_or_expected_evidence|worked_example_if_build|finished_example_if_build|visual_example_if_helpful|board_or_chart_setup|expected_discussion_responses|kit_contents_list|kit_label_text|cleanup_instructions|kit_reset_instructions|unfinished_work_directions|common_misconceptions|annotated_exemplar|common_error_interpretation|reteaching_option|safety_risk_classification|adult_supervision_ratio|sds_product_gate|print_accessibility_check","external_service_compliance","None","../../../Review/Safety_Data_Sheet_Register.csv","None","DOCUMENT ARTIFACT CHECK COMPLETE - LOCAL RELEASE STILL REQUIRED","None detected","Text-presence and local-link screen only; a teacher must verify correctness, usability and physical kit state."
"Lessons/Bi-Weekly/Grades_3-4_YearB/Session12_Life_Cycles.md","3-4","Bi-Weekly","B","Life systems","Life Cycles","PRESENT IN LESSON","PRESENT IN LESSON","PRESENT IN LESSON","PRESENT IN LESSON","PRESENT IN LESSON","PRESENT IN LESSON","PRESENT IN LESSON","PRESENT IN LESSON","PRESENT IN LESSON","PRESENT IN LESSON","PRESENT IN LESSON","PRESENT IN LESSON","PRESENT IN LESSON","PRESENT IN LESSON","PRESENT IN LESSON","PRESENT IN LESSON","PRESENT IN LESSON","PRESENT IN LESSON","PRESENT IN LESSON","NOT APPLICABLE - TECHNOLOGY NONE","PRESENT IN LESSON","20","1","0","printable_student_materials|answer_key_or_expected_evidence|worked_example_if_build|finished_example_if_build|visual_example_if_helpful|board_or_chart_setup|expected_discussion_responses|kit_contents_list|kit_label_text|cleanup_instructions|kit_reset_instructions|unfinished_work_directions|common_misconceptions|annotated_exemplar|common_error_interpretation|reteaching_option|safety_risk_classification|adult_supervision_ratio|sds_product_gate|print_accessibility_check","external_service_compliance","None","../../../Review/Safety_Data_Sheet_Register.csv","None","DOCUMENT ARTIFACT CHECK COMPLETE - LOCAL RELEASE STILL REQUIRED","None detected","Text-presence and local-link screen only; a teacher must verify correctness, usability and physical kit state."
"Lessons/Bi-Weekly/Grades_3-4_YearB/Session13_Easter_Creation.md","3-4","Bi-Weekly","B","Faith communication","Easter Creation","PRESENT IN LESSON","PRESENT IN LESSON","PRESENT IN LESSON","PRESENT IN LESSON","PRESENT IN LESSON","PRESENT IN LESSON","PRESENT IN LESSON","PRESENT IN LESSON","PRESENT IN LESSON","PRESENT IN LESSON","PRESENT IN LESSON","PRESENT IN LESSON","PRESENT IN LESSON","PRESENT IN LESSON","PRESENT IN LESSON","PRESENT IN LESSON","PRESENT IN LESSON","PRESENT IN LESSON","PRESENT IN LESSON","NOT APPLICABLE - TECHNOLOGY NONE","PRESENT IN LESSON","20","1","0","printable_student_materials|answer_key_or_expected_evidence|worked_example_if_build|finished_example_if_build|visual_example_if_helpful|board_or_chart_setup|expected_discussion_responses|kit_contents_list|kit_label_text|cleanup_instructions|kit_reset_instructions|unfinished_work_directions|common_misconceptions|annotated_exemplar|common_error_interpretation|reteaching_option|safety_risk_classification|adult_supervision_ratio|sds_product_gate|print_accessibility_check","external_service_compliance","None","Session07_Christmas_Circuits.md|../../../Review/Safety_Data_Sheet_Register.csv","None","DOCUMENT ARTIFACT CHECK COMPLETE - LOCAL RELEASE STILL REQUIRED","None detected","Text-presence and local-link screen only; a teacher must verify correctness, usability and physical kit state."
"Lessons/Bi-Weekly/Grades_3-4_YearB/Session14_Ozobot_Challenge.md","3-4","Bi-Weekly","B","Computing","Ozobot Challenge","PRESENT IN LESSON","PRESENT IN LESSON","PRESENT IN LESSON","PRESENT IN LESSON","PRESENT IN LESSON","PRESENT IN LESSON","PRESENT IN LESSON","PRESENT IN LESSON","PRESENT IN LESSON","PRESENT IN LESSON","PRESENT IN LESSON","PRESENT IN LESSON","PRESENT IN LESSON","PRESENT IN LESSON","PRESENT IN LESSON","PRESENT IN LESSON","PRESENT IN LESSON","PRESENT IN LESSON","PRESENT IN LESSON","PRESENT IN LESSON","PRESENT IN LESSON","21","0","0","printable_student_materials|answer_key_or_expected_evidence|worked_example_if_build|finished_example_if_build|visual_example_if_helpful|board_or_chart_setup|expected_discussion_responses|kit_contents_list|kit_label_text|cleanup_instructions|kit_reset_instructions|unfinished_work_directions|common_misconceptions|annotated_exemplar|common_error_interpretation|reteaching_option|safety_risk_classification|adult_supervision_ratio|sds_product_gate|external_service_compliance|print_accessibility_check","None","None","Session02_Ozobot_Coding.md|../../../Review/Safety_Data_Sheet_Register.csv","None","DOCUMENT ARTIFACT CHECK COMPLETE - LOCAL RELEASE STILL REQUIRED","None detected","Text-presence and local-link screen only; a teacher must verify correctness, usability and physical kit state."
"Lessons/Bi-Weekly/Grades_3-4_YearB/Session15_Compound_Machines.md","3-4","Bi-Weekly","B","Machines","Compound Machines","PRESENT IN LESSON","PRESENT IN LESSON","PRESENT IN LESSON","PRESENT IN LESSON","PRESENT IN LESSON","PRESENT IN LESSON","PRESENT IN LESSON","PRESENT IN LESSON","PRESENT IN LESSON","PRESENT IN LESSON","PRESENT IN LESSON","PRESENT IN LESSON","PRESENT IN LESSON","PRESENT IN LESSON","PRESENT IN LESSON","PRESENT IN LESSON","PRESENT IN LESSON","PRESENT IN LESSON","PRESENT IN LESSON","NOT APPLICABLE - TECHNOLOGY NONE","PRESENT IN LESSON","20","1","0","printable_student_materials|answer_key_or_expected_evidence|worked_example_if_build|finished_example_if_build|visual_example_if_helpful|board_or_chart_setup|expected_discussion_responses|kit_contents_list|kit_label_text|cleanup_instructions|kit_reset_instructions|unfinished_work_directions|common_misconceptions|annotated_exemplar|common_error_interpretation|reteaching_option|safety_risk_classification|adult_supervision_ratio|sds_product_gate|print_accessibility_check","external_service_compliance","None","../../../Review/Safety_Data_Sheet_Register.csv","None","DOCUMENT ARTIFACT CHECK COMPLETE - LOCAL RELEASE STILL REQUIRED","None detected","Text-presence and local-link screen only; a teacher must verify correctness, usability and physical kit state."
"Lessons/Bi-Weekly/Grades_3-4_YearB/Session16_Makey_Makey.md","3-4","Bi-Weekly","B","Interactive tools","Makey Makey","PRESENT IN LESSON","PRESENT IN LESSON","PRESENT IN LESSON","PRESENT IN LESSON","PRESENT IN LESSON","PRESENT IN LESSON","PRESENT IN LESSON","PRESENT IN LESSON","PRESENT IN LESSON","PRESENT IN LESSON","PRESENT IN LESSON","PRESENT IN LESSON","PRESENT IN LESSON","PRESENT IN LESSON","PRESENT IN LESSON","PRESENT IN LESSON","PRESENT IN LESSON","PRESENT IN LESSON","NOT APPLICABLE - NO CHEMICAL TERM DETECTED","PRESENT IN LESSON","PRESENT IN LESSON","20","1","0","printable_student_materials|answer_key_or_expected_evidence|worked_example_if_build|finished_example_if_build|visual_example_if_helpful|board_or_chart_setup|expected_discussion_responses|kit_contents_list|kit_label_text|cleanup_instructions|kit_reset_instructions|unfinished_work_directions|common_misconceptions|annotated_exemplar|common_error_interpretation|reteaching_option|safety_risk_classification|adult_supervision_ratio|external_service_compliance|print_accessibility_check","sds_product_gate","None","None","None","DOCUMENT ARTIFACT CHECK COMPLETE - LOCAL RELEASE STILL REQUIRED","None detected","Text-presence and local-link screen only; a teacher must verify correctness, usability and physical kit state."
"Lessons/Bi-Weekly/Grades_3-4_YearB/Session17_Celebration.md","3-4","Bi-Weekly","B","Portfolio","Year Celebration","PRESENT IN LESSON","PRESENT IN LESSON","PRESENT IN LESSON","PRESENT IN LESSON","PRESENT IN LESSON","PRESENT IN LESSON","PRESENT IN LESSON","PRESENT IN LESSON","PRESENT IN LESSON","PRESENT IN LESSON","PRESENT IN LESSON","PRESENT IN LESSON","PRESENT IN LESSON","PRESENT IN LESSON","PRESENT IN LESSON","PRESENT IN LESSON","PRESENT IN LESSON","PRESENT IN LESSON","PRESENT IN LESSON","NOT APPLICABLE - TECHNOLOGY NONE","PRESENT IN LESSON","20","1","0","printable_student_materials|answer_key_or_expected_evidence|worked_example_if_build|finished_example_if_build|visual_example_if_helpful|board_or_chart_setup|expected_discussion_responses|kit_contents_list|kit_label_text|cleanup_instructions|kit_reset_instructions|unfinished_work_directions|common_misconceptions|annotated_exemplar|common_error_interpretation|reteaching_option|safety_risk_classification|adult_supervision_ratio|sds_product_gate|print_accessibility_check","external_service_compliance","None","None","None","DOCUMENT ARTIFACT CHECK COMPLETE - LOCAL RELEASE STILL REQUIRED","None detected","Text-presence and local-link screen only; a teacher must verify correctness, usability and physical kit state."
"Lessons/Bi-Weekly/Grades_5-6_YearA/Session01_Design_Process.md","5-6","Bi-Weekly","A","Foundations","Design Process","PRESENT IN LESSON","PRESENT IN LESSON","PRESENT IN LESSON","PRESENT IN LESSON","PRESENT IN LESSON","PRESENT IN LESSON","PRESENT IN LESSON","PRESENT IN LESSON","PRESENT IN LESSON","PRESENT IN LESSON","PRESENT IN LESSON","PRESENT IN LESSON","PRESENT IN LESSON","PRESENT IN LESSON","PRESENT IN LESSON","PRESENT IN LESSON","PRESENT IN LESSON","PRESENT IN LESSON","PRESENT IN LESSON","NOT APPLICABLE - TECHNOLOGY NONE","PRESENT IN LESSON","20","1","0","printable_student_materials|answer_key_or_expected_evidence|worked_example_if_build|finished_example_if_build|visual_example_if_helpful|board_or_chart_setup|expected_discussion_responses|kit_contents_list|kit_label_text|cleanup_instructions|kit_reset_instructions|unfinished_work_directions|common_misconceptions|annotated_exemplar|common_error_interpretation|reteaching_option|safety_risk_classification|adult_supervision_ratio|sds_product_gate|print_accessibility_check","external_service_compliance","None","./Session02_Sphero_Advanced.md|../../../Review/Safety_Data_Sheet_Register.csv","None","DOCUMENT ARTIFACT CHECK COMPLETE - LOCAL RELEASE STILL REQUIRED","None detected","Text-presence and local-link screen only; a teacher must verify correctness, usability and physical kit state."
"Lessons/Bi-Weekly/Grades_5-6_YearA/Session02_Sphero_Advanced.md","5-6","Bi-Weekly","A","Computing","Sphero Advanced","PRESENT IN LESSON","PRESENT IN LESSON","PRESENT IN LESSON","PRESENT IN LESSON","PRESENT IN LESSON","PRESENT IN LESSON","PRESENT IN LESSON","PRESENT IN LESSON","PRESENT IN LESSON","PRESENT IN LESSON","PRESENT IN LESSON","PRESENT IN LESSON","PRESENT IN LESSON","PRESENT IN LESSON","PRESENT IN LESSON","PRESENT IN LESSON","PRESENT IN LESSON","PRESENT IN LESSON","NOT APPLICABLE - NO CHEMICAL TERM DETECTED","PRESENT IN LESSON","PRESENT IN LESSON","20","1","0","printable_student_materials|answer_key_or_expected_evidence|worked_example_if_build|finished_example_if_build|visual_example_if_helpful|board_or_chart_setup|expected_discussion_responses|kit_contents_list|kit_label_text|cleanup_instructions|kit_reset_instructions|unfinished_work_directions|common_misconceptions|annotated_exemplar|common_error_interpretation|reteaching_option|safety_risk_classification|adult_supervision_ratio|external_service_compliance|print_accessibility_check","sds_product_gate","None","./Session01_Design_Process.md|./Session03_Structural_Engineering.md","None","DOCUMENT ARTIFACT CHECK COMPLETE - LOCAL RELEASE STILL REQUIRED","None detected","Text-presence and local-link screen only; a teacher must verify correctness, usability and physical kit state."
"Lessons/Bi-Weekly/Grades_5-6_YearA/Session03_Structural_Engineering.md","5-6","Bi-Weekly","A","Structures","Structural Engineering","PRESENT IN LESSON","PRESENT IN LESSON","PRESENT IN LESSON","PRESENT IN LESSON","PRESENT IN LESSON","PRESENT IN LESSON","PRESENT IN LESSON","PRESENT IN LESSON","PRESENT IN LESSON","PRESENT IN LESSON","PRESENT IN LESSON","PRESENT IN LESSON","PRESENT IN LESSON","PRESENT IN LESSON","PRESENT IN LESSON","PRESENT IN LESSON","PRESENT IN LESSON","PRESENT IN LESSON","PRESENT IN LESSON","NOT APPLICABLE - TECHNOLOGY NONE","PRESENT IN LESSON","20","1","0","printable_student_materials|answer_key_or_expected_evidence|worked_example_if_build|finished_example_if_build|visual_example_if_helpful|board_or_chart_setup|expected_discussion_responses|kit_contents_list|kit_label_text|cleanup_instructions|kit_reset_instructions|unfinished_work_directions|common_misconceptions|annotated_exemplar|common_error_interpretation|reteaching_option|safety_risk_classification|adult_supervision_ratio|sds_product_gate|print_accessibility_check","external_service_compliance","None","./Session02_Sphero_Advanced.md|./Session04_Body_Systems.md|../../../Review/Safety_Data_Sheet_Register.csv","None","DOCUMENT ARTIFACT CHECK COMPLETE - LOCAL RELEASE STILL REQUIRED","None detected","Text-presence and local-link screen only; a teacher must verify correctness, usability and physical kit state."
"Lessons/Bi-Weekly/Grades_5-6_YearA/Session04_Body_Systems.md","5-6","Bi-Weekly","A","Life Science","Body Systems","PRESENT IN LESSON","PRESENT IN LESSON","PRESENT IN LESSON","PRESENT IN LESSON","PRESENT IN LESSON","PRESENT IN LESSON","PRESENT IN LESSON","PRESENT IN LESSON","PRESENT IN LESSON","PRESENT IN LESSON","PRESENT IN LESSON","PRESENT IN LESSON","PRESENT IN LESSON","PRESENT IN LESSON","PRESENT IN LESSON","PRESENT IN LESSON","PRESENT IN LESSON","PRESENT IN LESSON","PRESENT IN LESSON","NOT APPLICABLE - TECHNOLOGY NONE","PRESENT IN LESSON","20","1","0","printable_student_materials|answer_key_or_expected_evidence|worked_example_if_build|finished_example_if_build|visual_example_if_helpful|board_or_chart_setup|expected_discussion_responses|kit_contents_list|kit_label_text|cleanup_instructions|kit_reset_instructions|unfinished_work_directions|common_misconceptions|annotated_exemplar|common_error_interpretation|reteaching_option|safety_risk_classification|adult_supervision_ratio|sds_product_gate|print_accessibility_check","external_service_compliance","None","./Session03_Structural_Engineering.md|./Session05_Scratch_Advanced.md|../../../Review/Safety_Data_Sheet_Register.csv","None","DOCUMENT ARTIFACT CHECK COMPLETE - LOCAL RELEASE STILL REQUIRED","None detected","Text-presence and local-link screen only; a teacher must verify correctness, usability and physical kit state."
"Lessons/Bi-Weekly/Grades_5-6_YearA/Session05_Scratch_Advanced.md","5-6","Bi-Weekly","A","Computing","Scratch Advanced","PRESENT IN LESSON","PRESENT IN LESSON","PRESENT IN LESSON","PRESENT IN LESSON","PRESENT IN LESSON","PRESENT IN LESSON","PRESENT IN LESSON","PRESENT IN LESSON","PRESENT IN LESSON","PRESENT IN LESSON","PRESENT IN LESSON","PRESENT IN LESSON","PRESENT IN LESSON","PRESENT IN LESSON","PRESENT IN LESSON","PRESENT IN LESSON","PRESENT IN LESSON","PRESENT IN LESSON","PRESENT IN LESSON","PRESENT IN LESSON","PRESENT IN LESSON","21","0","0","printable_student_materials|answer_key_or_expected_evidence|worked_example_if_build|finished_example_if_build|visual_example_if_helpful|board_or_chart_setup|expected_discussion_responses|kit_contents_list|kit_label_text|cleanup_instructions|kit_reset_instructions|unfinished_work_directions|common_misconceptions|annotated_exemplar|common_error_interpretation|reteaching_option|safety_risk_classification|adult_supervision_ratio|sds_product_gate|external_service_compliance|print_accessibility_check","None","None","../../../Review/Grades_5-6_Review.md|./Session04_Body_Systems.md|./Session06_Thanksgiving_Innovation.md|../../../Review/Safety_Data_Sheet_Register.csv","None","DOCUMENT ARTIFACT CHECK COMPLETE - LOCAL RELEASE STILL REQUIRED","None detected","Text-presence and local-link screen only; a teacher must verify correctness, usability and physical kit state."
"Lessons/Bi-Weekly/Grades_5-6_YearA/Session06_Thanksgiving_Innovation.md","5-6","Bi-Weekly","A","Service","Thanksgiving Innovation","PRESENT IN LESSON","PRESENT IN LESSON","PRESENT IN LESSON","PRESENT IN LESSON","PRESENT IN LESSON","PRESENT IN LESSON","PRESENT IN LESSON","PRESENT IN LESSON","PRESENT IN LESSON","PRESENT IN LESSON","PRESENT IN LESSON","PRESENT IN LESSON","PRESENT IN LESSON","PRESENT IN LESSON","PRESENT IN LESSON","PRESENT IN LESSON","PRESENT IN LESSON","PRESENT IN LESSON","PRESENT IN LESSON","NOT APPLICABLE - TECHNOLOGY NONE","PRESENT IN LESSON","20","1","0","printable_student_materials|answer_key_or_expected_evidence|worked_example_if_build|finished_example_if_build|visual_example_if_helpful|board_or_chart_setup|expected_discussion_responses|kit_contents_list|kit_label_text|cleanup_instructions|kit_reset_instructions|unfinished_work_directions|common_misconceptions|annotated_exemplar|common_error_interpretation|reteaching_option|safety_risk_classification|adult_supervision_ratio|sds_product_gate|print_accessibility_check","external_service_compliance","None","./Session05_Scratch_Advanced.md|./Session07_Christmas_Electronics.md|../../../Review/Safety_Data_Sheet_Register.csv","None","DOCUMENT ARTIFACT CHECK COMPLETE - LOCAL RELEASE STILL REQUIRED","None detected","Text-presence and local-link screen only; a teacher must verify correctness, usability and physical kit state."
"Lessons/Bi-Weekly/Grades_5-6_YearA/Session07_Christmas_Electronics.md","5-6","Bi-Weekly","A","Physical Computing","Christmas Electronics","PRESENT IN LESSON","PRESENT IN LESSON","PRESENT IN LESSON","PRESENT IN LESSON","PRESENT IN LESSON","PRESENT IN LESSON","PRESENT IN LESSON","PRESENT IN LESSON","PRESENT IN LESSON","PRESENT IN LESSON","PRESENT IN LESSON","PRESENT IN LESSON","PRESENT IN LESSON","PRESENT IN LESSON","PRESENT IN LESSON","PRESENT IN LESSON","PRESENT IN LESSON","PRESENT IN LESSON","PRESENT IN LESSON","NOT APPLICABLE - TECHNOLOGY NONE","PRESENT IN LESSON","20","1","0","printable_student_materials|answer_key_or_expected_evidence|worked_example_if_build|finished_example_if_build|visual_example_if_helpful|board_or_chart_setup|expected_discussion_responses|kit_contents_list|kit_label_text|cleanup_instructions|kit_reset_instructions|unfinished_work_directions|common_misconceptions|annotated_exemplar|common_error_interpretation|reteaching_option|safety_risk_classification|adult_supervision_ratio|sds_product_gate|print_accessibility_check","external_service_compliance","None","../../../Review/Grades_5-6_Review.md|./Session06_Thanksgiving_Innovation.md|./Session08_App_Inventor.md|../../../Review/Safety_Data_Sheet_Register.csv","None","DOCUMENT ARTIFACT CHECK COMPLETE - LOCAL RELEASE STILL REQUIRED","None detected","Text-presence and local-link screen only; a teacher must verify correctness, usability and physical kit state."
"Lessons/Bi-Weekly/Grades_5-6_YearA/Session08_App_Inventor.md","5-6","Bi-Weekly","A","Computing","App Inventor","PRESENT IN LESSON","PRESENT IN LESSON","PRESENT IN LESSON","PRESENT IN LESSON","PRESENT IN LESSON","PRESENT IN LESSON","PRESENT IN LESSON","PRESENT IN LESSON","PRESENT IN LESSON","PRESENT IN LESSON","PRESENT IN LESSON","PRESENT IN LESSON","PRESENT IN LESSON","PRESENT IN LESSON","PRESENT IN LESSON","PRESENT IN LESSON","PRESENT IN LESSON","PRESENT IN LESSON","NOT APPLICABLE - NO CHEMICAL TERM DETECTED","PRESENT IN LESSON","PRESENT IN LESSON","20","1","0","printable_student_materials|answer_key_or_expected_evidence|worked_example_if_build|finished_example_if_build|visual_example_if_helpful|board_or_chart_setup|expected_discussion_responses|kit_contents_list|kit_label_text|cleanup_instructions|kit_reset_instructions|unfinished_work_directions|common_misconceptions|annotated_exemplar|common_error_interpretation|reteaching_option|safety_risk_classification|adult_supervision_ratio|external_service_compliance|print_accessibility_check","sds_product_gate","None","./Session07_Christmas_Electronics.md|./Session09_Catholic_Scientists.md","None","DOCUMENT ARTIFACT CHECK COMPLETE - LOCAL RELEASE STILL REQUIRED","None detected","Text-presence and local-link screen only; a teacher must verify correctness, usability and physical kit state."
"Lessons/Bi-Weekly/Grades_5-6_YearA/Session09_Catholic_Scientists.md","5-6","Bi-Weekly","A","Research","Catholic Scientists","PRESENT IN LESSON","PRESENT IN LESSON","PRESENT IN LESSON","PRESENT IN LESSON","PRESENT IN LESSON","PRESENT IN LESSON","PRESENT IN LESSON","PRESENT IN LESSON","PRESENT IN LESSON","PRESENT IN LESSON","PRESENT IN LESSON","PRESENT IN LESSON","PRESENT IN LESSON","PRESENT IN LESSON","PRESENT IN LESSON","PRESENT IN LESSON","PRESENT IN LESSON","PRESENT IN LESSON","PRESENT IN LESSON","NOT APPLICABLE - TECHNOLOGY NONE","PRESENT IN LESSON","20","1","0","printable_student_materials|answer_key_or_expected_evidence|worked_example_if_build|finished_example_if_build|visual_example_if_helpful|board_or_chart_setup|expected_discussion_responses|kit_contents_list|kit_label_text|cleanup_instructions|kit_reset_instructions|unfinished_work_directions|common_misconceptions|annotated_exemplar|common_error_interpretation|reteaching_option|safety_risk_classification|adult_supervision_ratio|sds_product_gate|print_accessibility_check","external_service_compliance","None","../../../Resources/Catholic_Scientists_Heritage.md|./Session08_App_Inventor.md|./Session10_Environmental_Science.md|../../../Review/Safety_Data_Sheet_Register.csv","None","DOCUMENT ARTIFACT CHECK COMPLETE - LOCAL RELEASE STILL REQUIRED","None detected","Text-presence and local-link screen only; a teacher must verify correctness, usability and physical kit state."
"Lessons/Bi-Weekly/Grades_5-6_YearA/Session10_Environmental_Science.md","5-6","Bi-Weekly","A","Environment","Environmental Science","PRESENT IN LESSON","PRESENT IN LESSON","PRESENT IN LESSON","PRESENT IN LESSON","PRESENT IN LESSON","PRESENT IN LESSON","PRESENT IN LESSON","PRESENT IN LESSON","PRESENT IN LESSON","PRESENT IN LESSON","PRESENT IN LESSON","PRESENT IN LESSON","PRESENT IN LESSON","PRESENT IN LESSON","PRESENT IN LESSON","PRESENT IN LESSON","PRESENT IN LESSON","PRESENT IN LESSON","PRESENT IN LESSON","NOT APPLICABLE - TECHNOLOGY NONE","PRESENT IN LESSON","20","1","0","printable_student_materials|answer_key_or_expected_evidence|worked_example_if_build|finished_example_if_build|visual_example_if_helpful|board_or_chart_setup|expected_discussion_responses|kit_contents_list|kit_label_text|cleanup_instructions|kit_reset_instructions|unfinished_work_directions|common_misconceptions|annotated_exemplar|common_error_interpretation|reteaching_option|safety_risk_classification|adult_supervision_ratio|sds_product_gate|print_accessibility_check","external_service_compliance","None","./Session09_Catholic_Scientists.md|./Session11_Lenten_Engineering.md|../../../Review/Safety_Data_Sheet_Register.csv","None","DOCUMENT ARTIFACT CHECK COMPLETE - LOCAL RELEASE STILL REQUIRED","None detected","Text-presence and local-link screen only; a teacher must verify correctness, usability and physical kit state."
"Lessons/Bi-Weekly/Grades_5-6_YearA/Session11_Lenten_Engineering.md","5-6","Bi-Weekly","A","Service","Lenten Engineering","PRESENT IN LESSON","PRESENT IN LESSON","PRESENT IN LESSON","PRESENT IN LESSON","PRESENT IN LESSON","PRESENT IN LESSON","PRESENT IN LESSON","PRESENT IN LESSON","PRESENT IN LESSON","PRESENT IN LESSON","PRESENT IN LESSON","PRESENT IN LESSON","PRESENT IN LESSON","PRESENT IN LESSON","PRESENT IN LESSON","PRESENT IN LESSON","PRESENT IN LESSON","PRESENT IN LESSON","PRESENT IN LESSON","NOT APPLICABLE - TECHNOLOGY NONE","PRESENT IN LESSON","20","1","0","printable_student_materials|answer_key_or_expected_evidence|worked_example_if_build|finished_example_if_build|visual_example_if_helpful|board_or_chart_setup|expected_discussion_responses|kit_contents_list|kit_label_text|cleanup_instructions|kit_reset_instructions|unfinished_work_directions|common_misconceptions|annotated_exemplar|common_error_interpretation|reteaching_option|safety_risk_classification|adult_supervision_ratio|sds_product_gate|print_accessibility_check","external_service_compliance","None","./Session10_Environmental_Science.md|./Session12_Life_Science.md|../../../Review/Safety_Data_Sheet_Register.csv","None","DOCUMENT ARTIFACT CHECK COMPLETE - LOCAL RELEASE STILL REQUIRED","None detected","Text-presence and local-link screen only; a teacher must verify correctness, usability and physical kit state."
"Lessons/Bi-Weekly/Grades_5-6_YearA/Session12_Life_Science.md","5-6","Bi-Weekly","A","Life Science","Life Science","PRESENT IN LESSON","PRESENT IN LESSON","PRESENT IN LESSON","PRESENT IN LESSON","PRESENT IN LESSON","PRESENT IN LESSON","PRESENT IN LESSON","PRESENT IN LESSON","PRESENT IN LESSON","PRESENT IN LESSON","PRESENT IN LESSON","PRESENT IN LESSON","PRESENT IN LESSON","PRESENT IN LESSON","PRESENT IN LESSON","PRESENT IN LESSON","PRESENT IN LESSON","PRESENT IN LESSON","PRESENT IN LESSON","NOT APPLICABLE - TECHNOLOGY NONE","PRESENT IN LESSON","20","1","0","printable_student_materials|answer_key_or_expected_evidence|worked_example_if_build|finished_example_if_build|visual_example_if_helpful|board_or_chart_setup|expected_discussion_responses|kit_contents_list|kit_label_text|cleanup_instructions|kit_reset_instructions|unfinished_work_directions|common_misconceptions|annotated_exemplar|common_error_interpretation|reteaching_option|safety_risk_classification|adult_supervision_ratio|sds_product_gate|print_accessibility_check","external_service_compliance","None","./Session11_Lenten_Engineering.md|./Session13_Easter_Tech.md|../../../Review/Safety_Data_Sheet_Register.csv","None","DOCUMENT ARTIFACT CHECK COMPLETE - LOCAL RELEASE STILL REQUIRED","None detected","Text-presence and local-link screen only; a teacher must verify correctness, usability and physical kit state."
"Lessons/Bi-Weekly/Grades_5-6_YearA/Session13_Easter_Tech.md","5-6","Bi-Weekly","A","Communication","Easter Technology","PRESENT IN LESSON","PRESENT IN LESSON","PRESENT IN LESSON","PRESENT IN LESSON","PRESENT IN LESSON","PRESENT IN LESSON","PRESENT IN LESSON","PRESENT IN LESSON","PRESENT IN LESSON","PRESENT IN LESSON","PRESENT IN LESSON","PRESENT IN LESSON","PRESENT IN LESSON","PRESENT IN LESSON","PRESENT IN LESSON","PRESENT IN LESSON","PRESENT IN LESSON","PRESENT IN LESSON","PRESENT IN LESSON","PRESENT IN LESSON","PRESENT IN LESSON","21","0","0","printable_student_materials|answer_key_or_expected_evidence|worked_example_if_build|finished_example_if_build|visual_example_if_helpful|board_or_chart_setup|expected_discussion_responses|kit_contents_list|kit_label_text|cleanup_instructions|kit_reset_instructions|unfinished_work_directions|common_misconceptions|annotated_exemplar|common_error_interpretation|reteaching_option|safety_risk_classification|adult_supervision_ratio|sds_product_gate|external_service_compliance|print_accessibility_check","None","None","./Session12_Life_Science.md|./Session14_Sphero_Challenge.md|../../../Review/Safety_Data_Sheet_Register.csv","None","DOCUMENT ARTIFACT CHECK COMPLETE - LOCAL RELEASE STILL REQUIRED","None detected","Text-presence and local-link screen only; a teacher must verify correctness, usability and physical kit state."
"Lessons/Bi-Weekly/Grades_5-6_YearA/Session14_Sphero_Challenge.md","5-6","Bi-Weekly","A","Computing","Sphero Challenge","PRESENT IN LESSON","PRESENT IN LESSON","PRESENT IN LESSON","PRESENT IN LESSON","PRESENT IN LESSON","PRESENT IN LESSON","PRESENT IN LESSON","PRESENT IN LESSON","PRESENT IN LESSON","PRESENT IN LESSON","PRESENT IN LESSON","PRESENT IN LESSON","PRESENT IN LESSON","PRESENT IN LESSON","PRESENT IN LESSON","PRESENT IN LESSON","PRESENT IN LESSON","PRESENT IN LESSON","PRESENT IN LESSON","PRESENT IN LESSON","PRESENT IN LESSON","21","0","0","printable_student_materials|answer_key_or_expected_evidence|worked_example_if_build|finished_example_if_build|visual_example_if_helpful|board_or_chart_setup|expected_discussion_responses|kit_contents_list|kit_label_text|cleanup_instructions|kit_reset_instructions|unfinished_work_directions|common_misconceptions|annotated_exemplar|common_error_interpretation|reteaching_option|safety_risk_classification|adult_supervision_ratio|sds_product_gate|external_service_compliance|print_accessibility_check","None","None","./Session13_Easter_Tech.md|./Session15_Physics_Motion.md|../../../Review/Safety_Data_Sheet_Register.csv","None","DOCUMENT ARTIFACT CHECK COMPLETE - LOCAL RELEASE STILL REQUIRED","None detected","Text-presence and local-link screen only; a teacher must verify correctness, usability and physical kit state."
"Lessons/Bi-Weekly/Grades_5-6_YearA/Session15_Physics_Motion.md","5-6","Bi-Weekly","A","Physical Science","Physics and Motion","PRESENT IN LESSON","PRESENT IN LESSON","PRESENT IN LESSON","PRESENT IN LESSON","PRESENT IN LESSON","PRESENT IN LESSON","PRESENT IN LESSON","PRESENT IN LESSON","PRESENT IN LESSON","PRESENT IN LESSON","PRESENT IN LESSON","PRESENT IN LESSON","PRESENT IN LESSON","PRESENT IN LESSON","PRESENT IN LESSON","PRESENT IN LESSON","PRESENT IN LESSON","PRESENT IN LESSON","PRESENT IN LESSON","NOT APPLICABLE - TECHNOLOGY NONE","PRESENT IN LESSON","20","1","0","printable_student_materials|answer_key_or_expected_evidence|worked_example_if_build|finished_example_if_build|visual_example_if_helpful|board_or_chart_setup|expected_discussion_responses|kit_contents_list|kit_label_text|cleanup_instructions|kit_reset_instructions|unfinished_work_directions|common_misconceptions|annotated_exemplar|common_error_interpretation|reteaching_option|safety_risk_classification|adult_supervision_ratio|sds_product_gate|print_accessibility_check","external_service_compliance","None","./Session14_Sphero_Challenge.md|./Session16_Advanced_Invention.md|../../../Review/Safety_Data_Sheet_Register.csv","None","DOCUMENT ARTIFACT CHECK COMPLETE - LOCAL RELEASE STILL REQUIRED","None detected","Text-presence and local-link screen only; a teacher must verify correctness, usability and physical kit state."
"Lessons/Bi-Weekly/Grades_5-6_YearA/Session16_Advanced_Invention.md","5-6","Bi-Weekly","A","Capstone","Advanced Invention","PRESENT IN LESSON","PRESENT IN LESSON","PRESENT IN LESSON","PRESENT IN LESSON","PRESENT IN LESSON","PRESENT IN LESSON","PRESENT IN LESSON","PRESENT IN LESSON","PRESENT IN LESSON","PRESENT IN LESSON","PRESENT IN LESSON","PRESENT IN LESSON","PRESENT IN LESSON","PRESENT IN LESSON","PRESENT IN LESSON","PRESENT IN LESSON","PRESENT IN LESSON","PRESENT IN LESSON","PRESENT IN LESSON","NOT APPLICABLE - TECHNOLOGY NONE","PRESENT IN LESSON","20","1","0","printable_student_materials|answer_key_or_expected_evidence|worked_example_if_build|finished_example_if_build|visual_example_if_helpful|board_or_chart_setup|expected_discussion_responses|kit_contents_list|kit_label_text|cleanup_instructions|kit_reset_instructions|unfinished_work_directions|common_misconceptions|annotated_exemplar|common_error_interpretation|reteaching_option|safety_risk_classification|adult_supervision_ratio|sds_product_gate|print_accessibility_check","external_service_compliance","None","./Session15_Physics_Motion.md|./Session17_Exhibition.md|../../../Review/Safety_Data_Sheet_Register.csv","None","DOCUMENT ARTIFACT CHECK COMPLETE - LOCAL RELEASE STILL REQUIRED","None detected","Text-presence and local-link screen only; a teacher must verify correctness, usability and physical kit state."
"Lessons/Bi-Weekly/Grades_5-6_YearA/Session17_Exhibition.md","5-6","Bi-Weekly","A","Communication","Year Exhibition","PRESENT IN LESSON","PRESENT IN LESSON","PRESENT IN LESSON","PRESENT IN LESSON","PRESENT IN LESSON","PRESENT IN LESSON","PRESENT IN LESSON","PRESENT IN LESSON","PRESENT IN LESSON","PRESENT IN LESSON","PRESENT IN LESSON","PRESENT IN LESSON","PRESENT IN LESSON","PRESENT IN LESSON","PRESENT IN LESSON","PRESENT IN LESSON","PRESENT IN LESSON","PRESENT IN LESSON","PRESENT IN LESSON","NOT APPLICABLE - TECHNOLOGY NONE","PRESENT IN LESSON","20","1","0","printable_student_materials|answer_key_or_expected_evidence|worked_example_if_build|finished_example_if_build|visual_example_if_helpful|board_or_chart_setup|expected_discussion_responses|kit_contents_list|kit_label_text|cleanup_instructions|kit_reset_instructions|unfinished_work_directions|common_misconceptions|annotated_exemplar|common_error_interpretation|reteaching_option|safety_risk_classification|adult_supervision_ratio|sds_product_gate|print_accessibility_check","external_service_compliance","None","./Session16_Advanced_Invention.md|../../../Review/Safety_Data_Sheet_Register.csv","None","DOCUMENT ARTIFACT CHECK COMPLETE - LOCAL RELEASE STILL REQUIRED","None detected","Text-presence and local-link screen only; a teacher must verify correctness, usability and physical kit state."
"Lessons/Bi-Weekly/Grades_5-6_YearB/Session01_Engineering_Thinking.md","5-6","Bi-Weekly","B","Foundations","Engineering Thinking","PRESENT IN LESSON","PRESENT IN LESSON","PRESENT IN LESSON","PRESENT IN LESSON","PRESENT IN LESSON","PRESENT IN LESSON","PRESENT IN LESSON","PRESENT IN LESSON","PRESENT IN LESSON","PRESENT IN LESSON","PRESENT IN LESSON","PRESENT IN LESSON","PRESENT IN LESSON","PRESENT IN LESSON","PRESENT IN LESSON","PRESENT IN LESSON","PRESENT IN LESSON","PRESENT IN LESSON","PRESENT IN LESSON","NOT APPLICABLE - TECHNOLOGY NONE","PRESENT IN LESSON","20","1","0","printable_student_materials|answer_key_or_expected_evidence|worked_example_if_build|finished_example_if_build|visual_example_if_helpful|board_or_chart_setup|expected_discussion_responses|kit_contents_list|kit_label_text|cleanup_instructions|kit_reset_instructions|unfinished_work_directions|common_misconceptions|annotated_exemplar|common_error_interpretation|reteaching_option|safety_risk_classification|adult_supervision_ratio|sds_product_gate|print_accessibility_check","external_service_compliance","None","./Session02_Sphero_Sensors.md|../../../Review/Safety_Data_Sheet_Register.csv","None","DOCUMENT ARTIFACT CHECK COMPLETE - LOCAL RELEASE STILL REQUIRED","None detected","Text-presence and local-link screen only; a teacher must verify correctness, usability and physical kit state."
"Lessons/Bi-Weekly/Grades_5-6_YearB/Session02_Sphero_Sensors.md","5-6","Bi-Weekly","B","Computing","Sphero Sensors","PRESENT IN LESSON","PRESENT IN LESSON","PRESENT IN LESSON","PRESENT IN LESSON","PRESENT IN LESSON","PRESENT IN LESSON","PRESENT IN LESSON","PRESENT IN LESSON","PRESENT IN LESSON","PRESENT IN LESSON","PRESENT IN LESSON","PRESENT IN LESSON","PRESENT IN LESSON","PRESENT IN LESSON","PRESENT IN LESSON","PRESENT IN LESSON","PRESENT IN LESSON","PRESENT IN LESSON","PRESENT IN LESSON","PRESENT IN LESSON","PRESENT IN LESSON","21","0","0","printable_student_materials|answer_key_or_expected_evidence|worked_example_if_build|finished_example_if_build|visual_example_if_helpful|board_or_chart_setup|expected_discussion_responses|kit_contents_list|kit_label_text|cleanup_instructions|kit_reset_instructions|unfinished_work_directions|common_misconceptions|annotated_exemplar|common_error_interpretation|reteaching_option|safety_risk_classification|adult_supervision_ratio|sds_product_gate|external_service_compliance|print_accessibility_check","None","None","../../../Review/Grades_5-6_Review.md|./Session01_Engineering_Thinking.md|./Session03_Architecture.md|../../../Review/Safety_Data_Sheet_Register.csv","None","DOCUMENT ARTIFACT CHECK COMPLETE - LOCAL RELEASE STILL REQUIRED","None detected","Text-presence and local-link screen only; a teacher must verify correctness, usability and physical kit state."
"Lessons/Bi-Weekly/Grades_5-6_YearB/Session03_Architecture.md","5-6","Bi-Weekly","B","Structures","Architecture","PRESENT IN LESSON","PRESENT IN LESSON","PRESENT IN LESSON","PRESENT IN LESSON","PRESENT IN LESSON","PRESENT IN LESSON","PRESENT IN LESSON","PRESENT IN LESSON","PRESENT IN LESSON","PRESENT IN LESSON","PRESENT IN LESSON","PRESENT IN LESSON","PRESENT IN LESSON","PRESENT IN LESSON","PRESENT IN LESSON","PRESENT IN LESSON","PRESENT IN LESSON","PRESENT IN LESSON","PRESENT IN LESSON","NOT APPLICABLE - TECHNOLOGY NONE","PRESENT IN LESSON","20","1","0","printable_student_materials|answer_key_or_expected_evidence|worked_example_if_build|finished_example_if_build|visual_example_if_helpful|board_or_chart_setup|expected_discussion_responses|kit_contents_list|kit_label_text|cleanup_instructions|kit_reset_instructions|unfinished_work_directions|common_misconceptions|annotated_exemplar|common_error_interpretation|reteaching_option|safety_risk_classification|adult_supervision_ratio|sds_product_gate|print_accessibility_check","external_service_compliance","None","./Session02_Sphero_Sensors.md|./Session04_Forensic_Science.md|../../../Review/Safety_Data_Sheet_Register.csv","None","DOCUMENT ARTIFACT CHECK COMPLETE - LOCAL RELEASE STILL REQUIRED","None detected","Text-presence and local-link screen only; a teacher must verify correctness, usability and physical kit state."
"Lessons/Bi-Weekly/Grades_5-6_YearB/Session04_Forensic_Science.md","5-6","Bi-Weekly","B","Investigation","Forensic Science","PRESENT IN LESSON","PRESENT IN LESSON","PRESENT IN LESSON","PRESENT IN LESSON","PRESENT IN LESSON","PRESENT IN LESSON","PRESENT IN LESSON","PRESENT IN LESSON","PRESENT IN LESSON","PRESENT IN LESSON","PRESENT IN LESSON","PRESENT IN LESSON","PRESENT IN LESSON","PRESENT IN LESSON","PRESENT IN LESSON","PRESENT IN LESSON","PRESENT IN LESSON","PRESENT IN LESSON","PRESENT IN LESSON","NOT APPLICABLE - TECHNOLOGY NONE","PRESENT IN LESSON","20","1","0","printable_student_materials|answer_key_or_expected_evidence|worked_example_if_build|finished_example_if_build|visual_example_if_helpful|board_or_chart_setup|expected_discussion_responses|kit_contents_list|kit_label_text|cleanup_instructions|kit_reset_instructions|unfinished_work_directions|common_misconceptions|annotated_exemplar|common_error_interpretation|reteaching_option|safety_risk_classification|adult_supervision_ratio|sds_product_gate|print_accessibility_check","external_service_compliance","None","./Session03_Architecture.md|./Session05_Scratch_Games.md","None","DOCUMENT ARTIFACT CHECK COMPLETE - LOCAL RELEASE STILL REQUIRED","None detected","Text-presence and local-link screen only; a teacher must verify correctness, usability and physical kit state."
"Lessons/Bi-Weekly/Grades_5-6_YearB/Session05_Scratch_Games.md","5-6","Bi-Weekly","B","Computing","Scratch Games","PRESENT IN LESSON","PRESENT IN LESSON","PRESENT IN LESSON","PRESENT IN LESSON","PRESENT IN LESSON","PRESENT IN LESSON","PRESENT IN LESSON","PRESENT IN LESSON","PRESENT IN LESSON","PRESENT IN LESSON","PRESENT IN LESSON","PRESENT IN LESSON","PRESENT IN LESSON","PRESENT IN LESSON","PRESENT IN LESSON","PRESENT IN LESSON","PRESENT IN LESSON","PRESENT IN LESSON","NOT APPLICABLE - NO CHEMICAL TERM DETECTED","PRESENT IN LESSON","PRESENT IN LESSON","20","1","0","printable_student_materials|answer_key_or_expected_evidence|worked_example_if_build|finished_example_if_build|visual_example_if_helpful|board_or_chart_setup|expected_discussion_responses|kit_contents_list|kit_label_text|cleanup_instructions|kit_reset_instructions|unfinished_work_directions|common_misconceptions|annotated_exemplar|common_error_interpretation|reteaching_option|safety_risk_classification|adult_supervision_ratio|external_service_compliance|print_accessibility_check","sds_product_gate","None","./Session04_Forensic_Science.md|./Session06_Gratitude_Design.md","None","DOCUMENT ARTIFACT CHECK COMPLETE - LOCAL RELEASE STILL REQUIRED","None detected","Text-presence and local-link screen only; a teacher must verify correctness, usability and physical kit state."
"Lessons/Bi-Weekly/Grades_5-6_YearB/Session06_Gratitude_Design.md","5-6","Bi-Weekly","B","Service","Gratitude Design","PRESENT IN LESSON","PRESENT IN LESSON","PRESENT IN LESSON","PRESENT IN LESSON","PRESENT IN LESSON","PRESENT IN LESSON","PRESENT IN LESSON","PRESENT IN LESSON","PRESENT IN LESSON","PRESENT IN LESSON","PRESENT IN LESSON","PRESENT IN LESSON","PRESENT IN LESSON","PRESENT IN LESSON","PRESENT IN LESSON","PRESENT IN LESSON","PRESENT IN LESSON","PRESENT IN LESSON","PRESENT IN LESSON","NOT APPLICABLE - TECHNOLOGY NONE","PRESENT IN LESSON","20","1","0","printable_student_materials|answer_key_or_expected_evidence|worked_example_if_build|finished_example_if_build|visual_example_if_helpful|board_or_chart_setup|expected_discussion_responses|kit_contents_list|kit_label_text|cleanup_instructions|kit_reset_instructions|unfinished_work_directions|common_misconceptions|annotated_exemplar|common_error_interpretation|reteaching_option|safety_risk_classification|adult_supervision_ratio|sds_product_gate|print_accessibility_check","external_service_compliance","None","./Session05_Scratch_Games.md|./Session07_Advent_Coding.md|../../../Review/Safety_Data_Sheet_Register.csv","None","DOCUMENT ARTIFACT CHECK COMPLETE - LOCAL RELEASE STILL REQUIRED","None detected","Text-presence and local-link screen only; a teacher must verify correctness, usability and physical kit state."
"Lessons/Bi-Weekly/Grades_5-6_YearB/Session07_Advent_Coding.md","5-6","Bi-Weekly","B","Computing","Advent Coding","PRESENT IN LESSON","PRESENT IN LESSON","PRESENT IN LESSON","PRESENT IN LESSON","PRESENT IN LESSON","PRESENT IN LESSON","PRESENT IN LESSON","PRESENT IN LESSON","PRESENT IN LESSON","PRESENT IN LESSON","PRESENT IN LESSON","PRESENT IN LESSON","PRESENT IN LESSON","PRESENT IN LESSON","PRESENT IN LESSON","PRESENT IN LESSON","PRESENT IN LESSON","PRESENT IN LESSON","NOT APPLICABLE - NO CHEMICAL TERM DETECTED","PRESENT IN LESSON","PRESENT IN LESSON","20","1","0","printable_student_materials|answer_key_or_expected_evidence|worked_example_if_build|finished_example_if_build|visual_example_if_helpful|board_or_chart_setup|expected_discussion_responses|kit_contents_list|kit_label_text|cleanup_instructions|kit_reset_instructions|unfinished_work_directions|common_misconceptions|annotated_exemplar|common_error_interpretation|reteaching_option|safety_risk_classification|adult_supervision_ratio|external_service_compliance|print_accessibility_check","sds_product_gate","None","./Session06_Gratitude_Design.md|./Session08_App_Design.md","None","DOCUMENT ARTIFACT CHECK COMPLETE - LOCAL RELEASE STILL REQUIRED","None detected","Text-presence and local-link screen only; a teacher must verify correctness, usability and physical kit state."
"Lessons/Bi-Weekly/Grades_5-6_YearB/Session08_App_Design.md","5-6","Bi-Weekly","B","Computing","App Design","PRESENT IN LESSON","PRESENT IN LESSON","PRESENT IN LESSON","PRESENT IN LESSON","PRESENT IN LESSON","PRESENT IN LESSON","PRESENT IN LESSON","PRESENT IN LESSON","PRESENT IN LESSON","PRESENT IN LESSON","PRESENT IN LESSON","PRESENT IN LESSON","PRESENT IN LESSON","PRESENT IN LESSON","PRESENT IN LESSON","PRESENT IN LESSON","PRESENT IN LESSON","PRESENT IN LESSON","PRESENT IN LESSON","PRESENT IN LESSON","PRESENT IN LESSON","21","0","0","printable_student_materials|answer_key_or_expected_evidence|worked_example_if_build|finished_example_if_build|visual_example_if_helpful|board_or_chart_setup|expected_discussion_responses|kit_contents_list|kit_label_text|cleanup_instructions|kit_reset_instructions|unfinished_work_directions|common_misconceptions|annotated_exemplar|common_error_interpretation|reteaching_option|safety_risk_classification|adult_supervision_ratio|sds_product_gate|external_service_compliance|print_accessibility_check","None","None","./Session07_Advent_Coding.md|./Session09_Science_Faith.md","None","DOCUMENT ARTIFACT CHECK COMPLETE - LOCAL RELEASE STILL REQUIRED","None detected","Text-presence and local-link screen only; a teacher must verify correctness, usability and physical kit state."
"Lessons/Bi-Weekly/Grades_5-6_YearB/Session09_Science_Faith.md","5-6","Bi-Weekly","B","Research","Science and Faith","PRESENT IN LESSON","PRESENT IN LESSON","PRESENT IN LESSON","PRESENT IN LESSON","PRESENT IN LESSON","PRESENT IN LESSON","PRESENT IN LESSON","PRESENT IN LESSON","PRESENT IN LESSON","PRESENT IN LESSON","PRESENT IN LESSON","PRESENT IN LESSON","PRESENT IN LESSON","PRESENT IN LESSON","PRESENT IN LESSON","PRESENT IN LESSON","PRESENT IN LESSON","PRESENT IN LESSON","PRESENT IN LESSON","NOT APPLICABLE - TECHNOLOGY NONE","PRESENT IN LESSON","20","1","0","printable_student_materials|answer_key_or_expected_evidence|worked_example_if_build|finished_example_if_build|visual_example_if_helpful|board_or_chart_setup|expected_discussion_responses|kit_contents_list|kit_label_text|cleanup_instructions|kit_reset_instructions|unfinished_work_directions|common_misconceptions|annotated_exemplar|common_error_interpretation|reteaching_option|safety_risk_classification|adult_supervision_ratio|sds_product_gate|print_accessibility_check","external_service_compliance","None","../../../Resources/Catholic_Scientists_Heritage.md|./Session08_App_Design.md|./Session10_Space_Science.md|../../../Review/Safety_Data_Sheet_Register.csv","None","DOCUMENT ARTIFACT CHECK COMPLETE - LOCAL RELEASE STILL REQUIRED","None detected","Text-presence and local-link screen only; a teacher must verify correctness, usability and physical kit state."
"Lessons/Bi-Weekly/Grades_5-6_YearB/Session10_Space_Science.md","5-6","Bi-Weekly","B","Earth and Space","Space Science","PRESENT IN LESSON","PRESENT IN LESSON","PRESENT IN LESSON","PRESENT IN LESSON","PRESENT IN LESSON","PRESENT IN LESSON","PRESENT IN LESSON","PRESENT IN LESSON","PRESENT IN LESSON","PRESENT IN LESSON","PRESENT IN LESSON","PRESENT IN LESSON","PRESENT IN LESSON","PRESENT IN LESSON","PRESENT IN LESSON","PRESENT IN LESSON","PRESENT IN LESSON","PRESENT IN LESSON","PRESENT IN LESSON","NOT APPLICABLE - TECHNOLOGY NONE","PRESENT IN LESSON","20","1","0","printable_student_materials|answer_key_or_expected_evidence|worked_example_if_build|finished_example_if_build|visual_example_if_helpful|board_or_chart_setup|expected_discussion_responses|kit_contents_list|kit_label_text|cleanup_instructions|kit_reset_instructions|unfinished_work_directions|common_misconceptions|annotated_exemplar|common_error_interpretation|reteaching_option|safety_risk_classification|adult_supervision_ratio|sds_product_gate|print_accessibility_check","external_service_compliance","None","./Session09_Science_Faith.md|./Session11_Mercy_Engineering.md|../../../Review/Safety_Data_Sheet_Register.csv","None","DOCUMENT ARTIFACT CHECK COMPLETE - LOCAL RELEASE STILL REQUIRED","None detected","Text-presence and local-link screen only; a teacher must verify correctness, usability and physical kit state."
"Lessons/Bi-Weekly/Grades_5-6_YearB/Session11_Mercy_Engineering.md","5-6","Bi-Weekly","B","Service","Mercy Engineering","PRESENT IN LESSON","PRESENT IN LESSON","PRESENT IN LESSON","PRESENT IN LESSON","PRESENT IN LESSON","PRESENT IN LESSON","PRESENT IN LESSON","PRESENT IN LESSON","PRESENT IN LESSON","PRESENT IN LESSON","PRESENT IN LESSON","PRESENT IN LESSON","PRESENT IN LESSON","PRESENT IN LESSON","PRESENT IN LESSON","PRESENT IN LESSON","PRESENT IN LESSON","PRESENT IN LESSON","PRESENT IN LESSON","NOT APPLICABLE - TECHNOLOGY NONE","PRESENT IN LESSON","20","1","0","printable_student_materials|answer_key_or_expected_evidence|worked_example_if_build|finished_example_if_build|visual_example_if_helpful|board_or_chart_setup|expected_discussion_responses|kit_contents_list|kit_label_text|cleanup_instructions|kit_reset_instructions|unfinished_work_directions|common_misconceptions|annotated_exemplar|common_error_interpretation|reteaching_option|safety_risk_classification|adult_supervision_ratio|sds_product_gate|print_accessibility_check","external_service_compliance","None","./Session10_Space_Science.md|./Session12_Ecosystems.md|../../../Review/Safety_Data_Sheet_Register.csv","None","DOCUMENT ARTIFACT CHECK COMPLETE - LOCAL RELEASE STILL REQUIRED","None detected","Text-presence and local-link screen only; a teacher must verify correctness, usability and physical kit state."
"Lessons/Bi-Weekly/Grades_5-6_YearB/Session12_Ecosystems.md","5-6","Bi-Weekly","B","Life Science","Ecosystems","PRESENT IN LESSON","PRESENT IN LESSON","PRESENT IN LESSON","PRESENT IN LESSON","PRESENT IN LESSON","PRESENT IN LESSON","PRESENT IN LESSON","PRESENT IN LESSON","PRESENT IN LESSON","PRESENT IN LESSON","PRESENT IN LESSON","PRESENT IN LESSON","PRESENT IN LESSON","PRESENT IN LESSON","PRESENT IN LESSON","PRESENT IN LESSON","PRESENT IN LESSON","PRESENT IN LESSON","PRESENT IN LESSON","NOT APPLICABLE - TECHNOLOGY NONE","PRESENT IN LESSON","20","1","0","printable_student_materials|answer_key_or_expected_evidence|worked_example_if_build|finished_example_if_build|visual_example_if_helpful|board_or_chart_setup|expected_discussion_responses|kit_contents_list|kit_label_text|cleanup_instructions|kit_reset_instructions|unfinished_work_directions|common_misconceptions|annotated_exemplar|common_error_interpretation|reteaching_option|safety_risk_classification|adult_supervision_ratio|sds_product_gate|print_accessibility_check","external_service_compliance","None","./Session11_Mercy_Engineering.md|./Session13_New_Life_Tech.md|../../../Review/Safety_Data_Sheet_Register.csv","None","DOCUMENT ARTIFACT CHECK COMPLETE - LOCAL RELEASE STILL REQUIRED","None detected","Text-presence and local-link screen only; a teacher must verify correctness, usability and physical kit state."
"Lessons/Bi-Weekly/Grades_5-6_YearB/Session13_New_Life_Tech.md","5-6","Bi-Weekly","B","Communication","New Life Technology","PRESENT IN LESSON","PRESENT IN LESSON","PRESENT IN LESSON","PRESENT IN LESSON","PRESENT IN LESSON","PRESENT IN LESSON","PRESENT IN LESSON","PRESENT IN LESSON","PRESENT IN LESSON","PRESENT IN LESSON","PRESENT IN LESSON","PRESENT IN LESSON","PRESENT IN LESSON","PRESENT IN LESSON","PRESENT IN LESSON","PRESENT IN LESSON","PRESENT IN LESSON","PRESENT IN LESSON","PRESENT IN LESSON","PRESENT IN LESSON","PRESENT IN LESSON","21","0","0","printable_student_materials|answer_key_or_expected_evidence|worked_example_if_build|finished_example_if_build|visual_example_if_helpful|board_or_chart_setup|expected_discussion_responses|kit_contents_list|kit_label_text|cleanup_instructions|kit_reset_instructions|unfinished_work_directions|common_misconceptions|annotated_exemplar|common_error_interpretation|reteaching_option|safety_risk_classification|adult_supervision_ratio|sds_product_gate|external_service_compliance|print_accessibility_check","None","None","./Session12_Ecosystems.md|./Session14_Robot_Olympics.md|../../../Review/Safety_Data_Sheet_Register.csv","None","DOCUMENT ARTIFACT CHECK COMPLETE - LOCAL RELEASE STILL REQUIRED","None detected","Text-presence and local-link screen only; a teacher must verify correctness, usability and physical kit state."
"Lessons/Bi-Weekly/Grades_5-6_YearB/Session14_Robot_Olympics.md","5-6","Bi-Weekly","B","Computing","Robot Olympics","PRESENT IN LESSON","PRESENT IN LESSON","PRESENT IN LESSON","PRESENT IN LESSON","PRESENT IN LESSON","PRESENT IN LESSON","PRESENT IN LESSON","PRESENT IN LESSON","PRESENT IN LESSON","PRESENT IN LESSON","PRESENT IN LESSON","PRESENT IN LESSON","PRESENT IN LESSON","PRESENT IN LESSON","PRESENT IN LESSON","PRESENT IN LESSON","PRESENT IN LESSON","PRESENT IN LESSON","PRESENT IN LESSON","PRESENT IN LESSON","PRESENT IN LESSON","21","0","0","printable_student_materials|answer_key_or_expected_evidence|worked_example_if_build|finished_example_if_build|visual_example_if_helpful|board_or_chart_setup|expected_discussion_responses|kit_contents_list|kit_label_text|cleanup_instructions|kit_reset_instructions|unfinished_work_directions|common_misconceptions|annotated_exemplar|common_error_interpretation|reteaching_option|safety_risk_classification|adult_supervision_ratio|sds_product_gate|external_service_compliance|print_accessibility_check","None","None","./Session13_New_Life_Tech.md|./Session15_Energy_Science.md|../../../Review/Safety_Data_Sheet_Register.csv","None","DOCUMENT ARTIFACT CHECK COMPLETE - LOCAL RELEASE STILL REQUIRED","None detected","Text-presence and local-link screen only; a teacher must verify correctness, usability and physical kit state."
"Lessons/Bi-Weekly/Grades_5-6_YearB/Session15_Energy_Science.md","5-6","Bi-Weekly","B","Physical Science","Energy Science","PRESENT IN LESSON","PRESENT IN LESSON","PRESENT IN LESSON","PRESENT IN LESSON","PRESENT IN LESSON","PRESENT IN LESSON","PRESENT IN LESSON","PRESENT IN LESSON","PRESENT IN LESSON","PRESENT IN LESSON","PRESENT IN LESSON","PRESENT IN LESSON","PRESENT IN LESSON","PRESENT IN LESSON","PRESENT IN LESSON","PRESENT IN LESSON","PRESENT IN LESSON","PRESENT IN LESSON","PRESENT IN LESSON","NOT APPLICABLE - TECHNOLOGY NONE","PRESENT IN LESSON","20","1","0","printable_student_materials|answer_key_or_expected_evidence|worked_example_if_build|finished_example_if_build|visual_example_if_helpful|board_or_chart_setup|expected_discussion_responses|kit_contents_list|kit_label_text|cleanup_instructions|kit_reset_instructions|unfinished_work_directions|common_misconceptions|annotated_exemplar|common_error_interpretation|reteaching_option|safety_risk_classification|adult_supervision_ratio|sds_product_gate|print_accessibility_check","external_service_compliance","None","./Session14_Robot_Olympics.md|./Session16_Innovation_Lab.md|../../../Review/Safety_Data_Sheet_Register.csv","None","DOCUMENT ARTIFACT CHECK COMPLETE - LOCAL RELEASE STILL REQUIRED","None detected","Text-presence and local-link screen only; a teacher must verify correctness, usability and physical kit state."
"Lessons/Bi-Weekly/Grades_5-6_YearB/Session16_Innovation_Lab.md","5-6","Bi-Weekly","B","Capstone","Innovation Lab","PRESENT IN LESSON","PRESENT IN LESSON","PRESENT IN LESSON","PRESENT IN LESSON","PRESENT IN LESSON","PRESENT IN LESSON","PRESENT IN LESSON","PRESENT IN LESSON","PRESENT IN LESSON","PRESENT IN LESSON","PRESENT IN LESSON","PRESENT IN LESSON","PRESENT IN LESSON","PRESENT IN LESSON","PRESENT IN LESSON","PRESENT IN LESSON","PRESENT IN LESSON","PRESENT IN LESSON","PRESENT IN LESSON","NOT APPLICABLE - TECHNOLOGY NONE","PRESENT IN LESSON","20","1","0","printable_student_materials|answer_key_or_expected_evidence|worked_example_if_build|finished_example_if_build|visual_example_if_helpful|board_or_chart_setup|expected_discussion_responses|kit_contents_list|kit_label_text|cleanup_instructions|kit_reset_instructions|unfinished_work_directions|common_misconceptions|annotated_exemplar|common_error_interpretation|reteaching_option|safety_risk_classification|adult_supervision_ratio|sds_product_gate|print_accessibility_check","external_service_compliance","None","./Session15_Energy_Science.md|./Session17_Celebration.md|../../../Review/Safety_Data_Sheet_Register.csv","None","DOCUMENT ARTIFACT CHECK COMPLETE - LOCAL RELEASE STILL REQUIRED","None detected","Text-presence and local-link screen only; a teacher must verify correctness, usability and physical kit state."
"Lessons/Bi-Weekly/Grades_5-6_YearB/Session17_Celebration.md","5-6","Bi-Weekly","B","Communication","Celebration Exhibition","PRESENT IN LESSON","PRESENT IN LESSON","PRESENT IN LESSON","PRESENT IN LESSON","PRESENT IN LESSON","PRESENT IN LESSON","PRESENT IN LESSON","PRESENT IN LESSON","PRESENT IN LESSON","PRESENT IN LESSON","PRESENT IN LESSON","PRESENT IN LESSON","PRESENT IN LESSON","PRESENT IN LESSON","PRESENT IN LESSON","PRESENT IN LESSON","PRESENT IN LESSON","PRESENT IN LESSON","PRESENT IN LESSON","NOT APPLICABLE - TECHNOLOGY NONE","PRESENT IN LESSON","20","1","0","printable_student_materials|answer_key_or_expected_evidence|worked_example_if_build|finished_example_if_build|visual_example_if_helpful|board_or_chart_setup|expected_discussion_responses|kit_contents_list|kit_label_text|cleanup_instructions|kit_reset_instructions|unfinished_work_directions|common_misconceptions|annotated_exemplar|common_error_interpretation|reteaching_option|safety_risk_classification|adult_supervision_ratio|sds_product_gate|print_accessibility_check","external_service_compliance","None","./Session16_Innovation_Lab.md|../../../Review/Safety_Data_Sheet_Register.csv","None","DOCUMENT ARTIFACT CHECK COMPLETE - LOCAL RELEASE STILL REQUIRED","None detected","Text-presence and local-link screen only; a teacher must verify correctness, usability and physical kit state."
"Lessons/Bi-Weekly/Kindergarten/Session01_Welcome_Wonder.md","K","Bi-Weekly","Single","Welcome","Welcome to Wonder","PRESENT IN LESSON","PRESENT IN LESSON","PRESENT IN LESSON","PRESENT IN LESSON","PRESENT IN LESSON","PRESENT IN LESSON","PRESENT IN LESSON","PRESENT IN LESSON","PRESENT IN LESSON","PRESENT IN LESSON","PRESENT IN LESSON","PRESENT IN LESSON","PRESENT IN LESSON","PRESENT IN LESSON","PRESENT IN LESSON","PRESENT IN LESSON","PRESENT IN LESSON","PRESENT IN LESSON","PRESENT IN LESSON","NOT APPLICABLE - TECHNOLOGY NONE","PRESENT IN LESSON","20","1","0","printable_student_materials|answer_key_or_expected_evidence|worked_example_if_build|finished_example_if_build|visual_example_if_helpful|board_or_chart_setup|expected_discussion_responses|kit_contents_list|kit_label_text|cleanup_instructions|kit_reset_instructions|unfinished_work_directions|common_misconceptions|annotated_exemplar|common_error_interpretation|reteaching_option|safety_risk_classification|adult_supervision_ratio|sds_product_gate|print_accessibility_check","external_service_compliance","None","../../../Resources/Kindergarten_Reference_Routines.md","None","DOCUMENT ARTIFACT CHECK COMPLETE - LOCAL RELEASE STILL REQUIRED","None detected","Text-presence and local-link screen only; a teacher must verify correctness, usability and physical kit state."
"Lessons/Bi-Weekly/Kindergarten/Session02_Gods_World.md","K","Bi-Weekly","Single","Observation","God's Amazing World","PRESENT IN LESSON","PRESENT IN LESSON","PRESENT IN LESSON","PRESENT IN LESSON","PRESENT IN LESSON","PRESENT IN LESSON","PRESENT IN LESSON","PRESENT IN LESSON","PRESENT IN LESSON","PRESENT IN LESSON","PRESENT IN LESSON","PRESENT IN LESSON","PRESENT IN LESSON","PRESENT IN LESSON","PRESENT IN LESSON","PRESENT IN LESSON","PRESENT IN LESSON","PRESENT IN LESSON","PRESENT IN LESSON","NOT APPLICABLE - TECHNOLOGY NONE","PRESENT IN LESSON","20","1","0","printable_student_materials|answer_key_or_expected_evidence|worked_example_if_build|finished_example_if_build|visual_example_if_helpful|board_or_chart_setup|expected_discussion_responses|kit_contents_list|kit_label_text|cleanup_instructions|kit_reset_instructions|unfinished_work_directions|common_misconceptions|annotated_exemplar|common_error_interpretation|reteaching_option|safety_risk_classification|adult_supervision_ratio|sds_product_gate|print_accessibility_check","external_service_compliance","None","../../../Resources/Kindergarten_Reference_Routines.md","None","DOCUMENT ARTIFACT CHECK COMPLETE - LOCAL RELEASE STILL REQUIRED","None detected","Text-presence and local-link screen only; a teacher must verify correctness, usability and physical kit state."
"Lessons/Bi-Weekly/Kindergarten/Session03_Building_Basics.md","K","Bi-Weekly","Single","Structures","Building Basics","PRESENT IN LESSON","PRESENT IN LESSON","PRESENT IN LESSON","PRESENT IN LESSON","PRESENT IN LESSON","PRESENT IN LESSON","PRESENT IN LESSON","PRESENT IN LESSON","PRESENT IN LESSON","PRESENT IN LESSON","PRESENT IN LESSON","PRESENT IN LESSON","PRESENT IN LESSON","PRESENT IN LESSON","PRESENT IN LESSON","PRESENT IN LESSON","PRESENT IN LESSON","PRESENT IN LESSON","PRESENT IN LESSON","NOT APPLICABLE - TECHNOLOGY NONE","PRESENT IN LESSON","20","1","0","printable_student_materials|answer_key_or_expected_evidence|worked_example_if_build|finished_example_if_build|visual_example_if_helpful|board_or_chart_setup|expected_discussion_responses|kit_contents_list|kit_label_text|cleanup_instructions|kit_reset_instructions|unfinished_work_directions|common_misconceptions|annotated_exemplar|common_error_interpretation|reteaching_option|safety_risk_classification|adult_supervision_ratio|sds_product_gate|print_accessibility_check","external_service_compliance","None","../../../Resources/Kindergarten_Reference_Routines.md","None","DOCUMENT ARTIFACT CHECK COMPLETE - LOCAL RELEASE STILL REQUIRED","None detected","Text-presence and local-link screen only; a teacher must verify correctness, usability and physical kit state."
"Lessons/Bi-Weekly/Kindergarten/Session04_Colors_Light.md","K","Bi-Weekly","Single","Light","Colors and Light","PRESENT IN LESSON","PRESENT IN LESSON","PRESENT IN LESSON","PRESENT IN LESSON","PRESENT IN LESSON","PRESENT IN LESSON","PRESENT IN LESSON","PRESENT IN LESSON","PRESENT IN LESSON","PRESENT IN LESSON","PRESENT IN LESSON","PRESENT IN LESSON","PRESENT IN LESSON","PRESENT IN LESSON","PRESENT IN LESSON","PRESENT IN LESSON","PRESENT IN LESSON","PRESENT IN LESSON","NOT APPLICABLE - NO CHEMICAL TERM DETECTED","NOT APPLICABLE - TECHNOLOGY NONE","PRESENT IN LESSON","19","2","0","printable_student_materials|answer_key_or_expected_evidence|worked_example_if_build|finished_example_if_build|visual_example_if_helpful|board_or_chart_setup|expected_discussion_responses|kit_contents_list|kit_label_text|cleanup_instructions|kit_reset_instructions|unfinished_work_directions|common_misconceptions|annotated_exemplar|common_error_interpretation|reteaching_option|safety_risk_classification|adult_supervision_ratio|print_accessibility_check","sds_product_gate|external_service_compliance","None","../../../Resources/Kindergarten_Reference_Routines.md","None","DOCUMENT ARTIFACT CHECK COMPLETE - LOCAL RELEASE STILL REQUIRED","None detected","Text-presence and local-link screen only; a teacher must verify correctness, usability and physical kit state."
"Lessons/Bi-Weekly/Kindergarten/Session05_Simple_Machines.md","K","Bi-Weekly","Single","Ramps","Simple Machines","PRESENT IN LESSON","PRESENT IN LESSON","PRESENT IN LESSON","PRESENT IN LESSON","PRESENT IN LESSON","PRESENT IN LESSON","PRESENT IN LESSON","PRESENT IN LESSON","PRESENT IN LESSON","PRESENT IN LESSON","PRESENT IN LESSON","PRESENT IN LESSON","PRESENT IN LESSON","PRESENT IN LESSON","PRESENT IN LESSON","PRESENT IN LESSON","PRESENT IN LESSON","PRESENT IN LESSON","PRESENT IN LESSON","NOT APPLICABLE - TECHNOLOGY NONE","PRESENT IN LESSON","20","1","0","printable_student_materials|answer_key_or_expected_evidence|worked_example_if_build|finished_example_if_build|visual_example_if_helpful|board_or_chart_setup|expected_discussion_responses|kit_contents_list|kit_label_text|cleanup_instructions|kit_reset_instructions|unfinished_work_directions|common_misconceptions|annotated_exemplar|common_error_interpretation|reteaching_option|safety_risk_classification|adult_supervision_ratio|sds_product_gate|print_accessibility_check","external_service_compliance","None","../../../Resources/Kindergarten_Reference_Routines.md","None","DOCUMENT ARTIFACT CHECK COMPLETE - LOCAL RELEASE STILL REQUIRED","None detected","Text-presence and local-link screen only; a teacher must verify correctness, usability and physical kit state."
"Lessons/Bi-Weekly/Kindergarten/Session06_Thanksgiving.md","K","Bi-Weekly","Single","Service art","Thanksgiving Wonder","PRESENT IN LESSON","PRESENT IN LESSON","PRESENT IN LESSON","PRESENT IN LESSON","PRESENT IN LESSON","PRESENT IN LESSON","PRESENT IN LESSON","PRESENT IN LESSON","PRESENT IN LESSON","PRESENT IN LESSON","PRESENT IN LESSON","PRESENT IN LESSON","PRESENT IN LESSON","PRESENT IN LESSON","PRESENT IN LESSON","PRESENT IN LESSON","PRESENT IN LESSON","PRESENT IN LESSON","PRESENT IN LESSON","NOT APPLICABLE - TECHNOLOGY NONE","PRESENT IN LESSON","20","1","0","printable_student_materials|answer_key_or_expected_evidence|worked_example_if_build|finished_example_if_build|visual_example_if_helpful|board_or_chart_setup|expected_discussion_responses|kit_contents_list|kit_label_text|cleanup_instructions|kit_reset_instructions|unfinished_work_directions|common_misconceptions|annotated_exemplar|common_error_interpretation|reteaching_option|safety_risk_classification|adult_supervision_ratio|sds_product_gate|print_accessibility_check","external_service_compliance","None","../../../Resources/Kindergarten_Reference_Routines.md","None","DOCUMENT ARTIFACT CHECK COMPLETE - LOCAL RELEASE STILL REQUIRED","None detected","Text-presence and local-link screen only; a teacher must verify correctness, usability and physical kit state."
"Lessons/Bi-Weekly/Kindergarten/Session07_Advent_Light.md","K","Bi-Weekly","Single","Light art","Advent Light","PRESENT IN LESSON","PRESENT IN LESSON","PRESENT IN LESSON","PRESENT IN LESSON","PRESENT IN LESSON","PRESENT IN LESSON","PRESENT IN LESSON","PRESENT IN LESSON","PRESENT IN LESSON","PRESENT IN LESSON","PRESENT IN LESSON","PRESENT IN LESSON","PRESENT IN LESSON","PRESENT IN LESSON","PRESENT IN LESSON","PRESENT IN LESSON","PRESENT IN LESSON","PRESENT IN LESSON","PRESENT IN LESSON","NOT APPLICABLE - TECHNOLOGY NONE","PRESENT IN LESSON","20","1","0","printable_student_materials|answer_key_or_expected_evidence|worked_example_if_build|finished_example_if_build|visual_example_if_helpful|board_or_chart_setup|expected_discussion_responses|kit_contents_list|kit_label_text|cleanup_instructions|kit_reset_instructions|unfinished_work_directions|common_misconceptions|annotated_exemplar|common_error_interpretation|reteaching_option|safety_risk_classification|adult_supervision_ratio|sds_product_gate|print_accessibility_check","external_service_compliance","None","../../../Resources/Kindergarten_Reference_Routines.md|../../../Review/Safety_Data_Sheet_Register.csv","None","DOCUMENT ARTIFACT CHECK COMPLETE - LOCAL RELEASE STILL REQUIRED","None detected","Text-presence and local-link screen only; a teacher must verify correctness, usability and physical kit state."
"Lessons/Bi-Weekly/Kindergarten/Session08_Winter_Science.md","K","Bi-Weekly","Single","Water changes","Winter Science","PRESENT IN LESSON","PRESENT IN LESSON","PRESENT IN LESSON","PRESENT IN LESSON","PRESENT IN LESSON","PRESENT IN LESSON","PRESENT IN LESSON","PRESENT IN LESSON","PRESENT IN LESSON","PRESENT IN LESSON","PRESENT IN LESSON","PRESENT IN LESSON","PRESENT IN LESSON","PRESENT IN LESSON","PRESENT IN LESSON","PRESENT IN LESSON","PRESENT IN LESSON","PRESENT IN LESSON","NOT APPLICABLE - NO CHEMICAL TERM DETECTED","NOT APPLICABLE - TECHNOLOGY NONE","PRESENT IN LESSON","19","2","0","printable_student_materials|answer_key_or_expected_evidence|worked_example_if_build|finished_example_if_build|visual_example_if_helpful|board_or_chart_setup|expected_discussion_responses|kit_contents_list|kit_label_text|cleanup_instructions|kit_reset_instructions|unfinished_work_directions|common_misconceptions|annotated_exemplar|common_error_interpretation|reteaching_option|safety_risk_classification|adult_supervision_ratio|print_accessibility_check","sds_product_gate|external_service_compliance","None","./Session07_Advent_Light.md|./Session09_Catholic_Schools.md","None","DOCUMENT ARTIFACT CHECK COMPLETE - LOCAL RELEASE STILL REQUIRED","None detected","Text-presence and local-link screen only; a teacher must verify correctness, usability and physical kit state."
"Lessons/Bi-Weekly/Kindergarten/Session09_Catholic_Schools.md","K","Bi-Weekly","Single","Community art","Our Catholic School","PRESENT IN LESSON","PRESENT IN LESSON","PRESENT IN LESSON","PRESENT IN LESSON","PRESENT IN LESSON","PRESENT IN LESSON","PRESENT IN LESSON","PRESENT IN LESSON","PRESENT IN LESSON","PRESENT IN LESSON","PRESENT IN LESSON","PRESENT IN LESSON","PRESENT IN LESSON","PRESENT IN LESSON","PRESENT IN LESSON","PRESENT IN LESSON","PRESENT IN LESSON","PRESENT IN LESSON","PRESENT IN LESSON","PRESENT IN LESSON","PRESENT IN LESSON","21","0","0","printable_student_materials|answer_key_or_expected_evidence|worked_example_if_build|finished_example_if_build|visual_example_if_helpful|board_or_chart_setup|expected_discussion_responses|kit_contents_list|kit_label_text|cleanup_instructions|kit_reset_instructions|unfinished_work_directions|common_misconceptions|annotated_exemplar|common_error_interpretation|reteaching_option|safety_risk_classification|adult_supervision_ratio|sds_product_gate|external_service_compliance|print_accessibility_check","None","None","../../../Resources/Kindergarten_Reference_Routines.md","None","DOCUMENT ARTIFACT CHECK COMPLETE - LOCAL RELEASE STILL REQUIRED","None detected","Text-presence and local-link screen only; a teacher must verify correctness, usability and physical kit state."
"Lessons/Bi-Weekly/Kindergarten/Session10_Weather_Wonder.md","K","Bi-Weekly","Single","Weather","Weather Wonder","PRESENT IN LESSON","PRESENT IN LESSON","PRESENT IN LESSON","PRESENT IN LESSON","PRESENT IN LESSON","PRESENT IN LESSON","PRESENT IN LESSON","PRESENT IN LESSON","PRESENT IN LESSON","PRESENT IN LESSON","PRESENT IN LESSON","PRESENT IN LESSON","PRESENT IN LESSON","PRESENT IN LESSON","PRESENT IN LESSON","PRESENT IN LESSON","PRESENT IN LESSON","PRESENT IN LESSON","PRESENT IN LESSON","NOT APPLICABLE - TECHNOLOGY NONE","PRESENT IN LESSON","20","1","0","printable_student_materials|answer_key_or_expected_evidence|worked_example_if_build|finished_example_if_build|visual_example_if_helpful|board_or_chart_setup|expected_discussion_responses|kit_contents_list|kit_label_text|cleanup_instructions|kit_reset_instructions|unfinished_work_directions|common_misconceptions|annotated_exemplar|common_error_interpretation|reteaching_option|safety_risk_classification|adult_supervision_ratio|sds_product_gate|print_accessibility_check","external_service_compliance","None","../../../Resources/Kindergarten_Reference_Routines.md","None","DOCUMENT ARTIFACT CHECK COMPLETE - LOCAL RELEASE STILL REQUIRED","None detected","Text-presence and local-link screen only; a teacher must verify correctness, usability and physical kit state."
"Lessons/Bi-Weekly/Kindergarten/Session11_Growing_Things.md","K","Bi-Weekly","Single","Plant observation","Growing Things","PRESENT IN LESSON","PRESENT IN LESSON","PRESENT IN LESSON","PRESENT IN LESSON","PRESENT IN LESSON","PRESENT IN LESSON","PRESENT IN LESSON","PRESENT IN LESSON","PRESENT IN LESSON","PRESENT IN LESSON","PRESENT IN LESSON","PRESENT IN LESSON","PRESENT IN LESSON","PRESENT IN LESSON","PRESENT IN LESSON","PRESENT IN LESSON","PRESENT IN LESSON","PRESENT IN LESSON","PRESENT IN LESSON","NOT APPLICABLE - TECHNOLOGY NONE","PRESENT IN LESSON","20","1","0","printable_student_materials|answer_key_or_expected_evidence|worked_example_if_build|finished_example_if_build|visual_example_if_helpful|board_or_chart_setup|expected_discussion_responses|kit_contents_list|kit_label_text|cleanup_instructions|kit_reset_instructions|unfinished_work_directions|common_misconceptions|annotated_exemplar|common_error_interpretation|reteaching_option|safety_risk_classification|adult_supervision_ratio|sds_product_gate|print_accessibility_check","external_service_compliance","None","./Session10_Weather_Wonder.md|./Session12_Animal_Homes.md","None","DOCUMENT ARTIFACT CHECK COMPLETE - LOCAL RELEASE STILL REQUIRED","None detected","Text-presence and local-link screen only; a teacher must verify correctness, usability and physical kit state."
"Lessons/Bi-Weekly/Kindergarten/Session12_Animal_Homes.md","K","Bi-Weekly","Single","Habitats","Animal Homes","PRESENT IN LESSON","PRESENT IN LESSON","PRESENT IN LESSON","PRESENT IN LESSON","PRESENT IN LESSON","PRESENT IN LESSON","PRESENT IN LESSON","PRESENT IN LESSON","PRESENT IN LESSON","PRESENT IN LESSON","PRESENT IN LESSON","PRESENT IN LESSON","PRESENT IN LESSON","PRESENT IN LESSON","PRESENT IN LESSON","PRESENT IN LESSON","PRESENT IN LESSON","PRESENT IN LESSON","PRESENT IN LESSON","NOT APPLICABLE - TECHNOLOGY NONE","PRESENT IN LESSON","20","1","0","printable_student_materials|answer_key_or_expected_evidence|worked_example_if_build|finished_example_if_build|visual_example_if_helpful|board_or_chart_setup|expected_discussion_responses|kit_contents_list|kit_label_text|cleanup_instructions|kit_reset_instructions|unfinished_work_directions|common_misconceptions|annotated_exemplar|common_error_interpretation|reteaching_option|safety_risk_classification|adult_supervision_ratio|sds_product_gate|print_accessibility_check","external_service_compliance","None","../../../Resources/Kindergarten_Reference_Routines.md|../../../Review/Safety_Data_Sheet_Register.csv","None","DOCUMENT ARTIFACT CHECK COMPLETE - LOCAL RELEASE STILL REQUIRED","None detected","Text-presence and local-link screen only; a teacher must verify correctness, usability and physical kit state."
"Lessons/Bi-Weekly/Kindergarten/Session13_Easter_New_Life.md","K","Bi-Weekly","Single","Life cycles","Easter New Life","PRESENT IN LESSON","PRESENT IN LESSON","PRESENT IN LESSON","PRESENT IN LESSON","PRESENT IN LESSON","PRESENT IN LESSON","PRESENT IN LESSON","PRESENT IN LESSON","PRESENT IN LESSON","PRESENT IN LESSON","PRESENT IN LESSON","PRESENT IN LESSON","PRESENT IN LESSON","PRESENT IN LESSON","PRESENT IN LESSON","PRESENT IN LESSON","PRESENT IN LESSON","PRESENT IN LESSON","PRESENT IN LESSON","NOT APPLICABLE - TECHNOLOGY NONE","PRESENT IN LESSON","20","1","0","printable_student_materials|answer_key_or_expected_evidence|worked_example_if_build|finished_example_if_build|visual_example_if_helpful|board_or_chart_setup|expected_discussion_responses|kit_contents_list|kit_label_text|cleanup_instructions|kit_reset_instructions|unfinished_work_directions|common_misconceptions|annotated_exemplar|common_error_interpretation|reteaching_option|safety_risk_classification|adult_supervision_ratio|sds_product_gate|print_accessibility_check","external_service_compliance","None","../../../Resources/Kindergarten_Reference_Routines.md","None","DOCUMENT ARTIFACT CHECK COMPLETE - LOCAL RELEASE STILL REQUIRED","None detected","Text-presence and local-link screen only; a teacher must verify correctness, usability and physical kit state."
"Lessons/Bi-Weekly/Kindergarten/Session14_Sound_Music.md","K","Bi-Weekly","Single","Sound","Sound and Music","PRESENT IN LESSON","PRESENT IN LESSON","PRESENT IN LESSON","PRESENT IN LESSON","PRESENT IN LESSON","PRESENT IN LESSON","PRESENT IN LESSON","PRESENT IN LESSON","PRESENT IN LESSON","PRESENT IN LESSON","PRESENT IN LESSON","PRESENT IN LESSON","PRESENT IN LESSON","PRESENT IN LESSON","PRESENT IN LESSON","PRESENT IN LESSON","PRESENT IN LESSON","PRESENT IN LESSON","PRESENT IN LESSON","NOT APPLICABLE - TECHNOLOGY NONE","PRESENT IN LESSON","20","1","0","printable_student_materials|answer_key_or_expected_evidence|worked_example_if_build|finished_example_if_build|visual_example_if_helpful|board_or_chart_setup|expected_discussion_responses|kit_contents_list|kit_label_text|cleanup_instructions|kit_reset_instructions|unfinished_work_directions|common_misconceptions|annotated_exemplar|common_error_interpretation|reteaching_option|safety_risk_classification|adult_supervision_ratio|sds_product_gate|print_accessibility_check","external_service_compliance","None","../../../Resources/Kindergarten_Reference_Routines.md","None","DOCUMENT ARTIFACT CHECK COMPLETE - LOCAL RELEASE STILL REQUIRED","None detected","Text-presence and local-link screen only; a teacher must verify correctness, usability and physical kit state."
"Lessons/Bi-Weekly/Kindergarten/Session15_Helping_Others.md","K","Bi-Weekly","Single","Service art and algorithms","Helping Others","PRESENT IN LESSON","PRESENT IN LESSON","PRESENT IN LESSON","PRESENT IN LESSON","PRESENT IN LESSON","PRESENT IN LESSON","PRESENT IN LESSON","PRESENT IN LESSON","PRESENT IN LESSON","PRESENT IN LESSON","PRESENT IN LESSON","PRESENT IN LESSON","PRESENT IN LESSON","PRESENT IN LESSON","PRESENT IN LESSON","PRESENT IN LESSON","PRESENT IN LESSON","PRESENT IN LESSON","PRESENT IN LESSON","NOT APPLICABLE - TECHNOLOGY NONE","PRESENT IN LESSON","20","1","0","printable_student_materials|answer_key_or_expected_evidence|worked_example_if_build|finished_example_if_build|visual_example_if_helpful|board_or_chart_setup|expected_discussion_responses|kit_contents_list|kit_label_text|cleanup_instructions|kit_reset_instructions|unfinished_work_directions|common_misconceptions|annotated_exemplar|common_error_interpretation|reteaching_option|safety_risk_classification|adult_supervision_ratio|sds_product_gate|print_accessibility_check","external_service_compliance","None","../../../Resources/Kindergarten_Reference_Routines.md","None","DOCUMENT ARTIFACT CHECK COMPLETE - LOCAL RELEASE STILL REQUIRED","None detected","Text-presence and local-link screen only; a teacher must verify correctness, usability and physical kit state."
"Lessons/Bi-Weekly/Kindergarten/Session16_Water_Wonder.md","K","Bi-Weekly","Single","Buoyancy","Water Wonder","PRESENT IN LESSON","PRESENT IN LESSON","PRESENT IN LESSON","PRESENT IN LESSON","PRESENT IN LESSON","PRESENT IN LESSON","PRESENT IN LESSON","PRESENT IN LESSON","PRESENT IN LESSON","PRESENT IN LESSON","PRESENT IN LESSON","PRESENT IN LESSON","PRESENT IN LESSON","PRESENT IN LESSON","PRESENT IN LESSON","PRESENT IN LESSON","PRESENT IN LESSON","PRESENT IN LESSON","NOT APPLICABLE - NO CHEMICAL TERM DETECTED","NOT APPLICABLE - TECHNOLOGY NONE","PRESENT IN LESSON","19","2","0","printable_student_materials|answer_key_or_expected_evidence|worked_example_if_build|finished_example_if_build|visual_example_if_helpful|board_or_chart_setup|expected_discussion_responses|kit_contents_list|kit_label_text|cleanup_instructions|kit_reset_instructions|unfinished_work_directions|common_misconceptions|annotated_exemplar|common_error_interpretation|reteaching_option|safety_risk_classification|adult_supervision_ratio|print_accessibility_check","sds_product_gate|external_service_compliance","None","./Session15_Helping_Others.md|./Session17_Celebration.md","None","DOCUMENT ARTIFACT CHECK COMPLETE - LOCAL RELEASE STILL REQUIRED","None detected","Text-presence and local-link screen only; a teacher must verify correctness, usability and physical kit state."
"Lessons/Bi-Weekly/Kindergarten/Session17_Celebration.md","K","Bi-Weekly","Single","Reflection","Year Celebration","PRESENT IN LESSON","PRESENT IN LESSON","PRESENT IN LESSON","PRESENT IN LESSON","PRESENT IN LESSON","PRESENT IN LESSON","PRESENT IN LESSON","PRESENT IN LESSON","PRESENT IN LESSON","PRESENT IN LESSON","PRESENT IN LESSON","PRESENT IN LESSON","PRESENT IN LESSON","PRESENT IN LESSON","PRESENT IN LESSON","PRESENT IN LESSON","PRESENT IN LESSON","PRESENT IN LESSON","PRESENT IN LESSON","PRESENT IN LESSON","PRESENT IN LESSON","21","0","0","printable_student_materials|answer_key_or_expected_evidence|worked_example_if_build|finished_example_if_build|visual_example_if_helpful|board_or_chart_setup|expected_discussion_responses|kit_contents_list|kit_label_text|cleanup_instructions|kit_reset_instructions|unfinished_work_directions|common_misconceptions|annotated_exemplar|common_error_interpretation|reteaching_option|safety_risk_classification|adult_supervision_ratio|sds_product_gate|external_service_compliance|print_accessibility_check","None","None","../../../Resources/Kindergarten_Reference_Routines.md","None","DOCUMENT ARTIFACT CHECK COMPLETE - LOCAL RELEASE STILL REQUIRED","None detected","Text-presence and local-link screen only; a teacher must verify correctness, usability and physical kit state."
"Lessons/Grades_1-2_YearA/Week01_Welcome_to_CSTREAM.md","1-2","Weekly","A","Welcome","Welcome to C-STREAM","PRESENT IN LESSON","PRESENT IN LESSON","PRESENT IN LESSON","PRESENT IN LESSON","PRESENT IN LESSON","PRESENT IN LESSON","PRESENT IN LESSON","PRESENT IN LESSON","PRESENT IN LESSON","PRESENT IN LESSON","PRESENT IN LESSON","PRESENT IN LESSON","PRESENT IN LESSON","PRESENT IN LESSON","PRESENT IN LESSON","PRESENT IN LESSON","PRESENT IN LESSON","PRESENT IN LESSON","PRESENT IN LESSON","NOT APPLICABLE - TECHNOLOGY NONE","PRESENT IN LESSON","20","1","0","printable_student_materials|answer_key_or_expected_evidence|worked_example_if_build|finished_example_if_build|visual_example_if_helpful|board_or_chart_setup|expected_discussion_responses|kit_contents_list|kit_label_text|cleanup_instructions|kit_reset_instructions|unfinished_work_directions|common_misconceptions|annotated_exemplar|common_error_interpretation|reteaching_option|safety_risk_classification|adult_supervision_ratio|sds_product_gate|print_accessibility_check","external_service_compliance","None","../../Review/Local_Standards.md|../../Review/Standards_Sources.md|../../Review/Safety_Data_Sheet_Register.csv","None","DOCUMENT ARTIFACT CHECK COMPLETE - LOCAL RELEASE STILL REQUIRED","None detected","Text-presence and local-link screen only; a teacher must verify correctness, usability and physical kit state."
"Lessons/Grades_1-2_YearA/Week02-03_Sphero_Coding.md","1-2","Weekly","A","Coding","Sphero Coding Adventures","PRESENT IN LESSON","PRESENT IN LESSON","PRESENT IN LESSON","PRESENT IN LESSON","PRESENT IN LESSON","PRESENT IN LESSON","PRESENT IN LESSON","PRESENT IN LESSON","PRESENT IN LESSON","PRESENT IN LESSON","PRESENT IN LESSON","PRESENT IN LESSON","PRESENT IN LESSON","PRESENT IN LESSON","PRESENT IN LESSON","PRESENT IN LESSON","PRESENT IN LESSON","PRESENT IN LESSON","PRESENT IN LESSON","PRESENT IN LESSON","PRESENT IN LESSON","21","0","0","printable_student_materials|answer_key_or_expected_evidence|worked_example_if_build|finished_example_if_build|visual_example_if_helpful|board_or_chart_setup|expected_discussion_responses|kit_contents_list|kit_label_text|cleanup_instructions|kit_reset_instructions|unfinished_work_directions|common_misconceptions|annotated_exemplar|common_error_interpretation|reteaching_option|safety_risk_classification|adult_supervision_ratio|sds_product_gate|external_service_compliance|print_accessibility_check","None","None","../../Review/Safety_Data_Sheet_Register.csv","None","DOCUMENT ARTIFACT CHECK COMPLETE - LOCAL RELEASE STILL REQUIRED","None detected","Text-presence and local-link screen only; a teacher must verify correctness, usability and physical kit state."
"Lessons/Grades_1-2_YearA/Week04_Wonder_Walk.md","1-2","Weekly","A","Observation","Wonder Walk Scientists","PRESENT IN LESSON","PRESENT IN LESSON","PRESENT IN LESSON","PRESENT IN LESSON","PRESENT IN LESSON","PRESENT IN LESSON","PRESENT IN LESSON","PRESENT IN LESSON","PRESENT IN LESSON","PRESENT IN LESSON","PRESENT IN LESSON","PRESENT IN LESSON","PRESENT IN LESSON","PRESENT IN LESSON","PRESENT IN LESSON","PRESENT IN LESSON","PRESENT IN LESSON","PRESENT IN LESSON","PRESENT IN LESSON","NOT APPLICABLE - TECHNOLOGY NONE","PRESENT IN LESSON","20","1","0","printable_student_materials|answer_key_or_expected_evidence|worked_example_if_build|finished_example_if_build|visual_example_if_helpful|board_or_chart_setup|expected_discussion_responses|kit_contents_list|kit_label_text|cleanup_instructions|kit_reset_instructions|unfinished_work_directions|common_misconceptions|annotated_exemplar|common_error_interpretation|reteaching_option|safety_risk_classification|adult_supervision_ratio|sds_product_gate|print_accessibility_check","external_service_compliance","None","../../Review/Safety_Data_Sheet_Register.csv","None","DOCUMENT ARTIFACT CHECK COMPLETE - LOCAL RELEASE STILL REQUIRED","None detected","Text-presence and local-link screen only; a teacher must verify correctness, usability and physical kit state."
"Lessons/Grades_1-2_YearA/Week05-06_KEVA_Engineering.md","1-2","Weekly","A","Structures","KEVA Engineering Challenge","PRESENT IN LESSON","PRESENT IN LESSON","PRESENT IN LESSON","PRESENT IN LESSON","PRESENT IN LESSON","PRESENT IN LESSON","PRESENT IN LESSON","PRESENT IN LESSON","PRESENT IN LESSON","PRESENT IN LESSON","PRESENT IN LESSON","PRESENT IN LESSON","PRESENT IN LESSON","PRESENT IN LESSON","PRESENT IN LESSON","PRESENT IN LESSON","PRESENT IN LESSON","PRESENT IN LESSON","PRESENT IN LESSON","NOT APPLICABLE - TECHNOLOGY NONE","PRESENT IN LESSON","20","1","0","printable_student_materials|answer_key_or_expected_evidence|worked_example_if_build|finished_example_if_build|visual_example_if_helpful|board_or_chart_setup|expected_discussion_responses|kit_contents_list|kit_label_text|cleanup_instructions|kit_reset_instructions|unfinished_work_directions|common_misconceptions|annotated_exemplar|common_error_interpretation|reteaching_option|safety_risk_classification|adult_supervision_ratio|sds_product_gate|print_accessibility_check","external_service_compliance","None","../../Review/Local_Standards.md|../../Review/Standards_Sources.md|../../Review/Safety_Data_Sheet_Register.csv","None","DOCUMENT ARTIFACT CHECK COMPLETE - LOCAL RELEASE STILL REQUIRED","None detected","Text-presence and local-link screen only; a teacher must verify correctness, usability and physical kit state."
"Lessons/Grades_1-2_YearA/Week07-09_Engineering_for_Others.md","1-2","Weekly","A","Service","Engineering for Others","PRESENT IN LESSON","PRESENT IN LESSON","PRESENT IN LESSON","PRESENT IN LESSON","PRESENT IN LESSON","PRESENT IN LESSON","PRESENT IN LESSON","PRESENT IN LESSON","PRESENT IN LESSON","PRESENT IN LESSON","PRESENT IN LESSON","PRESENT IN LESSON","PRESENT IN LESSON","PRESENT IN LESSON","PRESENT IN LESSON","PRESENT IN LESSON","PRESENT IN LESSON","PRESENT IN LESSON","PRESENT IN LESSON","NOT APPLICABLE - TECHNOLOGY NONE","PRESENT IN LESSON","20","1","0","printable_student_materials|answer_key_or_expected_evidence|worked_example_if_build|finished_example_if_build|visual_example_if_helpful|board_or_chart_setup|expected_discussion_responses|kit_contents_list|kit_label_text|cleanup_instructions|kit_reset_instructions|unfinished_work_directions|common_misconceptions|annotated_exemplar|common_error_interpretation|reteaching_option|safety_risk_classification|adult_supervision_ratio|sds_product_gate|print_accessibility_check","external_service_compliance","None","../../Review/Local_Standards.md|../../Review/Standards_Sources.md|../../Review/Safety_Data_Sheet_Register.csv","None","DOCUMENT ARTIFACT CHECK COMPLETE - LOCAL RELEASE STILL REQUIRED","None detected","Text-presence and local-link screen only; a teacher must verify correctness, usability and physical kit state."
"Lessons/Grades_1-2_YearA/Week10_Strong_Bridges.md","1-2","Weekly","A","Structures","Strong Bridges","PRESENT IN LESSON","PRESENT IN LESSON","PRESENT IN LESSON","PRESENT IN LESSON","PRESENT IN LESSON","PRESENT IN LESSON","PRESENT IN LESSON","PRESENT IN LESSON","PRESENT IN LESSON","PRESENT IN LESSON","PRESENT IN LESSON","PRESENT IN LESSON","PRESENT IN LESSON","PRESENT IN LESSON","PRESENT IN LESSON","PRESENT IN LESSON","PRESENT IN LESSON","PRESENT IN LESSON","PRESENT IN LESSON","NOT APPLICABLE - TECHNOLOGY NONE","PRESENT IN LESSON","20","1","0","printable_student_materials|answer_key_or_expected_evidence|worked_example_if_build|finished_example_if_build|visual_example_if_helpful|board_or_chart_setup|expected_discussion_responses|kit_contents_list|kit_label_text|cleanup_instructions|kit_reset_instructions|unfinished_work_directions|common_misconceptions|annotated_exemplar|common_error_interpretation|reteaching_option|safety_risk_classification|adult_supervision_ratio|sds_product_gate|print_accessibility_check","external_service_compliance","None","../../Review/Local_Standards.md|../../Review/Standards_Sources.md|../../Review/Safety_Data_Sheet_Register.csv","None","DOCUMENT ARTIFACT CHECK COMPLETE - LOCAL RELEASE STILL REQUIRED","None detected","Text-presence and local-link screen only; a teacher must verify correctness, usability and physical kit state."
"Lessons/Grades_1-2_YearA/Week11_Thankful_Coding.md","1-2","Weekly","A","Coding","Thankful Coding","PRESENT IN LESSON","PRESENT IN LESSON","PRESENT IN LESSON","PRESENT IN LESSON","PRESENT IN LESSON","PRESENT IN LESSON","PRESENT IN LESSON","PRESENT IN LESSON","PRESENT IN LESSON","PRESENT IN LESSON","PRESENT IN LESSON","PRESENT IN LESSON","PRESENT IN LESSON","PRESENT IN LESSON","PRESENT IN LESSON","PRESENT IN LESSON","PRESENT IN LESSON","PRESENT IN LESSON","PRESENT IN LESSON","PRESENT IN LESSON","PRESENT IN LESSON","21","0","0","printable_student_materials|answer_key_or_expected_evidence|worked_example_if_build|finished_example_if_build|visual_example_if_helpful|board_or_chart_setup|expected_discussion_responses|kit_contents_list|kit_label_text|cleanup_instructions|kit_reset_instructions|unfinished_work_directions|common_misconceptions|annotated_exemplar|common_error_interpretation|reteaching_option|safety_risk_classification|adult_supervision_ratio|sds_product_gate|external_service_compliance|print_accessibility_check","None","None","../../Review/Local_Standards.md|../../Review/Standards_Sources.md|../../Review/Safety_Data_Sheet_Register.csv","None","DOCUMENT ARTIFACT CHECK COMPLETE - LOCAL RELEASE STILL REQUIRED","None detected","Text-presence and local-link screen only; a teacher must verify correctness, usability and physical kit state."
"Lessons/Grades_1-2_YearA/Week12_Making_Gifts.md","1-2","Weekly","A","Service","Making Gifts","PRESENT IN LESSON","PRESENT IN LESSON","PRESENT IN LESSON","PRESENT IN LESSON","PRESENT IN LESSON","PRESENT IN LESSON","PRESENT IN LESSON","PRESENT IN LESSON","PRESENT IN LESSON","PRESENT IN LESSON","PRESENT IN LESSON","PRESENT IN LESSON","PRESENT IN LESSON","PRESENT IN LESSON","PRESENT IN LESSON","PRESENT IN LESSON","PRESENT IN LESSON","PRESENT IN LESSON","PRESENT IN LESSON","NOT APPLICABLE - TECHNOLOGY NONE","PRESENT IN LESSON","20","1","0","printable_student_materials|answer_key_or_expected_evidence|worked_example_if_build|finished_example_if_build|visual_example_if_helpful|board_or_chart_setup|expected_discussion_responses|kit_contents_list|kit_label_text|cleanup_instructions|kit_reset_instructions|unfinished_work_directions|common_misconceptions|annotated_exemplar|common_error_interpretation|reteaching_option|safety_risk_classification|adult_supervision_ratio|sds_product_gate|print_accessibility_check","external_service_compliance","None","../../Review/Local_Standards.md|../../Review/Standards_Sources.md|../../Review/Safety_Data_Sheet_Register.csv","None","DOCUMENT ARTIFACT CHECK COMPLETE - LOCAL RELEASE STILL REQUIRED","None detected","Text-presence and local-link screen only; a teacher must verify correctness, usability and physical kit state."
"Lessons/Grades_1-2_YearA/Week13_Fall_Celebration.md","1-2","Weekly","A","Reflection","Fall STREAM Celebration","PRESENT IN LESSON","PRESENT IN LESSON","PRESENT IN LESSON","PRESENT IN LESSON","PRESENT IN LESSON","PRESENT IN LESSON","PRESENT IN LESSON","PRESENT IN LESSON","PRESENT IN LESSON","PRESENT IN LESSON","PRESENT IN LESSON","PRESENT IN LESSON","PRESENT IN LESSON","PRESENT IN LESSON","PRESENT IN LESSON","PRESENT IN LESSON","PRESENT IN LESSON","PRESENT IN LESSON","PRESENT IN LESSON","NOT APPLICABLE - TECHNOLOGY NONE","PRESENT IN LESSON","20","1","0","printable_student_materials|answer_key_or_expected_evidence|worked_example_if_build|finished_example_if_build|visual_example_if_helpful|board_or_chart_setup|expected_discussion_responses|kit_contents_list|kit_label_text|cleanup_instructions|kit_reset_instructions|unfinished_work_directions|common_misconceptions|annotated_exemplar|common_error_interpretation|reteaching_option|safety_risk_classification|adult_supervision_ratio|sds_product_gate|print_accessibility_check","external_service_compliance","None","../../Review/Local_Standards.md|../../Review/Standards_Sources.md|../../Review/Safety_Data_Sheet_Register.csv","None","DOCUMENT ARTIFACT CHECK COMPLETE - LOCAL RELEASE STILL REQUIRED","None detected","Text-presence and local-link screen only; a teacher must verify correctness, usability and physical kit state."
"Lessons/Grades_1-2_YearA/Week14-15_Light_Explorations.md","1-2","Weekly","A","Light","Light Explorations","PRESENT IN LESSON","PRESENT IN LESSON","PRESENT IN LESSON","PRESENT IN LESSON","PRESENT IN LESSON","PRESENT IN LESSON","PRESENT IN LESSON","PRESENT IN LESSON","PRESENT IN LESSON","PRESENT IN LESSON","PRESENT IN LESSON","PRESENT IN LESSON","PRESENT IN LESSON","PRESENT IN LESSON","PRESENT IN LESSON","PRESENT IN LESSON","PRESENT IN LESSON","PRESENT IN LESSON","PRESENT IN LESSON","NOT APPLICABLE - TECHNOLOGY NONE","PRESENT IN LESSON","20","1","0","printable_student_materials|answer_key_or_expected_evidence|worked_example_if_build|finished_example_if_build|visual_example_if_helpful|board_or_chart_setup|expected_discussion_responses|kit_contents_list|kit_label_text|cleanup_instructions|kit_reset_instructions|unfinished_work_directions|common_misconceptions|annotated_exemplar|common_error_interpretation|reteaching_option|safety_risk_classification|adult_supervision_ratio|sds_product_gate|print_accessibility_check","external_service_compliance","None","../../Review/Local_Standards.md|../../Review/Standards_Sources.md|../../Review/Safety_Data_Sheet_Register.csv","None","DOCUMENT ARTIFACT CHECK COMPLETE - LOCAL RELEASE STILL REQUIRED","None detected","Text-presence and local-link screen only; a teacher must verify correctness, usability and physical kit state."
"Lessons/Grades_1-2_YearA/Week16_Star_of_Wonder.md","1-2","Weekly","A","Light","Star of Wonder","PRESENT IN LESSON","PRESENT IN LESSON","PRESENT IN LESSON","PRESENT IN LESSON","PRESENT IN LESSON","PRESENT IN LESSON","PRESENT IN LESSON","PRESENT IN LESSON","PRESENT IN LESSON","PRESENT IN LESSON","PRESENT IN LESSON","PRESENT IN LESSON","PRESENT IN LESSON","PRESENT IN LESSON","PRESENT IN LESSON","PRESENT IN LESSON","PRESENT IN LESSON","PRESENT IN LESSON","PRESENT IN LESSON","NOT APPLICABLE - TECHNOLOGY NONE","PRESENT IN LESSON","20","1","0","printable_student_materials|answer_key_or_expected_evidence|worked_example_if_build|finished_example_if_build|visual_example_if_helpful|board_or_chart_setup|expected_discussion_responses|kit_contents_list|kit_label_text|cleanup_instructions|kit_reset_instructions|unfinished_work_directions|common_misconceptions|annotated_exemplar|common_error_interpretation|reteaching_option|safety_risk_classification|adult_supervision_ratio|sds_product_gate|print_accessibility_check","external_service_compliance","None","../../Review/Local_Standards.md|../../Review/Standards_Sources.md|../../Review/Safety_Data_Sheet_Register.csv","None","DOCUMENT ARTIFACT CHECK COMPLETE - LOCAL RELEASE STILL REQUIRED","None detected","Text-presence and local-link screen only; a teacher must verify correctness, usability and physical kit state."
"Lessons/Grades_1-2_YearA/Week18_New_Year_Goals.md","1-2","Weekly","A","Reflection","New Year Goals","PRESENT IN LESSON","PRESENT IN LESSON","PRESENT IN LESSON","PRESENT IN LESSON","PRESENT IN LESSON","PRESENT IN LESSON","PRESENT IN LESSON","PRESENT IN LESSON","PRESENT IN LESSON","PRESENT IN LESSON","PRESENT IN LESSON","PRESENT IN LESSON","PRESENT IN LESSON","PRESENT IN LESSON","PRESENT IN LESSON","PRESENT IN LESSON","PRESENT IN LESSON","PRESENT IN LESSON","PRESENT IN LESSON","NOT APPLICABLE - TECHNOLOGY NONE","PRESENT IN LESSON","20","1","0","printable_student_materials|answer_key_or_expected_evidence|worked_example_if_build|finished_example_if_build|visual_example_if_helpful|board_or_chart_setup|expected_discussion_responses|kit_contents_list|kit_label_text|cleanup_instructions|kit_reset_instructions|unfinished_work_directions|common_misconceptions|annotated_exemplar|common_error_interpretation|reteaching_option|safety_risk_classification|adult_supervision_ratio|sds_product_gate|print_accessibility_check","external_service_compliance","None","../../Review/Local_Standards.md|../../Review/Standards_Sources.md|../../Review/Safety_Data_Sheet_Register.csv","None","DOCUMENT ARTIFACT CHECK COMPLETE - LOCAL RELEASE STILL REQUIRED","None detected","Text-presence and local-link screen only; a teacher must verify correctness, usability and physical kit state."
"Lessons/Grades_1-2_YearA/Week19-22_Exploration_Stations.md","1-2","Weekly","A","Stations","STREAM Exploration Stations","PRESENT IN LESSON","PRESENT IN LESSON","PRESENT IN LESSON","PRESENT IN LESSON","PRESENT IN LESSON","PRESENT IN LESSON","PRESENT IN LESSON","PRESENT IN LESSON","PRESENT IN LESSON","PRESENT IN LESSON","PRESENT IN LESSON","PRESENT IN LESSON","PRESENT IN LESSON","PRESENT IN LESSON","PRESENT IN LESSON","PRESENT IN LESSON","PRESENT IN LESSON","PRESENT IN LESSON","PRESENT IN LESSON","NOT APPLICABLE - TECHNOLOGY NONE","PRESENT IN LESSON","20","1","0","printable_student_materials|answer_key_or_expected_evidence|worked_example_if_build|finished_example_if_build|visual_example_if_helpful|board_or_chart_setup|expected_discussion_responses|kit_contents_list|kit_label_text|cleanup_instructions|kit_reset_instructions|unfinished_work_directions|common_misconceptions|annotated_exemplar|common_error_interpretation|reteaching_option|safety_risk_classification|adult_supervision_ratio|sds_product_gate|print_accessibility_check","external_service_compliance","None","../../Review/Safety_Data_Sheet_Register.csv","None","DOCUMENT ARTIFACT CHECK COMPLETE - LOCAL RELEASE STILL REQUIRED","None detected","Text-presence and local-link screen only; a teacher must verify correctness, usability and physical kit state."
"Lessons/Grades_1-2_YearA/Week23_Catholic_Schools_Week.md","1-2","Weekly","A","Faith and reason","Catholic Schools Week STREAM","PRESENT IN LESSON","PRESENT IN LESSON","PRESENT IN LESSON","PRESENT IN LESSON","PRESENT IN LESSON","PRESENT IN LESSON","PRESENT IN LESSON","PRESENT IN LESSON","PRESENT IN LESSON","PRESENT IN LESSON","PRESENT IN LESSON","PRESENT IN LESSON","PRESENT IN LESSON","PRESENT IN LESSON","PRESENT IN LESSON","PRESENT IN LESSON","PRESENT IN LESSON","PRESENT IN LESSON","PRESENT IN LESSON","NOT APPLICABLE - TECHNOLOGY NONE","PRESENT IN LESSON","20","1","0","printable_student_materials|answer_key_or_expected_evidence|worked_example_if_build|finished_example_if_build|visual_example_if_helpful|board_or_chart_setup|expected_discussion_responses|kit_contents_list|kit_label_text|cleanup_instructions|kit_reset_instructions|unfinished_work_directions|common_misconceptions|annotated_exemplar|common_error_interpretation|reteaching_option|safety_risk_classification|adult_supervision_ratio|sds_product_gate|print_accessibility_check","external_service_compliance","None","../../Review/Local_Standards.md|../../Review/Standards_Sources.md|../../Review/Safety_Data_Sheet_Register.csv","None","DOCUMENT ARTIFACT CHECK COMPLETE - LOCAL RELEASE STILL REQUIRED","None detected","Text-presence and local-link screen only; a teacher must verify correctness, usability and physical kit state."
"Lessons/Grades_1-2_YearA/Week24-25_Dash_Robot_Adventures.md","1-2","Weekly","A","Coding","Dash Robot Adventures","PRESENT IN LESSON","PRESENT IN LESSON","PRESENT IN LESSON","PRESENT IN LESSON","PRESENT IN LESSON","PRESENT IN LESSON","PRESENT IN LESSON","PRESENT IN LESSON","PRESENT IN LESSON","PRESENT IN LESSON","PRESENT IN LESSON","PRESENT IN LESSON","PRESENT IN LESSON","PRESENT IN LESSON","PRESENT IN LESSON","PRESENT IN LESSON","PRESENT IN LESSON","PRESENT IN LESSON","PRESENT IN LESSON","PRESENT IN LESSON","PRESENT IN LESSON","21","0","0","printable_student_materials|answer_key_or_expected_evidence|worked_example_if_build|finished_example_if_build|visual_example_if_helpful|board_or_chart_setup|expected_discussion_responses|kit_contents_list|kit_label_text|cleanup_instructions|kit_reset_instructions|unfinished_work_directions|common_misconceptions|annotated_exemplar|common_error_interpretation|reteaching_option|safety_risk_classification|adult_supervision_ratio|sds_product_gate|external_service_compliance|print_accessibility_check","None","None","../../Review/Local_Standards.md|../../Review/Standards_Sources.md|../../Review/Safety_Data_Sheet_Register.csv","None","DOCUMENT ARTIFACT CHECK COMPLETE - LOCAL RELEASE STILL REQUIRED","None detected","Text-presence and local-link screen only; a teacher must verify correctness, usability and physical kit state."
"Lessons/Grades_1-2_YearA/Week26-27_Helping_Hands_Design.md","1-2","Weekly","A","Service","Helping Hands Design","PRESENT IN LESSON","PRESENT IN LESSON","PRESENT IN LESSON","PRESENT IN LESSON","PRESENT IN LESSON","PRESENT IN LESSON","PRESENT IN LESSON","PRESENT IN LESSON","PRESENT IN LESSON","PRESENT IN LESSON","PRESENT IN LESSON","PRESENT IN LESSON","PRESENT IN LESSON","PRESENT IN LESSON","PRESENT IN LESSON","PRESENT IN LESSON","PRESENT IN LESSON","PRESENT IN LESSON","PRESENT IN LESSON","NOT APPLICABLE - TECHNOLOGY NONE","PRESENT IN LESSON","20","1","0","printable_student_materials|answer_key_or_expected_evidence|worked_example_if_build|finished_example_if_build|visual_example_if_helpful|board_or_chart_setup|expected_discussion_responses|kit_contents_list|kit_label_text|cleanup_instructions|kit_reset_instructions|unfinished_work_directions|common_misconceptions|annotated_exemplar|common_error_interpretation|reteaching_option|safety_risk_classification|adult_supervision_ratio|sds_product_gate|print_accessibility_check","external_service_compliance","None","../../Review/Local_Standards.md|../../Review/Standards_Sources.md|../../Review/Safety_Data_Sheet_Register.csv","None","DOCUMENT ARTIFACT CHECK COMPLETE - LOCAL RELEASE STILL REQUIRED","None detected","Text-presence and local-link screen only; a teacher must verify correctness, usability and physical kit state."
"Lessons/Grades_1-2_YearA/Week28_Pi_Day_Circles.md","1-2","Weekly","A","Mathematics","Pi Day Circles","PRESENT IN LESSON","PRESENT IN LESSON","PRESENT IN LESSON","PRESENT IN LESSON","PRESENT IN LESSON","PRESENT IN LESSON","PRESENT IN LESSON","PRESENT IN LESSON","PRESENT IN LESSON","PRESENT IN LESSON","PRESENT IN LESSON","PRESENT IN LESSON","PRESENT IN LESSON","PRESENT IN LESSON","PRESENT IN LESSON","PRESENT IN LESSON","PRESENT IN LESSON","PRESENT IN LESSON","PRESENT IN LESSON","NOT APPLICABLE - TECHNOLOGY NONE","PRESENT IN LESSON","20","1","0","printable_student_materials|answer_key_or_expected_evidence|worked_example_if_build|finished_example_if_build|visual_example_if_helpful|board_or_chart_setup|expected_discussion_responses|kit_contents_list|kit_label_text|cleanup_instructions|kit_reset_instructions|unfinished_work_directions|common_misconceptions|annotated_exemplar|common_error_interpretation|reteaching_option|safety_risk_classification|adult_supervision_ratio|sds_product_gate|print_accessibility_check","external_service_compliance","None","../../Review/Safety_Data_Sheet_Register.csv","None","DOCUMENT ARTIFACT CHECK COMPLETE - LOCAL RELEASE STILL REQUIRED","None detected","Text-presence and local-link screen only; a teacher must verify correctness, usability and physical kit state."
"Lessons/Grades_1-2_YearA/Week29-31_Growing_Things.md","1-2","Weekly","A","Growth","Growing Things","PRESENT IN LESSON","PRESENT IN LESSON","PRESENT IN LESSON","PRESENT IN LESSON","PRESENT IN LESSON","PRESENT IN LESSON","PRESENT IN LESSON","PRESENT IN LESSON","PRESENT IN LESSON","PRESENT IN LESSON","PRESENT IN LESSON","PRESENT IN LESSON","PRESENT IN LESSON","PRESENT IN LESSON","PRESENT IN LESSON","PRESENT IN LESSON","PRESENT IN LESSON","PRESENT IN LESSON","PRESENT IN LESSON","NOT APPLICABLE - TECHNOLOGY NONE","PRESENT IN LESSON","20","1","0","printable_student_materials|answer_key_or_expected_evidence|worked_example_if_build|finished_example_if_build|visual_example_if_helpful|board_or_chart_setup|expected_discussion_responses|kit_contents_list|kit_label_text|cleanup_instructions|kit_reset_instructions|unfinished_work_directions|common_misconceptions|annotated_exemplar|common_error_interpretation|reteaching_option|safety_risk_classification|adult_supervision_ratio|sds_product_gate|print_accessibility_check","external_service_compliance","None","../../Review/Safety_Data_Sheet_Register.csv","None","DOCUMENT ARTIFACT CHECK COMPLETE - LOCAL RELEASE STILL REQUIRED","None detected","Text-presence and local-link screen only; a teacher must verify correctness, usability and physical kit state."
"Lessons/Grades_1-2_YearA/Week33_New_Life_Engineering.md","1-2","Weekly","A","New life","New Life Engineering","PRESENT IN LESSON","PRESENT IN LESSON","PRESENT IN LESSON","PRESENT IN LESSON","PRESENT IN LESSON","PRESENT IN LESSON","PRESENT IN LESSON","PRESENT IN LESSON","PRESENT IN LESSON","PRESENT IN LESSON","PRESENT IN LESSON","PRESENT IN LESSON","PRESENT IN LESSON","PRESENT IN LESSON","PRESENT IN LESSON","PRESENT IN LESSON","PRESENT IN LESSON","PRESENT IN LESSON","PRESENT IN LESSON","NOT APPLICABLE - TECHNOLOGY NONE","PRESENT IN LESSON","20","1","0","printable_student_materials|answer_key_or_expected_evidence|worked_example_if_build|finished_example_if_build|visual_example_if_helpful|board_or_chart_setup|expected_discussion_responses|kit_contents_list|kit_label_text|cleanup_instructions|kit_reset_instructions|unfinished_work_directions|common_misconceptions|annotated_exemplar|common_error_interpretation|reteaching_option|safety_risk_classification|adult_supervision_ratio|sds_product_gate|print_accessibility_check","external_service_compliance","None","../../Review/Local_Standards.md|../../Review/Standards_Sources.md|../../Review/Safety_Data_Sheet_Register.csv","None","DOCUMENT ARTIFACT CHECK COMPLETE - LOCAL RELEASE STILL REQUIRED","None detected","Text-presence and local-link screen only; a teacher must verify correctness, usability and physical kit state."
"Lessons/Grades_1-2_YearA/Week34_Year_Celebration.md","1-2","Weekly","A","Reflection","Year-End STREAM Celebration","PRESENT IN LESSON","PRESENT IN LESSON","PRESENT IN LESSON","PRESENT IN LESSON","PRESENT IN LESSON","PRESENT IN LESSON","PRESENT IN LESSON","PRESENT IN LESSON","PRESENT IN LESSON","PRESENT IN LESSON","PRESENT IN LESSON","PRESENT IN LESSON","PRESENT IN LESSON","PRESENT IN LESSON","PRESENT IN LESSON","PRESENT IN LESSON","PRESENT IN LESSON","PRESENT IN LESSON","PRESENT IN LESSON","NOT APPLICABLE - TECHNOLOGY NONE","PRESENT IN LESSON","20","1","0","printable_student_materials|answer_key_or_expected_evidence|worked_example_if_build|finished_example_if_build|visual_example_if_helpful|board_or_chart_setup|expected_discussion_responses|kit_contents_list|kit_label_text|cleanup_instructions|kit_reset_instructions|unfinished_work_directions|common_misconceptions|annotated_exemplar|common_error_interpretation|reteaching_option|safety_risk_classification|adult_supervision_ratio|sds_product_gate|print_accessibility_check","external_service_compliance","None","../../Review/Local_Standards.md|../../Review/Standards_Sources.md|../../Review/Safety_Data_Sheet_Register.csv","None","DOCUMENT ARTIFACT CHECK COMPLETE - LOCAL RELEASE STILL REQUIRED","None detected","Text-presence and local-link screen only; a teacher must verify correctness, usability and physical kit state."
"Lessons/Grades_1-2_YearB/Week01_Welcome_Scientists.md","1-2","Weekly","B","Observation","Welcome Back Scientists","PRESENT IN LESSON","PRESENT IN LESSON","PRESENT IN LESSON","PRESENT IN LESSON","PRESENT IN LESSON","PRESENT IN LESSON","PRESENT IN LESSON","PRESENT IN LESSON","PRESENT IN LESSON","PRESENT IN LESSON","PRESENT IN LESSON","PRESENT IN LESSON","PRESENT IN LESSON","PRESENT IN LESSON","PRESENT IN LESSON","PRESENT IN LESSON","PRESENT IN LESSON","PRESENT IN LESSON","PRESENT IN LESSON","NOT APPLICABLE - TECHNOLOGY NONE","PRESENT IN LESSON","20","1","0","printable_student_materials|answer_key_or_expected_evidence|worked_example_if_build|finished_example_if_build|visual_example_if_helpful|board_or_chart_setup|expected_discussion_responses|kit_contents_list|kit_label_text|cleanup_instructions|kit_reset_instructions|unfinished_work_directions|common_misconceptions|annotated_exemplar|common_error_interpretation|reteaching_option|safety_risk_classification|adult_supervision_ratio|sds_product_gate|print_accessibility_check","external_service_compliance","None","../../Review/Local_Standards.md|../../Review/Standards_Sources.md|../../Review/Safety_Data_Sheet_Register.csv","None","DOCUMENT ARTIFACT CHECK COMPLETE - LOCAL RELEASE STILL REQUIRED","None detected","Text-presence and local-link screen only; a teacher must verify correctness, usability and physical kit state."
"Lessons/Grades_1-2_YearB/Week02-03_Dash_Adventures.md","1-2","Weekly","B","Coding","Dash Robot Adventures","PRESENT IN LESSON","PRESENT IN LESSON","PRESENT IN LESSON","PRESENT IN LESSON","PRESENT IN LESSON","PRESENT IN LESSON","PRESENT IN LESSON","PRESENT IN LESSON","PRESENT IN LESSON","PRESENT IN LESSON","PRESENT IN LESSON","PRESENT IN LESSON","PRESENT IN LESSON","PRESENT IN LESSON","PRESENT IN LESSON","PRESENT IN LESSON","PRESENT IN LESSON","PRESENT IN LESSON","PRESENT IN LESSON","PRESENT IN LESSON","PRESENT IN LESSON","21","0","0","printable_student_materials|answer_key_or_expected_evidence|worked_example_if_build|finished_example_if_build|visual_example_if_helpful|board_or_chart_setup|expected_discussion_responses|kit_contents_list|kit_label_text|cleanup_instructions|kit_reset_instructions|unfinished_work_directions|common_misconceptions|annotated_exemplar|common_error_interpretation|reteaching_option|safety_risk_classification|adult_supervision_ratio|sds_product_gate|external_service_compliance|print_accessibility_check","None","None","../../Review/Safety_Data_Sheet_Register.csv","None","DOCUMENT ARTIFACT CHECK COMPLETE - LOCAL RELEASE STILL REQUIRED","None detected","Text-presence and local-link screen only; a teacher must verify correctness, usability and physical kit state."
"Lessons/Grades_1-2_YearB/Week04_Senses_Discovery.md","1-2","Weekly","B","Observation","Senses and Discovery","PRESENT IN LESSON","PRESENT IN LESSON","PRESENT IN LESSON","PRESENT IN LESSON","PRESENT IN LESSON","PRESENT IN LESSON","PRESENT IN LESSON","PRESENT IN LESSON","PRESENT IN LESSON","PRESENT IN LESSON","PRESENT IN LESSON","PRESENT IN LESSON","PRESENT IN LESSON","PRESENT IN LESSON","PRESENT IN LESSON","PRESENT IN LESSON","PRESENT IN LESSON","PRESENT IN LESSON","PRESENT IN LESSON","NOT APPLICABLE - TECHNOLOGY NONE","PRESENT IN LESSON","20","1","0","printable_student_materials|answer_key_or_expected_evidence|worked_example_if_build|finished_example_if_build|visual_example_if_helpful|board_or_chart_setup|expected_discussion_responses|kit_contents_list|kit_label_text|cleanup_instructions|kit_reset_instructions|unfinished_work_directions|common_misconceptions|annotated_exemplar|common_error_interpretation|reteaching_option|safety_risk_classification|adult_supervision_ratio|sds_product_gate|print_accessibility_check","external_service_compliance","None","../../Review/Safety_Data_Sheet_Register.csv","None","DOCUMENT ARTIFACT CHECK COMPLETE - LOCAL RELEASE STILL REQUIRED","None detected","Text-presence and local-link screen only; a teacher must verify correctness, usability and physical kit state."
"Lessons/Grades_1-2_YearB/Week05-06_Tower_Engineering.md","1-2","Weekly","B","Structures","Tower Engineering","PRESENT IN LESSON","PRESENT IN LESSON","PRESENT IN LESSON","PRESENT IN LESSON","PRESENT IN LESSON","PRESENT IN LESSON","PRESENT IN LESSON","PRESENT IN LESSON","PRESENT IN LESSON","PRESENT IN LESSON","PRESENT IN LESSON","PRESENT IN LESSON","PRESENT IN LESSON","PRESENT IN LESSON","PRESENT IN LESSON","PRESENT IN LESSON","PRESENT IN LESSON","PRESENT IN LESSON","PRESENT IN LESSON","NOT APPLICABLE - TECHNOLOGY NONE","PRESENT IN LESSON","20","1","0","printable_student_materials|answer_key_or_expected_evidence|worked_example_if_build|finished_example_if_build|visual_example_if_helpful|board_or_chart_setup|expected_discussion_responses|kit_contents_list|kit_label_text|cleanup_instructions|kit_reset_instructions|unfinished_work_directions|common_misconceptions|annotated_exemplar|common_error_interpretation|reteaching_option|safety_risk_classification|adult_supervision_ratio|sds_product_gate|print_accessibility_check","external_service_compliance","None","../../Review/Local_Standards.md|../../Review/Standards_Sources.md|../../Review/Safety_Data_Sheet_Register.csv","None","DOCUMENT ARTIFACT CHECK COMPLETE - LOCAL RELEASE STILL REQUIRED","None detected","Text-presence and local-link screen only; a teacher must verify correctness, usability and physical kit state."
"Lessons/Grades_1-2_YearB/Week07-09_Animal_Habitats.md","1-2","Weekly","B","Habitats","Animal Habitats","PRESENT IN LESSON","PRESENT IN LESSON","PRESENT IN LESSON","PRESENT IN LESSON","PRESENT IN LESSON","PRESENT IN LESSON","PRESENT IN LESSON","PRESENT IN LESSON","PRESENT IN LESSON","PRESENT IN LESSON","PRESENT IN LESSON","PRESENT IN LESSON","PRESENT IN LESSON","PRESENT IN LESSON","PRESENT IN LESSON","PRESENT IN LESSON","PRESENT IN LESSON","PRESENT IN LESSON","PRESENT IN LESSON","NOT APPLICABLE - TECHNOLOGY NONE","PRESENT IN LESSON","20","1","0","printable_student_materials|answer_key_or_expected_evidence|worked_example_if_build|finished_example_if_build|visual_example_if_helpful|board_or_chart_setup|expected_discussion_responses|kit_contents_list|kit_label_text|cleanup_instructions|kit_reset_instructions|unfinished_work_directions|common_misconceptions|annotated_exemplar|common_error_interpretation|reteaching_option|safety_risk_classification|adult_supervision_ratio|sds_product_gate|print_accessibility_check","external_service_compliance","None","../../Review/Local_Standards.md|../../Review/Standards_Sources.md|../../Review/Safety_Data_Sheet_Register.csv","None","DOCUMENT ARTIFACT CHECK COMPLETE - LOCAL RELEASE STILL REQUIRED","None detected","Text-presence and local-link screen only; a teacher must verify correctness, usability and physical kit state."
"Lessons/Grades_1-2_YearB/Week10_Ramp_Races.md","1-2","Weekly","B","Motion","Ramp Races","PRESENT IN LESSON","PRESENT IN LESSON","PRESENT IN LESSON","PRESENT IN LESSON","PRESENT IN LESSON","PRESENT IN LESSON","PRESENT IN LESSON","PRESENT IN LESSON","PRESENT IN LESSON","PRESENT IN LESSON","PRESENT IN LESSON","PRESENT IN LESSON","PRESENT IN LESSON","PRESENT IN LESSON","PRESENT IN LESSON","PRESENT IN LESSON","PRESENT IN LESSON","PRESENT IN LESSON","PRESENT IN LESSON","NOT APPLICABLE - TECHNOLOGY NONE","PRESENT IN LESSON","20","1","0","printable_student_materials|answer_key_or_expected_evidence|worked_example_if_build|finished_example_if_build|visual_example_if_helpful|board_or_chart_setup|expected_discussion_responses|kit_contents_list|kit_label_text|cleanup_instructions|kit_reset_instructions|unfinished_work_directions|common_misconceptions|annotated_exemplar|common_error_interpretation|reteaching_option|safety_risk_classification|adult_supervision_ratio|sds_product_gate|print_accessibility_check","external_service_compliance","None","../../Review/Safety_Data_Sheet_Register.csv","None","DOCUMENT ARTIFACT CHECK COMPLETE - LOCAL RELEASE STILL REQUIRED","None detected","Text-presence and local-link screen only; a teacher must verify correctness, usability and physical kit state."
"Lessons/Grades_1-2_YearB/Week11_Thanksgiving_Coding.md","1-2","Weekly","B","Coding","Thanksgiving Coding","PRESENT IN LESSON","PRESENT IN LESSON","PRESENT IN LESSON","PRESENT IN LESSON","PRESENT IN LESSON","PRESENT IN LESSON","PRESENT IN LESSON","PRESENT IN LESSON","PRESENT IN LESSON","PRESENT IN LESSON","PRESENT IN LESSON","PRESENT IN LESSON","PRESENT IN LESSON","PRESENT IN LESSON","PRESENT IN LESSON","PRESENT IN LESSON","PRESENT IN LESSON","PRESENT IN LESSON","PRESENT IN LESSON","PRESENT IN LESSON","PRESENT IN LESSON","21","0","0","printable_student_materials|answer_key_or_expected_evidence|worked_example_if_build|finished_example_if_build|visual_example_if_helpful|board_or_chart_setup|expected_discussion_responses|kit_contents_list|kit_label_text|cleanup_instructions|kit_reset_instructions|unfinished_work_directions|common_misconceptions|annotated_exemplar|common_error_interpretation|reteaching_option|safety_risk_classification|adult_supervision_ratio|sds_product_gate|external_service_compliance|print_accessibility_check","None","None","../../Review/Local_Standards.md|../../Review/Standards_Sources.md|../../Review/Safety_Data_Sheet_Register.csv","None","DOCUMENT ARTIFACT CHECK COMPLETE - LOCAL RELEASE STILL REQUIRED","None detected","Text-presence and local-link screen only; a teacher must verify correctness, usability and physical kit state."
"Lessons/Grades_1-2_YearB/Week12_Gifts_Others.md","1-2","Weekly","B","Service","Gifts for Others","PRESENT IN LESSON","PRESENT IN LESSON","PRESENT IN LESSON","PRESENT IN LESSON","PRESENT IN LESSON","PRESENT IN LESSON","PRESENT IN LESSON","PRESENT IN LESSON","PRESENT IN LESSON","PRESENT IN LESSON","PRESENT IN LESSON","PRESENT IN LESSON","PRESENT IN LESSON","PRESENT IN LESSON","PRESENT IN LESSON","PRESENT IN LESSON","PRESENT IN LESSON","PRESENT IN LESSON","PRESENT IN LESSON","NOT APPLICABLE - TECHNOLOGY NONE","PRESENT IN LESSON","20","1","0","printable_student_materials|answer_key_or_expected_evidence|worked_example_if_build|finished_example_if_build|visual_example_if_helpful|board_or_chart_setup|expected_discussion_responses|kit_contents_list|kit_label_text|cleanup_instructions|kit_reset_instructions|unfinished_work_directions|common_misconceptions|annotated_exemplar|common_error_interpretation|reteaching_option|safety_risk_classification|adult_supervision_ratio|sds_product_gate|print_accessibility_check","external_service_compliance","None","../../Review/Local_Standards.md|../../Review/Standards_Sources.md|../../Review/Safety_Data_Sheet_Register.csv","None","DOCUMENT ARTIFACT CHECK COMPLETE - LOCAL RELEASE STILL REQUIRED","None detected","Text-presence and local-link screen only; a teacher must verify correctness, usability and physical kit state."
"Lessons/Grades_1-2_YearB/Week13_Fall_Festival.md","1-2","Weekly","B","Reflection","Fall Festival","PRESENT IN LESSON","PRESENT IN LESSON","PRESENT IN LESSON","PRESENT IN LESSON","PRESENT IN LESSON","PRESENT IN LESSON","PRESENT IN LESSON","PRESENT IN LESSON","PRESENT IN LESSON","PRESENT IN LESSON","PRESENT IN LESSON","PRESENT IN LESSON","PRESENT IN LESSON","PRESENT IN LESSON","PRESENT IN LESSON","PRESENT IN LESSON","PRESENT IN LESSON","PRESENT IN LESSON","PRESENT IN LESSON","NOT APPLICABLE - TECHNOLOGY NONE","PRESENT IN LESSON","20","1","0","printable_student_materials|answer_key_or_expected_evidence|worked_example_if_build|finished_example_if_build|visual_example_if_helpful|board_or_chart_setup|expected_discussion_responses|kit_contents_list|kit_label_text|cleanup_instructions|kit_reset_instructions|unfinished_work_directions|common_misconceptions|annotated_exemplar|common_error_interpretation|reteaching_option|safety_risk_classification|adult_supervision_ratio|sds_product_gate|print_accessibility_check","external_service_compliance","None","../../Review/Local_Standards.md|../../Review/Standards_Sources.md|../../Review/Safety_Data_Sheet_Register.csv","None","DOCUMENT ARTIFACT CHECK COMPLETE - LOCAL RELEASE STILL REQUIRED","None detected","Text-presence and local-link screen only; a teacher must verify correctness, usability and physical kit state."
"Lessons/Grades_1-2_YearB/Week14-15_Stars_Light.md","1-2","Weekly","B","Light","Stars and Light","PRESENT IN LESSON","PRESENT IN LESSON","PRESENT IN LESSON","PRESENT IN LESSON","PRESENT IN LESSON","PRESENT IN LESSON","PRESENT IN LESSON","PRESENT IN LESSON","PRESENT IN LESSON","PRESENT IN LESSON","PRESENT IN LESSON","PRESENT IN LESSON","PRESENT IN LESSON","PRESENT IN LESSON","PRESENT IN LESSON","PRESENT IN LESSON","PRESENT IN LESSON","PRESENT IN LESSON","PRESENT IN LESSON","NOT APPLICABLE - TECHNOLOGY NONE","PRESENT IN LESSON","20","1","0","printable_student_materials|answer_key_or_expected_evidence|worked_example_if_build|finished_example_if_build|visual_example_if_helpful|board_or_chart_setup|expected_discussion_responses|kit_contents_list|kit_label_text|cleanup_instructions|kit_reset_instructions|unfinished_work_directions|common_misconceptions|annotated_exemplar|common_error_interpretation|reteaching_option|safety_risk_classification|adult_supervision_ratio|sds_product_gate|print_accessibility_check","external_service_compliance","None","../../Review/Local_Standards.md|../../Review/Standards_Sources.md|../../Review/Safety_Data_Sheet_Register.csv","None","DOCUMENT ARTIFACT CHECK COMPLETE - LOCAL RELEASE STILL REQUIRED","None detected","Text-presence and local-link screen only; a teacher must verify correctness, usability and physical kit state."
"Lessons/Grades_1-2_YearB/Week16_Winter_Wonders.md","1-2","Weekly","B","Winter","Winter Wonders","PRESENT IN LESSON","PRESENT IN LESSON","PRESENT IN LESSON","PRESENT IN LESSON","PRESENT IN LESSON","PRESENT IN LESSON","PRESENT IN LESSON","PRESENT IN LESSON","PRESENT IN LESSON","PRESENT IN LESSON","PRESENT IN LESSON","PRESENT IN LESSON","PRESENT IN LESSON","PRESENT IN LESSON","PRESENT IN LESSON","PRESENT IN LESSON","PRESENT IN LESSON","PRESENT IN LESSON","PRESENT IN LESSON","NOT APPLICABLE - TECHNOLOGY NONE","PRESENT IN LESSON","20","1","0","printable_student_materials|answer_key_or_expected_evidence|worked_example_if_build|finished_example_if_build|visual_example_if_helpful|board_or_chart_setup|expected_discussion_responses|kit_contents_list|kit_label_text|cleanup_instructions|kit_reset_instructions|unfinished_work_directions|common_misconceptions|annotated_exemplar|common_error_interpretation|reteaching_option|safety_risk_classification|adult_supervision_ratio|sds_product_gate|print_accessibility_check","external_service_compliance","None","../../Review/Safety_Data_Sheet_Register.csv","None","DOCUMENT ARTIFACT CHECK COMPLETE - LOCAL RELEASE STILL REQUIRED","None detected","Text-presence and local-link screen only; a teacher must verify correctness, usability and physical kit state."
"Lessons/Grades_1-2_YearB/Week18_Growth_Goals.md","1-2","Weekly","B","Reflection","Growth Goals","PRESENT IN LESSON","PRESENT IN LESSON","PRESENT IN LESSON","PRESENT IN LESSON","PRESENT IN LESSON","PRESENT IN LESSON","PRESENT IN LESSON","PRESENT IN LESSON","PRESENT IN LESSON","PRESENT IN LESSON","PRESENT IN LESSON","PRESENT IN LESSON","PRESENT IN LESSON","PRESENT IN LESSON","PRESENT IN LESSON","PRESENT IN LESSON","PRESENT IN LESSON","PRESENT IN LESSON","PRESENT IN LESSON","NOT APPLICABLE - TECHNOLOGY NONE","PRESENT IN LESSON","20","1","0","printable_student_materials|answer_key_or_expected_evidence|worked_example_if_build|finished_example_if_build|visual_example_if_helpful|board_or_chart_setup|expected_discussion_responses|kit_contents_list|kit_label_text|cleanup_instructions|kit_reset_instructions|unfinished_work_directions|common_misconceptions|annotated_exemplar|common_error_interpretation|reteaching_option|safety_risk_classification|adult_supervision_ratio|sds_product_gate|print_accessibility_check","external_service_compliance","None","../../Review/Local_Standards.md|../../Review/Standards_Sources.md|../../Review/Safety_Data_Sheet_Register.csv","None","DOCUMENT ARTIFACT CHECK COMPLETE - LOCAL RELEASE STILL REQUIRED","None detected","Text-presence and local-link screen only; a teacher must verify correctness, usability and physical kit state."
"Lessons/Grades_1-2_YearB/Week19-22_Invention_Labs.md","1-2","Weekly","B","Invention","Invention Labs","PRESENT IN LESSON","PRESENT IN LESSON","PRESENT IN LESSON","PRESENT IN LESSON","PRESENT IN LESSON","PRESENT IN LESSON","PRESENT IN LESSON","PRESENT IN LESSON","PRESENT IN LESSON","PRESENT IN LESSON","PRESENT IN LESSON","PRESENT IN LESSON","PRESENT IN LESSON","PRESENT IN LESSON","PRESENT IN LESSON","PRESENT IN LESSON","PRESENT IN LESSON","PRESENT IN LESSON","PRESENT IN LESSON","NOT APPLICABLE - TECHNOLOGY NONE","PRESENT IN LESSON","20","1","0","printable_student_materials|answer_key_or_expected_evidence|worked_example_if_build|finished_example_if_build|visual_example_if_helpful|board_or_chart_setup|expected_discussion_responses|kit_contents_list|kit_label_text|cleanup_instructions|kit_reset_instructions|unfinished_work_directions|common_misconceptions|annotated_exemplar|common_error_interpretation|reteaching_option|safety_risk_classification|adult_supervision_ratio|sds_product_gate|print_accessibility_check","external_service_compliance","None","../../Review/Local_Standards.md|../../Review/Standards_Sources.md|../../Review/Safety_Data_Sheet_Register.csv","None","DOCUMENT ARTIFACT CHECK COMPLETE - LOCAL RELEASE STILL REQUIRED","None detected","Text-presence and local-link screen only; a teacher must verify correctness, usability and physical kit state."
"Lessons/Grades_1-2_YearB/Week23_Catholic_Schools.md","1-2","Weekly","B","Faith and reason","Catholic Schools Celebration","PRESENT IN LESSON","PRESENT IN LESSON","PRESENT IN LESSON","PRESENT IN LESSON","PRESENT IN LESSON","PRESENT IN LESSON","PRESENT IN LESSON","PRESENT IN LESSON","PRESENT IN LESSON","PRESENT IN LESSON","PRESENT IN LESSON","PRESENT IN LESSON","PRESENT IN LESSON","PRESENT IN LESSON","PRESENT IN LESSON","PRESENT IN LESSON","PRESENT IN LESSON","PRESENT IN LESSON","PRESENT IN LESSON","NOT APPLICABLE - TECHNOLOGY NONE","PRESENT IN LESSON","20","1","0","printable_student_materials|answer_key_or_expected_evidence|worked_example_if_build|finished_example_if_build|visual_example_if_helpful|board_or_chart_setup|expected_discussion_responses|kit_contents_list|kit_label_text|cleanup_instructions|kit_reset_instructions|unfinished_work_directions|common_misconceptions|annotated_exemplar|common_error_interpretation|reteaching_option|safety_risk_classification|adult_supervision_ratio|sds_product_gate|print_accessibility_check","external_service_compliance","None","../../Review/Local_Standards.md|../../Review/Standards_Sources.md|../../Review/Safety_Data_Sheet_Register.csv","None","DOCUMENT ARTIFACT CHECK COMPLETE - LOCAL RELEASE STILL REQUIRED","None detected","Text-presence and local-link screen only; a teacher must verify correctness, usability and physical kit state."
"Lessons/Grades_1-2_YearB/Week24-25_Friendship_Machines.md","1-2","Weekly","B","Motion","Friendship Machines","PRESENT IN LESSON","PRESENT IN LESSON","PRESENT IN LESSON","PRESENT IN LESSON","PRESENT IN LESSON","PRESENT IN LESSON","PRESENT IN LESSON","PRESENT IN LESSON","PRESENT IN LESSON","PRESENT IN LESSON","PRESENT IN LESSON","PRESENT IN LESSON","PRESENT IN LESSON","PRESENT IN LESSON","PRESENT IN LESSON","PRESENT IN LESSON","PRESENT IN LESSON","PRESENT IN LESSON","PRESENT IN LESSON","NOT APPLICABLE - TECHNOLOGY NONE","PRESENT IN LESSON","20","1","0","printable_student_materials|answer_key_or_expected_evidence|worked_example_if_build|finished_example_if_build|visual_example_if_helpful|board_or_chart_setup|expected_discussion_responses|kit_contents_list|kit_label_text|cleanup_instructions|kit_reset_instructions|unfinished_work_directions|common_misconceptions|annotated_exemplar|common_error_interpretation|reteaching_option|safety_risk_classification|adult_supervision_ratio|sds_product_gate|print_accessibility_check","external_service_compliance","None","../../Review/Local_Standards.md|../../Review/Standards_Sources.md|../../Review/Safety_Data_Sheet_Register.csv","None","DOCUMENT ARTIFACT CHECK COMPLETE - LOCAL RELEASE STILL REQUIRED","None detected","Text-presence and local-link screen only; a teacher must verify correctness, usability and physical kit state."
"Lessons/Grades_1-2_YearB/Week26-27_Garden_Engineering.md","1-2","Weekly","B","Growth","Garden Engineering","PRESENT IN LESSON","PRESENT IN LESSON","PRESENT IN LESSON","PRESENT IN LESSON","PRESENT IN LESSON","PRESENT IN LESSON","PRESENT IN LESSON","PRESENT IN LESSON","PRESENT IN LESSON","PRESENT IN LESSON","PRESENT IN LESSON","PRESENT IN LESSON","PRESENT IN LESSON","PRESENT IN LESSON","PRESENT IN LESSON","PRESENT IN LESSON","PRESENT IN LESSON","PRESENT IN LESSON","PRESENT IN LESSON","NOT APPLICABLE - TECHNOLOGY NONE","PRESENT IN LESSON","20","1","0","printable_student_materials|answer_key_or_expected_evidence|worked_example_if_build|finished_example_if_build|visual_example_if_helpful|board_or_chart_setup|expected_discussion_responses|kit_contents_list|kit_label_text|cleanup_instructions|kit_reset_instructions|unfinished_work_directions|common_misconceptions|annotated_exemplar|common_error_interpretation|reteaching_option|safety_risk_classification|adult_supervision_ratio|sds_product_gate|print_accessibility_check","external_service_compliance","None","../../Review/Local_Standards.md|../../Review/Standards_Sources.md|../../Review/Safety_Data_Sheet_Register.csv","None","DOCUMENT ARTIFACT CHECK COMPLETE - LOCAL RELEASE STILL REQUIRED","None detected","Text-presence and local-link screen only; a teacher must verify correctness, usability and physical kit state."
"Lessons/Grades_1-2_YearB/Week28_Math_Games.md","1-2","Weekly","B","Mathematics","Math Day Games","PRESENT IN LESSON","PRESENT IN LESSON","PRESENT IN LESSON","PRESENT IN LESSON","PRESENT IN LESSON","PRESENT IN LESSON","PRESENT IN LESSON","PRESENT IN LESSON","PRESENT IN LESSON","PRESENT IN LESSON","PRESENT IN LESSON","PRESENT IN LESSON","PRESENT IN LESSON","PRESENT IN LESSON","PRESENT IN LESSON","PRESENT IN LESSON","PRESENT IN LESSON","PRESENT IN LESSON","PRESENT IN LESSON","NOT APPLICABLE - TECHNOLOGY NONE","PRESENT IN LESSON","20","1","0","printable_student_materials|answer_key_or_expected_evidence|worked_example_if_build|finished_example_if_build|visual_example_if_helpful|board_or_chart_setup|expected_discussion_responses|kit_contents_list|kit_label_text|cleanup_instructions|kit_reset_instructions|unfinished_work_directions|common_misconceptions|annotated_exemplar|common_error_interpretation|reteaching_option|safety_risk_classification|adult_supervision_ratio|sds_product_gate|print_accessibility_check","external_service_compliance","None","../../Review/Local_Standards.md|../../Review/Standards_Sources.md|../../Review/Safety_Data_Sheet_Register.csv","None","DOCUMENT ARTIFACT CHECK COMPLETE - LOCAL RELEASE STILL REQUIRED","None detected","Text-presence and local-link screen only; a teacher must verify correctness, usability and physical kit state."
"Lessons/Grades_1-2_YearB/Week29-31_Butterfly_Engineering.md","1-2","Weekly","B","Life cycles","Butterfly Engineering","PRESENT IN LESSON","PRESENT IN LESSON","PRESENT IN LESSON","PRESENT IN LESSON","PRESENT IN LESSON","PRESENT IN LESSON","PRESENT IN LESSON","PRESENT IN LESSON","PRESENT IN LESSON","PRESENT IN LESSON","PRESENT IN LESSON","PRESENT IN LESSON","PRESENT IN LESSON","PRESENT IN LESSON","PRESENT IN LESSON","PRESENT IN LESSON","PRESENT IN LESSON","PRESENT IN LESSON","PRESENT IN LESSON","NOT APPLICABLE - TECHNOLOGY NONE","PRESENT IN LESSON","20","1","0","printable_student_materials|answer_key_or_expected_evidence|worked_example_if_build|finished_example_if_build|visual_example_if_helpful|board_or_chart_setup|expected_discussion_responses|kit_contents_list|kit_label_text|cleanup_instructions|kit_reset_instructions|unfinished_work_directions|common_misconceptions|annotated_exemplar|common_error_interpretation|reteaching_option|safety_risk_classification|adult_supervision_ratio|sds_product_gate|print_accessibility_check","external_service_compliance","None","../../Review/Local_Standards.md|../../Review/Standards_Sources.md|../../Review/Safety_Data_Sheet_Register.csv","None","DOCUMENT ARTIFACT CHECK COMPLETE - LOCAL RELEASE STILL REQUIRED","None detected","Text-presence and local-link screen only; a teacher must verify correctness, usability and physical kit state."
"Lessons/Grades_1-2_YearB/Week33_New_Life.md","1-2","Weekly","B","New life","New Life Celebration","PRESENT IN LESSON","PRESENT IN LESSON","PRESENT IN LESSON","PRESENT IN LESSON","PRESENT IN LESSON","PRESENT IN LESSON","PRESENT IN LESSON","PRESENT IN LESSON","PRESENT IN LESSON","PRESENT IN LESSON","PRESENT IN LESSON","PRESENT IN LESSON","PRESENT IN LESSON","PRESENT IN LESSON","PRESENT IN LESSON","PRESENT IN LESSON","PRESENT IN LESSON","PRESENT IN LESSON","PRESENT IN LESSON","NOT APPLICABLE - TECHNOLOGY NONE","PRESENT IN LESSON","20","1","0","printable_student_materials|answer_key_or_expected_evidence|worked_example_if_build|finished_example_if_build|visual_example_if_helpful|board_or_chart_setup|expected_discussion_responses|kit_contents_list|kit_label_text|cleanup_instructions|kit_reset_instructions|unfinished_work_directions|common_misconceptions|annotated_exemplar|common_error_interpretation|reteaching_option|safety_risk_classification|adult_supervision_ratio|sds_product_gate|print_accessibility_check","external_service_compliance","None","../../Review/Local_Standards.md|../../Review/Standards_Sources.md|../../Review/Safety_Data_Sheet_Register.csv","None","DOCUMENT ARTIFACT CHECK COMPLETE - LOCAL RELEASE STILL REQUIRED","None detected","Text-presence and local-link screen only; a teacher must verify correctness, usability and physical kit state."
"Lessons/Grades_1-2_YearB/Week34_Showcase.md","1-2","Weekly","B","Reflection","Year B Showcase","PRESENT IN LESSON","PRESENT IN LESSON","PRESENT IN LESSON","PRESENT IN LESSON","PRESENT IN LESSON","PRESENT IN LESSON","PRESENT IN LESSON","PRESENT IN LESSON","PRESENT IN LESSON","PRESENT IN LESSON","PRESENT IN LESSON","PRESENT IN LESSON","PRESENT IN LESSON","PRESENT IN LESSON","PRESENT IN LESSON","PRESENT IN LESSON","PRESENT IN LESSON","PRESENT IN LESSON","PRESENT IN LESSON","NOT APPLICABLE - TECHNOLOGY NONE","PRESENT IN LESSON","20","1","0","printable_student_materials|answer_key_or_expected_evidence|worked_example_if_build|finished_example_if_build|visual_example_if_helpful|board_or_chart_setup|expected_discussion_responses|kit_contents_list|kit_label_text|cleanup_instructions|kit_reset_instructions|unfinished_work_directions|common_misconceptions|annotated_exemplar|common_error_interpretation|reteaching_option|safety_risk_classification|adult_supervision_ratio|sds_product_gate|print_accessibility_check","external_service_compliance","None","../../Review/Local_Standards.md|../../Review/Standards_Sources.md|../../Review/Safety_Data_Sheet_Register.csv","None","DOCUMENT ARTIFACT CHECK COMPLETE - LOCAL RELEASE STILL REQUIRED","None detected","Text-presence and local-link screen only; a teacher must verify correctness, usability and physical kit state."
"Lessons/Grades_3-4_YearA/Week01_Welcome_to_CSTREAM.md","3-4","Weekly","A","Foundations","Welcome to C-STREAM","PRESENT IN LESSON","PRESENT IN LESSON","PRESENT IN LESSON","PRESENT IN LESSON","PRESENT IN LESSON","PRESENT IN LESSON","PRESENT IN LESSON","PRESENT IN LESSON","PRESENT IN LESSON","PRESENT IN LESSON","PRESENT IN LESSON","PRESENT IN LESSON","PRESENT IN LESSON","PRESENT IN LESSON","PRESENT IN LESSON","PRESENT IN LESSON","PRESENT IN LESSON","PRESENT IN LESSON","PRESENT IN LESSON","NOT APPLICABLE - TECHNOLOGY NONE","PRESENT IN LESSON","20","1","0","printable_student_materials|answer_key_or_expected_evidence|worked_example_if_build|finished_example_if_build|visual_example_if_helpful|board_or_chart_setup|expected_discussion_responses|kit_contents_list|kit_label_text|cleanup_instructions|kit_reset_instructions|unfinished_work_directions|common_misconceptions|annotated_exemplar|common_error_interpretation|reteaching_option|safety_risk_classification|adult_supervision_ratio|sds_product_gate|print_accessibility_check","external_service_compliance","None","None","None","DOCUMENT ARTIFACT CHECK COMPLETE - LOCAL RELEASE STILL REQUIRED","None detected","Text-presence and local-link screen only; a teacher must verify correctness, usability and physical kit state."
"Lessons/Grades_3-4_YearA/Week02-03_Sphero_Advanced.md","3-4","Weekly","A","Computing","Sphero Advanced Coding","PRESENT IN LESSON","PRESENT IN LESSON","PRESENT IN LESSON","PRESENT IN LESSON","PRESENT IN LESSON","PRESENT IN LESSON","PRESENT IN LESSON","PRESENT IN LESSON","PRESENT IN LESSON","PRESENT IN LESSON","PRESENT IN LESSON","PRESENT IN LESSON","PRESENT IN LESSON","PRESENT IN LESSON","PRESENT IN LESSON","PRESENT IN LESSON","PRESENT IN LESSON","PRESENT IN LESSON","PRESENT IN LESSON","PRESENT IN LESSON","PRESENT IN LESSON","21","0","0","printable_student_materials|answer_key_or_expected_evidence|worked_example_if_build|finished_example_if_build|visual_example_if_helpful|board_or_chart_setup|expected_discussion_responses|kit_contents_list|kit_label_text|cleanup_instructions|kit_reset_instructions|unfinished_work_directions|common_misconceptions|annotated_exemplar|common_error_interpretation|reteaching_option|safety_risk_classification|adult_supervision_ratio|sds_product_gate|external_service_compliance|print_accessibility_check","None","None","../../Review/Safety_Data_Sheet_Register.csv","None","DOCUMENT ARTIFACT CHECK COMPLETE - LOCAL RELEASE STILL REQUIRED","None detected","Text-presence and local-link screen only; a teacher must verify correctness, usability and physical kit state."
"Lessons/Grades_3-4_YearA/Week04_Scientific_Method.md","3-4","Weekly","A","Inquiry","Scientific Method","PRESENT IN LESSON","PRESENT IN LESSON","NOT APPLICABLE - NO BUILD DETECTED","NOT APPLICABLE - NO BUILD DETECTED","PRESENT IN LESSON","PRESENT IN LESSON","PRESENT IN LESSON","PRESENT IN LESSON","PRESENT IN LESSON","PRESENT IN LESSON","PRESENT IN LESSON","PRESENT IN LESSON","PRESENT IN LESSON","PRESENT IN LESSON","PRESENT IN LESSON","PRESENT IN LESSON","PRESENT IN LESSON","PRESENT IN LESSON","PRESENT IN LESSON","NOT APPLICABLE - TECHNOLOGY NONE","PRESENT IN LESSON","18","3","0","printable_student_materials|answer_key_or_expected_evidence|visual_example_if_helpful|board_or_chart_setup|expected_discussion_responses|kit_contents_list|kit_label_text|cleanup_instructions|kit_reset_instructions|unfinished_work_directions|common_misconceptions|annotated_exemplar|common_error_interpretation|reteaching_option|safety_risk_classification|adult_supervision_ratio|sds_product_gate|print_accessibility_check","worked_example_if_build|finished_example_if_build|external_service_compliance","None","None","None","DOCUMENT ARTIFACT CHECK COMPLETE - LOCAL RELEASE STILL REQUIRED","None detected","Text-presence and local-link screen only; a teacher must verify correctness, usability and physical kit state."
"Lessons/Grades_3-4_YearA/Week05-06_KEVA_Challenges.md","3-4","Weekly","A","Structures","KEVA Engineering Challenges","PRESENT IN LESSON","PRESENT IN LESSON","PRESENT IN LESSON","PRESENT IN LESSON","PRESENT IN LESSON","PRESENT IN LESSON","PRESENT IN LESSON","PRESENT IN LESSON","PRESENT IN LESSON","PRESENT IN LESSON","PRESENT IN LESSON","PRESENT IN LESSON","PRESENT IN LESSON","PRESENT IN LESSON","PRESENT IN LESSON","PRESENT IN LESSON","PRESENT IN LESSON","PRESENT IN LESSON","NOT APPLICABLE - NO CHEMICAL TERM DETECTED","NOT APPLICABLE - TECHNOLOGY NONE","PRESENT IN LESSON","19","2","0","printable_student_materials|answer_key_or_expected_evidence|worked_example_if_build|finished_example_if_build|visual_example_if_helpful|board_or_chart_setup|expected_discussion_responses|kit_contents_list|kit_label_text|cleanup_instructions|kit_reset_instructions|unfinished_work_directions|common_misconceptions|annotated_exemplar|common_error_interpretation|reteaching_option|safety_risk_classification|adult_supervision_ratio|print_accessibility_check","sds_product_gate|external_service_compliance","None","None","None","DOCUMENT ARTIFACT CHECK COMPLETE - LOCAL RELEASE STILL REQUIRED","None detected","Text-presence and local-link screen only; a teacher must verify correctness, usability and physical kit state."
"Lessons/Grades_3-4_YearA/Week07-09_Community_Helpers.md","3-4","Weekly","A","Service design","Community Helpers","PRESENT IN LESSON","PRESENT IN LESSON","PRESENT IN LESSON","PRESENT IN LESSON","PRESENT IN LESSON","PRESENT IN LESSON","PRESENT IN LESSON","PRESENT IN LESSON","PRESENT IN LESSON","PRESENT IN LESSON","PRESENT IN LESSON","PRESENT IN LESSON","PRESENT IN LESSON","PRESENT IN LESSON","PRESENT IN LESSON","PRESENT IN LESSON","PRESENT IN LESSON","PRESENT IN LESSON","PRESENT IN LESSON","NOT APPLICABLE - TECHNOLOGY NONE","PRESENT IN LESSON","20","1","0","printable_student_materials|answer_key_or_expected_evidence|worked_example_if_build|finished_example_if_build|visual_example_if_helpful|board_or_chart_setup|expected_discussion_responses|kit_contents_list|kit_label_text|cleanup_instructions|kit_reset_instructions|unfinished_work_directions|common_misconceptions|annotated_exemplar|common_error_interpretation|reteaching_option|safety_risk_classification|adult_supervision_ratio|sds_product_gate|print_accessibility_check","external_service_compliance","None","../../Review/Safety_Data_Sheet_Register.csv","None","DOCUMENT ARTIFACT CHECK COMPLETE - LOCAL RELEASE STILL REQUIRED","None detected","Text-presence and local-link screen only; a teacher must verify correctness, usability and physical kit state."
"Lessons/Grades_3-4_YearA/Week10_Bridge_Engineering.md","3-4","Weekly","A","Structures","Bridge Engineering","PRESENT IN LESSON","PRESENT IN LESSON","PRESENT IN LESSON","PRESENT IN LESSON","PRESENT IN LESSON","PRESENT IN LESSON","PRESENT IN LESSON","PRESENT IN LESSON","PRESENT IN LESSON","PRESENT IN LESSON","PRESENT IN LESSON","PRESENT IN LESSON","PRESENT IN LESSON","PRESENT IN LESSON","PRESENT IN LESSON","PRESENT IN LESSON","PRESENT IN LESSON","PRESENT IN LESSON","PRESENT IN LESSON","NOT APPLICABLE - TECHNOLOGY NONE","PRESENT IN LESSON","20","1","0","printable_student_materials|answer_key_or_expected_evidence|worked_example_if_build|finished_example_if_build|visual_example_if_helpful|board_or_chart_setup|expected_discussion_responses|kit_contents_list|kit_label_text|cleanup_instructions|kit_reset_instructions|unfinished_work_directions|common_misconceptions|annotated_exemplar|common_error_interpretation|reteaching_option|safety_risk_classification|adult_supervision_ratio|sds_product_gate|print_accessibility_check","external_service_compliance","None","../../Review/Safety_Data_Sheet_Register.csv|../../Review/Safety_Data_Sheet_Register.csv","None","DOCUMENT ARTIFACT CHECK COMPLETE - LOCAL RELEASE STILL REQUIRED","None detected","Text-presence and local-link screen only; a teacher must verify correctness, usability and physical kit state."
"Lessons/Grades_3-4_YearA/Week11_Coding_Gratitude.md","3-4","Weekly","A","Gratitude","Coding Gratitude","PRESENT IN LESSON","PRESENT IN LESSON","NOT APPLICABLE - NO BUILD DETECTED","NOT APPLICABLE - NO BUILD DETECTED","PRESENT IN LESSON","PRESENT IN LESSON","PRESENT IN LESSON","PRESENT IN LESSON","PRESENT IN LESSON","PRESENT IN LESSON","PRESENT IN LESSON","PRESENT IN LESSON","PRESENT IN LESSON","PRESENT IN LESSON","PRESENT IN LESSON","PRESENT IN LESSON","PRESENT IN LESSON","PRESENT IN LESSON","PRESENT IN LESSON","PRESENT IN LESSON","PRESENT IN LESSON","19","2","0","printable_student_materials|answer_key_or_expected_evidence|visual_example_if_helpful|board_or_chart_setup|expected_discussion_responses|kit_contents_list|kit_label_text|cleanup_instructions|kit_reset_instructions|unfinished_work_directions|common_misconceptions|annotated_exemplar|common_error_interpretation|reteaching_option|safety_risk_classification|adult_supervision_ratio|sds_product_gate|external_service_compliance|print_accessibility_check","worked_example_if_build|finished_example_if_build","None","None","None","DOCUMENT ARTIFACT CHECK COMPLETE - LOCAL RELEASE STILL REQUIRED","None detected","Text-presence and local-link screen only; a teacher must verify correctness, usability and physical kit state."
"Lessons/Grades_3-4_YearA/Week12_Giving_Through_Making.md","3-4","Weekly","A","Service design","Giving Through Making","PRESENT IN LESSON","PRESENT IN LESSON","PRESENT IN LESSON","PRESENT IN LESSON","PRESENT IN LESSON","PRESENT IN LESSON","PRESENT IN LESSON","PRESENT IN LESSON","PRESENT IN LESSON","PRESENT IN LESSON","PRESENT IN LESSON","PRESENT IN LESSON","PRESENT IN LESSON","PRESENT IN LESSON","PRESENT IN LESSON","PRESENT IN LESSON","PRESENT IN LESSON","PRESENT IN LESSON","PRESENT IN LESSON","NOT APPLICABLE - TECHNOLOGY NONE","PRESENT IN LESSON","20","1","0","printable_student_materials|answer_key_or_expected_evidence|worked_example_if_build|finished_example_if_build|visual_example_if_helpful|board_or_chart_setup|expected_discussion_responses|kit_contents_list|kit_label_text|cleanup_instructions|kit_reset_instructions|unfinished_work_directions|common_misconceptions|annotated_exemplar|common_error_interpretation|reteaching_option|safety_risk_classification|adult_supervision_ratio|sds_product_gate|print_accessibility_check","external_service_compliance","None","../../Review/Safety_Data_Sheet_Register.csv","None","DOCUMENT ARTIFACT CHECK COMPLETE - LOCAL RELEASE STILL REQUIRED","None detected","Text-presence and local-link screen only; a teacher must verify correctness, usability and physical kit state."
"Lessons/Grades_3-4_YearA/Week13_Fall_Celebration.md","3-4","Weekly","A","Portfolio","Fall STREAM Celebration","PRESENT IN LESSON","PRESENT IN LESSON","PRESENT IN LESSON","PRESENT IN LESSON","PRESENT IN LESSON","PRESENT IN LESSON","PRESENT IN LESSON","PRESENT IN LESSON","PRESENT IN LESSON","PRESENT IN LESSON","PRESENT IN LESSON","PRESENT IN LESSON","PRESENT IN LESSON","PRESENT IN LESSON","PRESENT IN LESSON","PRESENT IN LESSON","PRESENT IN LESSON","PRESENT IN LESSON","PRESENT IN LESSON","NOT APPLICABLE - TECHNOLOGY NONE","PRESENT IN LESSON","20","1","0","printable_student_materials|answer_key_or_expected_evidence|worked_example_if_build|finished_example_if_build|visual_example_if_helpful|board_or_chart_setup|expected_discussion_responses|kit_contents_list|kit_label_text|cleanup_instructions|kit_reset_instructions|unfinished_work_directions|common_misconceptions|annotated_exemplar|common_error_interpretation|reteaching_option|safety_risk_classification|adult_supervision_ratio|sds_product_gate|print_accessibility_check","external_service_compliance","None","None","None","DOCUMENT ARTIFACT CHECK COMPLETE - LOCAL RELEASE STILL REQUIRED","None detected","Text-presence and local-link screen only; a teacher must verify correctness, usability and physical kit state."
"Lessons/Grades_3-4_YearA/Week14-15_Light_Science_Advent.md","3-4","Weekly","A","Light","Light Science and Advent","PRESENT IN LESSON","PRESENT IN LESSON","PRESENT IN LESSON","PRESENT IN LESSON","PRESENT IN LESSON","PRESENT IN LESSON","PRESENT IN LESSON","PRESENT IN LESSON","PRESENT IN LESSON","PRESENT IN LESSON","PRESENT IN LESSON","PRESENT IN LESSON","PRESENT IN LESSON","PRESENT IN LESSON","PRESENT IN LESSON","PRESENT IN LESSON","PRESENT IN LESSON","PRESENT IN LESSON","PRESENT IN LESSON","NOT APPLICABLE - TECHNOLOGY NONE","PRESENT IN LESSON","20","1","0","printable_student_materials|answer_key_or_expected_evidence|worked_example_if_build|finished_example_if_build|visual_example_if_helpful|board_or_chart_setup|expected_discussion_responses|kit_contents_list|kit_label_text|cleanup_instructions|kit_reset_instructions|unfinished_work_directions|common_misconceptions|annotated_exemplar|common_error_interpretation|reteaching_option|safety_risk_classification|adult_supervision_ratio|sds_product_gate|print_accessibility_check","external_service_compliance","None","../../Review/Safety_Data_Sheet_Register.csv","None","DOCUMENT ARTIFACT CHECK COMPLETE - LOCAL RELEASE STILL REQUIRED","None detected","Text-presence and local-link screen only; a teacher must verify correctness, usability and physical kit state."
"Lessons/Grades_3-4_YearA/Week16_Astronomy_Star.md","3-4","Weekly","A","Astronomy","Astronomy and the Star","PRESENT IN LESSON","PRESENT IN LESSON","PRESENT IN LESSON","PRESENT IN LESSON","PRESENT IN LESSON","PRESENT IN LESSON","PRESENT IN LESSON","PRESENT IN LESSON","PRESENT IN LESSON","PRESENT IN LESSON","PRESENT IN LESSON","PRESENT IN LESSON","PRESENT IN LESSON","PRESENT IN LESSON","PRESENT IN LESSON","PRESENT IN LESSON","PRESENT IN LESSON","PRESENT IN LESSON","PRESENT IN LESSON","NOT APPLICABLE - TECHNOLOGY NONE","PRESENT IN LESSON","20","1","0","printable_student_materials|answer_key_or_expected_evidence|worked_example_if_build|finished_example_if_build|visual_example_if_helpful|board_or_chart_setup|expected_discussion_responses|kit_contents_list|kit_label_text|cleanup_instructions|kit_reset_instructions|unfinished_work_directions|common_misconceptions|annotated_exemplar|common_error_interpretation|reteaching_option|safety_risk_classification|adult_supervision_ratio|sds_product_gate|print_accessibility_check","external_service_compliance","None","None","None","DOCUMENT ARTIFACT CHECK COMPLETE - LOCAL RELEASE STILL REQUIRED","None detected","Text-presence and local-link screen only; a teacher must verify correctness, usability and physical kit state."
"Lessons/Grades_3-4_YearA/Week18_SMART_Goals.md","3-4","Weekly","A","Reflection","SMART Goals","PRESENT IN LESSON","PRESENT IN LESSON","PRESENT IN LESSON","PRESENT IN LESSON","PRESENT IN LESSON","PRESENT IN LESSON","PRESENT IN LESSON","PRESENT IN LESSON","PRESENT IN LESSON","PRESENT IN LESSON","PRESENT IN LESSON","PRESENT IN LESSON","PRESENT IN LESSON","PRESENT IN LESSON","PRESENT IN LESSON","PRESENT IN LESSON","PRESENT IN LESSON","PRESENT IN LESSON","PRESENT IN LESSON","NOT APPLICABLE - TECHNOLOGY NONE","PRESENT IN LESSON","20","1","0","printable_student_materials|answer_key_or_expected_evidence|worked_example_if_build|finished_example_if_build|visual_example_if_helpful|board_or_chart_setup|expected_discussion_responses|kit_contents_list|kit_label_text|cleanup_instructions|kit_reset_instructions|unfinished_work_directions|common_misconceptions|annotated_exemplar|common_error_interpretation|reteaching_option|safety_risk_classification|adult_supervision_ratio|sds_product_gate|print_accessibility_check","external_service_compliance","None","None","None","DOCUMENT ARTIFACT CHECK COMPLETE - LOCAL RELEASE STILL REQUIRED","None detected","Text-presence and local-link screen only; a teacher must verify correctness, usability and physical kit state."
"Lessons/Grades_3-4_YearA/Week19-22_Choice_Labs.md","3-4","Weekly","A","Choice inquiry","Choice Labs","PRESENT IN LESSON","PRESENT IN LESSON","PRESENT IN LESSON","PRESENT IN LESSON","PRESENT IN LESSON","PRESENT IN LESSON","PRESENT IN LESSON","PRESENT IN LESSON","PRESENT IN LESSON","PRESENT IN LESSON","PRESENT IN LESSON","PRESENT IN LESSON","PRESENT IN LESSON","PRESENT IN LESSON","PRESENT IN LESSON","PRESENT IN LESSON","PRESENT IN LESSON","PRESENT IN LESSON","PRESENT IN LESSON","NOT APPLICABLE - TECHNOLOGY NONE","PRESENT IN LESSON","20","1","0","printable_student_materials|answer_key_or_expected_evidence|worked_example_if_build|finished_example_if_build|visual_example_if_helpful|board_or_chart_setup|expected_discussion_responses|kit_contents_list|kit_label_text|cleanup_instructions|kit_reset_instructions|unfinished_work_directions|common_misconceptions|annotated_exemplar|common_error_interpretation|reteaching_option|safety_risk_classification|adult_supervision_ratio|sds_product_gate|print_accessibility_check","external_service_compliance","None","../../Review/Safety_Data_Sheet_Register.csv","None","DOCUMENT ARTIFACT CHECK COMPLETE - LOCAL RELEASE STILL REQUIRED","None detected","Text-presence and local-link screen only; a teacher must verify correctness, usability and physical kit state."
"Lessons/Grades_3-4_YearA/Week23_Catholic_Schools_Week.md","3-4","Weekly","A","Faith and evidence","Catholic Schools Week STREAM","PRESENT IN LESSON","PRESENT IN LESSON","PRESENT IN LESSON","PRESENT IN LESSON","PRESENT IN LESSON","PRESENT IN LESSON","PRESENT IN LESSON","PRESENT IN LESSON","PRESENT IN LESSON","PRESENT IN LESSON","PRESENT IN LESSON","PRESENT IN LESSON","PRESENT IN LESSON","PRESENT IN LESSON","PRESENT IN LESSON","PRESENT IN LESSON","PRESENT IN LESSON","PRESENT IN LESSON","PRESENT IN LESSON","NOT APPLICABLE - TECHNOLOGY NONE","PRESENT IN LESSON","20","1","0","printable_student_materials|answer_key_or_expected_evidence|worked_example_if_build|finished_example_if_build|visual_example_if_helpful|board_or_chart_setup|expected_discussion_responses|kit_contents_list|kit_label_text|cleanup_instructions|kit_reset_instructions|unfinished_work_directions|common_misconceptions|annotated_exemplar|common_error_interpretation|reteaching_option|safety_risk_classification|adult_supervision_ratio|sds_product_gate|print_accessibility_check","external_service_compliance","None","../../Resources/Catholic_Scientists_Heritage.md|../../Review/Safety_Data_Sheet_Register.csv","None","DOCUMENT ARTIFACT CHECK COMPLETE - LOCAL RELEASE STILL REQUIRED","None detected","Text-presence and local-link screen only; a teacher must verify correctness, usability and physical kit state."
"Lessons/Grades_3-4_YearA/Week24-25_Scratch_Programming.md","3-4","Weekly","A","Computing","Scratch Programming","PRESENT IN LESSON","PRESENT IN LESSON","PRESENT IN LESSON","PRESENT IN LESSON","PRESENT IN LESSON","PRESENT IN LESSON","PRESENT IN LESSON","PRESENT IN LESSON","PRESENT IN LESSON","PRESENT IN LESSON","PRESENT IN LESSON","PRESENT IN LESSON","PRESENT IN LESSON","PRESENT IN LESSON","PRESENT IN LESSON","PRESENT IN LESSON","PRESENT IN LESSON","PRESENT IN LESSON","PRESENT IN LESSON","PRESENT IN LESSON","PRESENT IN LESSON","21","0","0","printable_student_materials|answer_key_or_expected_evidence|worked_example_if_build|finished_example_if_build|visual_example_if_helpful|board_or_chart_setup|expected_discussion_responses|kit_contents_list|kit_label_text|cleanup_instructions|kit_reset_instructions|unfinished_work_directions|common_misconceptions|annotated_exemplar|common_error_interpretation|reteaching_option|safety_risk_classification|adult_supervision_ratio|sds_product_gate|external_service_compliance|print_accessibility_check","None","None","None","None","DOCUMENT ARTIFACT CHECK COMPLETE - LOCAL RELEASE STILL REQUIRED","None detected","Text-presence and local-link screen only; a teacher must verify correctness, usability and physical kit state."
"Lessons/Grades_3-4_YearA/Week26-27_Little_Bits_Circuits.md","3-4","Weekly","A","Circuits","Snap Circuits - Build Test and Design","PRESENT IN LESSON","PRESENT IN LESSON","PRESENT IN LESSON","PRESENT IN LESSON","PRESENT IN LESSON","PRESENT IN LESSON","PRESENT IN LESSON","PRESENT IN LESSON","PRESENT IN LESSON","PRESENT IN LESSON","PRESENT IN LESSON","PRESENT IN LESSON","PRESENT IN LESSON","PRESENT IN LESSON","PRESENT IN LESSON","PRESENT IN LESSON","PRESENT IN LESSON","PRESENT IN LESSON","PRESENT IN LESSON","NOT APPLICABLE - TECHNOLOGY NONE","PRESENT IN LESSON","20","1","0","printable_student_materials|answer_key_or_expected_evidence|worked_example_if_build|finished_example_if_build|visual_example_if_helpful|board_or_chart_setup|expected_discussion_responses|kit_contents_list|kit_label_text|cleanup_instructions|kit_reset_instructions|unfinished_work_directions|common_misconceptions|annotated_exemplar|common_error_interpretation|reteaching_option|safety_risk_classification|adult_supervision_ratio|sds_product_gate|print_accessibility_check","external_service_compliance","None","../../Resources/Snap_Circuits_Classroom_Guide.md|../../Review/Safety_Data_Sheet_Register.csv","None","DOCUMENT ARTIFACT CHECK COMPLETE - LOCAL RELEASE STILL REQUIRED","None detected","Text-presence and local-link screen only; a teacher must verify correctness, usability and physical kit state."
"Lessons/Grades_3-4_YearA/Week28_Pi_Day_Circles.md","3-4","Weekly","A","Mathematics","Pi Day Circles","PRESENT IN LESSON","PRESENT IN LESSON","PRESENT IN LESSON","PRESENT IN LESSON","PRESENT IN LESSON","PRESENT IN LESSON","PRESENT IN LESSON","PRESENT IN LESSON","PRESENT IN LESSON","PRESENT IN LESSON","PRESENT IN LESSON","PRESENT IN LESSON","PRESENT IN LESSON","PRESENT IN LESSON","PRESENT IN LESSON","PRESENT IN LESSON","PRESENT IN LESSON","PRESENT IN LESSON","PRESENT IN LESSON","NOT APPLICABLE - TECHNOLOGY NONE","PRESENT IN LESSON","20","1","0","printable_student_materials|answer_key_or_expected_evidence|worked_example_if_build|finished_example_if_build|visual_example_if_helpful|board_or_chart_setup|expected_discussion_responses|kit_contents_list|kit_label_text|cleanup_instructions|kit_reset_instructions|unfinished_work_directions|common_misconceptions|annotated_exemplar|common_error_interpretation|reteaching_option|safety_risk_classification|adult_supervision_ratio|sds_product_gate|print_accessibility_check","external_service_compliance","None","None","None","DOCUMENT ARTIFACT CHECK COMPLETE - LOCAL RELEASE STILL REQUIRED","None detected","Text-presence and local-link screen only; a teacher must verify correctness, usability and physical kit state."
"Lessons/Grades_3-4_YearA/Week29-31_Environmental_STREAM.md","3-4","Weekly","A","Stewardship","Environmental STREAM","PRESENT IN LESSON","PRESENT IN LESSON","PRESENT IN LESSON","PRESENT IN LESSON","PRESENT IN LESSON","PRESENT IN LESSON","PRESENT IN LESSON","PRESENT IN LESSON","PRESENT IN LESSON","PRESENT IN LESSON","PRESENT IN LESSON","PRESENT IN LESSON","PRESENT IN LESSON","PRESENT IN LESSON","PRESENT IN LESSON","PRESENT IN LESSON","PRESENT IN LESSON","PRESENT IN LESSON","PRESENT IN LESSON","NOT APPLICABLE - TECHNOLOGY NONE","PRESENT IN LESSON","20","1","0","printable_student_materials|answer_key_or_expected_evidence|worked_example_if_build|finished_example_if_build|visual_example_if_helpful|board_or_chart_setup|expected_discussion_responses|kit_contents_list|kit_label_text|cleanup_instructions|kit_reset_instructions|unfinished_work_directions|common_misconceptions|annotated_exemplar|common_error_interpretation|reteaching_option|safety_risk_classification|adult_supervision_ratio|sds_product_gate|print_accessibility_check","external_service_compliance","None","../../Review/Safety_Data_Sheet_Register.csv","None","DOCUMENT ARTIFACT CHECK COMPLETE - LOCAL RELEASE STILL REQUIRED","None detected","Text-presence and local-link screen only; a teacher must verify correctness, usability and physical kit state."
"Lessons/Grades_3-4_YearA/Week33_Resurrection_Science.md","3-4","Weekly","A","Life science","Resurrection and New Life Science","PRESENT IN LESSON","PRESENT IN LESSON","PRESENT IN LESSON","PRESENT IN LESSON","PRESENT IN LESSON","PRESENT IN LESSON","PRESENT IN LESSON","PRESENT IN LESSON","PRESENT IN LESSON","PRESENT IN LESSON","PRESENT IN LESSON","PRESENT IN LESSON","PRESENT IN LESSON","PRESENT IN LESSON","PRESENT IN LESSON","PRESENT IN LESSON","PRESENT IN LESSON","PRESENT IN LESSON","NOT APPLICABLE - NO CHEMICAL TERM DETECTED","NOT APPLICABLE - TECHNOLOGY NONE","PRESENT IN LESSON","19","2","0","printable_student_materials|answer_key_or_expected_evidence|worked_example_if_build|finished_example_if_build|visual_example_if_helpful|board_or_chart_setup|expected_discussion_responses|kit_contents_list|kit_label_text|cleanup_instructions|kit_reset_instructions|unfinished_work_directions|common_misconceptions|annotated_exemplar|common_error_interpretation|reteaching_option|safety_risk_classification|adult_supervision_ratio|print_accessibility_check","sds_product_gate|external_service_compliance","None","None","None","DOCUMENT ARTIFACT CHECK COMPLETE - LOCAL RELEASE STILL REQUIRED","None detected","Text-presence and local-link screen only; a teacher must verify correctness, usability and physical kit state."
"Lessons/Grades_3-4_YearA/Week34_STREAM_Expo.md","3-4","Weekly","A","Portfolio","STREAM Expo","PRESENT IN LESSON","PRESENT IN LESSON","PRESENT IN LESSON","PRESENT IN LESSON","PRESENT IN LESSON","PRESENT IN LESSON","PRESENT IN LESSON","PRESENT IN LESSON","PRESENT IN LESSON","PRESENT IN LESSON","PRESENT IN LESSON","PRESENT IN LESSON","PRESENT IN LESSON","PRESENT IN LESSON","PRESENT IN LESSON","PRESENT IN LESSON","PRESENT IN LESSON","PRESENT IN LESSON","NOT APPLICABLE - NO CHEMICAL TERM DETECTED","NOT APPLICABLE - TECHNOLOGY NONE","PRESENT IN LESSON","19","2","0","printable_student_materials|answer_key_or_expected_evidence|worked_example_if_build|finished_example_if_build|visual_example_if_helpful|board_or_chart_setup|expected_discussion_responses|kit_contents_list|kit_label_text|cleanup_instructions|kit_reset_instructions|unfinished_work_directions|common_misconceptions|annotated_exemplar|common_error_interpretation|reteaching_option|safety_risk_classification|adult_supervision_ratio|print_accessibility_check","sds_product_gate|external_service_compliance","None","None","None","DOCUMENT ARTIFACT CHECK COMPLETE - LOCAL RELEASE STILL REQUIRED","None detected","Text-presence and local-link screen only; a teacher must verify correctness, usability and physical kit state."
"Lessons/Grades_3-4_YearB/Week01_Welcome_Scientists.md","3-4","Weekly","B","Foundations","Welcome Back Scientists","PRESENT IN LESSON","PRESENT IN LESSON","PRESENT IN LESSON","PRESENT IN LESSON","PRESENT IN LESSON","PRESENT IN LESSON","PRESENT IN LESSON","PRESENT IN LESSON","PRESENT IN LESSON","PRESENT IN LESSON","PRESENT IN LESSON","PRESENT IN LESSON","PRESENT IN LESSON","PRESENT IN LESSON","PRESENT IN LESSON","PRESENT IN LESSON","PRESENT IN LESSON","PRESENT IN LESSON","PRESENT IN LESSON","NOT APPLICABLE - TECHNOLOGY NONE","PRESENT IN LESSON","20","1","0","printable_student_materials|answer_key_or_expected_evidence|worked_example_if_build|finished_example_if_build|visual_example_if_helpful|board_or_chart_setup|expected_discussion_responses|kit_contents_list|kit_label_text|cleanup_instructions|kit_reset_instructions|unfinished_work_directions|common_misconceptions|annotated_exemplar|common_error_interpretation|reteaching_option|safety_risk_classification|adult_supervision_ratio|sds_product_gate|print_accessibility_check","external_service_compliance","None","None","None","DOCUMENT ARTIFACT CHECK COMPLETE - LOCAL RELEASE STILL REQUIRED","None detected","Text-presence and local-link screen only; a teacher must verify correctness, usability and physical kit state."
"Lessons/Grades_3-4_YearB/Week02-03_Flight_Fundamentals.md","3-4","Weekly","B","Flight","Flight Fundamentals","PRESENT IN LESSON","PRESENT IN LESSON","PRESENT IN LESSON","PRESENT IN LESSON","PRESENT IN LESSON","PRESENT IN LESSON","PRESENT IN LESSON","PRESENT IN LESSON","PRESENT IN LESSON","PRESENT IN LESSON","PRESENT IN LESSON","PRESENT IN LESSON","PRESENT IN LESSON","PRESENT IN LESSON","PRESENT IN LESSON","PRESENT IN LESSON","PRESENT IN LESSON","PRESENT IN LESSON","PRESENT IN LESSON","NOT APPLICABLE - TECHNOLOGY NONE","PRESENT IN LESSON","20","1","0","printable_student_materials|answer_key_or_expected_evidence|worked_example_if_build|finished_example_if_build|visual_example_if_helpful|board_or_chart_setup|expected_discussion_responses|kit_contents_list|kit_label_text|cleanup_instructions|kit_reset_instructions|unfinished_work_directions|common_misconceptions|annotated_exemplar|common_error_interpretation|reteaching_option|safety_risk_classification|adult_supervision_ratio|sds_product_gate|print_accessibility_check","external_service_compliance","None","../../Review/Safety_Data_Sheet_Register.csv","None","DOCUMENT ARTIFACT CHECK COMPLETE - LOCAL RELEASE STILL REQUIRED","None detected","Text-presence and local-link screen only; a teacher must verify correctness, usability and physical kit state."
"Lessons/Grades_3-4_YearB/Week04-06_Paper_Airplane.md","3-4","Weekly","B","Flight","Paper Airplane Challenge","PRESENT IN LESSON","PRESENT IN LESSON","PRESENT IN LESSON","PRESENT IN LESSON","PRESENT IN LESSON","PRESENT IN LESSON","PRESENT IN LESSON","PRESENT IN LESSON","PRESENT IN LESSON","PRESENT IN LESSON","PRESENT IN LESSON","PRESENT IN LESSON","PRESENT IN LESSON","PRESENT IN LESSON","PRESENT IN LESSON","PRESENT IN LESSON","PRESENT IN LESSON","PRESENT IN LESSON","PRESENT IN LESSON","NOT APPLICABLE - TECHNOLOGY NONE","PRESENT IN LESSON","20","1","0","printable_student_materials|answer_key_or_expected_evidence|worked_example_if_build|finished_example_if_build|visual_example_if_helpful|board_or_chart_setup|expected_discussion_responses|kit_contents_list|kit_label_text|cleanup_instructions|kit_reset_instructions|unfinished_work_directions|common_misconceptions|annotated_exemplar|common_error_interpretation|reteaching_option|safety_risk_classification|adult_supervision_ratio|sds_product_gate|print_accessibility_check","external_service_compliance","None","../../Review/Safety_Data_Sheet_Register.csv","None","DOCUMENT ARTIFACT CHECK COMPLETE - LOCAL RELEASE STILL REQUIRED","None detected","Text-presence and local-link screen only; a teacher must verify correctness, usability and physical kit state."
"Lessons/Grades_3-4_YearB/Week07-09_Architectural_Marvels.md","3-4","Weekly","B","Structures","Architectural Marvels","PRESENT IN LESSON","PRESENT IN LESSON","PRESENT IN LESSON","PRESENT IN LESSON","PRESENT IN LESSON","PRESENT IN LESSON","PRESENT IN LESSON","PRESENT IN LESSON","PRESENT IN LESSON","PRESENT IN LESSON","PRESENT IN LESSON","PRESENT IN LESSON","PRESENT IN LESSON","PRESENT IN LESSON","PRESENT IN LESSON","PRESENT IN LESSON","PRESENT IN LESSON","PRESENT IN LESSON","PRESENT IN LESSON","NOT APPLICABLE - TECHNOLOGY NONE","PRESENT IN LESSON","20","1","0","printable_student_materials|answer_key_or_expected_evidence|worked_example_if_build|finished_example_if_build|visual_example_if_helpful|board_or_chart_setup|expected_discussion_responses|kit_contents_list|kit_label_text|cleanup_instructions|kit_reset_instructions|unfinished_work_directions|common_misconceptions|annotated_exemplar|common_error_interpretation|reteaching_option|safety_risk_classification|adult_supervision_ratio|sds_product_gate|print_accessibility_check","external_service_compliance","None","../../Review/Safety_Data_Sheet_Register.csv","None","DOCUMENT ARTIFACT CHECK COMPLETE - LOCAL RELEASE STILL REQUIRED","None detected","Text-presence and local-link screen only; a teacher must verify correctness, usability and physical kit state."
"Lessons/Grades_3-4_YearB/Week10_Fall_Festival.md","3-4","Weekly","B","Applied design","Fall Festival Engineering","PRESENT IN LESSON","PRESENT IN LESSON","PRESENT IN LESSON","PRESENT IN LESSON","PRESENT IN LESSON","PRESENT IN LESSON","PRESENT IN LESSON","PRESENT IN LESSON","PRESENT IN LESSON","PRESENT IN LESSON","PRESENT IN LESSON","PRESENT IN LESSON","PRESENT IN LESSON","PRESENT IN LESSON","PRESENT IN LESSON","PRESENT IN LESSON","PRESENT IN LESSON","PRESENT IN LESSON","PRESENT IN LESSON","NOT APPLICABLE - TECHNOLOGY NONE","PRESENT IN LESSON","20","1","0","printable_student_materials|answer_key_or_expected_evidence|worked_example_if_build|finished_example_if_build|visual_example_if_helpful|board_or_chart_setup|expected_discussion_responses|kit_contents_list|kit_label_text|cleanup_instructions|kit_reset_instructions|unfinished_work_directions|common_misconceptions|annotated_exemplar|common_error_interpretation|reteaching_option|safety_risk_classification|adult_supervision_ratio|sds_product_gate|print_accessibility_check","external_service_compliance","None","../../Review/Safety_Data_Sheet_Register.csv","None","DOCUMENT ARTIFACT CHECK COMPLETE - LOCAL RELEASE STILL REQUIRED","None detected","Text-presence and local-link screen only; a teacher must verify correctness, usability and physical kit state."
"Lessons/Grades_3-4_YearB/Week11_Thanksgiving_Gratitude.md","3-4","Weekly","B","Gratitude data","Thanksgiving Gratitude","PRESENT IN LESSON","PRESENT IN LESSON","PRESENT IN LESSON","PRESENT IN LESSON","PRESENT IN LESSON","PRESENT IN LESSON","PRESENT IN LESSON","PRESENT IN LESSON","PRESENT IN LESSON","PRESENT IN LESSON","PRESENT IN LESSON","PRESENT IN LESSON","PRESENT IN LESSON","PRESENT IN LESSON","PRESENT IN LESSON","PRESENT IN LESSON","PRESENT IN LESSON","PRESENT IN LESSON","PRESENT IN LESSON","NOT APPLICABLE - TECHNOLOGY NONE","PRESENT IN LESSON","20","1","0","printable_student_materials|answer_key_or_expected_evidence|worked_example_if_build|finished_example_if_build|visual_example_if_helpful|board_or_chart_setup|expected_discussion_responses|kit_contents_list|kit_label_text|cleanup_instructions|kit_reset_instructions|unfinished_work_directions|common_misconceptions|annotated_exemplar|common_error_interpretation|reteaching_option|safety_risk_classification|adult_supervision_ratio|sds_product_gate|print_accessibility_check","external_service_compliance","None","../../Review/Safety_Data_Sheet_Register.csv","None","DOCUMENT ARTIFACT CHECK COMPLETE - LOCAL RELEASE STILL REQUIRED","None detected","Text-presence and local-link screen only; a teacher must verify correctness, usability and physical kit state."
"Lessons/Grades_3-4_YearB/Week12_Gifts_Others.md","3-4","Weekly","B","Service design","Gifts for Others","PRESENT IN LESSON","PRESENT IN LESSON","PRESENT IN LESSON","PRESENT IN LESSON","PRESENT IN LESSON","PRESENT IN LESSON","PRESENT IN LESSON","PRESENT IN LESSON","PRESENT IN LESSON","PRESENT IN LESSON","PRESENT IN LESSON","PRESENT IN LESSON","PRESENT IN LESSON","PRESENT IN LESSON","PRESENT IN LESSON","PRESENT IN LESSON","PRESENT IN LESSON","PRESENT IN LESSON","PRESENT IN LESSON","NOT APPLICABLE - TECHNOLOGY NONE","PRESENT IN LESSON","20","1","0","printable_student_materials|answer_key_or_expected_evidence|worked_example_if_build|finished_example_if_build|visual_example_if_helpful|board_or_chart_setup|expected_discussion_responses|kit_contents_list|kit_label_text|cleanup_instructions|kit_reset_instructions|unfinished_work_directions|common_misconceptions|annotated_exemplar|common_error_interpretation|reteaching_option|safety_risk_classification|adult_supervision_ratio|sds_product_gate|print_accessibility_check","external_service_compliance","None","../../Review/Safety_Data_Sheet_Register.csv","None","DOCUMENT ARTIFACT CHECK COMPLETE - LOCAL RELEASE STILL REQUIRED","None detected","Text-presence and local-link screen only; a teacher must verify correctness, usability and physical kit state."
"Lessons/Grades_3-4_YearB/Week13_Advent_Preparation.md","3-4","Weekly","B","Light","Advent Preparation","PRESENT IN LESSON","PRESENT IN LESSON","PRESENT IN LESSON","PRESENT IN LESSON","PRESENT IN LESSON","PRESENT IN LESSON","PRESENT IN LESSON","PRESENT IN LESSON","PRESENT IN LESSON","PRESENT IN LESSON","PRESENT IN LESSON","PRESENT IN LESSON","PRESENT IN LESSON","PRESENT IN LESSON","PRESENT IN LESSON","PRESENT IN LESSON","PRESENT IN LESSON","PRESENT IN LESSON","PRESENT IN LESSON","NOT APPLICABLE - TECHNOLOGY NONE","PRESENT IN LESSON","20","1","0","printable_student_materials|answer_key_or_expected_evidence|worked_example_if_build|finished_example_if_build|visual_example_if_helpful|board_or_chart_setup|expected_discussion_responses|kit_contents_list|kit_label_text|cleanup_instructions|kit_reset_instructions|unfinished_work_directions|common_misconceptions|annotated_exemplar|common_error_interpretation|reteaching_option|safety_risk_classification|adult_supervision_ratio|sds_product_gate|print_accessibility_check","external_service_compliance","None","../../Review/Safety_Data_Sheet_Register.csv","None","DOCUMENT ARTIFACT CHECK COMPLETE - LOCAL RELEASE STILL REQUIRED","None detected","Text-presence and local-link screen only; a teacher must verify correctness, usability and physical kit state."
"Lessons/Grades_3-4_YearB/Week14-17_Marine_Science.md","3-4","Weekly","B","Marine systems","Marine Science Lab","PRESENT IN LESSON","PRESENT IN LESSON","PRESENT IN LESSON","PRESENT IN LESSON","PRESENT IN LESSON","PRESENT IN LESSON","PRESENT IN LESSON","PRESENT IN LESSON","PRESENT IN LESSON","PRESENT IN LESSON","PRESENT IN LESSON","PRESENT IN LESSON","PRESENT IN LESSON","PRESENT IN LESSON","PRESENT IN LESSON","PRESENT IN LESSON","PRESENT IN LESSON","PRESENT IN LESSON","PRESENT IN LESSON","NOT APPLICABLE - TECHNOLOGY NONE","PRESENT IN LESSON","20","1","0","printable_student_materials|answer_key_or_expected_evidence|worked_example_if_build|finished_example_if_build|visual_example_if_helpful|board_or_chart_setup|expected_discussion_responses|kit_contents_list|kit_label_text|cleanup_instructions|kit_reset_instructions|unfinished_work_directions|common_misconceptions|annotated_exemplar|common_error_interpretation|reteaching_option|safety_risk_classification|adult_supervision_ratio|sds_product_gate|print_accessibility_check","external_service_compliance","None","../../Review/Safety_Data_Sheet_Register.csv","None","DOCUMENT ARTIFACT CHECK COMPLETE - LOCAL RELEASE STILL REQUIRED","None detected","Text-presence and local-link screen only; a teacher must verify correctness, usability and physical kit state."
"Lessons/Grades_3-4_YearB/Week18_New_Year_Goals.md","3-4","Weekly","B","Reflection","New Year Goals","PRESENT IN LESSON","PRESENT IN LESSON","PRESENT IN LESSON","PRESENT IN LESSON","PRESENT IN LESSON","PRESENT IN LESSON","PRESENT IN LESSON","PRESENT IN LESSON","PRESENT IN LESSON","PRESENT IN LESSON","PRESENT IN LESSON","PRESENT IN LESSON","PRESENT IN LESSON","PRESENT IN LESSON","PRESENT IN LESSON","PRESENT IN LESSON","PRESENT IN LESSON","PRESENT IN LESSON","NOT APPLICABLE - NO CHEMICAL TERM DETECTED","NOT APPLICABLE - TECHNOLOGY NONE","PRESENT IN LESSON","19","2","0","printable_student_materials|answer_key_or_expected_evidence|worked_example_if_build|finished_example_if_build|visual_example_if_helpful|board_or_chart_setup|expected_discussion_responses|kit_contents_list|kit_label_text|cleanup_instructions|kit_reset_instructions|unfinished_work_directions|common_misconceptions|annotated_exemplar|common_error_interpretation|reteaching_option|safety_risk_classification|adult_supervision_ratio|print_accessibility_check","sds_product_gate|external_service_compliance","None","None","None","DOCUMENT ARTIFACT CHECK COMPLETE - LOCAL RELEASE STILL REQUIRED","None detected","Text-presence and local-link screen only; a teacher must verify correctness, usability and physical kit state."
"Lessons/Grades_3-4_YearB/Week19-22_Game_Design.md","3-4","Weekly","B","Computing","Game Design Studio","PRESENT IN LESSON","PRESENT IN LESSON","PRESENT IN LESSON","PRESENT IN LESSON","PRESENT IN LESSON","PRESENT IN LESSON","PRESENT IN LESSON","PRESENT IN LESSON","PRESENT IN LESSON","PRESENT IN LESSON","PRESENT IN LESSON","PRESENT IN LESSON","PRESENT IN LESSON","PRESENT IN LESSON","PRESENT IN LESSON","PRESENT IN LESSON","PRESENT IN LESSON","PRESENT IN LESSON","PRESENT IN LESSON","PRESENT IN LESSON","PRESENT IN LESSON","21","0","0","printable_student_materials|answer_key_or_expected_evidence|worked_example_if_build|finished_example_if_build|visual_example_if_helpful|board_or_chart_setup|expected_discussion_responses|kit_contents_list|kit_label_text|cleanup_instructions|kit_reset_instructions|unfinished_work_directions|common_misconceptions|annotated_exemplar|common_error_interpretation|reteaching_option|safety_risk_classification|adult_supervision_ratio|sds_product_gate|external_service_compliance|print_accessibility_check","None","None","None","None","DOCUMENT ARTIFACT CHECK COMPLETE - LOCAL RELEASE STILL REQUIRED","None detected","Text-presence and local-link screen only; a teacher must verify correctness, usability and physical kit state."
"Lessons/Grades_3-4_YearB/Week23_Catholic_Schools.md","3-4","Weekly","B","Community data","Catholic Schools Week","PRESENT IN LESSON","PRESENT IN LESSON","PRESENT IN LESSON","PRESENT IN LESSON","PRESENT IN LESSON","PRESENT IN LESSON","PRESENT IN LESSON","PRESENT IN LESSON","PRESENT IN LESSON","PRESENT IN LESSON","PRESENT IN LESSON","PRESENT IN LESSON","PRESENT IN LESSON","PRESENT IN LESSON","PRESENT IN LESSON","PRESENT IN LESSON","PRESENT IN LESSON","PRESENT IN LESSON","PRESENT IN LESSON","NOT APPLICABLE - TECHNOLOGY NONE","PRESENT IN LESSON","20","1","0","printable_student_materials|answer_key_or_expected_evidence|worked_example_if_build|finished_example_if_build|visual_example_if_helpful|board_or_chart_setup|expected_discussion_responses|kit_contents_list|kit_label_text|cleanup_instructions|kit_reset_instructions|unfinished_work_directions|common_misconceptions|annotated_exemplar|common_error_interpretation|reteaching_option|safety_risk_classification|adult_supervision_ratio|sds_product_gate|print_accessibility_check","external_service_compliance","None","../../Review/Safety_Data_Sheet_Register.csv","None","DOCUMENT ARTIFACT CHECK COMPLETE - LOCAL RELEASE STILL REQUIRED","None detected","Text-presence and local-link screen only; a teacher must verify correctness, usability and physical kit state."
"Lessons/Grades_3-4_YearB/Week24-27_Sustainable_City.md","3-4","Weekly","B","Stewardship design","Sustainable City","PRESENT IN LESSON","PRESENT IN LESSON","PRESENT IN LESSON","PRESENT IN LESSON","PRESENT IN LESSON","PRESENT IN LESSON","PRESENT IN LESSON","PRESENT IN LESSON","PRESENT IN LESSON","PRESENT IN LESSON","PRESENT IN LESSON","PRESENT IN LESSON","PRESENT IN LESSON","PRESENT IN LESSON","PRESENT IN LESSON","PRESENT IN LESSON","PRESENT IN LESSON","PRESENT IN LESSON","PRESENT IN LESSON","NOT APPLICABLE - TECHNOLOGY NONE","PRESENT IN LESSON","20","1","0","printable_student_materials|answer_key_or_expected_evidence|worked_example_if_build|finished_example_if_build|visual_example_if_helpful|board_or_chart_setup|expected_discussion_responses|kit_contents_list|kit_label_text|cleanup_instructions|kit_reset_instructions|unfinished_work_directions|common_misconceptions|annotated_exemplar|common_error_interpretation|reteaching_option|safety_risk_classification|adult_supervision_ratio|sds_product_gate|print_accessibility_check","external_service_compliance","None","../../Review/Safety_Data_Sheet_Register.csv","None","DOCUMENT ARTIFACT CHECK COMPLETE - LOCAL RELEASE STILL REQUIRED","None detected","Text-presence and local-link screen only; a teacher must verify correctness, usability and physical kit state."
"Lessons/Grades_3-4_YearB/Week28_Pi_Day.md","3-4","Weekly","B","Mathematics","Pi Day Activities","PRESENT IN LESSON","PRESENT IN LESSON","PRESENT IN LESSON","PRESENT IN LESSON","PRESENT IN LESSON","PRESENT IN LESSON","PRESENT IN LESSON","PRESENT IN LESSON","PRESENT IN LESSON","PRESENT IN LESSON","PRESENT IN LESSON","PRESENT IN LESSON","PRESENT IN LESSON","PRESENT IN LESSON","PRESENT IN LESSON","PRESENT IN LESSON","PRESENT IN LESSON","PRESENT IN LESSON","PRESENT IN LESSON","NOT APPLICABLE - TECHNOLOGY NONE","PRESENT IN LESSON","20","1","0","printable_student_materials|answer_key_or_expected_evidence|worked_example_if_build|finished_example_if_build|visual_example_if_helpful|board_or_chart_setup|expected_discussion_responses|kit_contents_list|kit_label_text|cleanup_instructions|kit_reset_instructions|unfinished_work_directions|common_misconceptions|annotated_exemplar|common_error_interpretation|reteaching_option|safety_risk_classification|adult_supervision_ratio|sds_product_gate|print_accessibility_check","external_service_compliance","None","../../Review/Safety_Data_Sheet_Register.csv","None","DOCUMENT ARTIFACT CHECK COMPLETE - LOCAL RELEASE STILL REQUIRED","None detected","Text-presence and local-link screen only; a teacher must verify correctness, usability and physical kit state."
"Lessons/Grades_3-4_YearB/Week29-31_Weather_Station.md","3-4","Weekly","B","Weather data","Weather Station","PRESENT IN LESSON","PRESENT IN LESSON","PRESENT IN LESSON","PRESENT IN LESSON","PRESENT IN LESSON","PRESENT IN LESSON","PRESENT IN LESSON","PRESENT IN LESSON","PRESENT IN LESSON","PRESENT IN LESSON","PRESENT IN LESSON","PRESENT IN LESSON","PRESENT IN LESSON","PRESENT IN LESSON","PRESENT IN LESSON","PRESENT IN LESSON","PRESENT IN LESSON","PRESENT IN LESSON","PRESENT IN LESSON","NOT APPLICABLE - TECHNOLOGY NONE","PRESENT IN LESSON","20","1","0","printable_student_materials|answer_key_or_expected_evidence|worked_example_if_build|finished_example_if_build|visual_example_if_helpful|board_or_chart_setup|expected_discussion_responses|kit_contents_list|kit_label_text|cleanup_instructions|kit_reset_instructions|unfinished_work_directions|common_misconceptions|annotated_exemplar|common_error_interpretation|reteaching_option|safety_risk_classification|adult_supervision_ratio|sds_product_gate|print_accessibility_check","external_service_compliance","None","../../Review/Safety_Data_Sheet_Register.csv","None","DOCUMENT ARTIFACT CHECK COMPLETE - LOCAL RELEASE STILL REQUIRED","None detected","Text-presence and local-link screen only; a teacher must verify correctness, usability and physical kit state."
"Lessons/Grades_3-4_YearB/Week33_Easter_Engineering.md","3-4","Weekly","B","Easter design","Easter Engineering","PRESENT IN LESSON","PRESENT IN LESSON","PRESENT IN LESSON","PRESENT IN LESSON","PRESENT IN LESSON","PRESENT IN LESSON","PRESENT IN LESSON","PRESENT IN LESSON","PRESENT IN LESSON","PRESENT IN LESSON","PRESENT IN LESSON","PRESENT IN LESSON","PRESENT IN LESSON","PRESENT IN LESSON","PRESENT IN LESSON","PRESENT IN LESSON","PRESENT IN LESSON","PRESENT IN LESSON","PRESENT IN LESSON","NOT APPLICABLE - TECHNOLOGY NONE","PRESENT IN LESSON","20","1","0","printable_student_materials|answer_key_or_expected_evidence|worked_example_if_build|finished_example_if_build|visual_example_if_helpful|board_or_chart_setup|expected_discussion_responses|kit_contents_list|kit_label_text|cleanup_instructions|kit_reset_instructions|unfinished_work_directions|common_misconceptions|annotated_exemplar|common_error_interpretation|reteaching_option|safety_risk_classification|adult_supervision_ratio|sds_product_gate|print_accessibility_check","external_service_compliance","None","../../Review/Safety_Data_Sheet_Register.csv","None","DOCUMENT ARTIFACT CHECK COMPLETE - LOCAL RELEASE STILL REQUIRED","None detected","Text-presence and local-link screen only; a teacher must verify correctness, usability and physical kit state."
"Lessons/Grades_3-4_YearB/Week34_Showcase.md","3-4","Weekly","B","Portfolio","Year B Showcase","PRESENT IN LESSON","PRESENT IN LESSON","PRESENT IN LESSON","PRESENT IN LESSON","PRESENT IN LESSON","PRESENT IN LESSON","PRESENT IN LESSON","PRESENT IN LESSON","PRESENT IN LESSON","PRESENT IN LESSON","PRESENT IN LESSON","PRESENT IN LESSON","PRESENT IN LESSON","PRESENT IN LESSON","PRESENT IN LESSON","PRESENT IN LESSON","PRESENT IN LESSON","PRESENT IN LESSON","NOT APPLICABLE - NO CHEMICAL TERM DETECTED","NOT APPLICABLE - TECHNOLOGY NONE","PRESENT IN LESSON","19","2","0","printable_student_materials|answer_key_or_expected_evidence|worked_example_if_build|finished_example_if_build|visual_example_if_helpful|board_or_chart_setup|expected_discussion_responses|kit_contents_list|kit_label_text|cleanup_instructions|kit_reset_instructions|unfinished_work_directions|common_misconceptions|annotated_exemplar|common_error_interpretation|reteaching_option|safety_risk_classification|adult_supervision_ratio|print_accessibility_check","sds_product_gate|external_service_compliance","None","None","None","DOCUMENT ARTIFACT CHECK COMPLETE - LOCAL RELEASE STILL REQUIRED","None detected","Text-presence and local-link screen only; a teacher must verify correctness, usability and physical kit state."
"Lessons/Grades_5-6_YearA/Week01_Welcome_to_CSTREAM.md","5-6","Weekly","A","Foundations","Welcome to C-STREAM","PRESENT IN LESSON","PRESENT IN LESSON","PRESENT IN LESSON","PRESENT IN LESSON","PRESENT IN LESSON","PRESENT IN LESSON","PRESENT IN LESSON","PRESENT IN LESSON","PRESENT IN LESSON","PRESENT IN LESSON","PRESENT IN LESSON","PRESENT IN LESSON","PRESENT IN LESSON","PRESENT IN LESSON","PRESENT IN LESSON","PRESENT IN LESSON","PRESENT IN LESSON","PRESENT IN LESSON","PRESENT IN LESSON","NOT APPLICABLE - TECHNOLOGY NONE","PRESENT IN LESSON","20","1","0","printable_student_materials|answer_key_or_expected_evidence|worked_example_if_build|finished_example_if_build|visual_example_if_helpful|board_or_chart_setup|expected_discussion_responses|kit_contents_list|kit_label_text|cleanup_instructions|kit_reset_instructions|unfinished_work_directions|common_misconceptions|annotated_exemplar|common_error_interpretation|reteaching_option|safety_risk_classification|adult_supervision_ratio|sds_product_gate|print_accessibility_check","external_service_compliance","None","../../Review/Safety_Data_Sheet_Register.csv","None","DOCUMENT ARTIFACT CHECK COMPLETE - LOCAL RELEASE STILL REQUIRED","None detected","Text-presence and local-link screen only; a teacher must verify correctness, usability and physical kit state."
"Lessons/Grades_5-6_YearA/Week02-03_Sphero_Mastery.md","5-6","Weekly","A","Computing","Sphero Mastery","PRESENT IN LESSON","PRESENT IN LESSON","PRESENT IN LESSON","PRESENT IN LESSON","PRESENT IN LESSON","PRESENT IN LESSON","PRESENT IN LESSON","PRESENT IN LESSON","PRESENT IN LESSON","PRESENT IN LESSON","PRESENT IN LESSON","PRESENT IN LESSON","PRESENT IN LESSON","PRESENT IN LESSON","PRESENT IN LESSON","PRESENT IN LESSON","PRESENT IN LESSON","PRESENT IN LESSON","PRESENT IN LESSON","PRESENT IN LESSON","PRESENT IN LESSON","21","0","0","printable_student_materials|answer_key_or_expected_evidence|worked_example_if_build|finished_example_if_build|visual_example_if_helpful|board_or_chart_setup|expected_discussion_responses|kit_contents_list|kit_label_text|cleanup_instructions|kit_reset_instructions|unfinished_work_directions|common_misconceptions|annotated_exemplar|common_error_interpretation|reteaching_option|safety_risk_classification|adult_supervision_ratio|sds_product_gate|external_service_compliance|print_accessibility_check","None","None","../../Review/Grades_5-6_Review.md|../../Review/Safety_Data_Sheet_Register.csv","None","DOCUMENT ARTIFACT CHECK COMPLETE - LOCAL RELEASE STILL REQUIRED","None detected","Text-presence and local-link screen only; a teacher must verify correctness, usability and physical kit state."
"Lessons/Grades_5-6_YearA/Week04_Experimental_Design.md","5-6","Weekly","A","Investigation","Experimental Design","PRESENT IN LESSON","PRESENT IN LESSON","PRESENT IN LESSON","PRESENT IN LESSON","PRESENT IN LESSON","PRESENT IN LESSON","PRESENT IN LESSON","PRESENT IN LESSON","PRESENT IN LESSON","PRESENT IN LESSON","PRESENT IN LESSON","PRESENT IN LESSON","PRESENT IN LESSON","PRESENT IN LESSON","PRESENT IN LESSON","PRESENT IN LESSON","PRESENT IN LESSON","PRESENT IN LESSON","PRESENT IN LESSON","NOT APPLICABLE - TECHNOLOGY NONE","PRESENT IN LESSON","20","1","0","printable_student_materials|answer_key_or_expected_evidence|worked_example_if_build|finished_example_if_build|visual_example_if_helpful|board_or_chart_setup|expected_discussion_responses|kit_contents_list|kit_label_text|cleanup_instructions|kit_reset_instructions|unfinished_work_directions|common_misconceptions|annotated_exemplar|common_error_interpretation|reteaching_option|safety_risk_classification|adult_supervision_ratio|sds_product_gate|print_accessibility_check","external_service_compliance","None","../../Review/Safety_Data_Sheet_Register.csv","None","DOCUMENT ARTIFACT CHECK COMPLETE - LOCAL RELEASE STILL REQUIRED","None detected","Text-presence and local-link screen only; a teacher must verify correctness, usability and physical kit state."
"Lessons/Grades_5-6_YearA/Week05-06_Structural_Engineering.md","5-6","Weekly","A","Structures","Structural Engineering","PRESENT IN LESSON","PRESENT IN LESSON","PRESENT IN LESSON","PRESENT IN LESSON","PRESENT IN LESSON","PRESENT IN LESSON","PRESENT IN LESSON","PRESENT IN LESSON","PRESENT IN LESSON","PRESENT IN LESSON","PRESENT IN LESSON","PRESENT IN LESSON","PRESENT IN LESSON","PRESENT IN LESSON","PRESENT IN LESSON","PRESENT IN LESSON","PRESENT IN LESSON","PRESENT IN LESSON","PRESENT IN LESSON","NOT APPLICABLE - TECHNOLOGY NONE","PRESENT IN LESSON","20","1","0","printable_student_materials|answer_key_or_expected_evidence|worked_example_if_build|finished_example_if_build|visual_example_if_helpful|board_or_chart_setup|expected_discussion_responses|kit_contents_list|kit_label_text|cleanup_instructions|kit_reset_instructions|unfinished_work_directions|common_misconceptions|annotated_exemplar|common_error_interpretation|reteaching_option|safety_risk_classification|adult_supervision_ratio|sds_product_gate|print_accessibility_check","external_service_compliance","None","../../Review/Safety_Data_Sheet_Register.csv","None","DOCUMENT ARTIFACT CHECK COMPLETE - LOCAL RELEASE STILL REQUIRED","None detected","Text-presence and local-link screen only; a teacher must verify correctness, usability and physical kit state."
"Lessons/Grades_5-6_YearA/Week07-09_Social_Innovation.md","5-6","Weekly","A","Service","Social Innovation","PRESENT IN LESSON","PRESENT IN LESSON","PRESENT IN LESSON","PRESENT IN LESSON","PRESENT IN LESSON","PRESENT IN LESSON","PRESENT IN LESSON","PRESENT IN LESSON","PRESENT IN LESSON","PRESENT IN LESSON","PRESENT IN LESSON","PRESENT IN LESSON","PRESENT IN LESSON","PRESENT IN LESSON","PRESENT IN LESSON","PRESENT IN LESSON","PRESENT IN LESSON","PRESENT IN LESSON","PRESENT IN LESSON","NOT APPLICABLE - TECHNOLOGY NONE","PRESENT IN LESSON","20","1","0","printable_student_materials|answer_key_or_expected_evidence|worked_example_if_build|finished_example_if_build|visual_example_if_helpful|board_or_chart_setup|expected_discussion_responses|kit_contents_list|kit_label_text|cleanup_instructions|kit_reset_instructions|unfinished_work_directions|common_misconceptions|annotated_exemplar|common_error_interpretation|reteaching_option|safety_risk_classification|adult_supervision_ratio|sds_product_gate|print_accessibility_check","external_service_compliance","None","../../Review/Safety_Data_Sheet_Register.csv","None","DOCUMENT ARTIFACT CHECK COMPLETE - LOCAL RELEASE STILL REQUIRED","None detected","Text-presence and local-link screen only; a teacher must verify correctness, usability and physical kit state."
"Lessons/Grades_5-6_YearA/Week10_Advanced_Bridges.md","5-6","Weekly","A","Structures","Advanced Bridges","PRESENT IN LESSON","PRESENT IN LESSON","PRESENT IN LESSON","PRESENT IN LESSON","PRESENT IN LESSON","PRESENT IN LESSON","PRESENT IN LESSON","PRESENT IN LESSON","PRESENT IN LESSON","PRESENT IN LESSON","PRESENT IN LESSON","PRESENT IN LESSON","PRESENT IN LESSON","PRESENT IN LESSON","PRESENT IN LESSON","PRESENT IN LESSON","PRESENT IN LESSON","PRESENT IN LESSON","PRESENT IN LESSON","NOT APPLICABLE - TECHNOLOGY NONE","PRESENT IN LESSON","20","1","0","printable_student_materials|answer_key_or_expected_evidence|worked_example_if_build|finished_example_if_build|visual_example_if_helpful|board_or_chart_setup|expected_discussion_responses|kit_contents_list|kit_label_text|cleanup_instructions|kit_reset_instructions|unfinished_work_directions|common_misconceptions|annotated_exemplar|common_error_interpretation|reteaching_option|safety_risk_classification|adult_supervision_ratio|sds_product_gate|print_accessibility_check","external_service_compliance","None","../../Review/Safety_Data_Sheet_Register.csv","None","DOCUMENT ARTIFACT CHECK COMPLETE - LOCAL RELEASE STILL REQUIRED","None detected","Text-presence and local-link screen only; a teacher must verify correctness, usability and physical kit state."
"Lessons/Grades_5-6_YearA/Week11_Gratitude_Coding.md","5-6","Weekly","A","Computing","Gratitude Coding","PRESENT IN LESSON","PRESENT IN LESSON","PRESENT IN LESSON","PRESENT IN LESSON","PRESENT IN LESSON","PRESENT IN LESSON","PRESENT IN LESSON","PRESENT IN LESSON","PRESENT IN LESSON","PRESENT IN LESSON","PRESENT IN LESSON","PRESENT IN LESSON","PRESENT IN LESSON","PRESENT IN LESSON","PRESENT IN LESSON","PRESENT IN LESSON","PRESENT IN LESSON","PRESENT IN LESSON","NOT APPLICABLE - NO CHEMICAL TERM DETECTED","PRESENT IN LESSON","PRESENT IN LESSON","20","1","0","printable_student_materials|answer_key_or_expected_evidence|worked_example_if_build|finished_example_if_build|visual_example_if_helpful|board_or_chart_setup|expected_discussion_responses|kit_contents_list|kit_label_text|cleanup_instructions|kit_reset_instructions|unfinished_work_directions|common_misconceptions|annotated_exemplar|common_error_interpretation|reteaching_option|safety_risk_classification|adult_supervision_ratio|external_service_compliance|print_accessibility_check","sds_product_gate","None","None","None","DOCUMENT ARTIFACT CHECK COMPLETE - LOCAL RELEASE STILL REQUIRED","None detected","Text-presence and local-link screen only; a teacher must verify correctness, usability and physical kit state."
"Lessons/Grades_5-6_YearA/Week12_Giving_Making.md","5-6","Weekly","A","Service","Giving and Making","PRESENT IN LESSON","PRESENT IN LESSON","PRESENT IN LESSON","PRESENT IN LESSON","PRESENT IN LESSON","PRESENT IN LESSON","PRESENT IN LESSON","PRESENT IN LESSON","PRESENT IN LESSON","PRESENT IN LESSON","PRESENT IN LESSON","PRESENT IN LESSON","PRESENT IN LESSON","PRESENT IN LESSON","PRESENT IN LESSON","PRESENT IN LESSON","PRESENT IN LESSON","PRESENT IN LESSON","PRESENT IN LESSON","NOT APPLICABLE - TECHNOLOGY NONE","PRESENT IN LESSON","20","1","0","printable_student_materials|answer_key_or_expected_evidence|worked_example_if_build|finished_example_if_build|visual_example_if_helpful|board_or_chart_setup|expected_discussion_responses|kit_contents_list|kit_label_text|cleanup_instructions|kit_reset_instructions|unfinished_work_directions|common_misconceptions|annotated_exemplar|common_error_interpretation|reteaching_option|safety_risk_classification|adult_supervision_ratio|sds_product_gate|print_accessibility_check","external_service_compliance","None","../../Review/Safety_Data_Sheet_Register.csv","None","DOCUMENT ARTIFACT CHECK COMPLETE - LOCAL RELEASE STILL REQUIRED","None detected","Text-presence and local-link screen only; a teacher must verify correctness, usability and physical kit state."
"Lessons/Grades_5-6_YearA/Week13_Fall_Showcase.md","5-6","Weekly","A","Communication","Fall Showcase","PRESENT IN LESSON","PRESENT IN LESSON","PRESENT IN LESSON","PRESENT IN LESSON","PRESENT IN LESSON","PRESENT IN LESSON","PRESENT IN LESSON","PRESENT IN LESSON","PRESENT IN LESSON","PRESENT IN LESSON","PRESENT IN LESSON","PRESENT IN LESSON","PRESENT IN LESSON","PRESENT IN LESSON","PRESENT IN LESSON","PRESENT IN LESSON","PRESENT IN LESSON","PRESENT IN LESSON","PRESENT IN LESSON","NOT APPLICABLE - TECHNOLOGY NONE","PRESENT IN LESSON","20","1","0","printable_student_materials|answer_key_or_expected_evidence|worked_example_if_build|finished_example_if_build|visual_example_if_helpful|board_or_chart_setup|expected_discussion_responses|kit_contents_list|kit_label_text|cleanup_instructions|kit_reset_instructions|unfinished_work_directions|common_misconceptions|annotated_exemplar|common_error_interpretation|reteaching_option|safety_risk_classification|adult_supervision_ratio|sds_product_gate|print_accessibility_check","external_service_compliance","None","../../Review/Safety_Data_Sheet_Register.csv","None","DOCUMENT ARTIFACT CHECK COMPLETE - LOCAL RELEASE STILL REQUIRED","None detected","Text-presence and local-link screen only; a teacher must verify correctness, usability and physical kit state."
"Lessons/Grades_5-6_YearA/Week14-15_Optics_Light.md","5-6","Weekly","A","Physical Science","Optics and Light","PRESENT IN LESSON","PRESENT IN LESSON","PRESENT IN LESSON","PRESENT IN LESSON","PRESENT IN LESSON","PRESENT IN LESSON","PRESENT IN LESSON","PRESENT IN LESSON","PRESENT IN LESSON","PRESENT IN LESSON","PRESENT IN LESSON","PRESENT IN LESSON","PRESENT IN LESSON","PRESENT IN LESSON","PRESENT IN LESSON","PRESENT IN LESSON","PRESENT IN LESSON","PRESENT IN LESSON","PRESENT IN LESSON","NOT APPLICABLE - TECHNOLOGY NONE","PRESENT IN LESSON","20","1","0","printable_student_materials|answer_key_or_expected_evidence|worked_example_if_build|finished_example_if_build|visual_example_if_helpful|board_or_chart_setup|expected_discussion_responses|kit_contents_list|kit_label_text|cleanup_instructions|kit_reset_instructions|unfinished_work_directions|common_misconceptions|annotated_exemplar|common_error_interpretation|reteaching_option|safety_risk_classification|adult_supervision_ratio|sds_product_gate|print_accessibility_check","external_service_compliance","None","../../Review/Safety_Data_Sheet_Register.csv","None","DOCUMENT ARTIFACT CHECK COMPLETE - LOCAL RELEASE STILL REQUIRED","None detected","Text-presence and local-link screen only; a teacher must verify correctness, usability and physical kit state."
"Lessons/Grades_5-6_YearA/Week16_Astronomy.md","5-6","Weekly","A","Earth and Space","Astronomy","PRESENT IN LESSON","PRESENT IN LESSON","PRESENT IN LESSON","PRESENT IN LESSON","PRESENT IN LESSON","PRESENT IN LESSON","PRESENT IN LESSON","PRESENT IN LESSON","PRESENT IN LESSON","PRESENT IN LESSON","PRESENT IN LESSON","PRESENT IN LESSON","PRESENT IN LESSON","PRESENT IN LESSON","PRESENT IN LESSON","PRESENT IN LESSON","PRESENT IN LESSON","PRESENT IN LESSON","NOT APPLICABLE - NO CHEMICAL TERM DETECTED","NOT APPLICABLE - TECHNOLOGY NONE","PRESENT IN LESSON","19","2","0","printable_student_materials|answer_key_or_expected_evidence|worked_example_if_build|finished_example_if_build|visual_example_if_helpful|board_or_chart_setup|expected_discussion_responses|kit_contents_list|kit_label_text|cleanup_instructions|kit_reset_instructions|unfinished_work_directions|common_misconceptions|annotated_exemplar|common_error_interpretation|reteaching_option|safety_risk_classification|adult_supervision_ratio|print_accessibility_check","sds_product_gate|external_service_compliance","None","None","None","DOCUMENT ARTIFACT CHECK COMPLETE - LOCAL RELEASE STILL REQUIRED","None detected","Text-presence and local-link screen only; a teacher must verify correctness, usability and physical kit state."
"Lessons/Grades_5-6_YearA/Week18_Goal_Engineering.md","5-6","Weekly","A","Planning","Goal Engineering","PRESENT IN LESSON","PRESENT IN LESSON","PRESENT IN LESSON","PRESENT IN LESSON","PRESENT IN LESSON","PRESENT IN LESSON","PRESENT IN LESSON","PRESENT IN LESSON","PRESENT IN LESSON","PRESENT IN LESSON","PRESENT IN LESSON","PRESENT IN LESSON","PRESENT IN LESSON","PRESENT IN LESSON","PRESENT IN LESSON","PRESENT IN LESSON","PRESENT IN LESSON","PRESENT IN LESSON","NOT APPLICABLE - NO CHEMICAL TERM DETECTED","NOT APPLICABLE - TECHNOLOGY NONE","PRESENT IN LESSON","19","2","0","printable_student_materials|answer_key_or_expected_evidence|worked_example_if_build|finished_example_if_build|visual_example_if_helpful|board_or_chart_setup|expected_discussion_responses|kit_contents_list|kit_label_text|cleanup_instructions|kit_reset_instructions|unfinished_work_directions|common_misconceptions|annotated_exemplar|common_error_interpretation|reteaching_option|safety_risk_classification|adult_supervision_ratio|print_accessibility_check","sds_product_gate|external_service_compliance","None","None","None","DOCUMENT ARTIFACT CHECK COMPLETE - LOCAL RELEASE STILL REQUIRED","None detected","Text-presence and local-link screen only; a teacher must verify correctness, usability and physical kit state."
"Lessons/Grades_5-6_YearA/Week19-22_Passion_Projects.md","5-6","Weekly","A","Capstone","Passion Projects","PRESENT IN LESSON","PRESENT IN LESSON","PRESENT IN LESSON","PRESENT IN LESSON","PRESENT IN LESSON","PRESENT IN LESSON","PRESENT IN LESSON","PRESENT IN LESSON","PRESENT IN LESSON","PRESENT IN LESSON","PRESENT IN LESSON","PRESENT IN LESSON","PRESENT IN LESSON","PRESENT IN LESSON","PRESENT IN LESSON","PRESENT IN LESSON","PRESENT IN LESSON","PRESENT IN LESSON","PRESENT IN LESSON","PRESENT IN LESSON","PRESENT IN LESSON","21","0","0","printable_student_materials|answer_key_or_expected_evidence|worked_example_if_build|finished_example_if_build|visual_example_if_helpful|board_or_chart_setup|expected_discussion_responses|kit_contents_list|kit_label_text|cleanup_instructions|kit_reset_instructions|unfinished_work_directions|common_misconceptions|annotated_exemplar|common_error_interpretation|reteaching_option|safety_risk_classification|adult_supervision_ratio|sds_product_gate|external_service_compliance|print_accessibility_check","None","None","../../Review/Safety_Data_Sheet_Register.csv","None","DOCUMENT ARTIFACT CHECK COMPLETE - LOCAL RELEASE STILL REQUIRED","None detected","Text-presence and local-link screen only; a teacher must verify correctness, usability and physical kit state."
"Lessons/Grades_5-6_YearA/Week23_Catholic_Schools_Week.md","5-6","Weekly","A","Service","Catholic Schools Week","PRESENT IN LESSON","PRESENT IN LESSON","PRESENT IN LESSON","PRESENT IN LESSON","PRESENT IN LESSON","PRESENT IN LESSON","PRESENT IN LESSON","PRESENT IN LESSON","PRESENT IN LESSON","PRESENT IN LESSON","PRESENT IN LESSON","PRESENT IN LESSON","PRESENT IN LESSON","PRESENT IN LESSON","PRESENT IN LESSON","PRESENT IN LESSON","PRESENT IN LESSON","PRESENT IN LESSON","NOT APPLICABLE - NO CHEMICAL TERM DETECTED","NOT APPLICABLE - TECHNOLOGY NONE","PRESENT IN LESSON","19","2","0","printable_student_materials|answer_key_or_expected_evidence|worked_example_if_build|finished_example_if_build|visual_example_if_helpful|board_or_chart_setup|expected_discussion_responses|kit_contents_list|kit_label_text|cleanup_instructions|kit_reset_instructions|unfinished_work_directions|common_misconceptions|annotated_exemplar|common_error_interpretation|reteaching_option|safety_risk_classification|adult_supervision_ratio|print_accessibility_check","sds_product_gate|external_service_compliance","None","None","None","DOCUMENT ARTIFACT CHECK COMPLETE - LOCAL RELEASE STILL REQUIRED","None detected","Text-presence and local-link screen only; a teacher must verify correctness, usability and physical kit state."
"Lessons/Grades_5-6_YearA/Week24-25_Advanced_Scratch.md","5-6","Weekly","A","Computing","Advanced Scratch","PRESENT IN LESSON","PRESENT IN LESSON","PRESENT IN LESSON","PRESENT IN LESSON","PRESENT IN LESSON","PRESENT IN LESSON","PRESENT IN LESSON","PRESENT IN LESSON","PRESENT IN LESSON","PRESENT IN LESSON","PRESENT IN LESSON","PRESENT IN LESSON","PRESENT IN LESSON","PRESENT IN LESSON","PRESENT IN LESSON","PRESENT IN LESSON","PRESENT IN LESSON","PRESENT IN LESSON","NOT APPLICABLE - NO CHEMICAL TERM DETECTED","PRESENT IN LESSON","PRESENT IN LESSON","20","1","0","printable_student_materials|answer_key_or_expected_evidence|worked_example_if_build|finished_example_if_build|visual_example_if_helpful|board_or_chart_setup|expected_discussion_responses|kit_contents_list|kit_label_text|cleanup_instructions|kit_reset_instructions|unfinished_work_directions|common_misconceptions|annotated_exemplar|common_error_interpretation|reteaching_option|safety_risk_classification|adult_supervision_ratio|external_service_compliance|print_accessibility_check","sds_product_gate","None","None","None","DOCUMENT ARTIFACT CHECK COMPLETE - LOCAL RELEASE STILL REQUIRED","None detected","Text-presence and local-link screen only; a teacher must verify correctness, usability and physical kit state."
"Lessons/Grades_5-6_YearA/Week26-27_Little_Bits.md","5-6","Weekly","A","Physical Computing","Snap Circuits - Accessible Indicators","PRESENT IN LESSON","PRESENT IN LESSON","PRESENT IN LESSON","PRESENT IN LESSON","PRESENT IN LESSON","PRESENT IN LESSON","PRESENT IN LESSON","PRESENT IN LESSON","PRESENT IN LESSON","PRESENT IN LESSON","PRESENT IN LESSON","PRESENT IN LESSON","PRESENT IN LESSON","PRESENT IN LESSON","PRESENT IN LESSON","PRESENT IN LESSON","PRESENT IN LESSON","PRESENT IN LESSON","PRESENT IN LESSON","NOT APPLICABLE - TECHNOLOGY NONE","PRESENT IN LESSON","20","1","0","printable_student_materials|answer_key_or_expected_evidence|worked_example_if_build|finished_example_if_build|visual_example_if_helpful|board_or_chart_setup|expected_discussion_responses|kit_contents_list|kit_label_text|cleanup_instructions|kit_reset_instructions|unfinished_work_directions|common_misconceptions|annotated_exemplar|common_error_interpretation|reteaching_option|safety_risk_classification|adult_supervision_ratio|sds_product_gate|print_accessibility_check","external_service_compliance","None","../../Review/Grades_5-6_Review.md|../../Resources/Snap_Circuits_Classroom_Guide.md|../../Review/Safety_Data_Sheet_Register.csv","None","DOCUMENT ARTIFACT CHECK COMPLETE - LOCAL RELEASE STILL REQUIRED","None detected","Text-presence and local-link screen only; a teacher must verify correctness, usability and physical kit state."
"Lessons/Grades_5-6_YearA/Week28_Pi_Day.md","5-6","Weekly","A","Mathematics","Pi Day","PRESENT IN LESSON","PRESENT IN LESSON","PRESENT IN LESSON","PRESENT IN LESSON","PRESENT IN LESSON","PRESENT IN LESSON","PRESENT IN LESSON","PRESENT IN LESSON","PRESENT IN LESSON","PRESENT IN LESSON","PRESENT IN LESSON","PRESENT IN LESSON","PRESENT IN LESSON","PRESENT IN LESSON","PRESENT IN LESSON","PRESENT IN LESSON","PRESENT IN LESSON","PRESENT IN LESSON","NOT APPLICABLE - NO CHEMICAL TERM DETECTED","NOT APPLICABLE - TECHNOLOGY NONE","PRESENT IN LESSON","19","2","0","printable_student_materials|answer_key_or_expected_evidence|worked_example_if_build|finished_example_if_build|visual_example_if_helpful|board_or_chart_setup|expected_discussion_responses|kit_contents_list|kit_label_text|cleanup_instructions|kit_reset_instructions|unfinished_work_directions|common_misconceptions|annotated_exemplar|common_error_interpretation|reteaching_option|safety_risk_classification|adult_supervision_ratio|print_accessibility_check","sds_product_gate|external_service_compliance","None","None","None","DOCUMENT ARTIFACT CHECK COMPLETE - LOCAL RELEASE STILL REQUIRED","None detected","Text-presence and local-link screen only; a teacher must verify correctness, usability and physical kit state."
"Lessons/Grades_5-6_YearA/Week29-31_Environmental_Science.md","5-6","Weekly","A","Environment","Environmental Science","PRESENT IN LESSON","PRESENT IN LESSON","PRESENT IN LESSON","PRESENT IN LESSON","PRESENT IN LESSON","PRESENT IN LESSON","PRESENT IN LESSON","PRESENT IN LESSON","PRESENT IN LESSON","PRESENT IN LESSON","PRESENT IN LESSON","PRESENT IN LESSON","PRESENT IN LESSON","PRESENT IN LESSON","PRESENT IN LESSON","PRESENT IN LESSON","PRESENT IN LESSON","PRESENT IN LESSON","PRESENT IN LESSON","NOT APPLICABLE - TECHNOLOGY NONE","PRESENT IN LESSON","20","1","0","printable_student_materials|answer_key_or_expected_evidence|worked_example_if_build|finished_example_if_build|visual_example_if_helpful|board_or_chart_setup|expected_discussion_responses|kit_contents_list|kit_label_text|cleanup_instructions|kit_reset_instructions|unfinished_work_directions|common_misconceptions|annotated_exemplar|common_error_interpretation|reteaching_option|safety_risk_classification|adult_supervision_ratio|sds_product_gate|print_accessibility_check","external_service_compliance","None","../../Review/Grades_5-6_Review.md|../../Review/Safety_Data_Sheet_Register.csv","None","DOCUMENT ARTIFACT CHECK COMPLETE - LOCAL RELEASE STILL REQUIRED","None detected","Text-presence and local-link screen only; a teacher must verify correctness, usability and physical kit state."
"Lessons/Grades_5-6_YearA/Week33_Easter_Engineering.md","5-6","Weekly","A","Physical Science","Easter Engineering","PRESENT IN LESSON","PRESENT IN LESSON","PRESENT IN LESSON","PRESENT IN LESSON","PRESENT IN LESSON","PRESENT IN LESSON","PRESENT IN LESSON","PRESENT IN LESSON","PRESENT IN LESSON","PRESENT IN LESSON","PRESENT IN LESSON","PRESENT IN LESSON","PRESENT IN LESSON","PRESENT IN LESSON","PRESENT IN LESSON","PRESENT IN LESSON","PRESENT IN LESSON","PRESENT IN LESSON","PRESENT IN LESSON","NOT APPLICABLE - TECHNOLOGY NONE","PRESENT IN LESSON","20","1","0","printable_student_materials|answer_key_or_expected_evidence|worked_example_if_build|finished_example_if_build|visual_example_if_helpful|board_or_chart_setup|expected_discussion_responses|kit_contents_list|kit_label_text|cleanup_instructions|kit_reset_instructions|unfinished_work_directions|common_misconceptions|annotated_exemplar|common_error_interpretation|reteaching_option|safety_risk_classification|adult_supervision_ratio|sds_product_gate|print_accessibility_check","external_service_compliance","None","../../Review/Safety_Data_Sheet_Register.csv","None","DOCUMENT ARTIFACT CHECK COMPLETE - LOCAL RELEASE STILL REQUIRED","None detected","Text-presence and local-link screen only; a teacher must verify correctness, usability and physical kit state."
"Lessons/Grades_5-6_YearA/Week34_STREAM_Expo.md","5-6","Weekly","A","Communication","STREAM Expo","PRESENT IN LESSON","PRESENT IN LESSON","PRESENT IN LESSON","PRESENT IN LESSON","PRESENT IN LESSON","PRESENT IN LESSON","PRESENT IN LESSON","PRESENT IN LESSON","PRESENT IN LESSON","PRESENT IN LESSON","PRESENT IN LESSON","PRESENT IN LESSON","PRESENT IN LESSON","PRESENT IN LESSON","PRESENT IN LESSON","PRESENT IN LESSON","PRESENT IN LESSON","PRESENT IN LESSON","PRESENT IN LESSON","NOT APPLICABLE - TECHNOLOGY NONE","PRESENT IN LESSON","20","1","0","printable_student_materials|answer_key_or_expected_evidence|worked_example_if_build|finished_example_if_build|visual_example_if_helpful|board_or_chart_setup|expected_discussion_responses|kit_contents_list|kit_label_text|cleanup_instructions|kit_reset_instructions|unfinished_work_directions|common_misconceptions|annotated_exemplar|common_error_interpretation|reteaching_option|safety_risk_classification|adult_supervision_ratio|sds_product_gate|print_accessibility_check","external_service_compliance","None","../../Review/Safety_Data_Sheet_Register.csv","None","DOCUMENT ARTIFACT CHECK COMPLETE - LOCAL RELEASE STILL REQUIRED","None detected","Text-presence and local-link screen only; a teacher must verify correctness, usability and physical kit state."
"Lessons/Grades_5-6_YearB/Week01_Welcome_Innovators.md","5-6","Weekly","B","Foundations","Welcome Innovators","PRESENT IN LESSON","PRESENT IN LESSON","PRESENT IN LESSON","PRESENT IN LESSON","PRESENT IN LESSON","PRESENT IN LESSON","PRESENT IN LESSON","PRESENT IN LESSON","PRESENT IN LESSON","PRESENT IN LESSON","PRESENT IN LESSON","PRESENT IN LESSON","PRESENT IN LESSON","PRESENT IN LESSON","PRESENT IN LESSON","PRESENT IN LESSON","PRESENT IN LESSON","PRESENT IN LESSON","PRESENT IN LESSON","NOT APPLICABLE - TECHNOLOGY NONE","PRESENT IN LESSON","20","1","0","printable_student_materials|answer_key_or_expected_evidence|worked_example_if_build|finished_example_if_build|visual_example_if_helpful|board_or_chart_setup|expected_discussion_responses|kit_contents_list|kit_label_text|cleanup_instructions|kit_reset_instructions|unfinished_work_directions|common_misconceptions|annotated_exemplar|common_error_interpretation|reteaching_option|safety_risk_classification|adult_supervision_ratio|sds_product_gate|print_accessibility_check","external_service_compliance","None","../../Review/Safety_Data_Sheet_Register.csv","None","DOCUMENT ARTIFACT CHECK COMPLETE - LOCAL RELEASE STILL REQUIRED","None detected","Text-presence and local-link screen only; a teacher must verify correctness, usability and physical kit state."
"Lessons/Grades_5-6_YearB/Week02-04_Biotechnology.md","5-6","Weekly","B","Life Science","Biotechnology","PRESENT IN LESSON","PRESENT IN LESSON","PRESENT IN LESSON","PRESENT IN LESSON","PRESENT IN LESSON","PRESENT IN LESSON","PRESENT IN LESSON","PRESENT IN LESSON","PRESENT IN LESSON","PRESENT IN LESSON","PRESENT IN LESSON","PRESENT IN LESSON","PRESENT IN LESSON","PRESENT IN LESSON","PRESENT IN LESSON","PRESENT IN LESSON","PRESENT IN LESSON","PRESENT IN LESSON","PRESENT IN LESSON","NOT APPLICABLE - TECHNOLOGY NONE","PRESENT IN LESSON","20","1","0","printable_student_materials|answer_key_or_expected_evidence|worked_example_if_build|finished_example_if_build|visual_example_if_helpful|board_or_chart_setup|expected_discussion_responses|kit_contents_list|kit_label_text|cleanup_instructions|kit_reset_instructions|unfinished_work_directions|common_misconceptions|annotated_exemplar|common_error_interpretation|reteaching_option|safety_risk_classification|adult_supervision_ratio|sds_product_gate|print_accessibility_check","external_service_compliance","None","../../Review/Grades_5-6_Review.md|../../Review/Safety_Data_Sheet_Register.csv|../../Review/Safety_Data_Sheet_Register.csv","None","DOCUMENT ARTIFACT CHECK COMPLETE - LOCAL RELEASE STILL REQUIRED","None detected","Text-presence and local-link screen only; a teacher must verify correctness, usability and physical kit state."
"Lessons/Grades_5-6_YearB/Week05-07_Renewable_Energy.md","5-6","Weekly","B","Energy","Renewable Energy","PRESENT IN LESSON","PRESENT IN LESSON","PRESENT IN LESSON","PRESENT IN LESSON","PRESENT IN LESSON","PRESENT IN LESSON","PRESENT IN LESSON","PRESENT IN LESSON","PRESENT IN LESSON","PRESENT IN LESSON","PRESENT IN LESSON","PRESENT IN LESSON","PRESENT IN LESSON","PRESENT IN LESSON","PRESENT IN LESSON","PRESENT IN LESSON","PRESENT IN LESSON","PRESENT IN LESSON","PRESENT IN LESSON","PRESENT IN LESSON","PRESENT IN LESSON","21","0","0","printable_student_materials|answer_key_or_expected_evidence|worked_example_if_build|finished_example_if_build|visual_example_if_helpful|board_or_chart_setup|expected_discussion_responses|kit_contents_list|kit_label_text|cleanup_instructions|kit_reset_instructions|unfinished_work_directions|common_misconceptions|annotated_exemplar|common_error_interpretation|reteaching_option|safety_risk_classification|adult_supervision_ratio|sds_product_gate|external_service_compliance|print_accessibility_check","None","None","../../Review/Grades_5-6_Review.md|../../Review/Safety_Data_Sheet_Register.csv|../../Review/Safety_Data_Sheet_Register.csv","None","DOCUMENT ARTIFACT CHECK COMPLETE - LOCAL RELEASE STILL REQUIRED","None detected","Text-presence and local-link screen only; a teacher must verify correctness, usability and physical kit state."
"Lessons/Grades_5-6_YearB/Week08-10_Biomimicry.md","5-6","Weekly","B","Design","Biomimicry","PRESENT IN LESSON","PRESENT IN LESSON","PRESENT IN LESSON","PRESENT IN LESSON","PRESENT IN LESSON","PRESENT IN LESSON","PRESENT IN LESSON","PRESENT IN LESSON","PRESENT IN LESSON","PRESENT IN LESSON","PRESENT IN LESSON","PRESENT IN LESSON","PRESENT IN LESSON","PRESENT IN LESSON","PRESENT IN LESSON","PRESENT IN LESSON","PRESENT IN LESSON","PRESENT IN LESSON","PRESENT IN LESSON","NOT APPLICABLE - TECHNOLOGY NONE","PRESENT IN LESSON","20","1","0","printable_student_materials|answer_key_or_expected_evidence|worked_example_if_build|finished_example_if_build|visual_example_if_helpful|board_or_chart_setup|expected_discussion_responses|kit_contents_list|kit_label_text|cleanup_instructions|kit_reset_instructions|unfinished_work_directions|common_misconceptions|annotated_exemplar|common_error_interpretation|reteaching_option|safety_risk_classification|adult_supervision_ratio|sds_product_gate|print_accessibility_check","external_service_compliance","None","../../Review/Grades_5-6_Review.md|../../Review/Safety_Data_Sheet_Register.csv|../../Review/Safety_Data_Sheet_Register.csv","None","DOCUMENT ARTIFACT CHECK COMPLETE - LOCAL RELEASE STILL REQUIRED","None detected","Text-presence and local-link screen only; a teacher must verify correctness, usability and physical kit state."
"Lessons/Grades_5-6_YearB/Week11_Thanksgiving_Data.md","5-6","Weekly","B","Data","Thanksgiving Data","PRESENT IN LESSON","PRESENT IN LESSON","PRESENT IN LESSON","PRESENT IN LESSON","PRESENT IN LESSON","PRESENT IN LESSON","PRESENT IN LESSON","PRESENT IN LESSON","PRESENT IN LESSON","PRESENT IN LESSON","PRESENT IN LESSON","PRESENT IN LESSON","PRESENT IN LESSON","PRESENT IN LESSON","PRESENT IN LESSON","PRESENT IN LESSON","PRESENT IN LESSON","PRESENT IN LESSON","PRESENT IN LESSON","NOT APPLICABLE - TECHNOLOGY NONE","PRESENT IN LESSON","20","1","0","printable_student_materials|answer_key_or_expected_evidence|worked_example_if_build|finished_example_if_build|visual_example_if_helpful|board_or_chart_setup|expected_discussion_responses|kit_contents_list|kit_label_text|cleanup_instructions|kit_reset_instructions|unfinished_work_directions|common_misconceptions|annotated_exemplar|common_error_interpretation|reteaching_option|safety_risk_classification|adult_supervision_ratio|sds_product_gate|print_accessibility_check","external_service_compliance","None","../../Review/Safety_Data_Sheet_Register.csv","None","DOCUMENT ARTIFACT CHECK COMPLETE - LOCAL RELEASE STILL REQUIRED","None detected","Text-presence and local-link screen only; a teacher must verify correctness, usability and physical kit state."
"Lessons/Grades_5-6_YearB/Week12_Gifts_Service.md","5-6","Weekly","B","Service","Gifts of Service","PRESENT IN LESSON","PRESENT IN LESSON","PRESENT IN LESSON","PRESENT IN LESSON","PRESENT IN LESSON","PRESENT IN LESSON","PRESENT IN LESSON","PRESENT IN LESSON","PRESENT IN LESSON","PRESENT IN LESSON","PRESENT IN LESSON","PRESENT IN LESSON","PRESENT IN LESSON","PRESENT IN LESSON","PRESENT IN LESSON","PRESENT IN LESSON","PRESENT IN LESSON","PRESENT IN LESSON","PRESENT IN LESSON","NOT APPLICABLE - TECHNOLOGY NONE","PRESENT IN LESSON","20","1","0","printable_student_materials|answer_key_or_expected_evidence|worked_example_if_build|finished_example_if_build|visual_example_if_helpful|board_or_chart_setup|expected_discussion_responses|kit_contents_list|kit_label_text|cleanup_instructions|kit_reset_instructions|unfinished_work_directions|common_misconceptions|annotated_exemplar|common_error_interpretation|reteaching_option|safety_risk_classification|adult_supervision_ratio|sds_product_gate|print_accessibility_check","external_service_compliance","None","../../Review/Safety_Data_Sheet_Register.csv","None","DOCUMENT ARTIFACT CHECK COMPLETE - LOCAL RELEASE STILL REQUIRED","None detected","Text-presence and local-link screen only; a teacher must verify correctness, usability and physical kit state."
"Lessons/Grades_5-6_YearB/Week13_Advent_Technology.md","5-6","Weekly","B","Communication","Advent Technology","PRESENT IN LESSON","PRESENT IN LESSON","PRESENT IN LESSON","PRESENT IN LESSON","PRESENT IN LESSON","PRESENT IN LESSON","PRESENT IN LESSON","PRESENT IN LESSON","PRESENT IN LESSON","PRESENT IN LESSON","PRESENT IN LESSON","PRESENT IN LESSON","PRESENT IN LESSON","PRESENT IN LESSON","PRESENT IN LESSON","PRESENT IN LESSON","PRESENT IN LESSON","PRESENT IN LESSON","PRESENT IN LESSON","PRESENT IN LESSON","PRESENT IN LESSON","21","0","0","printable_student_materials|answer_key_or_expected_evidence|worked_example_if_build|finished_example_if_build|visual_example_if_helpful|board_or_chart_setup|expected_discussion_responses|kit_contents_list|kit_label_text|cleanup_instructions|kit_reset_instructions|unfinished_work_directions|common_misconceptions|annotated_exemplar|common_error_interpretation|reteaching_option|safety_risk_classification|adult_supervision_ratio|sds_product_gate|external_service_compliance|print_accessibility_check","None","None","../../Review/Safety_Data_Sheet_Register.csv","None","DOCUMENT ARTIFACT CHECK COMPLETE - LOCAL RELEASE STILL REQUIRED","None detected","Text-presence and local-link screen only; a teacher must verify correctness, usability and physical kit state."
"Lessons/Grades_5-6_YearB/Week14-18_App_Development.md","5-6","Weekly","B","Computing","App Development","PRESENT IN LESSON","PRESENT IN LESSON","PRESENT IN LESSON","PRESENT IN LESSON","PRESENT IN LESSON","PRESENT IN LESSON","PRESENT IN LESSON","PRESENT IN LESSON","PRESENT IN LESSON","PRESENT IN LESSON","PRESENT IN LESSON","PRESENT IN LESSON","PRESENT IN LESSON","PRESENT IN LESSON","PRESENT IN LESSON","PRESENT IN LESSON","PRESENT IN LESSON","PRESENT IN LESSON","PRESENT IN LESSON","PRESENT IN LESSON","PRESENT IN LESSON","21","0","0","printable_student_materials|answer_key_or_expected_evidence|worked_example_if_build|finished_example_if_build|visual_example_if_helpful|board_or_chart_setup|expected_discussion_responses|kit_contents_list|kit_label_text|cleanup_instructions|kit_reset_instructions|unfinished_work_directions|common_misconceptions|annotated_exemplar|common_error_interpretation|reteaching_option|safety_risk_classification|adult_supervision_ratio|sds_product_gate|external_service_compliance|print_accessibility_check","None","None","../../Review/Grades_5-6_Review.md|../../Review/Safety_Data_Sheet_Register.csv|../../Review/Safety_Data_Sheet_Register.csv","None","DOCUMENT ARTIFACT CHECK COMPLETE - LOCAL RELEASE STILL REQUIRED","None detected","Text-presence and local-link screen only; a teacher must verify correctness, usability and physical kit state."
"Lessons/Grades_5-6_YearB/Week19_New_Year_Vision.md","5-6","Weekly","B","Planning","New Year Vision","PRESENT IN LESSON","PRESENT IN LESSON","PRESENT IN LESSON","PRESENT IN LESSON","PRESENT IN LESSON","PRESENT IN LESSON","PRESENT IN LESSON","PRESENT IN LESSON","PRESENT IN LESSON","PRESENT IN LESSON","PRESENT IN LESSON","PRESENT IN LESSON","PRESENT IN LESSON","PRESENT IN LESSON","PRESENT IN LESSON","PRESENT IN LESSON","PRESENT IN LESSON","PRESENT IN LESSON","NOT APPLICABLE - NO CHEMICAL TERM DETECTED","NOT APPLICABLE - TECHNOLOGY NONE","PRESENT IN LESSON","19","2","0","printable_student_materials|answer_key_or_expected_evidence|worked_example_if_build|finished_example_if_build|visual_example_if_helpful|board_or_chart_setup|expected_discussion_responses|kit_contents_list|kit_label_text|cleanup_instructions|kit_reset_instructions|unfinished_work_directions|common_misconceptions|annotated_exemplar|common_error_interpretation|reteaching_option|safety_risk_classification|adult_supervision_ratio|print_accessibility_check","sds_product_gate|external_service_compliance","None","None","None","DOCUMENT ARTIFACT CHECK COMPLETE - LOCAL RELEASE STILL REQUIRED","None detected","Text-presence and local-link screen only; a teacher must verify correctness, usability and physical kit state."
"Lessons/Grades_5-6_YearB/Week20-23_Social_Entrepreneurship.md","5-6","Weekly","B","Service","Social Entrepreneurship","PRESENT IN LESSON","PRESENT IN LESSON","PRESENT IN LESSON","PRESENT IN LESSON","PRESENT IN LESSON","PRESENT IN LESSON","PRESENT IN LESSON","PRESENT IN LESSON","PRESENT IN LESSON","PRESENT IN LESSON","PRESENT IN LESSON","PRESENT IN LESSON","PRESENT IN LESSON","PRESENT IN LESSON","PRESENT IN LESSON","PRESENT IN LESSON","PRESENT IN LESSON","PRESENT IN LESSON","PRESENT IN LESSON","NOT APPLICABLE - TECHNOLOGY NONE","PRESENT IN LESSON","20","1","0","printable_student_materials|answer_key_or_expected_evidence|worked_example_if_build|finished_example_if_build|visual_example_if_helpful|board_or_chart_setup|expected_discussion_responses|kit_contents_list|kit_label_text|cleanup_instructions|kit_reset_instructions|unfinished_work_directions|common_misconceptions|annotated_exemplar|common_error_interpretation|reteaching_option|safety_risk_classification|adult_supervision_ratio|sds_product_gate|print_accessibility_check","external_service_compliance","None","../../Review/Safety_Data_Sheet_Register.csv|../../Review/Safety_Data_Sheet_Register.csv","None","DOCUMENT ARTIFACT CHECK COMPLETE - LOCAL RELEASE STILL REQUIRED","None detected","Text-presence and local-link screen only; a teacher must verify correctness, usability and physical kit state."
"Lessons/Grades_5-6_YearB/Week24_Catholic_Schools.md","5-6","Weekly","B","Service","Catholic Schools Week","PRESENT IN LESSON","PRESENT IN LESSON","PRESENT IN LESSON","PRESENT IN LESSON","PRESENT IN LESSON","PRESENT IN LESSON","PRESENT IN LESSON","PRESENT IN LESSON","PRESENT IN LESSON","PRESENT IN LESSON","PRESENT IN LESSON","PRESENT IN LESSON","PRESENT IN LESSON","PRESENT IN LESSON","PRESENT IN LESSON","PRESENT IN LESSON","PRESENT IN LESSON","PRESENT IN LESSON","NOT APPLICABLE - NO CHEMICAL TERM DETECTED","NOT APPLICABLE - TECHNOLOGY NONE","PRESENT IN LESSON","19","2","0","printable_student_materials|answer_key_or_expected_evidence|worked_example_if_build|finished_example_if_build|visual_example_if_helpful|board_or_chart_setup|expected_discussion_responses|kit_contents_list|kit_label_text|cleanup_instructions|kit_reset_instructions|unfinished_work_directions|common_misconceptions|annotated_exemplar|common_error_interpretation|reteaching_option|safety_risk_classification|adult_supervision_ratio|print_accessibility_check","sds_product_gate|external_service_compliance","None","None","None","DOCUMENT ARTIFACT CHECK COMPLETE - LOCAL RELEASE STILL REQUIRED","None detected","Text-presence and local-link screen only; a teacher must verify correctness, usability and physical kit state."
"Lessons/Grades_5-6_YearB/Week25-28_Health_Technology.md","5-6","Weekly","B","Design","Health Technology","PRESENT IN LESSON","PRESENT IN LESSON","PRESENT IN LESSON","PRESENT IN LESSON","PRESENT IN LESSON","PRESENT IN LESSON","PRESENT IN LESSON","PRESENT IN LESSON","PRESENT IN LESSON","PRESENT IN LESSON","PRESENT IN LESSON","PRESENT IN LESSON","PRESENT IN LESSON","PRESENT IN LESSON","PRESENT IN LESSON","PRESENT IN LESSON","PRESENT IN LESSON","PRESENT IN LESSON","PRESENT IN LESSON","NOT APPLICABLE - TECHNOLOGY NONE","PRESENT IN LESSON","20","1","0","printable_student_materials|answer_key_or_expected_evidence|worked_example_if_build|finished_example_if_build|visual_example_if_helpful|board_or_chart_setup|expected_discussion_responses|kit_contents_list|kit_label_text|cleanup_instructions|kit_reset_instructions|unfinished_work_directions|common_misconceptions|annotated_exemplar|common_error_interpretation|reteaching_option|safety_risk_classification|adult_supervision_ratio|sds_product_gate|print_accessibility_check","external_service_compliance","None","../../Review/Safety_Data_Sheet_Register.csv|../../Review/Safety_Data_Sheet_Register.csv","None","DOCUMENT ARTIFACT CHECK COMPLETE - LOCAL RELEASE STILL REQUIRED","None detected","Text-presence and local-link screen only; a teacher must verify correctness, usability and physical kit state."
"Lessons/Grades_5-6_YearB/Week29-31_Environmental_Monitoring.md","5-6","Weekly","B","Environment","Environmental Monitoring","PRESENT IN LESSON","PRESENT IN LESSON","PRESENT IN LESSON","PRESENT IN LESSON","PRESENT IN LESSON","PRESENT IN LESSON","PRESENT IN LESSON","PRESENT IN LESSON","PRESENT IN LESSON","PRESENT IN LESSON","PRESENT IN LESSON","PRESENT IN LESSON","PRESENT IN LESSON","PRESENT IN LESSON","PRESENT IN LESSON","PRESENT IN LESSON","PRESENT IN LESSON","PRESENT IN LESSON","PRESENT IN LESSON","NOT APPLICABLE - TECHNOLOGY NONE","PRESENT IN LESSON","20","1","0","printable_student_materials|answer_key_or_expected_evidence|worked_example_if_build|finished_example_if_build|visual_example_if_helpful|board_or_chart_setup|expected_discussion_responses|kit_contents_list|kit_label_text|cleanup_instructions|kit_reset_instructions|unfinished_work_directions|common_misconceptions|annotated_exemplar|common_error_interpretation|reteaching_option|safety_risk_classification|adult_supervision_ratio|sds_product_gate|print_accessibility_check","external_service_compliance","None","../../Review/Safety_Data_Sheet_Register.csv","None","DOCUMENT ARTIFACT CHECK COMPLETE - LOCAL RELEASE STILL REQUIRED","None detected","Text-presence and local-link screen only; a teacher must verify correctness, usability and physical kit state."
"Lessons/Grades_5-6_YearB/Week33_Easter_Hope.md","5-6","Weekly","B","Life Science","Easter Hope","PRESENT IN LESSON","PRESENT IN LESSON","PRESENT IN LESSON","PRESENT IN LESSON","PRESENT IN LESSON","PRESENT IN LESSON","PRESENT IN LESSON","PRESENT IN LESSON","PRESENT IN LESSON","PRESENT IN LESSON","PRESENT IN LESSON","PRESENT IN LESSON","PRESENT IN LESSON","PRESENT IN LESSON","PRESENT IN LESSON","PRESENT IN LESSON","PRESENT IN LESSON","PRESENT IN LESSON","PRESENT IN LESSON","NOT APPLICABLE - TECHNOLOGY NONE","PRESENT IN LESSON","20","1","0","printable_student_materials|answer_key_or_expected_evidence|worked_example_if_build|finished_example_if_build|visual_example_if_helpful|board_or_chart_setup|expected_discussion_responses|kit_contents_list|kit_label_text|cleanup_instructions|kit_reset_instructions|unfinished_work_directions|common_misconceptions|annotated_exemplar|common_error_interpretation|reteaching_option|safety_risk_classification|adult_supervision_ratio|sds_product_gate|print_accessibility_check","external_service_compliance","None","../../Review/Safety_Data_Sheet_Register.csv","None","DOCUMENT ARTIFACT CHECK COMPLETE - LOCAL RELEASE STILL REQUIRED","None detected","Text-presence and local-link screen only; a teacher must verify correctness, usability and physical kit state."
"Lessons/Grades_5-6_YearB/Week34_Exhibition.md","5-6","Weekly","B","Communication","Year B Exhibition","PRESENT IN LESSON","PRESENT IN LESSON","PRESENT IN LESSON","PRESENT IN LESSON","PRESENT IN LESSON","PRESENT IN LESSON","PRESENT IN LESSON","PRESENT IN LESSON","PRESENT IN LESSON","PRESENT IN LESSON","PRESENT IN LESSON","PRESENT IN LESSON","PRESENT IN LESSON","PRESENT IN LESSON","PRESENT IN LESSON","PRESENT IN LESSON","PRESENT IN LESSON","PRESENT IN LESSON","PRESENT IN LESSON","NOT APPLICABLE - TECHNOLOGY NONE","PRESENT IN LESSON","20","1","0","printable_student_materials|answer_key_or_expected_evidence|worked_example_if_build|finished_example_if_build|visual_example_if_helpful|board_or_chart_setup|expected_discussion_responses|kit_contents_list|kit_label_text|cleanup_instructions|kit_reset_instructions|unfinished_work_directions|common_misconceptions|annotated_exemplar|common_error_interpretation|reteaching_option|safety_risk_classification|adult_supervision_ratio|sds_product_gate|print_accessibility_check","external_service_compliance","None","../../Review/Safety_Data_Sheet_Register.csv","None","DOCUMENT ARTIFACT CHECK COMPLETE - LOCAL RELEASE STILL REQUIRED","None detected","Text-presence and local-link screen only; a teacher must verify correctness, usability and physical kit state."
"Lessons/Kindergarten/Week01_Welcome_to_CSTREAM.md","K","Weekly","Single","Welcome","Welcome to C-STREAM","PRESENT IN LESSON","PRESENT IN LESSON","PRESENT IN LESSON","PRESENT IN LESSON","PRESENT IN LESSON","PRESENT IN LESSON","PRESENT IN LESSON","PRESENT IN LESSON","PRESENT IN LESSON","PRESENT IN LESSON","PRESENT IN LESSON","PRESENT IN LESSON","PRESENT IN LESSON","PRESENT IN LESSON","PRESENT IN LESSON","PRESENT IN LESSON","PRESENT IN LESSON","PRESENT IN LESSON","PRESENT IN LESSON","NOT APPLICABLE - TECHNOLOGY NONE","PRESENT IN LESSON","20","1","0","printable_student_materials|answer_key_or_expected_evidence|worked_example_if_build|finished_example_if_build|visual_example_if_helpful|board_or_chart_setup|expected_discussion_responses|kit_contents_list|kit_label_text|cleanup_instructions|kit_reset_instructions|unfinished_work_directions|common_misconceptions|annotated_exemplar|common_error_interpretation|reteaching_option|safety_risk_classification|adult_supervision_ratio|sds_product_gate|print_accessibility_check","external_service_compliance","None","../../Resources/Kindergarten_Reference_Routines.md|./Kindergarten_Teacher_Artifacts.md","None","DOCUMENT ARTIFACT CHECK COMPLETE - LOCAL RELEASE STILL REQUIRED","None detected","Text-presence and local-link screen only; a teacher must verify correctness, usability and physical kit state."
"Lessons/Kindergarten/Week02-03_Sphero_Movement.md","K","Weekly","Single","Movement","Exploring Movement with Sphero","PRESENT IN LESSON","PRESENT IN LESSON","PRESENT IN LESSON","PRESENT IN LESSON","PRESENT IN LESSON","PRESENT IN LESSON","PRESENT IN LESSON","PRESENT IN LESSON","PRESENT IN LESSON","PRESENT IN LESSON","PRESENT IN LESSON","PRESENT IN LESSON","PRESENT IN LESSON","PRESENT IN LESSON","PRESENT IN LESSON","PRESENT IN LESSON","PRESENT IN LESSON","PRESENT IN LESSON","PRESENT IN LESSON","PRESENT IN LESSON","PRESENT IN LESSON","21","0","0","printable_student_materials|answer_key_or_expected_evidence|worked_example_if_build|finished_example_if_build|visual_example_if_helpful|board_or_chart_setup|expected_discussion_responses|kit_contents_list|kit_label_text|cleanup_instructions|kit_reset_instructions|unfinished_work_directions|common_misconceptions|annotated_exemplar|common_error_interpretation|reteaching_option|safety_risk_classification|adult_supervision_ratio|sds_product_gate|external_service_compliance|print_accessibility_check","None","None","./Kindergarten_Teacher_Artifacts.md","None","DOCUMENT ARTIFACT CHECK COMPLETE - LOCAL RELEASE STILL REQUIRED","None detected","Text-presence and local-link screen only; a teacher must verify correctness, usability and physical kit state."
"Lessons/Kindergarten/Week04_Wonder_Walk.md","K","Weekly","Single","Observation","Wonder Walk","PRESENT IN LESSON","PRESENT IN LESSON","PRESENT IN LESSON","PRESENT IN LESSON","PRESENT IN LESSON","PRESENT IN LESSON","PRESENT IN LESSON","PRESENT IN LESSON","PRESENT IN LESSON","PRESENT IN LESSON","PRESENT IN LESSON","PRESENT IN LESSON","PRESENT IN LESSON","PRESENT IN LESSON","PRESENT IN LESSON","PRESENT IN LESSON","PRESENT IN LESSON","PRESENT IN LESSON","PRESENT IN LESSON","NOT APPLICABLE - TECHNOLOGY NONE","PRESENT IN LESSON","20","1","0","printable_student_materials|answer_key_or_expected_evidence|worked_example_if_build|finished_example_if_build|visual_example_if_helpful|board_or_chart_setup|expected_discussion_responses|kit_contents_list|kit_label_text|cleanup_instructions|kit_reset_instructions|unfinished_work_directions|common_misconceptions|annotated_exemplar|common_error_interpretation|reteaching_option|safety_risk_classification|adult_supervision_ratio|sds_product_gate|print_accessibility_check","external_service_compliance","None","./Kindergarten_Teacher_Artifacts.md","None","DOCUMENT ARTIFACT CHECK COMPLETE - LOCAL RELEASE STILL REQUIRED","None detected","Text-presence and local-link screen only; a teacher must verify correctness, usability and physical kit state."
"Lessons/Kindergarten/Week05-06_KEVA_Building.md","K","Weekly","Single","Structures","Building with KEVA Planks","PRESENT IN LESSON","PRESENT IN LESSON","PRESENT IN LESSON","PRESENT IN LESSON","PRESENT IN LESSON","PRESENT IN LESSON","PRESENT IN LESSON","PRESENT IN LESSON","PRESENT IN LESSON","PRESENT IN LESSON","PRESENT IN LESSON","PRESENT IN LESSON","PRESENT IN LESSON","PRESENT IN LESSON","PRESENT IN LESSON","PRESENT IN LESSON","PRESENT IN LESSON","PRESENT IN LESSON","PRESENT IN LESSON","NOT APPLICABLE - TECHNOLOGY NONE","PRESENT IN LESSON","20","1","0","printable_student_materials|answer_key_or_expected_evidence|worked_example_if_build|finished_example_if_build|visual_example_if_helpful|board_or_chart_setup|expected_discussion_responses|kit_contents_list|kit_label_text|cleanup_instructions|kit_reset_instructions|unfinished_work_directions|common_misconceptions|annotated_exemplar|common_error_interpretation|reteaching_option|safety_risk_classification|adult_supervision_ratio|sds_product_gate|print_accessibility_check","external_service_compliance","None","../../Resources/Kindergarten_Reference_Routines.md|./Kindergarten_Teacher_Artifacts.md","None","DOCUMENT ARTIFACT CHECK COMPLETE - LOCAL RELEASE STILL REQUIRED","None detected","Text-presence and local-link screen only; a teacher must verify correctness, usability and physical kit state."
"Lessons/Kindergarten/Week07-09_Engineering_Helpers.md","K","Weekly","Single","Service design","Engineering Helpers","PRESENT IN LESSON","PRESENT IN LESSON","PRESENT IN LESSON","PRESENT IN LESSON","PRESENT IN LESSON","PRESENT IN LESSON","PRESENT IN LESSON","PRESENT IN LESSON","PRESENT IN LESSON","PRESENT IN LESSON","PRESENT IN LESSON","PRESENT IN LESSON","PRESENT IN LESSON","PRESENT IN LESSON","PRESENT IN LESSON","PRESENT IN LESSON","PRESENT IN LESSON","PRESENT IN LESSON","PRESENT IN LESSON","NOT APPLICABLE - TECHNOLOGY NONE","PRESENT IN LESSON","20","1","0","printable_student_materials|answer_key_or_expected_evidence|worked_example_if_build|finished_example_if_build|visual_example_if_helpful|board_or_chart_setup|expected_discussion_responses|kit_contents_list|kit_label_text|cleanup_instructions|kit_reset_instructions|unfinished_work_directions|common_misconceptions|annotated_exemplar|common_error_interpretation|reteaching_option|safety_risk_classification|adult_supervision_ratio|sds_product_gate|print_accessibility_check","external_service_compliance","None","../../Resources/Kindergarten_Reference_Routines.md|./Kindergarten_Teacher_Artifacts.md","None","DOCUMENT ARTIFACT CHECK COMPLETE - LOCAL RELEASE STILL REQUIRED","None detected","Text-presence and local-link screen only; a teacher must verify correctness, usability and physical kit state."
"Lessons/Kindergarten/Week10_Bridges_Connect_Us.md","K","Weekly","Single","Structures","Bridges Connect Us","PRESENT IN LESSON","PRESENT IN LESSON","PRESENT IN LESSON","PRESENT IN LESSON","PRESENT IN LESSON","PRESENT IN LESSON","PRESENT IN LESSON","PRESENT IN LESSON","PRESENT IN LESSON","PRESENT IN LESSON","PRESENT IN LESSON","PRESENT IN LESSON","PRESENT IN LESSON","PRESENT IN LESSON","PRESENT IN LESSON","PRESENT IN LESSON","PRESENT IN LESSON","PRESENT IN LESSON","PRESENT IN LESSON","NOT APPLICABLE - TECHNOLOGY NONE","PRESENT IN LESSON","20","1","0","printable_student_materials|answer_key_or_expected_evidence|worked_example_if_build|finished_example_if_build|visual_example_if_helpful|board_or_chart_setup|expected_discussion_responses|kit_contents_list|kit_label_text|cleanup_instructions|kit_reset_instructions|unfinished_work_directions|common_misconceptions|annotated_exemplar|common_error_interpretation|reteaching_option|safety_risk_classification|adult_supervision_ratio|sds_product_gate|print_accessibility_check","external_service_compliance","None","../../Resources/Kindergarten_Reference_Routines.md|./Kindergarten_Teacher_Artifacts.md","None","DOCUMENT ARTIFACT CHECK COMPLETE - LOCAL RELEASE STILL REQUIRED","None detected","Text-presence and local-link screen only; a teacher must verify correctness, usability and physical kit state."
"Lessons/Kindergarten/Week11_Coding_Thankfulness.md","K","Weekly","Single","Algorithms","Coding Thankfulness","PRESENT IN LESSON","PRESENT IN LESSON","PRESENT IN LESSON","PRESENT IN LESSON","PRESENT IN LESSON","PRESENT IN LESSON","PRESENT IN LESSON","PRESENT IN LESSON","PRESENT IN LESSON","PRESENT IN LESSON","PRESENT IN LESSON","PRESENT IN LESSON","PRESENT IN LESSON","PRESENT IN LESSON","PRESENT IN LESSON","PRESENT IN LESSON","PRESENT IN LESSON","PRESENT IN LESSON","PRESENT IN LESSON","PRESENT IN LESSON","PRESENT IN LESSON","21","0","0","printable_student_materials|answer_key_or_expected_evidence|worked_example_if_build|finished_example_if_build|visual_example_if_helpful|board_or_chart_setup|expected_discussion_responses|kit_contents_list|kit_label_text|cleanup_instructions|kit_reset_instructions|unfinished_work_directions|common_misconceptions|annotated_exemplar|common_error_interpretation|reteaching_option|safety_risk_classification|adult_supervision_ratio|sds_product_gate|external_service_compliance|print_accessibility_check","None","None","../../Resources/Kindergarten_Reference_Routines.md|./Kindergarten_Teacher_Artifacts.md","None","DOCUMENT ARTIFACT CHECK COMPLETE - LOCAL RELEASE STILL REQUIRED","None detected","Text-presence and local-link screen only; a teacher must verify correctness, usability and physical kit state."
"Lessons/Kindergarten/Week12_Making_Gifts.md","K","Weekly","Single","Service art","Making Gifts for Others","PRESENT IN LESSON","PRESENT IN LESSON","PRESENT IN LESSON","PRESENT IN LESSON","PRESENT IN LESSON","PRESENT IN LESSON","PRESENT IN LESSON","PRESENT IN LESSON","PRESENT IN LESSON","PRESENT IN LESSON","PRESENT IN LESSON","PRESENT IN LESSON","PRESENT IN LESSON","PRESENT IN LESSON","PRESENT IN LESSON","PRESENT IN LESSON","PRESENT IN LESSON","PRESENT IN LESSON","PRESENT IN LESSON","NOT APPLICABLE - TECHNOLOGY NONE","PRESENT IN LESSON","20","1","0","printable_student_materials|answer_key_or_expected_evidence|worked_example_if_build|finished_example_if_build|visual_example_if_helpful|board_or_chart_setup|expected_discussion_responses|kit_contents_list|kit_label_text|cleanup_instructions|kit_reset_instructions|unfinished_work_directions|common_misconceptions|annotated_exemplar|common_error_interpretation|reteaching_option|safety_risk_classification|adult_supervision_ratio|sds_product_gate|print_accessibility_check","external_service_compliance","None","../../Resources/Kindergarten_Reference_Routines.md|./Kindergarten_Teacher_Artifacts.md","None","DOCUMENT ARTIFACT CHECK COMPLETE - LOCAL RELEASE STILL REQUIRED","None detected","Text-presence and local-link screen only; a teacher must verify correctness, usability and physical kit state."
"Lessons/Kindergarten/Week13_Fall_Celebration.md","K","Weekly","Single","Reflection","Fall Celebration","PRESENT IN LESSON","PRESENT IN LESSON","PRESENT IN LESSON","PRESENT IN LESSON","PRESENT IN LESSON","PRESENT IN LESSON","PRESENT IN LESSON","PRESENT IN LESSON","PRESENT IN LESSON","PRESENT IN LESSON","PRESENT IN LESSON","PRESENT IN LESSON","PRESENT IN LESSON","PRESENT IN LESSON","PRESENT IN LESSON","PRESENT IN LESSON","PRESENT IN LESSON","PRESENT IN LESSON","PRESENT IN LESSON","PRESENT IN LESSON","PRESENT IN LESSON","21","0","0","printable_student_materials|answer_key_or_expected_evidence|worked_example_if_build|finished_example_if_build|visual_example_if_helpful|board_or_chart_setup|expected_discussion_responses|kit_contents_list|kit_label_text|cleanup_instructions|kit_reset_instructions|unfinished_work_directions|common_misconceptions|annotated_exemplar|common_error_interpretation|reteaching_option|safety_risk_classification|adult_supervision_ratio|sds_product_gate|external_service_compliance|print_accessibility_check","None","None","../../Resources/Kindergarten_Reference_Routines.md|./Kindergarten_Teacher_Artifacts.md","None","DOCUMENT ARTIFACT CHECK COMPLETE - LOCAL RELEASE STILL REQUIRED","None detected","Text-presence and local-link screen only; a teacher must verify correctness, usability and physical kit state."
"Lessons/Kindergarten/Week14-15_Light_All_Around.md","K","Weekly","Single","Light","Light All Around","PRESENT IN LESSON","PRESENT IN LESSON","PRESENT IN LESSON","PRESENT IN LESSON","PRESENT IN LESSON","PRESENT IN LESSON","PRESENT IN LESSON","PRESENT IN LESSON","PRESENT IN LESSON","PRESENT IN LESSON","PRESENT IN LESSON","PRESENT IN LESSON","PRESENT IN LESSON","PRESENT IN LESSON","PRESENT IN LESSON","PRESENT IN LESSON","PRESENT IN LESSON","PRESENT IN LESSON","PRESENT IN LESSON","NOT APPLICABLE - TECHNOLOGY NONE","PRESENT IN LESSON","20","1","0","printable_student_materials|answer_key_or_expected_evidence|worked_example_if_build|finished_example_if_build|visual_example_if_helpful|board_or_chart_setup|expected_discussion_responses|kit_contents_list|kit_label_text|cleanup_instructions|kit_reset_instructions|unfinished_work_directions|common_misconceptions|annotated_exemplar|common_error_interpretation|reteaching_option|safety_risk_classification|adult_supervision_ratio|sds_product_gate|print_accessibility_check","external_service_compliance","None","../../Resources/Kindergarten_Reference_Routines.md|../../Review/Materials_Plan.md|./Kindergarten_Teacher_Artifacts.md","None","DOCUMENT ARTIFACT CHECK COMPLETE - LOCAL RELEASE STILL REQUIRED","None detected","Text-presence and local-link screen only; a teacher must verify correctness, usability and physical kit state."
"Lessons/Kindergarten/Week16_Star_of_Wonder.md","K","Weekly","Single","Stars","Star of Wonder","PRESENT IN LESSON","PRESENT IN LESSON","PRESENT IN LESSON","PRESENT IN LESSON","PRESENT IN LESSON","PRESENT IN LESSON","PRESENT IN LESSON","PRESENT IN LESSON","PRESENT IN LESSON","PRESENT IN LESSON","PRESENT IN LESSON","PRESENT IN LESSON","PRESENT IN LESSON","PRESENT IN LESSON","PRESENT IN LESSON","PRESENT IN LESSON","PRESENT IN LESSON","PRESENT IN LESSON","PRESENT IN LESSON","NOT APPLICABLE - TECHNOLOGY NONE","PRESENT IN LESSON","20","1","0","printable_student_materials|answer_key_or_expected_evidence|worked_example_if_build|finished_example_if_build|visual_example_if_helpful|board_or_chart_setup|expected_discussion_responses|kit_contents_list|kit_label_text|cleanup_instructions|kit_reset_instructions|unfinished_work_directions|common_misconceptions|annotated_exemplar|common_error_interpretation|reteaching_option|safety_risk_classification|adult_supervision_ratio|sds_product_gate|print_accessibility_check","external_service_compliance","None","../../Resources/Kindergarten_Reference_Routines.md|./Kindergarten_Teacher_Artifacts.md","None","DOCUMENT ARTIFACT CHECK COMPLETE - LOCAL RELEASE STILL REQUIRED","None detected","Text-presence and local-link screen only; a teacher must verify correctness, usability and physical kit state."
"Lessons/Kindergarten/Week18_New_Year_Goals.md","K","Weekly","Single","Reflection","New Year Goals","PRESENT IN LESSON","PRESENT IN LESSON","PRESENT IN LESSON","PRESENT IN LESSON","PRESENT IN LESSON","PRESENT IN LESSON","PRESENT IN LESSON","PRESENT IN LESSON","PRESENT IN LESSON","PRESENT IN LESSON","PRESENT IN LESSON","PRESENT IN LESSON","PRESENT IN LESSON","PRESENT IN LESSON","PRESENT IN LESSON","PRESENT IN LESSON","PRESENT IN LESSON","PRESENT IN LESSON","PRESENT IN LESSON","NOT APPLICABLE - TECHNOLOGY NONE","PRESENT IN LESSON","20","1","0","printable_student_materials|answer_key_or_expected_evidence|worked_example_if_build|finished_example_if_build|visual_example_if_helpful|board_or_chart_setup|expected_discussion_responses|kit_contents_list|kit_label_text|cleanup_instructions|kit_reset_instructions|unfinished_work_directions|common_misconceptions|annotated_exemplar|common_error_interpretation|reteaching_option|safety_risk_classification|adult_supervision_ratio|sds_product_gate|print_accessibility_check","external_service_compliance","None","../../Resources/Kindergarten_Reference_Routines.md|./Kindergarten_Teacher_Artifacts.md","None","DOCUMENT ARTIFACT CHECK COMPLETE - LOCAL RELEASE STILL REQUIRED","None detected","Text-presence and local-link screen only; a teacher must verify correctness, usability and physical kit state."
"Lessons/Kindergarten/Week19-22_Exploration_Stations.md","K","Weekly","Single","Practice stations","Exploration Stations","PRESENT IN LESSON","PRESENT IN LESSON","PRESENT IN LESSON","PRESENT IN LESSON","PRESENT IN LESSON","PRESENT IN LESSON","PRESENT IN LESSON","PRESENT IN LESSON","PRESENT IN LESSON","PRESENT IN LESSON","PRESENT IN LESSON","PRESENT IN LESSON","PRESENT IN LESSON","PRESENT IN LESSON","PRESENT IN LESSON","PRESENT IN LESSON","PRESENT IN LESSON","PRESENT IN LESSON","PRESENT IN LESSON","PRESENT IN LESSON","PRESENT IN LESSON","21","0","0","printable_student_materials|answer_key_or_expected_evidence|worked_example_if_build|finished_example_if_build|visual_example_if_helpful|board_or_chart_setup|expected_discussion_responses|kit_contents_list|kit_label_text|cleanup_instructions|kit_reset_instructions|unfinished_work_directions|common_misconceptions|annotated_exemplar|common_error_interpretation|reteaching_option|safety_risk_classification|adult_supervision_ratio|sds_product_gate|external_service_compliance|print_accessibility_check","None","None","../../Resources/Kindergarten_Reference_Routines.md|./Kindergarten_Teacher_Artifacts.md","None","DOCUMENT ARTIFACT CHECK COMPLETE - LOCAL RELEASE STILL REQUIRED","None detected","Text-presence and local-link screen only; a teacher must verify correctness, usability and physical kit state."
"Lessons/Kindergarten/Week23_Catholic_Schools_Week.md","K","Weekly","Single","Reflection","Catholic Schools Week","PRESENT IN LESSON","PRESENT IN LESSON","PRESENT IN LESSON","PRESENT IN LESSON","PRESENT IN LESSON","PRESENT IN LESSON","PRESENT IN LESSON","PRESENT IN LESSON","PRESENT IN LESSON","PRESENT IN LESSON","PRESENT IN LESSON","PRESENT IN LESSON","PRESENT IN LESSON","PRESENT IN LESSON","PRESENT IN LESSON","PRESENT IN LESSON","PRESENT IN LESSON","PRESENT IN LESSON","PRESENT IN LESSON","PRESENT IN LESSON","PRESENT IN LESSON","21","0","0","printable_student_materials|answer_key_or_expected_evidence|worked_example_if_build|finished_example_if_build|visual_example_if_helpful|board_or_chart_setup|expected_discussion_responses|kit_contents_list|kit_label_text|cleanup_instructions|kit_reset_instructions|unfinished_work_directions|common_misconceptions|annotated_exemplar|common_error_interpretation|reteaching_option|safety_risk_classification|adult_supervision_ratio|sds_product_gate|external_service_compliance|print_accessibility_check","None","None","../../Resources/Kindergarten_Reference_Routines.md|./Kindergarten_Teacher_Artifacts.md","None","DOCUMENT ARTIFACT CHECK COMPLETE - LOCAL RELEASE STILL REQUIRED","None detected","Text-presence and local-link screen only; a teacher must verify correctness, usability and physical kit state."
"Lessons/Kindergarten/Week24-25_Dash_Robot_Friends.md","K","Weekly","Single","Algorithms","Dash Robot Friends","PRESENT IN LESSON","PRESENT IN LESSON","PRESENT IN LESSON","PRESENT IN LESSON","PRESENT IN LESSON","PRESENT IN LESSON","PRESENT IN LESSON","PRESENT IN LESSON","PRESENT IN LESSON","PRESENT IN LESSON","PRESENT IN LESSON","PRESENT IN LESSON","PRESENT IN LESSON","PRESENT IN LESSON","PRESENT IN LESSON","PRESENT IN LESSON","PRESENT IN LESSON","PRESENT IN LESSON","PRESENT IN LESSON","PRESENT IN LESSON","PRESENT IN LESSON","21","0","0","printable_student_materials|answer_key_or_expected_evidence|worked_example_if_build|finished_example_if_build|visual_example_if_helpful|board_or_chart_setup|expected_discussion_responses|kit_contents_list|kit_label_text|cleanup_instructions|kit_reset_instructions|unfinished_work_directions|common_misconceptions|annotated_exemplar|common_error_interpretation|reteaching_option|safety_risk_classification|adult_supervision_ratio|sds_product_gate|external_service_compliance|print_accessibility_check","None","None","./Kindergarten_Teacher_Artifacts.md","None","DOCUMENT ARTIFACT CHECK COMPLETE - LOCAL RELEASE STILL REQUIRED","None detected","Text-presence and local-link screen only; a teacher must verify correctness, usability and physical kit state."
"Lessons/Kindergarten/Week26-27_Helping_Hands.md","K","Weekly","Single","Service design","Helping Hands Engineering","PRESENT IN LESSON","PRESENT IN LESSON","PRESENT IN LESSON","PRESENT IN LESSON","PRESENT IN LESSON","PRESENT IN LESSON","PRESENT IN LESSON","PRESENT IN LESSON","PRESENT IN LESSON","PRESENT IN LESSON","PRESENT IN LESSON","PRESENT IN LESSON","PRESENT IN LESSON","PRESENT IN LESSON","PRESENT IN LESSON","PRESENT IN LESSON","PRESENT IN LESSON","PRESENT IN LESSON","PRESENT IN LESSON","NOT APPLICABLE - TECHNOLOGY NONE","PRESENT IN LESSON","20","1","0","printable_student_materials|answer_key_or_expected_evidence|worked_example_if_build|finished_example_if_build|visual_example_if_helpful|board_or_chart_setup|expected_discussion_responses|kit_contents_list|kit_label_text|cleanup_instructions|kit_reset_instructions|unfinished_work_directions|common_misconceptions|annotated_exemplar|common_error_interpretation|reteaching_option|safety_risk_classification|adult_supervision_ratio|sds_product_gate|print_accessibility_check","external_service_compliance","None","../../Resources/Kindergarten_Reference_Routines.md|./Kindergarten_Teacher_Artifacts.md","None","DOCUMENT ARTIFACT CHECK COMPLETE - LOCAL RELEASE STILL REQUIRED","None detected","Text-presence and local-link screen only; a teacher must verify correctness, usability and physical kit state."
"Lessons/Kindergarten/Week28_Circles_and_Pi.md","K","Weekly","Single","Shapes","Circles and Pi","PRESENT IN LESSON","PRESENT IN LESSON","PRESENT IN LESSON","PRESENT IN LESSON","PRESENT IN LESSON","PRESENT IN LESSON","PRESENT IN LESSON","PRESENT IN LESSON","PRESENT IN LESSON","PRESENT IN LESSON","PRESENT IN LESSON","PRESENT IN LESSON","PRESENT IN LESSON","PRESENT IN LESSON","PRESENT IN LESSON","PRESENT IN LESSON","PRESENT IN LESSON","PRESENT IN LESSON","PRESENT IN LESSON","NOT APPLICABLE - TECHNOLOGY NONE","PRESENT IN LESSON","20","1","0","printable_student_materials|answer_key_or_expected_evidence|worked_example_if_build|finished_example_if_build|visual_example_if_helpful|board_or_chart_setup|expected_discussion_responses|kit_contents_list|kit_label_text|cleanup_instructions|kit_reset_instructions|unfinished_work_directions|common_misconceptions|annotated_exemplar|common_error_interpretation|reteaching_option|safety_risk_classification|adult_supervision_ratio|sds_product_gate|print_accessibility_check","external_service_compliance","None","./Kindergarten_Teacher_Artifacts.md","None","DOCUMENT ARTIFACT CHECK COMPLETE - LOCAL RELEASE STILL REQUIRED","None detected","Text-presence and local-link screen only; a teacher must verify correctness, usability and physical kit state."
"Lessons/Kindergarten/Week29-31_Growing_Things.md","K","Weekly","Single","Plant observation","Growing Things","PRESENT IN LESSON","PRESENT IN LESSON","PRESENT IN LESSON","PRESENT IN LESSON","PRESENT IN LESSON","PRESENT IN LESSON","PRESENT IN LESSON","PRESENT IN LESSON","PRESENT IN LESSON","PRESENT IN LESSON","PRESENT IN LESSON","PRESENT IN LESSON","PRESENT IN LESSON","PRESENT IN LESSON","PRESENT IN LESSON","PRESENT IN LESSON","PRESENT IN LESSON","PRESENT IN LESSON","PRESENT IN LESSON","NOT APPLICABLE - TECHNOLOGY NONE","PRESENT IN LESSON","20","1","0","printable_student_materials|answer_key_or_expected_evidence|worked_example_if_build|finished_example_if_build|visual_example_if_helpful|board_or_chart_setup|expected_discussion_responses|kit_contents_list|kit_label_text|cleanup_instructions|kit_reset_instructions|unfinished_work_directions|common_misconceptions|annotated_exemplar|common_error_interpretation|reteaching_option|safety_risk_classification|adult_supervision_ratio|sds_product_gate|print_accessibility_check","external_service_compliance","None","./Kindergarten_Teacher_Artifacts.md","None","DOCUMENT ARTIFACT CHECK COMPLETE - LOCAL RELEASE STILL REQUIRED","None detected","Text-presence and local-link screen only; a teacher must verify correctness, usability and physical kit state."
"Lessons/Kindergarten/Week33_New_Life_Engineering.md","K","Weekly","Single","Life cycles","New Life Engineering","PRESENT IN LESSON","PRESENT IN LESSON","PRESENT IN LESSON","PRESENT IN LESSON","PRESENT IN LESSON","PRESENT IN LESSON","PRESENT IN LESSON","PRESENT IN LESSON","PRESENT IN LESSON","PRESENT IN LESSON","PRESENT IN LESSON","PRESENT IN LESSON","PRESENT IN LESSON","PRESENT IN LESSON","PRESENT IN LESSON","PRESENT IN LESSON","PRESENT IN LESSON","PRESENT IN LESSON","PRESENT IN LESSON","NOT APPLICABLE - TECHNOLOGY NONE","PRESENT IN LESSON","20","1","0","printable_student_materials|answer_key_or_expected_evidence|worked_example_if_build|finished_example_if_build|visual_example_if_helpful|board_or_chart_setup|expected_discussion_responses|kit_contents_list|kit_label_text|cleanup_instructions|kit_reset_instructions|unfinished_work_directions|common_misconceptions|annotated_exemplar|common_error_interpretation|reteaching_option|safety_risk_classification|adult_supervision_ratio|sds_product_gate|print_accessibility_check","external_service_compliance","None","../../Resources/Kindergarten_Reference_Routines.md|./Kindergarten_Teacher_Artifacts.md","None","DOCUMENT ARTIFACT CHECK COMPLETE - LOCAL RELEASE STILL REQUIRED","None detected","Text-presence and local-link screen only; a teacher must verify correctness, usability and physical kit state."
"Lessons/Kindergarten/Week34_Year_Celebration.md","K","Weekly","Single","Reflection","Year Celebration","PRESENT IN LESSON","PRESENT IN LESSON","PRESENT IN LESSON","PRESENT IN LESSON","PRESENT IN LESSON","PRESENT IN LESSON","PRESENT IN LESSON","PRESENT IN LESSON","PRESENT IN LESSON","PRESENT IN LESSON","PRESENT IN LESSON","PRESENT IN LESSON","PRESENT IN LESSON","PRESENT IN LESSON","PRESENT IN LESSON","PRESENT IN LESSON","PRESENT IN LESSON","PRESENT IN LESSON","PRESENT IN LESSON","PRESENT IN LESSON","PRESENT IN LESSON","21","0","0","printable_student_materials|answer_key_or_expected_evidence|worked_example_if_build|finished_example_if_build|visual_example_if_helpful|board_or_chart_setup|expected_discussion_responses|kit_contents_list|kit_label_text|cleanup_instructions|kit_reset_instructions|unfinished_work_directions|common_misconceptions|annotated_exemplar|common_error_interpretation|reteaching_option|safety_risk_classification|adult_supervision_ratio|sds_product_gate|external_service_compliance|print_accessibility_check","None","None","../../Resources/Kindergarten_Reference_Routines.md|./Kindergarten_Teacher_Artifacts.md","None","DOCUMENT ARTIFACT CHECK COMPLETE - LOCAL RELEASE STILL REQUIRED","None detected","Text-presence and local-link screen only; a teacher must verify correctness, usability and physical kit state."
